time,enrolled,available,waitlisted,total
2024-05-21T23:26:23,0,12,0,12
2024-05-21T23:32:17,0,12,0,12
2024-05-21T23:47:16,0,12,0,12
2024-05-22T00:02:04,0,12,0,12
2024-05-22T00:16:56,0,12,0,12
2024-05-22T00:31:50,0,12,0,12
2024-05-22T00:46:42,0,12,0,12
2024-05-22T01:01:33,0,12,0,12
2024-05-22T01:16:25,0,12,0,12
2024-05-22T01:31:27,0,12,0,12
2024-05-22T01:46:20,0,12,0,12
2024-05-22T02:01:11,0,12,0,12
2024-05-22T02:16:03,0,12,0,12
2024-05-22T02:30:53,0,12,0,12
2024-05-22T02:45:44,0,12,0,12
2024-05-22T03:00:33,0,12,0,12
2024-05-22T03:15:24,0,12,0,12
2024-05-22T03:30:15,0,12,0,12
2024-05-22T03:45:15,0,12,0,12
2024-05-22T04:00:07,0,12,0,12
2024-05-22T04:26:13,0,12,0,12
2024-05-22T04:41:30,0,12,0,12
2024-05-22T04:56:21,0,12,0,12
2024-05-22T05:11:21,0,12,0,12
2024-05-22T05:27:34,0,12,0,12
2024-05-22T05:42:47,0,12,0,12
2024-05-22T05:57:39,0,12,0,12
2024-05-22T06:12:29,0,12,0,12
2024-05-22T06:27:23,0,12,0,12
2024-05-22T06:42:14,0,12,0,12
2024-05-22T06:57:03,0,12,0,12
2024-05-22T07:11:58,0,12,0,12
2024-05-22T07:26:49,0,12,0,12
2024-05-22T07:41:38,0,12,0,12
2024-05-22T07:56:28,0,12,0,12
2024-05-22T08:11:18,0,12,0,12
2024-05-22T08:26:19,0,12,0,12
2024-05-22T08:41:09,0,12,0,12
2024-05-22T08:55:58,0,12,0,12
2024-05-22T09:10:48,0,12,0,12
2024-05-22T09:25:37,0,12,0,12
2024-05-22T09:40:26,0,12,0,12
2024-05-22T09:55:15,0,12,0,12
2024-05-22T10:10:02,0,12,0,12
2024-05-22T10:25:04,0,12,0,12
2024-05-22T10:39:51,0,12,0,12
2024-05-22T10:54:39,0,12,0,12
2024-05-22T11:09:29,0,12,0,12
2024-05-22T11:24:29,0,12,0,12
2024-05-22T11:39:18,0,12,0,12
2024-05-22T11:54:05,0,12,0,12
2024-05-22T12:09:05,0,12,0,12
2024-05-22T12:23:54,0,12,0,12
2024-05-22T12:38:42,0,12,0,12
2024-05-22T12:53:40,0,12,0,12
2024-05-22T13:08:29,0,12,0,12
2024-05-22T13:23:21,0,12,0,12
2024-05-22T13:38:10,0,12,0,12
2024-05-22T13:53:09,0,12,0,12
2024-05-22T14:07:58,0,12,0,12
2024-05-22T14:22:48,0,12,0,12
2024-05-22T14:37:46,0,12,0,12
2024-05-22T14:52:36,0,12,0,12
2024-05-22T15:07:25,0,12,0,12
2024-05-22T15:22:27,0,12,0,12
2024-05-22T15:37:16,0,12,0,12
2024-05-22T15:52:05,0,12,0,12
2024-05-22T16:06:56,0,12,0,12
2024-05-22T16:21:57,0,12,0,12
2024-05-22T16:36:45,0,12,0,12
2024-05-22T16:51:34,0,12,0,12
2024-05-22T17:06:23,0,12,0,12
2024-05-22T17:21:13,0,12,0,12
2024-05-22T17:36:14,0,12,0,12
2024-05-22T17:51:03,0,12,0,12
2024-05-22T18:05:54,0,12,0,12
2024-05-22T18:20:44,0,12,0,12
2024-05-22T18:35:32,0,12,0,12
2024-05-22T18:50:31,0,12,0,12
2024-05-22T19:05:20,0,12,0,12
2024-05-22T19:20:09,0,12,0,12
2024-05-22T19:34:58,0,12,0,12
2024-05-22T19:49:47,0,12,0,12
2024-05-22T20:04:37,0,12,0,12
2024-05-22T20:19:36,0,12,0,12
2024-05-22T20:34:25,0,12,0,12
2024-05-22T20:49:14,0,12,0,12
2024-05-22T21:04:04,0,12,0,12
2024-05-22T21:19:00,0,12,0,12
2024-05-22T21:33:50,0,12,0,12
2024-05-22T21:48:50,0,12,0,12
2024-05-22T22:03:41,0,12,0,12
2024-05-22T22:18:31,0,12,0,12
2024-05-22T22:33:21,0,12,0,12
2024-05-22T22:48:12,0,12,0,12
2024-05-22T23:03:01,0,12,0,12
2024-05-22T23:17:51,0,12,0,12
2024-05-22T23:32:53,0,12,0,12
2024-05-22T23:47:42,0,12,0,12
2024-05-23T00:02:31,0,12,0,12
2024-05-23T00:17:32,0,12,0,12
2024-05-23T00:32:27,0,12,0,12
2024-05-23T00:47:22,0,12,0,12
2024-05-23T01:02:15,0,12,0,12
2024-05-23T01:17:06,0,12,0,12
2024-05-23T01:31:58,0,12,0,12
2024-05-23T01:47:04,0,12,0,12
2024-05-23T02:01:55,0,12,0,12
2024-05-23T02:16:45,0,12,0,12
2024-05-23T02:31:36,0,12,0,12
2024-05-23T02:46:26,0,12,0,12
2024-05-23T03:01:17,0,12,0,12
2024-05-23T03:16:18,0,12,0,12
2024-05-23T03:31:10,0,12,0,12
2024-05-23T03:46:03,0,12,0,12
2024-05-23T04:00:59,0,12,0,12
2024-05-23T04:25:10,0,12,0,12
2024-05-23T04:40:33,0,12,0,12
2024-05-23T04:57:05,0,12,0,12
2024-05-23T05:12:10,0,12,0,12
2024-05-23T05:27:04,0,12,0,12
2024-05-23T05:41:57,0,12,0,12
2024-05-23T05:56:49,0,12,0,12
2024-05-23T06:11:41,0,12,0,12
2024-05-23T06:26:33,0,12,0,12
2024-05-23T06:41:26,0,12,0,12
2024-05-23T06:56:18,0,12,0,12
2024-05-23T07:11:13,0,12,0,12
2024-05-23T07:26:06,0,12,0,12
2024-05-23T07:40:57,0,12,0,12
2024-05-23T07:55:48,0,12,0,12
2024-05-23T08:10:42,0,12,0,12
2024-05-23T08:25:32,0,12,0,12
2024-05-23T08:40:23,0,12,0,12
2024-05-23T08:55:13,0,12,0,12
2024-05-23T09:10:13,0,12,0,12
2024-05-23T09:25:04,0,12,0,12
2024-05-23T09:39:56,0,12,0,12
2024-05-23T09:54:49,0,12,0,12
2024-05-23T10:09:43,0,12,0,12
2024-05-23T10:24:35,0,12,0,12
2024-05-23T10:39:28,0,12,0,12
2024-05-23T10:54:30,0,12,0,12
2024-05-23T11:09:21,0,12,0,12
2024-05-23T11:24:13,0,12,0,12
2024-05-23T11:39:04,0,12,0,12
2024-05-23T11:53:56,0,12,0,12
2024-05-23T12:08:58,0,12,0,12
2024-05-23T12:23:50,0,12,0,12
2024-05-23T12:38:41,0,12,0,12
2024-05-23T12:53:37,0,12,0,12
2024-05-23T13:08:29,0,12,0,12
2024-05-23T13:23:31,0,12,0,12
2024-05-23T13:38:30,0,12,0,12
2024-05-23T13:53:31,0,12,0,12
2024-05-23T14:08:24,0,12,0,12
2024-05-23T14:23:16,0,12,0,12
2024-05-23T14:38:20,0,12,0,12
2024-05-23T14:53:13,0,12,0,12
2024-05-23T15:08:05,0,12,0,12
2024-05-23T15:23:08,0,12,0,12
2024-05-23T15:38:01,0,12,0,12
2024-05-23T15:52:53,0,12,0,12
2024-05-23T16:07:45,0,12,0,12
2024-05-23T16:22:48,0,12,0,12
2024-05-23T16:37:40,0,12,0,12
2024-05-23T16:52:32,0,12,0,12
2024-05-23T17:07:25,0,12,0,12
2024-05-23T17:22:29,0,12,0,12
2024-05-23T17:37:21,0,12,0,12
2024-05-23T17:52:17,0,12,0,12
2024-05-23T18:07:09,0,12,0,12
2024-05-23T18:22:01,0,12,0,12
2024-05-23T18:36:54,0,12,0,12
2024-05-23T18:51:59,0,12,0,12
2024-05-23T19:06:52,0,12,0,12
2024-05-23T19:21:45,0,12,0,12
2024-05-23T19:36:39,0,12,0,12
2024-05-23T19:51:33,0,12,0,12
2024-05-23T20:06:26,0,12,0,12
2024-05-23T20:21:30,0,12,0,12
2024-05-23T20:36:23,0,12,0,12
2024-05-23T20:51:17,0,12,0,12
2024-05-23T21:06:11,0,12,0,12
2024-05-23T21:21:05,0,12,0,12
2024-05-23T21:35:59,0,12,0,12
2024-05-23T21:50:52,0,12,0,12
2024-05-23T22:05:58,0,12,0,12
2024-05-23T22:20:51,0,12,0,12
2024-05-23T22:35:44,0,12,0,12
2024-05-23T22:50:39,0,12,0,12
2024-05-23T23:05:32,0,12,0,12
2024-05-23T23:20:26,0,12,0,12
2024-05-23T23:35:19,0,12,0,12
2024-05-23T23:50:24,0,12,0,12
2024-05-24T00:05:23,0,12,0,12
2024-05-24T00:20:20,0,12,0,12
2024-05-24T00:35:15,0,12,0,12
2024-05-24T00:50:12,0,12,0,12
2024-05-24T01:05:07,0,12,0,12
2024-05-24T01:20:04,0,12,0,12
2024-05-24T01:35:02,0,12,0,12
2024-05-24T01:50:26,0,12,0,12
2024-05-24T02:05:21,0,12,0,12
2024-05-24T02:20:16,0,12,0,12
2024-05-24T02:35:12,0,12,0,12
2024-05-24T02:50:08,0,12,0,12
2024-05-24T03:05:08,0,12,0,12
2024-05-24T03:20:05,0,12,0,12
2024-05-24T03:35:00,0,12,0,12
2024-05-24T03:50:02,0,12,0,12
2024-05-24T04:05:10,0,12,0,12
2024-05-24T04:22:32,0,12,0,12
2024-05-24T04:37:29,0,12,0,12
2024-05-24T04:54:02,0,12,0,12
2024-05-24T05:09:05,0,12,0,12
2024-05-24T05:24:02,0,12,0,12
2024-05-24T05:38:59,0,12,0,12
2024-05-24T05:53:55,0,12,0,12
2024-05-24T06:08:51,0,12,0,12
2024-05-24T06:23:50,0,12,0,12
2024-05-24T06:38:46,0,12,0,12
2024-05-24T06:53:41,0,12,0,12
2024-05-24T07:08:39,0,12,0,12
2024-05-24T07:23:35,0,12,0,12
2024-05-24T07:38:31,0,12,0,12
2024-05-24T07:53:27,0,12,0,12
2024-05-24T08:08:31,0,12,0,12
2024-05-24T08:23:26,0,12,0,12
2024-05-24T08:38:22,0,12,0,12
2024-05-24T08:53:16,0,12,0,12
2024-05-24T09:08:12,0,12,0,12
2024-05-24T09:23:06,0,12,0,12
2024-05-24T09:38:00,0,12,0,12
2024-05-24T09:53:06,0,12,0,12
2024-05-24T10:07:59,0,12,0,12
2024-05-24T10:22:53,0,12,0,12
2024-05-24T10:37:47,0,12,0,12
2024-05-24T10:52:41,0,12,0,12
2024-05-24T11:07:44,0,12,0,12
2024-05-24T11:22:37,0,12,0,12
2024-05-24T11:37:31,0,12,0,12
2024-05-24T11:52:25,0,12,0,12
2024-05-24T12:07:20,0,12,0,12
2024-05-24T12:22:22,0,12,0,12
2024-05-24T12:37:14,0,12,0,12
2024-05-24T12:52:09,0,12,0,12
2024-05-24T13:07:03,0,12,0,12
2024-05-24T13:22:05,0,12,0,12
2024-05-24T13:36:59,0,12,0,12
2024-05-24T13:51:53,0,12,0,12
2024-05-24T14:06:47,0,12,0,12
2024-05-24T14:21:41,0,12,0,12
2024-05-24T14:36:45,0,12,0,12
2024-05-24T14:51:44,0,12,0,12
2024-05-24T15:06:38,0,12,0,12
2024-05-24T15:21:32,0,12,0,12
2024-05-24T15:36:35,0,12,0,12
2024-05-24T15:51:28,0,12,0,12
2024-05-24T16:06:22,0,12,0,12
2024-05-24T16:21:17,0,12,0,12
2024-05-24T16:36:11,0,12,0,12
2024-05-24T16:51:22,0,12,0,12
2024-05-24T17:06:16,0,12,0,12
2024-05-24T17:21:13,0,12,0,12
2024-05-24T17:36:07,0,12,0,12
2024-05-24T17:51:02,0,12,0,12
2024-05-24T18:05:57,0,12,0,12
2024-05-24T18:20:52,0,12,0,12
2024-05-24T18:35:56,0,12,0,12
2024-05-24T18:50:50,0,12,0,12
2024-05-24T19:05:45,0,12,0,12
2024-05-24T19:20:39,0,12,0,12
2024-05-24T19:35:34,0,12,0,12
2024-05-24T19:50:29,0,12,0,12
2024-05-24T20:05:23,0,12,0,12
2024-05-24T20:20:18,0,12,0,12
2024-05-24T20:35:23,0,12,0,12
2024-05-24T20:50:16,0,12,0,12
2024-05-24T21:05:11,0,12,0,12
2024-05-24T21:20:08,0,12,0,12
2024-05-24T21:35:03,0,12,0,12
2024-05-24T21:49:58,0,12,0,12
2024-05-24T22:04:54,0,12,0,12
2024-05-24T22:19:49,0,12,0,12
2024-05-24T22:34:42,0,12,0,12
2024-05-24T22:49:46,0,12,0,12
2024-05-24T23:04:41,0,12,0,12
2024-05-24T23:19:35,0,12,0,12
2024-05-24T23:34:31,0,12,0,12
2024-05-24T23:49:26,0,12,0,12
2024-05-25T00:04:24,0,12,0,12
2024-05-25T00:19:27,0,12,0,12
2024-05-25T00:34:28,0,12,0,12
2024-05-25T00:49:29,0,12,0,12
2024-05-25T01:04:35,0,12,0,12
2024-05-25T01:19:32,0,12,0,12
2024-05-25T01:34:30,0,12,0,12
2024-05-25T01:49:27,0,12,0,12
2024-05-25T02:04:24,0,12,0,12
2024-05-25T02:19:20,0,12,0,12
2024-05-25T02:34:16,0,12,0,12
2024-05-25T02:49:12,0,12,0,12
2024-05-25T03:04:08,0,12,0,12
2024-05-25T03:19:06,0,12,0,12
2024-05-25T03:34:02,0,12,0,12
2024-05-25T03:48:59,0,12,0,12
2024-05-25T04:03:57,0,12,0,12
2024-05-25T04:20:46,0,12,0,12
2024-05-25T04:35:44,0,12,0,12
2024-05-25T04:52:12,0,12,0,12
2024-05-25T05:07:08,0,12,0,12
2024-05-25T05:22:06,0,12,0,12
2024-05-25T05:37:03,0,12,0,12
2024-05-25T05:52:00,0,12,0,12
2024-05-25T06:06:58,0,12,0,12
2024-05-25T06:21:56,0,12,0,12
2024-05-25T06:36:52,0,12,0,12
2024-05-25T06:51:48,0,12,0,12
2024-05-25T07:06:45,0,12,0,12
2024-05-25T07:21:42,0,12,0,12
2024-05-25T07:36:39,0,12,0,12
2024-05-25T07:51:37,0,12,0,12
2024-05-25T08:06:41,0,12,0,12
2024-05-25T08:21:37,0,12,0,12
2024-05-25T08:36:32,0,12,0,12
2024-05-25T08:51:28,0,12,0,12
2024-05-25T09:06:23,0,12,0,12
2024-05-25T09:21:19,0,12,0,12
2024-05-25T09:36:14,0,12,0,12
2024-05-25T09:51:08,0,12,0,12
2024-05-25T10:06:04,0,12,0,12
2024-05-25T10:21:00,0,12,0,12
2024-05-25T10:35:55,0,12,0,12
2024-05-25T10:51:02,0,12,0,12
2024-05-25T11:05:56,0,12,0,12
2024-05-25T11:20:50,0,12,0,12
2024-05-25T11:35:43,0,12,0,12
2024-05-25T11:50:37,0,12,0,12
2024-05-25T12:05:32,0,12,0,12
2024-05-25T12:20:29,0,12,0,12
2024-05-25T12:35:32,0,12,0,12
2024-05-25T12:50:26,0,12,0,12
2024-05-25T13:05:20,0,12,0,12
2024-05-25T13:20:14,0,12,0,12
2024-05-25T13:35:08,0,12,0,12
2024-05-25T13:50:02,0,12,0,12
2024-05-25T14:04:55,0,12,0,12
2024-05-25T14:19:57,0,12,0,12
2024-05-25T14:34:50,0,12,0,12
2024-05-25T14:49:42,0,12,0,12
2024-05-25T15:04:36,0,12,0,12
2024-05-25T15:19:29,0,12,0,12
2024-05-25T15:34:22,0,12,0,12
2024-05-25T15:49:25,0,12,0,12
2024-05-25T16:04:19,0,12,0,12
2024-05-25T16:19:12,0,12,0,12
2024-05-25T16:34:05,0,12,0,12
2024-05-25T16:48:58,0,12,0,12
2024-05-25T17:03:51,0,12,0,12
2024-05-25T17:18:45,0,12,0,12
2024-05-25T17:33:47,0,12,0,12
2024-05-25T17:48:41,0,12,0,12
2024-05-25T18:03:34,0,12,0,12
2024-05-25T18:18:27,0,12,0,12
2024-05-25T18:33:22,0,12,0,12
2024-05-25T18:48:15,0,12,0,12
2024-05-25T19:03:08,0,12,0,12
2024-05-25T19:18:11,0,12,0,12
2024-05-25T19:33:05,0,12,0,12
2024-05-25T19:47:59,0,12,0,12
2024-05-25T20:02:52,0,12,0,12
2024-05-25T20:17:45,0,12,0,12
2024-05-25T20:32:39,0,12,0,12
2024-05-25T20:47:41,0,12,0,12
2024-05-25T21:02:35,0,12,0,12
2024-05-25T21:17:30,0,12,0,12
2024-05-25T21:32:24,0,12,0,12
2024-05-25T21:47:18,0,12,0,12
2024-05-25T22:02:21,0,12,0,12
2024-05-25T22:17:15,0,12,0,12
2024-05-25T22:32:08,0,12,0,12
2024-05-25T22:47:02,0,12,0,12
2024-05-25T23:01:57,0,12,0,12
2024-05-25T23:16:52,0,12,0,12
2024-05-25T23:31:45,0,12,0,12
2024-05-25T23:46:39,0,12,0,12
2024-05-26T00:01:32,0,12,0,12
2024-05-26T00:16:39,0,12,0,12
2024-05-26T00:31:37,0,12,0,12
2024-05-26T00:46:35,0,12,0,12
2024-05-26T01:01:32,0,12,0,12
2024-05-26T01:16:28,0,12,0,12
2024-05-26T01:31:23,0,12,0,12
2024-05-26T01:46:20,0,12,0,12
2024-05-26T02:01:17,0,12,0,12
2024-05-26T02:16:12,0,12,0,12
2024-05-26T02:31:09,0,12,0,12
2024-05-26T02:46:10,0,12,0,12
2024-05-26T03:01:13,0,12,0,12
2024-05-26T03:16:15,0,12,0,12
2024-05-26T03:31:14,0,12,0,12
2024-05-26T03:46:13,0,12,0,12
2024-05-26T04:01:23,0,12,0,12
2024-05-26T04:21:59,0,12,0,12
2024-05-26T04:39:39,0,12,0,12
2024-05-26T04:54:39,0,12,0,12
2024-05-26T05:09:44,0,12,0,12
2024-05-26T05:24:41,0,12,0,12
2024-05-26T05:39:38,0,12,0,12
2024-05-26T05:54:37,0,12,0,12
2024-05-26T06:09:36,0,12,0,12
2024-05-26T06:24:36,0,12,0,12
2024-05-26T06:39:32,0,12,0,12
2024-05-26T06:54:28,0,12,0,12
2024-05-26T07:09:26,0,12,0,12
2024-05-26T07:24:24,0,12,0,12
2024-05-26T07:39:25,0,12,0,12
2024-05-26T07:54:23,0,12,0,12
2024-05-26T08:09:18,0,12,0,12
2024-05-26T08:24:16,0,12,0,12
2024-05-26T08:39:14,0,12,0,12
2024-05-26T08:54:09,0,12,0,12
2024-05-26T09:09:06,0,12,0,12
2024-05-26T09:24:03,0,12,0,12
2024-05-26T09:39:06,0,12,0,12
2024-05-26T09:54:01,0,12,0,12
2024-05-26T10:08:56,0,12,0,12
2024-05-26T10:23:51,0,12,0,12
2024-05-26T10:38:49,0,12,0,12
2024-05-26T10:53:45,0,12,0,12
2024-05-26T11:08:42,0,12,0,12
2024-05-26T11:23:41,0,12,0,12
2024-05-26T11:38:37,0,12,0,12
2024-05-26T11:53:33,0,12,0,12
2024-05-26T12:08:29,0,12,0,12
2024-05-26T12:23:35,0,12,0,12
2024-05-26T12:38:31,0,12,0,12
2024-05-26T12:53:24,0,12,0,12
2024-05-26T13:08:19,0,12,0,12
2024-05-26T13:23:12,0,12,0,12
2024-05-26T13:38:05,0,12,0,12
2024-05-26T13:52:59,0,12,0,12
2024-05-26T14:07:54,0,12,0,12
2024-05-26T14:22:56,0,12,0,12
2024-05-26T14:37:50,0,12,0,12
2024-05-26T14:52:43,0,12,0,12
2024-05-26T15:07:37,0,12,0,12
2024-05-26T15:22:31,0,12,0,12
2024-05-26T15:37:25,0,12,0,12
2024-05-26T15:52:19,0,12,0,12
2024-05-26T16:07:23,0,12,0,12
2024-05-26T16:22:18,0,12,0,12
2024-05-26T16:37:13,0,12,0,12
2024-05-26T16:52:08,0,12,0,12
2024-05-26T17:07:01,0,12,0,12
2024-05-26T17:21:57,0,12,0,12
2024-05-26T17:36:51,0,12,0,12
2024-05-26T17:51:44,0,12,0,12
2024-05-26T18:06:39,0,12,0,12
2024-05-26T18:21:44,0,12,0,12
2024-05-26T18:36:38,0,12,0,12
2024-05-26T18:51:33,0,12,0,12
2024-05-26T19:06:29,0,12,0,12
2024-05-26T19:21:25,0,12,0,12
2024-05-26T19:36:19,0,12,0,12
2024-05-26T19:51:13,0,12,0,12
2024-05-26T20:06:07,0,12,0,12
2024-05-26T20:21:01,0,12,0,12
2024-05-26T20:36:04,0,12,0,12
2024-05-26T20:50:58,0,12,0,12
2024-05-26T21:05:52,0,12,0,12
2024-05-26T21:20:46,0,12,0,12
2024-05-26T21:35:43,0,12,0,12
2024-05-26T21:50:47,0,12,0,12
2024-05-26T22:05:41,0,12,0,12
2024-05-26T22:20:35,0,12,0,12
2024-05-26T22:35:29,0,12,0,12
2024-05-26T22:50:25,0,12,0,12
2024-05-26T23:05:27,0,12,0,12
2024-05-26T23:20:22,0,12,0,12
2024-05-26T23:35:17,0,12,0,12
2024-05-26T23:50:12,0,12,0,12
2024-05-27T00:05:09,0,12,0,12
2024-05-27T00:20:06,0,12,0,12
2024-05-27T00:35:06,0,12,0,12
2024-05-27T00:50:11,0,12,0,12
2024-05-27T01:05:17,0,12,0,12
2024-05-27T01:20:20,0,12,0,12
2024-05-27T01:35:17,0,12,0,12
2024-05-27T01:50:13,0,12,0,12
2024-05-27T02:05:10,0,12,0,12
2024-05-27T02:20:23,0,12,0,12
2024-05-27T02:35:20,0,12,0,12
2024-05-27T02:50:16,0,12,0,12
2024-05-27T03:05:12,0,12,0,12
2024-05-27T03:20:09,0,12,0,12
2024-05-27T03:35:05,0,12,0,12
2024-05-27T03:50:00,0,12,0,12
2024-05-27T04:05:24,0,12,0,12
2024-05-27T04:29:39,0,12,0,12
2024-05-27T04:44:59,0,12,0,12
2024-05-27T04:59:59,0,12,0,12
2024-05-27T05:15:02,0,12,0,12
2024-05-27T05:29:58,0,12,0,12
2024-05-27T05:44:55,0,12,0,12
2024-05-27T05:59:51,0,12,0,12
2024-05-27T06:14:48,0,12,0,12
2024-05-27T06:29:44,0,12,0,12
2024-05-27T06:44:41,0,12,0,12
2024-05-27T06:59:37,0,12,0,12
2024-05-27T07:14:35,0,12,0,12
2024-05-27T07:29:30,0,12,0,12
2024-05-27T07:44:25,0,12,0,12
2024-05-27T07:59:19,0,12,0,12
2024-05-27T08:14:14,0,12,0,12
2024-05-27T08:29:09,0,12,0,12
2024-05-27T08:44:03,0,12,0,12
2024-05-27T08:59:05,0,12,0,12
2024-05-27T09:13:59,0,12,0,12
2024-05-27T09:28:53,0,12,0,12
2024-05-27T09:43:46,0,12,0,12
2024-05-27T09:58:39,0,12,0,12
2024-05-27T10:13:34,0,12,0,12
2024-05-27T10:28:27,0,12,0,12
2024-05-27T10:43:23,0,12,0,12
2024-05-27T10:58:25,0,12,0,12
2024-05-27T11:13:18,0,12,0,12
2024-05-27T11:28:13,0,12,0,12
2024-05-27T11:43:07,0,12,0,12
2024-05-27T11:58:00,0,12,0,12
2024-05-27T12:12:55,0,12,0,12
2024-05-27T12:27:57,0,12,0,12
2024-05-27T12:42:50,0,12,0,12
2024-05-27T12:57:44,0,12,0,12
2024-05-27T13:12:39,0,12,0,12
2024-05-27T13:27:34,0,12,0,12
2024-05-27T13:42:37,0,12,0,12
2024-05-27T13:57:30,0,12,0,12
2024-05-27T14:12:26,0,12,0,12
2024-05-27T14:27:29,0,12,0,12
2024-05-27T14:42:24,0,12,0,12
2024-05-27T14:57:19,0,12,0,12
2024-05-27T15:12:14,0,12,0,12
2024-05-27T15:27:19,0,12,0,12
2024-05-27T15:42:14,0,12,0,12
2024-05-27T15:57:07,0,12,0,12
2024-05-27T16:12:14,0,12,0,12
2024-05-27T16:27:07,0,12,0,12
2024-05-27T16:42:01,0,12,0,12
2024-05-27T16:56:55,0,12,0,12
2024-05-27T17:11:52,0,12,0,12
2024-05-27T17:26:56,0,12,0,12
2024-05-27T17:41:52,0,12,0,12
2024-05-27T17:56:48,0,12,0,12
2024-05-27T18:11:54,0,12,0,12
2024-05-27T18:26:48,0,12,0,12
2024-05-27T18:41:43,0,12,0,12
2024-05-27T18:56:36,0,12,0,12
2024-05-27T19:11:42,0,12,0,12
2024-05-27T19:26:39,0,12,0,12
2024-05-27T19:41:35,0,12,0,12
2024-05-27T19:56:32,0,12,0,12
2024-05-27T20:11:40,0,12,0,12
2024-05-27T20:26:33,0,12,0,12
2024-05-27T20:41:28,0,12,0,12
2024-05-27T20:56:22,0,12,0,12
2024-05-27T21:11:27,0,12,0,12
2024-05-27T21:26:22,0,12,0,12
2024-05-27T21:41:16,0,12,0,12
2024-05-27T21:56:20,0,12,0,12
2024-05-27T22:11:15,0,12,0,12
2024-05-27T22:26:08,0,12,0,12
2024-05-27T22:41:01,0,12,0,12
2024-05-27T22:56:05,0,12,0,12
2024-05-27T23:10:58,0,12,0,12
2024-05-27T23:25:52,0,12,0,12
2024-05-27T23:40:47,0,12,0,12
2024-05-27T23:55:41,0,12,0,12
2024-05-28T00:10:52,0,12,0,12
2024-05-28T00:25:56,0,12,0,12
2024-05-28T00:40:54,0,12,0,12
2024-05-28T00:55:52,0,12,0,12
2024-05-28T01:10:59,0,12,0,12
2024-05-28T01:25:56,0,12,0,12
2024-05-28T01:40:53,0,12,0,12
2024-05-28T01:55:48,0,12,0,12
2024-05-28T02:11:01,0,12,0,12
2024-05-28T02:25:56,0,12,0,12
2024-05-28T02:40:53,0,12,0,12
2024-05-28T02:55:47,0,12,0,12
2024-05-28T03:10:53,0,12,0,12
2024-05-28T03:25:50,0,12,0,12
2024-05-28T03:40:46,0,12,0,12
2024-05-28T03:55:42,0,12,0,12
2024-05-28T04:10:39,0,12,0,12
2024-05-28T04:22:07,0,12,0,12
2024-05-28T04:37:28,0,12,0,12
2024-05-28T04:52:28,0,12,0,12
2024-05-28T05:07:27,0,12,0,12
2024-05-28T05:22:24,0,12,0,12
2024-05-28T05:37:21,0,12,0,12
2024-05-28T05:52:18,0,12,0,12
2024-05-28T06:07:15,0,12,0,12
2024-05-28T06:22:11,0,12,0,12
2024-05-28T06:37:12,0,12,0,12
2024-05-28T06:52:08,0,12,0,12
2024-05-28T07:07:07,0,12,0,12
2024-05-28T07:22:05,0,12,0,12
2024-05-28T07:36:59,0,12,0,12
2024-05-28T07:51:53,0,12,0,12
2024-05-28T08:06:56,0,12,0,12
2024-05-28T08:21:57,0,12,0,12
2024-05-28T08:36:53,0,12,0,12
2024-05-28T08:51:48,0,12,0,12
2024-05-28T09:06:43,0,12,0,12
2024-05-28T09:21:38,0,12,0,12
2024-05-28T09:36:34,0,12,0,12
2024-05-28T09:51:42,0,12,0,12
2024-05-28T10:06:38,0,12,0,12
2024-05-28T10:21:36,0,12,0,12
2024-05-28T10:36:43,0,12,0,12
2024-05-28T10:51:40,0,12,0,12
2024-05-28T11:06:38,0,12,0,12
2024-05-28T11:21:38,0,12,0,12
2024-05-28T11:36:46,0,12,0,12
2024-05-28T11:51:48,0,12,0,12
2024-05-28T12:06:57,0,12,0,12
2024-05-28T12:21:56,0,12,0,12
2024-05-28T12:36:51,0,12,0,12
2024-05-28T12:52:00,0,12,0,12
2024-05-28T13:06:58,0,12,0,12
2024-05-28T13:22:09,0,12,0,12
2024-05-28T13:37:06,0,12,0,12
2024-05-28T13:52:07,0,12,0,12
2024-05-28T14:07:18,0,12,0,12
2024-05-28T14:22:21,0,12,0,12
2024-05-28T14:37:34,0,12,0,12
2024-05-28T14:52:35,0,12,0,12
2024-05-28T15:07:46,0,12,0,12
2024-05-28T15:22:46,0,12,0,12
2024-05-28T15:37:59,0,12,0,12
2024-05-28T15:53:01,0,12,0,12
2024-05-28T16:07:58,0,12,0,12
2024-05-28T16:23:08,0,12,0,12
2024-05-28T16:38:08,0,12,0,12
2024-05-28T16:53:18,0,12,0,12
2024-05-28T17:08:18,0,12,0,12
2024-05-28T17:23:23,0,12,0,12
2024-05-28T17:38:35,0,12,0,12
2024-05-28T17:53:37,0,12,0,12
2024-05-28T18:08:41,0,12,0,12
2024-05-28T18:23:56,0,12,0,12
2024-05-28T18:38:55,0,12,0,12
2024-05-28T18:53:54,0,12,0,12
2024-05-28T19:09:02,0,12,0,12
2024-05-28T19:24:04,0,12,0,12
2024-05-28T19:39:01,0,12,0,12
2024-05-28T19:54:11,0,12,0,12
2024-05-28T20:09:07,0,12,0,12
2024-05-28T20:24:07,0,12,0,12
2024-05-28T20:39:09,0,12,0,12
2024-05-28T20:54:19,0,12,0,12
2024-05-28T21:09:17,0,12,0,12
2024-05-28T21:24:19,0,12,0,12
2024-05-28T21:39:28,0,12,0,12
2024-05-28T21:54:29,0,12,0,12
2024-05-28T22:09:25,0,12,0,12
2024-05-28T22:24:22,0,12,0,12
2024-05-28T22:39:27,0,12,0,12
2024-05-28T22:54:24,0,12,0,12
2024-05-28T23:09:22,0,12,0,12
2024-05-28T23:24:19,0,12,0,12
2024-05-28T23:39:26,0,12,0,12
2024-05-28T23:54:23,0,12,0,12
2024-05-29T00:09:24,0,12,0,12
2024-05-29T00:24:29,0,12,0,12
2024-05-29T00:39:35,0,12,0,12
2024-05-29T00:54:42,0,12,0,12
2024-05-29T01:09:40,0,12,0,12
2024-05-29T01:24:38,0,12,0,12
2024-05-29T01:39:37,0,12,0,12
2024-05-29T01:54:37,0,12,0,12
2024-05-29T02:09:37,0,12,0,12
2024-05-29T02:24:34,0,12,0,12
2024-05-29T02:39:41,0,12,0,12
2024-05-29T02:54:40,0,12,0,12
2024-05-29T03:09:38,0,12,0,12
2024-05-29T03:24:37,0,12,0,12
2024-05-29T03:39:35,0,12,0,12
2024-05-29T03:54:33,0,12,0,12
2024-05-29T04:09:33,0,12,0,12
2024-05-29T04:24:00,0,12,0,12
2024-05-29T04:40:10,0,12,0,12
2024-05-29T04:55:25,0,12,0,12
2024-05-29T05:10:38,0,12,0,12
2024-05-29T05:25:38,0,12,0,12
2024-05-29T05:40:37,0,12,0,12
2024-05-29T05:55:35,0,12,0,12
2024-05-29T06:10:33,0,12,0,12
2024-05-29T06:25:31,0,12,0,12
2024-05-29T06:40:30,0,12,0,12
2024-05-29T06:55:29,0,12,0,12
2024-05-29T07:10:31,0,12,0,12
2024-05-29T07:25:39,0,12,0,12
2024-05-29T07:40:37,0,12,0,12
2024-05-29T07:55:34,0,12,0,12
2024-05-29T08:10:38,0,12,0,12
2024-05-29T08:25:36,0,12,0,12
2024-05-29T08:40:34,0,12,0,12
2024-05-29T08:55:33,0,12,0,12
2024-05-29T09:10:34,0,12,0,12
2024-05-29T09:25:31,0,12,0,12
2024-05-29T09:40:44,0,12,0,12
2024-05-29T09:55:44,0,12,0,12
2024-05-29T10:10:49,0,12,0,12
2024-05-29T10:26:04,0,12,0,12
2024-05-29T10:41:08,0,12,0,12
2024-05-29T10:56:19,0,12,0,12
2024-05-29T11:11:22,0,12,0,12
2024-05-29T11:26:32,0,12,0,12
2024-05-29T11:41:43,0,12,0,12
2024-05-29T11:56:43,0,12,0,12
2024-05-29T12:11:48,0,12,0,12
2024-05-29T12:26:58,0,12,0,12
2024-05-29T12:41:57,0,12,0,12
2024-05-29T12:57:03,0,12,0,12
2024-05-29T13:12:03,0,12,0,12
2024-05-29T13:26:59,0,12,0,12
2024-05-29T13:42:07,0,12,0,12
2024-05-29T13:57:04,0,12,0,12
2024-05-29T14:12:11,0,12,0,12
2024-05-29T14:27:07,0,12,0,12
2024-05-29T14:42:04,0,12,0,12
2024-05-29T14:57:11,0,12,0,12
2024-05-29T15:12:09,0,12,0,12
2024-05-29T15:27:19,0,12,0,12
2024-05-29T15:42:16,0,12,0,12
2024-05-29T15:57:14,0,12,0,12
2024-05-29T16:12:12,0,12,0,12
2024-05-29T16:27:20,0,12,0,12
2024-05-29T16:42:15,0,12,0,12
2024-05-29T16:57:11,0,12,0,12
2024-05-29T17:12:08,0,12,0,12
2024-05-29T17:27:14,0,12,0,12
2024-05-29T17:42:11,0,12,0,12
2024-05-29T17:57:07,0,12,0,12
2024-05-29T18:12:02,0,12,0,12
2024-05-29T18:26:59,0,12,0,12
2024-05-29T18:42:05,0,12,0,12
2024-05-29T18:57:00,0,12,0,12
2024-05-29T19:11:57,0,12,0,12
2024-05-29T19:26:53,0,12,0,12
2024-05-29T19:41:48,0,12,0,12
2024-05-29T19:56:53,0,12,0,12
2024-05-29T20:11:49,0,12,0,12
2024-05-29T20:26:44,0,12,0,12
2024-05-29T20:41:39,0,12,0,12
2024-05-29T20:56:35,0,12,0,12
2024-05-29T21:11:40,0,12,0,12
2024-05-29T21:26:36,0,12,0,12
2024-05-29T21:41:32,0,12,0,12
2024-05-29T21:56:29,0,12,0,12
2024-05-29T22:11:24,0,12,0,12
2024-05-29T22:26:19,0,12,0,12
2024-05-29T22:41:24,0,12,0,12
2024-05-29T22:56:20,0,12,0,12
2024-05-29T23:11:16,0,12,0,12
2024-05-29T23:26:12,0,12,0,12
2024-05-29T23:41:08,0,12,0,12
2024-05-29T23:56:04,0,12,0,12
2024-05-30T00:11:11,0,12,0,12
2024-05-30T00:26:09,0,12,0,12
2024-05-30T00:41:12,0,12,0,12
2024-05-30T00:56:13,0,12,0,12
2024-05-30T01:11:11,0,12,0,12
2024-05-30T01:26:09,0,12,0,12
2024-05-30T01:41:07,0,12,0,12
2024-05-30T01:56:07,0,12,0,12
2024-05-30T02:11:05,0,12,0,12
2024-05-30T02:26:01,0,12,0,12
2024-05-30T02:40:59,0,12,0,12
2024-05-30T02:55:56,0,12,0,12
2024-05-30T03:11:03,0,12,0,12
2024-05-30T03:26:01,0,12,0,12
2024-05-30T03:40:58,0,12,0,12
2024-05-30T03:55:57,0,12,0,12
2024-05-30T04:10:57,0,12,0,12
2024-05-30T04:31:02,0,12,0,12
2024-05-30T04:47:48,0,12,0,12
2024-05-30T05:02:50,0,12,0,12
2024-05-30T05:17:52,0,12,0,12
2024-05-30T05:32:50,0,12,0,12
2024-05-30T05:47:49,0,12,0,12
2024-05-30T06:02:49,0,12,0,12
2024-05-30T06:17:48,0,12,0,12
2024-05-30T06:32:50,0,12,0,12
2024-05-30T06:47:49,0,12,0,12
2024-05-30T07:02:49,0,12,0,12
2024-05-30T07:17:50,0,12,0,12
2024-05-30T07:32:47,0,12,0,12
2024-05-30T07:47:44,0,12,0,12
2024-05-30T08:02:41,0,12,0,12
2024-05-30T08:17:38,0,12,0,12
2024-05-30T08:32:45,0,12,0,12
2024-05-30T08:47:44,0,12,0,12
2024-05-30T09:02:47,0,12,0,12
2024-05-30T09:17:45,0,12,0,12
2024-05-30T09:32:43,0,12,0,12
2024-05-30T09:47:38,0,12,0,12
2024-05-30T10:02:34,0,12,0,12
2024-05-30T10:17:29,0,12,0,12
2024-05-30T10:32:25,0,12,0,12
2024-05-30T10:47:20,0,12,0,12
2024-05-30T11:02:25,0,12,0,12
2024-05-30T11:17:24,0,12,0,12
2024-05-30T11:32:21,0,12,0,12
2024-05-30T11:47:18,0,12,0,12
2024-05-30T12:02:15,0,12,0,12
2024-05-30T12:17:23,0,12,0,12
2024-05-30T12:32:21,0,12,0,12
2024-05-30T12:47:19,0,12,0,12
2024-05-30T13:02:19,0,12,0,12
2024-05-30T13:33:54,0,12,0,12
2024-05-30T13:49:02,0,12,0,12
2024-05-30T14:03:59,0,12,0,12
2024-05-30T14:18:57,0,12,0,12
2024-05-30T14:33:59,0,12,0,12
2024-05-30T14:48:56,0,12,0,12
2024-05-30T15:04:02,0,12,0,12
2024-05-30T15:19:00,0,12,0,12
2024-05-30T15:33:58,0,12,0,12
2024-05-30T15:48:56,0,12,0,12
2024-05-30T16:04:04,0,12,0,12
2024-05-30T16:19:02,0,12,0,12
2024-05-30T16:34:00,0,12,0,12
2024-05-30T16:48:57,0,12,0,12
2024-05-30T17:03:55,0,12,0,12
2024-05-30T17:19:05,0,12,0,12
2024-05-30T17:34:02,0,12,0,12
2024-05-30T17:49:00,0,12,0,12
2024-05-30T18:03:57,0,12,0,12
2024-05-30T18:18:55,0,12,0,12
2024-05-30T18:33:53,0,12,0,12
2024-05-30T18:48:51,0,12,0,12
2024-05-30T19:03:59,0,12,0,12
2024-05-30T19:18:56,0,12,0,12
2024-05-30T19:33:55,0,12,0,12
2024-05-30T19:48:52,0,12,0,12
2024-05-30T20:03:49,0,12,0,12
2024-05-30T20:18:48,0,12,0,12
2024-05-30T20:33:45,0,12,0,12
2024-05-30T20:48:53,0,12,0,12
2024-05-30T21:03:50,0,12,0,12
2024-05-30T21:18:47,0,12,0,12
2024-05-30T21:33:46,0,12,0,12
2024-05-30T21:48:44,0,12,0,12
2024-05-30T22:03:42,0,12,0,12
2024-05-30T22:18:39,0,12,0,12
2024-05-30T22:33:37,0,12,0,12
2024-05-30T22:48:46,0,12,0,12
2024-05-30T23:03:44,0,12,0,12
2024-05-30T23:18:42,0,12,0,12
2024-05-30T23:33:40,0,12,0,12
2024-05-30T23:48:39,0,12,0,12
2024-05-31T00:03:38,0,12,0,12
2024-05-31T00:18:41,0,12,0,12
2024-05-31T00:33:43,0,12,0,12
2024-05-31T00:48:45,0,12,0,12
2024-05-31T01:04:03,0,12,0,12
2024-05-31T01:19:06,0,12,0,12
2024-05-31T01:34:09,0,12,0,12
2024-05-31T01:49:14,0,12,0,12
2024-05-31T02:04:16,0,12,0,12
2024-05-31T02:19:19,0,12,0,12
2024-05-31T02:34:22,0,12,0,12
2024-05-31T02:49:23,0,12,0,12
2024-05-31T03:04:25,0,12,0,12
2024-05-31T03:19:25,0,12,0,12
2024-05-31T03:34:24,0,12,0,12
2024-05-31T03:49:24,0,12,0,12
2024-05-31T04:04:25,0,12,0,12
2024-05-31T04:18:20,0,12,0,12
2024-05-31T04:33:49,0,12,0,12
2024-05-31T04:48:55,0,12,0,12
2024-05-31T05:03:58,0,12,0,12
2024-05-31T05:19:02,0,12,0,12
2024-05-31T05:34:04,0,12,0,12
2024-05-31T05:49:05,0,12,0,12
2024-05-31T06:04:08,0,12,0,12
2024-05-31T06:19:44,0,12,0,12
2024-05-31T06:34:49,0,12,0,12
2024-05-31T06:49:51,0,12,0,12
2024-05-31T07:04:56,0,12,0,12
2024-05-31T07:20:01,0,12,0,12
2024-05-31T07:35:00,0,12,0,12
2024-05-31T07:49:58,0,12,0,12
2024-05-31T08:04:57,0,12,0,12
2024-05-31T08:19:56,0,12,0,12
2024-05-31T08:34:55,0,12,0,12
2024-05-31T08:50:08,0,12,0,12
2024-05-31T09:05:07,0,12,0,12
2024-05-31T09:20:05,0,12,0,12
2024-05-31T09:35:03,0,12,0,12
2024-05-31T09:50:02,0,12,0,12
2024-05-31T10:05:01,0,12,0,12
2024-05-31T10:19:58,0,12,0,12
2024-05-31T10:34:56,0,12,0,12
2024-05-31T10:50:04,0,12,0,12
2024-05-31T11:05:02,0,12,0,12
2024-05-31T11:20:00,0,12,0,12
2024-05-31T11:34:58,0,12,0,12
2024-05-31T11:49:57,0,12,0,12
2024-05-31T12:04:54,0,12,0,12
2024-05-31T12:19:58,0,12,0,12
2024-05-31T12:35:05,0,12,0,12
2024-05-31T12:50:03,0,12,0,12
2024-05-31T13:05:01,0,12,0,12
2024-05-31T13:20:02,0,12,0,12
2024-05-31T13:35:11,0,12,0,12
2024-05-31T13:50:11,0,12,0,12
2024-05-31T14:05:12,0,12,0,12
2024-05-31T14:20:13,0,12,0,12
2024-05-31T14:35:14,0,12,0,12
2024-05-31T14:50:14,0,12,0,12
2024-05-31T15:05:26,0,12,0,12
2024-05-31T15:20:27,0,12,0,12
2024-05-31T15:35:29,0,12,0,12
2024-05-31T15:50:29,0,12,0,12
2024-05-31T16:05:30,0,12,0,12
2024-05-31T16:20:39,0,12,0,12
2024-05-31T16:35:40,0,12,0,12
2024-05-31T16:50:40,0,12,0,12
2024-05-31T17:05:42,0,12,0,12
2024-05-31T17:20:44,0,12,0,12
2024-05-31T17:35:45,0,12,0,12
2024-05-31T17:50:46,0,12,0,12
2024-05-31T18:05:57,0,12,0,12
2024-05-31T18:20:57,0,12,0,12
2024-05-31T18:35:58,0,12,0,12
2024-05-31T18:50:59,0,12,0,12
2024-05-31T19:06:01,0,12,0,12
2024-05-31T19:21:01,0,12,0,12
2024-05-31T19:36:02,0,12,0,12
2024-05-31T19:51:03,0,12,0,12
2024-05-31T20:06:04,0,12,0,12
2024-05-31T20:21:16,0,12,0,12
2024-05-31T20:36:17,0,12,0,12
2024-05-31T20:51:17,0,12,0,12
2024-05-31T21:06:17,0,12,0,12
2024-05-31T21:21:20,0,12,0,12
2024-05-31T21:36:22,0,12,0,12
2024-05-31T21:51:25,0,12,0,12
2024-05-31T22:06:26,0,12,0,12
2024-05-31T22:21:27,0,12,0,12
2024-05-31T22:36:38,0,12,0,12
2024-05-31T22:51:39,0,12,0,12
2024-05-31T23:06:42,0,12,0,12
2024-05-31T23:21:43,0,12,0,12
2024-05-31T23:36:44,0,12,0,12
2024-05-31T23:51:46,0,12,0,12
2024-06-01T00:07:33,0,12,0,12
2024-06-01T00:22:37,0,12,0,12
2024-06-01T00:37:52,0,12,0,12
2024-06-01T00:52:58,0,12,0,12
2024-06-01T01:08:02,0,12,0,12
2024-06-01T01:23:06,0,12,0,12
2024-06-01T01:38:13,0,12,0,12
2024-06-01T01:53:18,0,12,0,12
2024-06-01T02:08:23,0,12,0,12
2024-06-01T02:23:27,0,12,0,12
2024-06-01T02:38:30,0,12,0,12
2024-06-01T02:53:32,0,12,0,12
2024-06-01T03:08:35,0,12,0,12
2024-06-01T03:23:41,0,12,0,12
2024-06-01T03:38:46,0,12,0,12
2024-06-01T03:53:52,0,12,0,12
2024-06-01T04:08:56,0,12,0,12
2024-06-01T04:29:03,0,12,0,12
2024-06-01T04:45:39,0,12,0,12
2024-06-01T05:00:45,0,12,0,12
2024-06-01T05:15:48,0,12,0,12
2024-06-01T05:30:48,0,12,0,12
2024-06-01T05:45:50,0,12,0,12
2024-06-01T06:01:06,0,12,0,12
2024-06-01T06:16:31,0,12,0,12
2024-06-01T06:31:37,0,12,0,12
2024-06-01T06:46:42,0,12,0,12
2024-06-01T07:01:47,0,12,0,12
2024-06-01T07:16:52,0,12,0,12
2024-06-01T07:31:57,0,12,0,12
2024-06-01T07:47:12,0,12,0,12
2024-06-01T08:02:16,0,12,0,12
2024-06-01T08:17:19,0,12,0,12
2024-06-01T08:32:24,0,12,0,12
2024-06-01T08:47:28,0,12,0,12
2024-06-01T09:02:34,0,12,0,12
2024-06-01T09:17:38,0,12,0,12
2024-06-01T09:32:41,0,12,0,12
2024-06-01T09:47:45,0,12,0,12
2024-06-01T10:02:48,0,12,0,12
2024-06-01T10:18:01,0,12,0,12
2024-06-01T10:33:04,0,12,0,12
2024-06-01T10:48:08,0,12,0,12
2024-06-01T11:03:12,0,12,0,12
2024-06-01T11:18:15,0,12,0,12
2024-06-01T11:33:20,0,12,0,12
2024-06-01T11:48:22,0,12,0,12
2024-06-01T12:03:24,0,12,0,12
2024-06-01T12:18:45,0,12,0,12
2024-06-01T12:33:48,0,12,0,12
2024-06-01T12:48:50,0,12,0,12
2024-06-01T13:03:53,0,12,0,12
2024-06-01T13:18:56,0,12,0,12
2024-06-01T13:33:59,0,12,0,12
2024-06-01T13:49:00,0,12,0,12
2024-06-01T14:04:12,0,12,0,12
2024-06-01T14:19:14,0,12,0,12
2024-06-01T14:34:16,0,12,0,12
2024-06-01T14:49:16,0,12,0,12
2024-06-01T15:04:17,0,12,0,12
2024-06-01T15:19:18,0,12,0,12
2024-06-01T15:34:27,0,12,0,12
2024-06-01T15:49:27,0,12,0,12
2024-06-01T16:04:28,0,12,0,12
2024-06-01T16:19:28,0,12,0,12
2024-06-01T16:34:29,0,12,0,12
2024-06-01T16:49:29,0,12,0,12
2024-06-01T17:04:30,0,12,0,12
2024-06-01T17:19:49,0,12,0,12
2024-06-01T17:34:51,0,12,0,12
2024-06-01T17:49:51,0,12,0,12
2024-06-01T18:04:52,0,12,0,12
2024-06-01T18:19:52,0,12,0,12
2024-06-01T18:34:53,0,12,0,12
2024-06-01T18:49:54,0,12,0,12
2024-06-01T19:04:54,0,12,0,12
2024-06-01T19:19:55,0,12,0,12
2024-06-01T19:35:07,0,12,0,12
2024-06-01T19:50:08,0,12,0,12
2024-06-01T20:05:09,0,12,0,12
2024-06-01T20:20:10,0,12,0,12
2024-06-01T20:35:10,0,12,0,12
2024-06-01T20:50:10,0,12,0,12
2024-06-01T21:05:11,0,12,0,12
2024-06-01T21:20:29,0,12,0,12
2024-06-01T21:35:32,0,12,0,12
2024-06-01T21:50:40,0,12,0,12
2024-06-01T22:05:42,0,12,0,12
2024-06-01T22:20:43,0,12,0,12
2024-06-01T22:35:44,0,12,0,12
2024-06-01T22:50:44,0,12,0,12
2024-06-01T23:05:45,0,12,0,12
2024-06-01T23:20:46,0,12,0,12
2024-06-01T23:36:00,0,12,0,12
2024-06-01T23:51:01,0,12,0,12
2024-06-02T00:06:02,0,12,0,12
2024-06-02T00:21:05,0,12,0,12
2024-06-02T00:36:07,0,12,0,12
2024-06-02T00:51:11,0,12,0,12
2024-06-02T01:06:14,0,12,0,12
2024-06-02T01:21:16,0,12,0,12
2024-06-02T01:36:22,0,12,0,12
2024-06-02T01:51:26,0,12,0,12
2024-06-02T02:06:29,0,12,0,12
2024-06-02T02:21:34,0,12,0,12
2024-06-02T02:36:57,0,12,0,12
2024-06-02T02:52:00,0,12,0,12
2024-06-02T03:07:15,0,12,0,12
2024-06-02T03:22:19,0,12,0,12
2024-06-02T03:37:22,0,12,0,12
2024-06-02T03:52:25,0,12,0,12
2024-06-02T04:07:31,0,12,0,12
2024-06-02T04:29:27,0,12,0,12
2024-06-02T04:45:00,0,12,0,12
2024-06-02T05:00:06,0,12,0,12
2024-06-02T05:15:12,0,12,0,12
2024-06-02T05:30:13,0,12,0,12
2024-06-02T05:46:39,0,12,0,12
2024-06-02T06:02:02,0,12,0,12
2024-06-02T06:17:06,0,12,0,12
2024-06-02T06:32:10,0,12,0,12
2024-06-02T06:47:14,0,12,0,12
2024-06-02T07:02:16,0,12,0,12
2024-06-02T07:17:20,0,12,0,12
2024-06-02T07:32:25,0,12,0,12
2024-06-02T07:47:27,0,12,0,12
2024-06-02T08:02:27,0,12,0,12
2024-06-02T08:17:32,0,12,0,12
2024-06-02T08:32:39,0,12,0,12
2024-06-02T08:47:46,0,12,0,12
2024-06-02T09:02:48,0,12,0,12
2024-06-02T09:17:49,0,12,0,12
2024-06-02T09:32:53,0,12,0,12
2024-06-02T09:48:05,0,12,0,12
2024-06-02T10:03:08,0,12,0,12
2024-06-02T10:18:09,0,12,0,12
2024-06-02T10:33:10,0,12,0,12
2024-06-02T10:48:10,0,12,0,12
2024-06-02T11:03:11,0,12,0,12
2024-06-02T11:18:11,0,12,0,12
2024-06-02T11:33:11,0,12,0,12
2024-06-02T11:48:12,0,12,0,12
2024-06-02T12:03:14,0,12,0,12
2024-06-02T12:18:15,0,12,0,12
2024-06-02T12:33:16,0,12,0,12
2024-06-02T12:48:26,0,12,0,12
2024-06-02T13:03:27,0,12,0,12
2024-06-02T13:18:27,0,12,0,12
2024-06-02T13:33:27,0,12,0,12
2024-06-02T13:48:27,0,12,0,12
2024-06-02T14:03:27,0,12,0,12
2024-06-02T14:18:27,0,12,0,12
2024-06-02T14:33:27,0,12,0,12
2024-06-02T14:48:28,0,12,0,12
2024-06-02T15:03:28,0,12,0,12
2024-06-02T15:18:38,0,12,0,12
2024-06-02T15:33:38,0,12,0,12
2024-06-02T15:48:38,0,12,0,12
2024-06-02T16:03:39,0,12,0,12
2024-06-02T16:18:43,0,12,0,12
2024-06-02T16:33:47,0,12,0,12
2024-06-02T16:48:57,0,12,0,12
2024-06-02T17:03:58,0,12,0,12
2024-06-02T17:19:00,0,12,0,12
2024-06-02T17:34:00,0,12,0,12
2024-06-02T17:49:01,0,12,0,12
2024-06-02T18:04:01,0,12,0,12
2024-06-02T18:19:02,0,12,0,12
2024-06-02T18:34:08,0,12,0,12
2024-06-02T18:49:08,0,12,0,12
2024-06-02T19:04:21,0,12,0,12
2024-06-02T19:19:23,0,12,0,12
2024-06-02T19:34:25,0,12,0,12
2024-06-02T19:49:27,0,12,0,12
2024-06-02T20:04:28,0,12,0,12
2024-06-02T20:19:30,0,12,0,12
2024-06-02T20:34:41,0,12,0,12
2024-06-02T20:49:42,0,12,0,12
2024-06-02T21:04:43,0,12,0,12
2024-06-02T21:19:46,0,12,0,12
2024-06-02T21:34:48,0,12,0,12
2024-06-02T21:50:01,0,12,0,12
2024-06-02T22:05:17,0,12,0,12
2024-06-02T22:20:19,0,12,0,12
2024-06-02T22:35:21,0,12,0,12
2024-06-02T22:50:26,0,12,0,12
2024-06-02T23:05:29,0,12,0,12
2024-06-02T23:20:32,0,12,0,12
2024-06-02T23:35:36,0,12,0,12
2024-06-02T23:50:48,0,12,0,12
2024-06-03T00:05:59,0,12,0,12
2024-06-03T00:21:07,0,12,0,12
2024-06-03T00:36:15,0,12,0,12
2024-06-03T00:51:20,0,12,0,12
2024-06-03T01:06:24,0,12,0,12
2024-06-03T01:21:27,0,12,0,12
2024-06-03T01:36:30,0,12,0,12
2024-06-03T01:51:44,0,12,0,12
2024-06-03T02:07:02,0,12,0,12
2024-06-03T02:22:16,0,12,0,12
2024-06-03T02:37:22,0,12,0,12
2024-06-03T02:52:25,0,12,0,12
2024-06-03T03:07:30,0,12,0,12
2024-06-03T03:23:00,0,12,0,12
2024-06-03T03:38:06,0,12,0,12
2024-06-03T03:53:09,0,12,0,12
2024-06-03T04:08:13,0,12,0,12
2024-06-03T04:24:52,0,12,0,12
2024-06-03T04:40:23,0,12,0,12
2024-06-03T04:55:34,0,12,0,12
2024-06-03T05:10:47,0,12,0,12
2024-06-03T05:25:53,0,12,0,12
2024-06-03T05:40:57,0,12,0,12
2024-06-03T05:56:02,0,12,0,12
2024-06-03T06:11:12,0,12,0,12
2024-06-03T06:26:16,0,12,0,12
2024-06-03T06:41:20,0,12,0,12
2024-06-03T06:56:24,0,12,0,12
2024-06-03T07:11:31,0,12,0,12
2024-06-03T07:26:35,0,12,0,12
2024-06-03T07:41:39,0,12,0,12
2024-06-03T07:56:49,0,12,0,12
2024-06-03T08:11:52,0,12,0,12
2024-06-03T08:26:53,0,12,0,12
2024-06-03T08:41:55,0,12,0,12
2024-06-03T08:56:55,0,12,0,12
2024-06-03T09:12:08,0,12,0,12
2024-06-03T09:27:09,0,12,0,12
2024-06-03T09:42:10,0,12,0,12
2024-06-03T09:57:10,0,12,0,12
2024-06-03T10:12:12,0,12,0,12
2024-06-03T10:27:14,0,12,0,12
2024-06-03T10:42:15,0,12,0,12
2024-06-03T10:57:31,0,12,0,12
2024-06-03T11:12:33,0,12,0,12
2024-06-03T11:27:34,0,12,0,12
2024-06-03T11:42:35,0,12,0,12
2024-06-03T11:57:49,0,12,0,12
2024-06-03T12:12:52,0,12,0,12
2024-06-03T12:27:55,0,12,0,12
2024-06-03T12:43:12,0,12,0,12
2024-06-03T12:58:14,0,12,0,12
2024-06-03T13:13:16,0,12,0,12
2024-06-03T13:28:20,0,12,0,12
2024-06-03T13:43:31,0,12,0,12
2024-06-03T13:58:34,0,12,0,12
2024-06-03T14:13:37,0,12,0,12
2024-06-03T14:28:40,0,12,0,12
2024-06-03T14:43:54,0,12,0,12
2024-06-03T14:58:57,0,12,0,12
2024-06-03T15:13:59,0,12,0,12
2024-06-03T15:29:13,0,12,0,12
2024-06-03T15:44:16,0,12,0,12
2024-06-03T15:59:18,0,12,0,12
2024-06-03T16:14:21,0,12,0,12
2024-06-03T16:29:35,0,12,0,12
2024-06-03T16:44:39,0,12,0,12
2024-06-03T16:59:41,0,12,0,12
2024-06-03T17:14:46,0,12,0,12
2024-06-03T17:30:00,0,12,0,12
2024-06-03T17:45:04,0,12,0,12
2024-06-03T18:00:07,0,12,0,12
2024-06-03T18:15:09,0,12,0,12
2024-06-03T18:30:21,0,12,0,12
2024-06-03T18:45:23,0,12,0,12
2024-06-03T19:00:24,0,12,0,12
2024-06-03T19:15:26,0,12,0,12
2024-06-03T19:30:28,0,12,0,12
2024-06-03T19:45:31,0,12,0,12
2024-06-03T20:00:44,0,12,0,12
2024-06-03T20:15:46,0,12,0,12
2024-06-03T20:30:49,0,12,0,12
2024-06-03T20:45:50,0,12,0,12
2024-06-03T21:00:52,0,12,0,12
2024-06-03T21:16:05,0,12,0,12
2024-06-03T21:31:08,0,12,0,12
2024-06-03T21:46:10,0,12,0,12
2024-06-03T22:01:16,0,12,0,12
2024-06-03T22:16:18,0,12,0,12
2024-06-03T22:31:34,0,12,0,12
2024-06-03T22:46:38,0,12,0,12
2024-06-03T23:01:41,0,12,0,12
2024-06-03T23:16:45,0,12,0,12
2024-06-03T23:31:47,0,12,0,12
2024-06-03T23:46:49,0,12,0,12
2024-06-04T00:02:02,0,12,0,12
2024-06-04T00:17:06,0,12,0,12
2024-06-04T00:32:12,0,12,0,12
2024-06-04T00:47:19,0,12,0,12
2024-06-04T01:02:25,0,12,0,12
2024-06-04T01:17:29,0,12,0,12
2024-06-04T01:32:33,0,12,0,12
2024-06-04T01:47:43,0,12,0,12
2024-06-04T02:02:49,0,12,0,12
2024-06-04T02:17:52,0,12,0,12
2024-06-04T02:33:07,0,12,0,12
2024-06-04T02:48:11,0,12,0,12
2024-06-04T03:03:14,0,12,0,12
2024-06-04T03:18:28,0,12,0,12
2024-06-04T03:33:31,0,12,0,12
2024-06-04T03:48:38,0,12,0,12
2024-06-04T04:03:42,0,12,0,12
2024-06-04T04:30:46,0,12,0,12
2024-06-04T04:46:19,0,12,0,12
2024-06-04T05:01:30,0,12,0,12
2024-06-04T05:16:47,0,12,0,12
2024-06-04T05:31:52,0,12,0,12
2024-06-04T05:46:57,0,12,0,12
2024-06-04T06:02:03,0,12,0,12
2024-06-04T06:17:10,0,12,0,12
2024-06-04T06:32:15,0,12,0,12
2024-06-04T06:47:21,0,12,0,12
2024-06-04T07:02:27,0,12,0,12
2024-06-04T07:17:35,0,12,0,12
2024-06-04T07:32:38,0,12,0,12
2024-06-04T07:47:41,0,12,0,12
2024-06-04T08:02:45,0,12,0,12
2024-06-04T08:17:50,0,12,0,12
2024-06-04T08:33:02,0,12,0,12
2024-06-04T08:48:07,0,12,0,12
2024-06-04T09:03:10,0,12,0,12
2024-06-04T09:18:15,0,12,0,12
2024-06-04T09:33:20,0,12,0,12
2024-06-05T04:28:19,0,12,0,12
2024-06-05T04:44:23,0,12,0,12
2024-06-05T04:59:44,0,12,0,12
2024-06-05T05:14:57,0,12,0,12
2024-06-05T05:30:10,0,12,0,12
2024-06-05T05:45:21,0,12,0,12
2024-06-05T06:00:33,0,12,0,12
2024-06-05T06:15:45,0,12,0,12
2024-06-05T06:30:57,0,12,0,12
2024-06-05T06:46:08,0,12,0,12
2024-06-05T07:01:22,0,12,0,12
2024-06-05T07:16:45,0,12,0,12
2024-06-05T07:32:12,0,12,0,12
2024-06-05T07:47:28,0,12,0,12
2024-06-05T08:02:39,0,12,0,12
2024-06-05T08:17:52,0,12,0,12
2024-06-05T08:33:04,0,12,0,12
2024-06-05T08:48:36,0,12,0,12
2024-06-05T09:04:14,0,12,0,12
2024-06-05T09:19:51,0,12,0,12
2024-06-05T09:35:20,0,12,0,12
2024-06-05T09:50:57,0,12,0,12
2024-06-05T10:06:24,0,12,0,12
2024-06-05T10:22:02,0,12,0,12
2024-06-05T10:37:31,0,12,0,12
2024-06-05T10:53:02,0,12,0,12
2024-06-05T11:08:42,0,12,0,12
2024-06-05T11:24:14,0,12,0,12
2024-06-05T11:39:46,0,12,0,12
2024-06-05T11:55:28,0,12,0,12
2024-06-05T12:11:06,0,12,0,12
2024-06-05T12:26:53,0,12,0,12
2024-06-05T12:42:40,0,12,0,12
2024-06-05T12:58:25,0,12,0,12
2024-06-05T13:14:02,0,12,0,12
2024-06-05T13:29:40,0,12,0,12
2024-06-05T13:45:28,0,12,0,12
2024-06-05T14:01:16,0,12,0,12
2024-06-05T14:17:08,0,12,0,12
2024-06-05T14:32:48,0,12,0,12
2024-06-05T14:48:30,0,12,0,12
2024-06-05T15:04:07,0,12,0,12
2024-06-05T15:19:52,0,12,0,12
2024-06-05T15:35:41,0,12,0,12
2024-06-05T15:51:19,0,12,0,12
2024-06-05T16:07:05,0,12,0,12
2024-06-05T16:22:41,0,12,0,12
2024-06-05T16:38:28,0,12,0,12
2024-06-05T16:54:05,0,12,0,12
2024-06-05T17:09:53,0,12,0,12
2024-06-05T17:25:40,0,12,0,12
2024-06-05T17:41:19,0,12,0,12
2024-06-05T17:56:48,0,12,0,12
2024-06-05T18:12:00,0,12,0,12
2024-06-05T18:27:20,0,12,0,12
2024-06-05T18:42:29,0,12,0,12
2024-06-05T18:57:38,0,12,0,12
2024-06-05T19:12:59,0,12,0,12
2024-06-05T19:28:08,0,12,0,12
2024-06-05T19:43:17,0,12,0,12
2024-06-05T19:58:26,0,12,0,12
2024-06-05T20:13:46,0,12,0,12
2024-06-05T20:28:55,0,12,0,12
2024-06-05T20:44:04,0,12,0,12
2024-06-05T20:59:22,0,12,0,12
2024-06-05T21:14:33,0,12,0,12
2024-06-05T21:29:41,0,12,0,12
2024-06-05T21:44:51,0,12,0,12
2024-06-05T22:00:11,0,12,0,12
2024-06-05T22:15:21,0,12,0,12
2024-06-05T22:30:30,0,12,0,12
2024-06-05T22:45:38,0,12,0,12
2024-06-05T23:00:47,0,12,0,12
2024-06-05T23:16:08,0,12,0,12
2024-06-05T23:31:18,0,12,0,12
2024-06-05T23:46:27,0,12,0,12
2024-06-06T00:01:38,0,12,0,12
2024-06-06T00:16:55,0,12,0,12
2024-06-06T00:32:11,0,12,0,12
2024-06-06T00:47:34,0,12,0,12
2024-06-06T01:02:47,0,12,0,12
2024-06-06T01:17:59,0,12,0,12
2024-06-06T01:33:11,0,12,0,12
2024-06-06T01:48:26,0,12,0,12
2024-06-06T02:03:40,0,12,0,12
2024-06-06T02:18:51,0,12,0,12
2024-06-06T02:34:02,0,12,0,12
2024-06-06T02:49:13,0,12,0,12
2024-06-06T03:04:24,0,12,0,12
2024-06-06T03:19:37,0,12,0,12
2024-06-06T03:34:50,0,12,0,12
2024-06-06T03:50:11,0,12,0,12
2024-06-06T04:05:23,0,12,0,12
2024-06-06T04:29:20,0,12,0,12
2024-06-06T04:46:00,0,12,0,12
2024-06-06T05:01:58,0,12,0,12
2024-06-06T05:17:14,0,12,0,12
2024-06-06T05:32:27,0,12,0,12
2024-06-06T05:47:39,0,12,0,12
2024-06-06T06:02:53,0,12,0,12
2024-06-06T06:18:05,0,12,0,12
2024-06-06T06:33:18,0,12,0,12
2024-06-06T06:49:17,0,12,0,12
2024-06-06T07:04:36,0,12,0,12
2024-06-06T07:19:49,0,12,0,12
2024-06-06T07:35:01,0,12,0,12
2024-06-06T07:50:11,0,12,0,12
2024-06-06T08:05:23,0,12,0,12
2024-06-06T08:20:37,0,12,0,12
2024-06-06T08:35:54,0,12,0,12
2024-06-06T08:51:16,0,12,0,12
2024-06-06T09:06:27,0,12,0,12
2024-06-06T09:21:40,0,12,0,12
2024-06-06T09:37:00,0,12,0,12
2024-06-06T09:52:19,0,12,0,12
2024-06-06T10:07:32,0,12,0,12
2024-06-06T10:22:58,0,12,0,12
2024-06-06T10:38:12,0,12,0,12
2024-06-06T10:53:26,0,12,0,12
2024-06-06T11:08:37,0,12,0,12
2024-06-06T11:23:51,0,12,0,12
2024-06-06T11:39:14,0,12,0,12
2024-06-06T11:54:26,0,12,0,12
2024-06-06T12:09:38,0,12,0,12
2024-06-06T12:25:09,0,12,0,12
2024-06-06T12:40:19,0,12,0,12
2024-06-06T12:55:30,0,12,0,12
2024-06-06T13:10:51,0,12,0,12
2024-06-06T13:26:01,0,12,0,12
2024-06-06T13:41:11,0,12,0,12
2024-06-06T13:56:22,0,12,0,12
2024-06-06T14:11:43,0,12,0,12
2024-06-06T14:26:52,0,12,0,12
2024-06-06T14:42:03,0,12,0,12
2024-06-06T14:57:14,0,12,0,12
2024-06-06T15:12:35,0,12,0,12
2024-06-06T15:27:48,0,12,0,12
2024-06-06T15:42:58,0,12,0,12
2024-06-06T15:58:19,0,12,0,12
2024-06-06T16:13:29,0,12,0,12
2024-06-06T16:28:39,0,12,0,12
2024-06-06T16:43:49,0,12,0,12
2024-06-06T16:59:09,0,12,0,12
2024-06-06T17:14:20,0,12,0,12
2024-06-06T17:29:31,0,12,0,12
2024-06-06T17:44:41,0,12,0,12
2024-06-06T17:59:51,0,12,0,12
2024-06-06T18:15:12,0,12,0,12
2024-06-06T18:30:23,0,12,0,12
2024-06-06T18:45:32,0,12,0,12
2024-06-06T19:00:42,0,12,0,12
2024-06-06T19:15:53,0,12,0,12
2024-06-06T19:31:03,0,12,0,12
2024-06-06T19:46:13,0,12,0,12
2024-06-06T20:01:34,0,12,0,12
2024-06-06T20:16:44,0,12,0,12
2024-06-06T20:31:54,0,12,0,12
2024-06-06T20:47:05,0,12,0,12
2024-06-06T21:02:14,0,12,0,12
2024-06-06T21:17:26,0,12,0,12
2024-06-06T21:32:36,0,12,0,12
2024-06-06T21:47:59,0,12,0,12
2024-06-06T22:03:10,0,12,0,12
2024-06-06T22:18:21,0,12,0,12
2024-06-06T22:33:31,0,12,0,12
2024-06-06T22:48:41,0,12,0,12
2024-06-06T23:03:51,0,12,0,12
2024-06-06T23:19:02,0,12,0,12
2024-06-06T23:34:22,0,12,0,12
2024-06-06T23:49:33,0,12,0,12
2024-06-07T00:04:45,0,12,0,12
2024-06-07T00:19:59,0,12,0,12
2024-06-07T00:35:12,0,12,0,12
2024-06-07T00:50:27,0,12,0,12
2024-06-07T01:05:41,0,12,0,12
2024-06-07T01:20:56,0,12,0,12
2024-06-07T01:36:23,0,12,0,12
2024-06-07T01:51:39,0,12,0,12
2024-06-07T02:06:55,0,12,0,12
2024-06-07T02:22:13,0,12,0,12
2024-06-07T02:37:27,0,12,0,12
2024-06-07T02:52:41,0,12,0,12
2024-06-07T03:07:55,0,12,0,12
2024-06-07T03:23:07,0,12,0,12
2024-06-07T03:38:19,0,12,0,12
2024-06-07T03:53:36,0,12,0,12
2024-06-07T04:09:00,0,12,0,12
2024-06-07T04:20:29,0,12,0,12
2024-06-07T04:35:47,0,12,0,12
2024-06-07T04:52:35,0,12,0,12
2024-06-07T05:07:54,0,12,0,12
2024-06-07T05:23:11,0,12,0,12
2024-06-07T05:38:25,0,12,0,12
2024-06-07T05:53:39,0,12,0,12
2024-06-07T06:08:54,0,12,0,12
2024-06-07T06:24:11,0,12,0,12
2024-06-07T06:39:25,0,12,0,12
2024-06-07T06:54:54,0,12,0,12
2024-06-07T07:10:11,0,12,0,12
2024-06-07T07:25:24,0,12,0,12
2024-06-07T07:40:38,0,12,0,12
2024-06-07T07:55:49,0,12,0,12
2024-06-07T08:11:13,0,12,0,12
2024-06-07T08:26:25,0,12,0,12
2024-06-07T08:41:38,0,12,0,12
2024-06-07T08:56:52,0,12,0,12
2024-06-07T09:12:04,0,12,0,12
2024-06-07T09:27:17,0,12,0,12
2024-06-07T09:42:29,0,12,0,12
2024-06-07T09:57:50,0,12,0,12
2024-06-07T10:13:02,0,12,0,12
2024-06-07T10:28:16,0,12,0,12
2024-06-07T10:43:29,0,12,0,12
2024-06-07T10:58:44,0,12,0,12
2024-06-07T11:14:10,0,12,0,12
2024-06-07T11:29:25,0,12,0,12
2024-06-07T11:44:38,0,12,0,12
2024-06-07T11:59:51,0,12,0,12
2024-06-07T12:15:02,0,12,0,12
2024-06-07T12:30:15,0,12,0,12
2024-06-07T12:45:38,0,12,0,12
2024-06-07T13:00:52,0,12,0,12
2024-06-07T13:16:03,0,12,0,12
2024-06-07T13:31:15,0,12,0,12
2024-06-07T13:46:26,0,12,0,12
2024-06-07T14:01:37,0,12,0,12
2024-06-07T14:16:59,0,12,0,12
2024-06-07T14:32:10,0,12,0,12
2024-06-07T14:47:21,0,12,0,12
2024-06-07T15:02:33,0,12,0,12
2024-06-07T15:17:45,0,12,0,12
2024-06-07T15:33:08,0,12,0,12
2024-06-07T15:48:20,0,12,0,12
2024-06-07T16:03:32,0,12,0,12
2024-06-07T16:18:44,0,12,0,12
2024-06-07T16:34:06,0,12,0,12
2024-06-07T16:49:18,0,12,0,12
2024-06-07T17:04:31,0,12,0,12
2024-06-07T17:19:45,0,12,0,12
2024-06-07T17:34:56,0,12,0,12
2024-06-07T17:50:08,0,12,0,12
2024-06-07T18:05:22,0,12,0,12
2024-06-07T18:20:43,0,12,0,12
2024-06-07T18:35:56,0,12,0,12
2024-06-07T18:51:09,0,12,0,12
2024-06-07T19:06:23,0,12,0,12
2024-06-07T19:21:35,0,12,0,12
2024-06-07T19:36:46,0,12,0,12
2024-06-07T19:51:58,0,12,0,12
2024-06-07T20:07:11,0,12,0,12
2024-06-07T20:22:34,0,12,0,12
2024-06-07T20:37:46,0,12,0,12
2024-06-07T20:52:58,0,12,0,12
2024-06-07T21:08:09,0,12,0,12
2024-06-07T21:23:25,0,12,0,12
2024-06-07T21:38:37,0,12,0,12
2024-06-07T21:53:51,0,12,0,12
2024-06-07T22:09:04,0,12,0,12
2024-06-07T22:24:24,0,12,0,12
2024-06-07T22:39:37,0,12,0,12
2024-06-07T22:54:49,0,12,0,12
2024-06-07T23:10:02,0,12,0,12
2024-06-07T23:25:15,0,12,0,12
2024-06-07T23:40:28,0,12,0,12
2024-06-07T23:55:40,0,12,0,12
2024-06-08T00:11:01,0,12,0,12
2024-06-08T00:26:22,0,12,0,12
2024-06-08T00:41:49,0,12,0,12
2024-06-08T00:57:08,0,12,0,12
2024-06-08T01:12:26,0,12,0,12
2024-06-08T01:27:44,0,12,0,12
2024-06-08T01:43:04,0,12,0,12
2024-06-08T01:58:20,0,12,0,12
2024-06-08T02:13:37,0,12,0,12
2024-06-08T02:28:50,0,12,0,12
2024-06-08T02:44:05,0,12,0,12
2024-06-08T02:59:18,0,12,0,12
2024-06-08T03:14:32,0,12,0,12
2024-06-08T03:29:47,0,12,0,12
2024-06-08T03:45:01,0,12,0,12
2024-06-08T04:00:25,0,12,0,12
2024-06-08T04:17:22,0,12,0,12
2024-06-08T04:29:09,0,12,0,12
2024-06-08T04:46:08,0,12,0,12
2024-06-08T05:01:49,0,12,0,12
2024-06-08T05:17:06,0,12,0,12
2024-06-08T05:32:22,0,12,0,12
2024-06-08T05:47:38,0,12,0,12
2024-06-08T06:02:55,0,12,0,12
2024-06-08T06:18:14,0,12,0,12
2024-06-08T06:33:30,0,12,0,12
2024-06-08T06:48:45,0,12,0,12
2024-06-08T07:04:04,0,12,0,12
2024-06-08T07:19:21,0,12,0,12
2024-06-08T07:34:38,0,12,0,12
2024-06-08T07:49:52,0,12,0,12
2024-06-08T08:05:15,0,12,0,12
2024-06-08T08:20:32,0,12,0,12
2024-06-08T08:35:48,0,12,0,12
2024-06-08T08:51:04,0,12,0,12
2024-06-08T09:06:20,0,12,0,12
2024-06-08T09:21:36,0,12,0,12
2024-06-08T09:36:53,0,12,0,12
2024-06-08T09:52:08,0,12,0,12
2024-06-08T10:07:25,0,12,0,12
2024-06-08T10:22:40,0,12,0,12
2024-06-08T10:37:56,0,12,0,12
2024-06-08T10:53:11,0,12,0,12
2024-06-08T11:08:36,0,12,0,12
2024-06-08T11:23:51,0,12,0,12
2024-06-08T11:39:05,0,12,0,12
2024-06-08T11:54:20,0,12,0,12
2024-06-08T12:09:35,0,12,0,12
2024-06-08T12:25:00,0,12,0,12
2024-06-08T12:40:14,0,12,0,12
2024-06-08T12:55:28,0,12,0,12
2024-06-08T13:10:43,0,12,0,12
2024-06-08T13:25:57,0,12,0,12
2024-06-08T13:41:10,0,12,0,12
2024-06-08T13:56:22,0,12,0,12
2024-06-08T14:11:35,0,12,0,12
2024-06-08T14:26:48,0,12,0,12
2024-06-08T14:42:11,0,12,0,12
2024-06-08T14:57:23,0,12,0,12
2024-06-08T15:12:35,0,12,0,12
2024-06-08T15:27:49,0,12,0,12
2024-06-08T15:43:02,0,12,0,12
2024-06-08T15:58:14,0,12,0,12
2024-06-08T16:13:36,0,12,0,12
2024-06-08T16:28:49,0,12,0,12
2024-06-08T16:44:01,0,12,0,12
2024-06-08T16:59:13,0,12,0,12
2024-06-08T17:14:27,0,12,0,12
2024-06-08T17:29:40,0,12,0,12
2024-06-08T17:44:53,0,12,0,12
2024-06-08T18:00:05,0,12,0,12
2024-06-08T18:15:18,0,12,0,12
2024-06-08T18:30:33,0,12,0,12
2024-06-08T18:45:55,0,12,0,12
2024-06-08T19:01:08,0,12,0,12
2024-06-08T19:16:21,0,12,0,12
2024-06-08T19:31:33,0,12,0,12
2024-06-08T19:46:46,0,12,0,12
2024-06-08T20:01:58,0,12,0,12
2024-06-08T20:17:11,0,12,0,12
2024-06-08T20:32:24,0,12,0,12
2024-06-08T20:47:36,0,12,0,12
2024-06-08T21:02:49,0,12,0,12
2024-06-08T21:18:02,0,12,0,12
2024-06-08T21:33:26,0,12,0,12
2024-06-08T21:48:39,0,12,0,12
2024-06-08T22:03:53,0,12,0,12
2024-06-08T22:19:06,0,12,0,12
2024-06-08T22:34:20,0,12,0,12
2024-06-08T22:49:32,0,12,0,12
2024-06-08T23:04:47,0,12,0,12
2024-06-08T23:20:00,0,12,0,12
2024-06-08T23:35:13,0,12,0,12
2024-06-08T23:50:25,0,12,0,12
2024-06-09T00:05:45,0,12,0,12
2024-06-09T00:21:00,0,12,0,12
2024-06-09T00:36:14,0,12,0,12
2024-06-09T00:51:30,0,12,0,12
2024-06-09T01:06:44,0,12,0,12
2024-06-09T01:21:59,0,12,0,12
2024-06-09T01:37:12,0,12,0,12
2024-06-09T01:52:26,0,12,0,12
2024-06-09T02:07:42,0,12,0,12
2024-06-09T02:22:57,0,12,0,12
2024-06-09T02:38:18,0,12,0,12
2024-06-09T02:53:37,0,12,0,12
2024-06-09T03:09:17,0,12,0,12
2024-06-09T03:24:42,0,12,0,12
2024-06-09T03:40:04,0,12,0,12
2024-06-09T03:55:54,0,12,0,12
2024-06-09T04:19:58,0,12,0,12
2024-06-09T04:36:55,0,12,0,12
2024-06-09T04:52:38,0,12,0,12
2024-06-09T05:08:03,0,12,0,12
2024-06-09T05:23:21,0,12,0,12
2024-06-09T05:38:39,0,12,0,12
2024-06-09T05:54:01,0,12,0,12
2024-06-09T06:09:24,0,12,0,12
2024-06-09T06:24:45,0,12,0,12
2024-06-09T06:40:02,0,12,0,12
2024-06-09T06:55:19,0,12,0,12
2024-06-09T07:10:41,0,12,0,12
2024-06-09T07:26:00,0,12,0,12
2024-06-09T07:41:18,0,12,0,12
2024-06-09T07:56:33,0,12,0,12
2024-06-09T08:11:48,0,12,0,12
2024-06-09T08:27:06,0,12,0,12
2024-06-09T08:42:23,0,12,0,12
2024-06-09T08:57:40,0,12,0,12
2024-06-09T09:12:58,0,12,0,12
2024-06-09T09:28:25,0,12,0,12
2024-06-09T09:43:43,0,12,0,12
2024-06-09T09:59:01,0,12,0,12
2024-06-09T10:14:16,0,12,0,12
2024-06-09T10:29:32,0,12,0,12
2024-06-09T10:44:47,0,12,0,12
2024-06-09T11:00:01,0,12,0,12
2024-06-09T11:15:14,0,12,0,12
2024-06-09T11:30:27,0,12,0,12
2024-06-09T11:45:39,0,12,0,12
2024-06-09T12:00:54,0,12,0,12
2024-06-09T12:16:08,0,12,0,12
2024-06-09T12:31:30,0,12,0,12
2024-06-09T12:46:42,0,12,0,12
2024-06-09T13:01:55,0,12,0,12
2024-06-09T13:17:09,0,12,0,12
2024-06-09T13:32:21,0,12,0,12
2024-06-09T13:47:33,0,12,0,12
2024-06-09T14:02:45,0,12,0,12
2024-06-09T14:17:58,0,12,0,12
2024-06-09T14:33:10,0,12,0,12
2024-06-09T14:48:38,0,12,0,12
2024-06-09T15:03:51,0,12,0,12
2024-06-09T15:19:03,0,12,0,12
2024-06-09T15:34:15,0,12,0,12
2024-06-09T15:49:27,0,12,0,12
2024-06-09T16:04:40,0,12,0,12
2024-06-09T16:19:55,0,12,0,12
2024-06-09T16:35:18,0,12,0,12
2024-06-09T16:50:31,0,12,0,12
2024-06-09T17:05:43,0,12,0,12
2024-06-09T17:20:56,0,12,0,12
2024-06-09T17:36:09,0,12,0,12
2024-06-09T17:51:21,0,12,0,12
2024-06-09T18:06:34,0,12,0,12
2024-06-09T18:21:47,0,12,0,12
2024-06-09T18:37:00,0,12,0,12
2024-06-09T18:52:25,0,12,0,12
2024-06-09T19:07:40,0,12,0,12
2024-06-09T19:22:54,0,12,0,12
2024-06-09T19:38:06,0,12,0,12
2024-06-09T19:53:19,0,12,0,12
2024-06-09T20:08:32,0,12,0,12
2024-06-09T20:23:45,0,12,0,12
2024-06-09T20:38:57,0,12,0,12
2024-06-09T20:54:10,0,12,0,12
2024-06-09T21:09:33,0,12,0,12
2024-06-09T21:24:46,0,12,0,12
2024-06-09T21:39:59,0,12,0,12
2024-06-09T21:55:14,0,12,0,12
2024-06-09T22:10:27,0,12,0,12
2024-06-09T22:25:40,0,12,0,12
2024-06-09T22:40:53,0,12,0,12
2024-06-09T22:56:18,0,12,0,12
2024-06-09T23:11:32,0,12,0,12
2024-06-09T23:26:45,0,12,0,12
2024-06-09T23:41:59,0,12,0,12
2024-06-09T23:57:14,0,12,0,12
2024-06-10T00:12:32,0,12,0,12
2024-06-10T00:27:54,0,12,0,12
2024-06-10T00:43:34,0,12,0,12
2024-06-10T00:59:22,0,12,0,12
2024-06-10T01:14:48,0,12,0,12
2024-06-10T01:30:22,0,12,0,12
2024-06-10T01:45:39,0,12,0,12
2024-06-10T02:00:57,0,12,0,12
2024-06-10T02:16:13,0,12,0,12
2024-06-10T02:31:31,0,12,0,12
2024-06-10T02:47:38,0,12,0,12
2024-06-10T03:02:55,0,12,0,12
2024-06-10T03:18:13,0,12,0,12
2024-06-10T03:33:32,0,12,0,12
2024-06-10T03:48:48,0,12,0,12
2024-06-10T04:04:05,0,12,0,12
2024-06-10T04:19:12,0,12,0,12
2024-06-10T04:36:22,0,12,0,12
2024-06-10T04:51:41,0,12,0,12
2024-06-10T05:07:01,0,12,0,12
2024-06-10T05:22:17,0,12,0,12
2024-06-10T05:37:34,0,12,0,12
2024-06-10T05:52:50,0,12,0,12
2024-06-10T06:08:08,0,12,0,12
2024-06-10T06:23:25,0,12,0,12
2024-06-10T06:38:41,0,12,0,12
2024-06-10T06:54:00,0,12,0,12
2024-06-10T07:09:21,0,12,0,12
2024-06-10T07:24:37,0,12,0,12
2024-06-10T07:39:51,0,12,0,12
2024-06-10T07:55:05,0,12,0,12
2024-06-10T08:10:29,0,12,0,12
2024-06-10T08:25:43,0,12,0,12
2024-06-10T08:40:56,0,12,0,12
2024-06-10T08:56:10,0,12,0,12
2024-06-10T09:11:27,0,12,0,12
2024-06-10T09:26:41,0,12,0,12
2024-06-10T09:41:55,0,12,0,12
2024-06-10T09:57:10,0,12,0,12
2024-06-10T10:12:25,0,12,0,12
2024-06-10T10:27:39,0,12,0,12
2024-06-10T10:43:03,0,12,0,12
2024-06-10T10:58:18,0,12,0,12
2024-06-10T11:13:33,0,12,0,12
2024-06-10T11:28:48,0,12,0,12
2024-06-10T11:44:04,0,12,0,12
2024-06-10T11:59:17,0,12,0,12
2024-06-10T12:14:42,0,12,0,12
2024-06-10T12:30:02,0,12,0,12
2024-06-10T12:45:28,0,12,0,12
2024-06-10T13:00:41,0,12,0,12
2024-06-10T13:15:54,0,12,0,12
2024-06-10T13:31:08,0,12,0,12
2024-06-10T13:46:34,0,12,0,12
2024-06-10T14:01:49,0,12,0,12
2024-06-10T14:17:03,0,12,0,12
2024-06-10T14:32:23,0,12,0,12
2024-06-10T14:47:48,0,12,0,12
2024-06-10T15:03:03,0,12,0,12
2024-06-10T15:18:18,0,12,0,12
2024-06-10T15:33:31,0,12,0,12
2024-06-10T15:48:59,0,12,0,12
2024-06-10T16:04:15,0,12,0,12
2024-06-10T16:19:32,0,12,0,12
2024-06-10T16:34:46,0,12,0,12
2024-06-10T16:50:03,0,12,0,12
2024-06-10T17:05:17,0,12,0,12
2024-06-10T17:20:42,0,12,0,12
2024-06-10T17:35:55,0,12,0,12
2024-06-10T17:51:08,0,12,0,12
2024-06-10T18:06:21,0,12,0,12
2024-06-10T18:21:37,0,12,0,12
2024-06-10T18:36:50,0,12,0,12
2024-06-10T18:52:14,0,12,0,12
2024-06-10T19:07:28,0,12,0,12
2024-06-10T19:22:41,0,12,0,12
2024-06-10T19:37:53,0,12,0,12
2024-06-10T19:53:06,0,12,0,12
2024-06-10T20:08:22,0,12,0,12
2024-06-10T20:23:35,0,12,0,12
2024-06-10T20:38:59,0,12,0,12
2024-06-10T20:54:13,0,12,0,12
2024-06-10T21:09:26,0,12,0,12
2024-06-10T21:24:39,0,12,0,12
2024-06-10T21:39:52,0,12,0,12
2024-06-10T21:55:06,0,12,0,12
2024-06-10T22:10:23,0,12,0,12
2024-06-10T22:25:36,0,12,0,12
2024-06-10T22:41:02,0,12,0,12
2024-06-10T22:56:14,0,12,0,12
2024-06-10T23:11:28,0,12,0,12
2024-06-10T23:26:42,0,12,0,12
2024-06-10T23:41:56,0,12,0,12
2024-06-10T23:57:10,0,12,0,12
2024-06-11T00:12:27,0,12,0,12
2024-06-11T00:27:56,0,12,0,12
2024-06-11T00:43:15,0,12,0,12
2024-06-11T00:58:34,0,12,0,12
2024-06-11T01:13:52,0,12,0,12
2024-06-11T01:29:11,0,12,0,12
2024-06-11T01:44:32,0,12,0,12
2024-06-11T01:59:52,0,12,0,12
2024-06-11T02:15:13,0,12,0,12
2024-06-11T02:30:29,0,12,0,12
2024-06-11T02:45:45,0,12,0,12
2024-06-11T03:01:00,0,12,0,12
2024-06-11T03:16:23,0,12,0,12
2024-06-11T03:31:41,0,12,0,12
2024-06-11T03:46:58,0,12,0,12
2024-06-11T04:02:26,0,12,0,12
2024-06-11T04:23:31,0,12,0,12
2024-06-11T04:40:22,0,12,0,12
2024-06-11T04:55:52,0,12,0,12
2024-06-11T05:11:11,0,12,0,12
2024-06-11T05:26:31,0,12,0,12
2024-06-11T05:41:49,0,12,0,12
2024-06-11T05:57:06,0,12,0,12
2024-06-11T06:12:23,0,12,0,12
2024-06-11T06:27:38,0,12,0,12
2024-06-11T06:42:54,0,12,0,12
2024-06-11T06:58:10,0,12,0,12
2024-06-11T07:13:28,0,12,0,12
2024-06-11T07:28:43,0,12,0,12
2024-06-11T07:43:57,0,12,0,12
2024-06-11T07:59:22,0,12,0,12
2024-06-11T08:14:37,0,12,0,12
2024-06-11T08:29:52,0,12,0,12
2024-06-11T08:45:08,0,12,0,12
2024-06-11T09:00:22,0,12,0,12
2024-06-11T09:15:37,0,12,0,12
2024-06-11T09:30:52,0,12,0,12
2024-06-11T09:46:09,0,12,0,12
2024-06-11T10:01:24,0,12,0,12
2024-06-11T10:16:40,0,12,0,12
2024-06-11T10:31:54,0,12,0,12
2024-06-11T10:47:19,0,12,0,12
2024-06-11T11:02:33,0,12,0,12
2024-06-11T11:17:48,0,12,0,12
2024-06-11T11:33:02,0,12,0,12
2024-06-11T11:48:16,0,12,0,12
2024-06-11T12:03:29,0,12,0,12
2024-06-11T12:18:44,0,12,0,12
2024-06-11T12:34:07,0,12,0,12
2024-06-11T12:49:19,0,12,0,12
2024-06-11T13:04:33,0,12,0,12
2024-06-11T13:19:46,0,12,0,12
2024-06-11T13:34:59,0,12,0,12
2024-06-11T13:50:13,0,12,0,12
2024-06-11T14:05:37,0,12,0,12
2024-06-11T14:20:50,0,12,0,12
2024-06-11T14:36:04,0,12,0,12
2024-06-11T14:51:17,0,12,0,12
2024-06-11T15:06:31,0,12,0,12
2024-06-11T15:21:45,0,12,0,12
2024-06-11T15:37:08,0,12,0,12
2024-06-11T15:52:22,0,12,0,12
2024-06-11T16:07:36,0,12,0,12
2024-06-11T16:22:50,0,12,0,12
2024-06-11T16:38:04,0,12,0,12
2024-06-11T16:53:17,0,12,0,12
2024-06-11T17:08:41,0,12,0,12
2024-06-11T17:23:54,0,12,0,12
2024-06-11T17:39:08,0,12,0,12
2024-06-11T17:54:23,0,12,0,12
2024-06-11T18:09:37,0,12,0,12
2024-06-11T18:24:51,0,12,0,12
2024-06-11T18:40:14,0,12,0,12
2024-06-11T18:55:26,0,12,0,12
2024-06-11T19:10:40,0,12,0,12
2024-06-11T19:25:53,0,12,0,12
2024-06-11T19:41:06,0,12,0,12
2024-06-11T19:56:20,0,12,0,12
2024-06-11T20:11:34,0,12,0,12
2024-06-11T20:26:57,0,12,0,12
2024-06-11T20:42:09,0,12,0,12
2024-06-11T20:57:21,0,12,0,12
2024-06-11T21:12:36,0,12,0,12
2024-06-11T21:27:52,0,12,0,12
2024-06-11T21:43:07,0,12,0,12
2024-06-11T21:58:30,0,12,0,12
2024-06-11T22:13:43,0,12,0,12
2024-06-11T22:28:56,0,12,0,12
2024-06-11T22:44:09,0,12,0,12
2024-06-11T22:59:25,0,12,0,12
2024-06-11T23:14:49,0,12,0,12
2024-06-11T23:30:02,0,12,0,12
2024-06-11T23:45:15,0,12,0,12
2024-06-12T00:00:29,0,12,0,12
2024-06-12T00:15:44,0,12,0,12
2024-06-12T00:31:00,0,12,0,12
2024-06-12T00:46:16,0,12,0,12
2024-06-12T01:01:35,0,12,0,12
2024-06-12T01:17:03,0,12,0,12
2024-06-12T01:32:20,0,12,0,12
2024-06-12T01:47:41,0,12,0,12
2024-06-12T02:03:02,0,12,0,12
2024-06-12T02:18:19,0,12,0,12
2024-06-12T02:33:37,0,12,0,12
2024-06-12T02:48:53,0,12,0,12
2024-06-12T03:04:09,0,12,0,12
2024-06-12T03:19:24,0,12,0,12
2024-06-12T03:34:38,0,12,0,12
2024-06-12T03:49:53,0,12,0,12
2024-06-12T04:05:37,0,12,0,12
2024-06-12T04:17:59,0,12,0,12
2024-06-12T04:33:19,0,12,0,12
2024-06-12T04:50:20,0,12,0,12
2024-06-12T05:05:42,0,12,0,12
2024-06-12T05:21:00,0,12,0,12
2024-06-12T05:36:16,0,12,0,12
2024-06-12T05:51:34,0,12,0,12
2024-06-12T06:06:52,0,12,0,12
2024-06-12T06:22:13,0,12,0,12
2024-06-12T06:37:29,0,12,0,12
2024-06-12T06:52:46,0,12,0,12
2024-06-12T07:08:14,0,12,0,12
2024-06-12T07:23:36,0,12,0,12
2024-06-12T07:38:53,0,12,0,12
2024-06-12T07:54:07,0,12,0,12
2024-06-12T08:09:34,0,12,0,12
2024-06-12T08:24:51,0,12,0,12
2024-06-12T08:40:13,0,12,0,12
2024-06-12T08:55:30,0,12,0,12
2024-06-12T09:10:46,0,12,0,12
2024-06-12T09:26:02,0,12,0,12
2024-06-12T09:41:18,0,12,0,12
2024-06-12T09:56:33,0,12,0,12
2024-06-12T10:11:57,0,12,0,12
2024-06-12T10:27:12,0,12,0,12
2024-06-12T10:42:27,0,12,0,12
2024-06-12T10:57:42,0,12,0,12
2024-06-12T11:12:57,0,12,0,12
2024-06-12T11:28:11,0,12,0,12
2024-06-12T11:43:36,0,12,0,12
2024-06-12T11:58:50,0,12,0,12
2024-06-12T12:14:05,0,12,0,12
2024-06-12T12:29:24,0,12,0,12
2024-06-12T12:44:43,0,12,0,12
2024-06-12T13:00:14,0,12,0,12
2024-06-12T13:15:35,0,12,0,12
2024-06-12T13:30:55,0,12,0,12
2024-06-12T13:46:18,0,12,0,12
2024-06-12T14:01:38,0,12,0,12
2024-06-12T14:17:00,0,12,0,12
2024-06-12T14:32:30,0,12,0,12
2024-06-12T14:47:51,0,12,0,12
2024-06-12T15:03:13,0,12,0,12
2024-06-12T15:18:42,0,12,0,12
2024-06-12T15:34:24,0,12,0,12
2024-06-12T15:49:56,0,12,0,12
2024-06-12T16:05:30,0,12,0,12
2024-06-12T16:21:03,0,12,0,12
2024-06-12T16:36:40,0,12,0,12
2024-06-12T16:52:23,0,12,0,12
2024-06-12T17:08:00,0,12,0,12
2024-06-12T17:23:35,0,12,0,12
2024-06-12T17:39:09,0,12,0,12
2024-06-12T17:54:43,0,12,0,12
2024-06-12T18:10:27,0,12,0,12
2024-06-12T18:26:01,0,12,0,12
2024-06-12T18:41:36,0,12,0,12
2024-06-12T18:57:11,0,12,0,12
2024-06-12T19:12:46,0,12,0,12
2024-06-12T19:28:21,0,12,0,12
2024-06-12T19:44:06,0,12,0,12
2024-06-12T19:59:40,0,12,0,12
2024-06-12T20:15:14,0,12,0,12
2024-06-12T20:30:48,0,12,0,12
2024-06-12T20:46:22,0,12,0,12
2024-06-12T21:01:56,0,12,0,12
2024-06-12T21:17:33,0,12,0,12
2024-06-12T21:33:18,0,12,0,12
2024-06-12T21:48:54,0,12,0,12
2024-06-12T22:04:28,0,12,0,12
2024-06-12T22:20:03,0,12,0,12
2024-06-12T22:35:37,0,12,0,12
2024-06-12T22:51:11,0,12,0,12
2024-06-12T23:06:58,0,12,0,12
2024-06-12T23:22:33,0,12,0,12
2024-06-12T23:38:08,0,12,0,12
2024-06-12T23:53:43,0,12,0,12
2024-06-13T00:09:19,0,12,0,12
2024-06-13T00:24:55,0,12,0,12
2024-06-13T00:40:36,0,12,0,12
2024-06-13T00:56:17,0,12,0,12
2024-06-13T01:12:07,0,12,0,12
2024-06-13T01:27:46,0,12,0,12
2024-06-13T01:43:27,0,12,0,12
2024-06-13T01:59:06,0,12,0,12
2024-06-13T02:14:56,0,12,0,12
2024-06-13T02:30:33,0,12,0,12
2024-06-13T02:46:11,0,12,0,12
2024-06-13T03:01:48,0,12,0,12
2024-06-13T03:17:25,0,12,0,12
2024-06-13T03:33:01,0,12,0,12
2024-06-13T03:48:42,0,12,0,12
2024-06-13T04:04:32,0,12,0,12
2024-06-13T04:19:26,0,12,0,12
2024-06-13T04:35:07,0,12,0,12
2024-06-13T04:52:20,0,12,0,12
2024-06-13T05:08:13,0,12,0,12
2024-06-13T05:24:09,0,12,0,12
2024-06-13T05:39:47,0,12,0,12
2024-06-13T05:55:25,0,12,0,12
2024-06-13T06:11:04,0,12,0,12
2024-06-13T06:26:43,0,12,0,12
2024-06-13T06:42:21,0,12,0,12
2024-06-13T06:57:59,0,12,0,12
2024-06-13T07:13:48,0,12,0,12
2024-06-13T07:29:26,0,12,0,12
2024-06-13T07:45:01,0,12,0,12
2024-06-13T08:00:37,0,12,0,12
2024-06-13T08:16:14,0,12,0,12
2024-06-13T08:31:51,0,12,0,12
2024-06-13T08:47:27,0,12,0,12
2024-06-13T09:03:05,0,12,0,12
2024-06-13T09:18:42,0,12,0,12
2024-06-13T09:34:18,0,12,0,12
2024-06-13T09:49:57,0,12,0,12
2024-06-13T10:05:51,0,12,0,12
2024-06-13T10:21:32,0,12,0,12
2024-06-13T10:37:09,0,12,0,12
2024-06-13T10:52:45,0,12,0,12
2024-06-13T11:08:23,0,12,0,12
2024-06-13T11:23:59,0,12,0,12
2024-06-13T11:39:46,0,12,0,12
2024-06-13T11:55:22,0,12,0,12
2024-06-13T12:10:58,0,12,0,12
2024-06-13T12:26:32,0,12,0,12
2024-06-13T12:42:18,0,12,0,12
2024-06-13T12:57:52,0,12,0,12
2024-06-13T13:13:28,0,12,0,12
2024-06-13T13:29:02,0,12,0,12
2024-06-13T13:44:42,0,12,0,12
2024-06-13T14:00:17,0,12,0,12
2024-06-13T14:16:01,0,12,0,12
2024-06-13T14:31:35,0,12,0,12
2024-06-13T14:47:10,0,12,0,12
2024-06-13T15:02:44,0,12,0,12
2024-06-13T15:18:19,0,12,0,12
2024-06-13T15:34:11,0,12,0,12
2024-06-13T15:49:47,0,12,0,12
2024-06-13T16:05:22,0,12,0,12
2024-06-13T16:20:56,0,12,0,12
2024-06-13T16:36:31,0,12,0,12
2024-06-13T16:52:06,0,12,0,12
2024-06-13T17:07:51,0,12,0,12
2024-06-13T17:23:26,0,12,0,12
2024-06-13T17:39:01,0,12,0,12
2024-06-13T17:54:36,0,12,0,12
2024-06-13T18:10:11,0,12,0,12
2024-06-13T18:25:45,0,12,0,12
2024-06-13T18:41:20,0,12,0,12
2024-06-13T18:57:05,0,12,0,12
2024-06-13T19:12:41,0,12,0,12
2024-06-13T19:28:16,0,12,0,12
2024-06-13T19:43:53,0,12,0,12
2024-06-13T19:59:28,0,12,0,12
2024-06-13T20:15:03,0,12,0,12
2024-06-13T20:30:38,0,12,0,12
2024-06-13T20:46:24,0,12,0,12
2024-06-13T21:01:59,0,12,0,12
2024-06-13T21:17:35,0,12,0,12
2024-06-13T21:33:11,0,12,0,12
2024-06-13T21:48:47,0,12,0,12
2024-06-13T22:04:23,0,12,0,12
2024-06-13T22:20:28,0,12,0,12
2024-06-13T22:36:14,0,12,0,12
2024-06-13T22:51:50,0,12,0,12
2024-06-13T23:07:25,0,12,0,12
2024-06-13T23:23:01,0,12,0,12
2024-06-13T23:38:36,0,12,0,12
2024-06-13T23:54:13,0,12,0,12
2024-06-14T00:09:49,0,12,0,12
2024-06-14T00:25:29,0,12,0,12
2024-06-14T00:41:11,0,12,0,12
2024-06-14T00:57:01,0,12,0,12
2024-06-14T01:12:40,0,12,0,12
2024-06-14T01:28:20,0,12,0,12
2024-06-14T01:44:00,0,12,0,12
2024-06-14T01:59:41,0,12,0,12
2024-06-14T02:15:23,0,12,0,12
2024-06-14T02:31:03,0,12,0,12
2024-06-14T02:46:48,0,12,0,12
2024-06-14T03:02:29,0,12,0,12
2024-06-14T03:18:32,0,12,0,12
2024-06-14T03:34:14,0,12,0,12
2024-06-14T03:49:54,0,12,0,12
2024-06-14T04:05:44,0,12,0,12
2024-06-14T04:23:28,0,12,0,12
2024-06-14T04:40:25,0,12,0,12
2024-06-14T04:56:24,0,12,0,12
2024-06-14T05:12:05,0,12,0,12
2024-06-14T05:27:42,0,12,0,12
2024-06-14T05:43:17,0,12,0,12
2024-06-14T05:58:53,0,12,0,12
2024-06-14T06:14:30,0,12,0,12
2024-06-14T06:30:06,0,12,0,12
2024-06-14T06:45:40,0,12,0,12
2024-06-14T07:01:12,0,12,0,12
2024-06-14T07:16:46,0,12,0,12
2024-06-14T07:32:18,0,12,0,12
2024-06-14T07:47:47,0,12,0,12
2024-06-14T08:03:20,0,12,0,12
2024-06-14T08:18:53,0,12,0,12
2024-06-14T08:34:25,0,12,0,12
2024-06-14T08:50:08,0,12,0,12
2024-06-14T09:05:38,0,12,0,12
2024-06-14T09:21:08,0,12,0,12
2024-06-14T09:36:40,0,12,0,12
2024-06-14T09:52:11,0,12,0,12
2024-06-14T10:07:43,0,12,0,12
2024-06-14T10:23:12,0,12,0,12
2024-06-14T10:38:42,0,12,0,12
2024-06-14T10:54:25,0,12,0,12
2024-06-14T11:09:59,0,12,0,12
2024-06-14T11:25:30,0,12,0,12
2024-06-14T11:41:01,0,12,0,12
2024-06-14T11:56:33,0,12,0,12
2024-06-14T12:12:19,0,12,0,12
2024-06-14T12:27:53,0,12,0,12
2024-06-14T12:43:24,0,12,0,12
2024-06-14T12:58:55,0,12,0,12
2024-06-14T13:14:29,0,12,0,12
2024-06-14T13:30:12,0,12,0,12
2024-06-14T13:45:42,0,12,0,12
2024-06-14T14:01:13,0,12,0,12
2024-06-14T14:16:45,0,12,0,12
2024-06-14T14:32:17,0,12,0,12
2024-06-14T14:47:58,0,12,0,12
2024-06-14T15:03:29,0,12,0,12
2024-06-14T15:19:00,0,12,0,12
2024-06-14T15:34:31,0,12,0,12
2024-06-14T15:50:03,0,12,0,12
2024-06-14T16:05:36,0,12,0,12
2024-06-14T16:21:18,0,12,0,12
2024-06-14T16:36:48,0,12,0,12
2024-06-14T16:52:20,0,12,0,12
2024-06-14T17:07:52,0,12,0,12
2024-06-14T17:23:23,0,12,0,12
2024-06-14T17:38:55,0,12,0,12
2024-06-14T17:54:36,0,12,0,12
2024-06-14T18:10:10,0,12,0,12
2024-06-14T18:25:40,0,12,0,12
2024-06-14T18:41:12,0,12,0,12
2024-06-14T18:56:44,0,12,0,12
2024-06-14T19:12:15,0,12,0,12
2024-06-14T19:27:59,0,12,0,12
2024-06-14T19:43:30,0,12,0,12
2024-06-14T19:59:02,0,12,0,12
2024-06-14T20:14:33,0,12,0,12
2024-06-14T20:30:04,0,12,0,12
2024-06-14T20:45:36,0,12,0,12
2024-06-14T21:01:06,0,12,0,12
2024-06-14T21:16:39,0,12,0,12
2024-06-14T21:32:22,0,12,0,12
2024-06-14T21:47:56,0,12,0,12
2024-06-14T22:03:28,0,12,0,12
2024-06-14T22:18:58,0,12,0,12
2024-06-14T22:34:29,0,12,0,12
2024-06-14T22:50:03,0,12,0,12
2024-06-14T23:05:36,0,12,0,12
2024-06-14T23:21:08,0,12,0,12
2024-06-14T23:36:52,0,12,0,12
2024-06-14T23:52:23,0,12,0,12
2024-06-15T00:07:55,0,12,0,12
2024-06-15T00:23:32,0,12,0,12
2024-06-15T00:39:10,0,12,0,12
2024-06-15T00:54:47,0,12,0,12
2024-06-15T01:10:23,0,12,0,12
2024-06-15T01:25:58,0,12,0,12
2024-06-15T01:41:36,0,12,0,12
2024-06-15T01:57:23,0,12,0,12
2024-06-15T02:13:00,0,12,0,12
2024-06-15T02:28:35,0,12,0,12
2024-06-15T02:44:10,0,12,0,12
2024-06-15T02:59:43,0,12,0,12
2024-06-15T03:15:16,0,12,0,12
2024-06-15T03:30:50,0,12,0,12
2024-06-15T03:46:26,0,12,0,12
2024-06-15T04:02:01,0,12,0,12
2024-06-15T04:22:03,0,12,0,12
2024-06-15T04:38:54,0,12,0,12
2024-06-15T04:54:48,0,12,0,12
2024-06-15T05:10:20,0,12,0,12
2024-06-15T05:25:54,0,12,0,12
2024-06-15T05:41:39,0,12,0,12
2024-06-15T05:57:16,0,12,0,12
2024-06-15T06:12:50,0,12,0,12
2024-06-15T06:28:24,0,12,0,12
2024-06-15T06:43:58,0,12,0,12
2024-06-15T06:59:33,0,12,0,12
2024-06-15T07:15:18,0,12,0,12
2024-06-15T07:30:52,0,12,0,12
2024-06-15T07:46:26,0,12,0,12
2024-06-15T08:02:03,0,12,0,12
2024-06-15T08:17:40,0,12,0,12
2024-06-15T08:33:15,0,12,0,12
2024-06-15T08:48:50,0,12,0,12
2024-06-15T09:04:25,0,12,0,12
2024-06-15T09:20:07,0,12,0,12
2024-06-15T09:36:02,0,12,0,12
2024-06-15T09:51:44,0,12,0,12
2024-06-15T10:07:20,0,12,0,12
2024-06-15T10:22:59,0,12,0,12
2024-06-15T10:38:33,0,12,0,12
2024-06-15T10:54:09,0,12,0,12
2024-06-15T11:09:44,0,12,0,12
2024-06-15T11:25:21,0,12,0,12
2024-06-15T11:41:06,0,12,0,12
2024-06-15T11:56:43,0,12,0,12
2024-06-15T12:12:16,0,12,0,12
2024-06-15T12:27:50,0,12,0,12
2024-06-15T12:43:22,0,12,0,12
2024-06-15T12:58:54,0,12,0,12
2024-06-15T13:14:37,0,12,0,12
2024-06-15T13:30:09,0,12,0,12
2024-06-15T13:45:42,0,12,0,12
2024-06-15T14:01:15,0,12,0,12
2024-06-15T14:16:45,0,12,0,12
2024-06-15T14:32:17,0,12,0,12
2024-06-15T14:47:49,0,12,0,12
2024-06-15T15:03:21,0,12,0,12
2024-06-15T15:19:02,0,12,0,12
2024-06-15T15:34:33,0,12,0,12
2024-06-15T15:50:05,0,12,0,12
2024-06-15T16:05:37,0,12,0,12
2024-06-15T16:21:08,0,12,0,12
2024-06-15T16:36:38,0,12,0,12
2024-06-15T16:52:08,0,12,0,12
2024-06-15T17:07:51,0,12,0,12
2024-06-15T17:23:23,0,12,0,12
2024-06-15T17:38:55,0,12,0,12
2024-06-15T17:54:26,0,12,0,12
2024-06-15T18:09:58,0,12,0,12
2024-06-15T18:25:30,0,12,0,12
2024-06-15T18:41:12,0,12,0,12
2024-06-15T18:56:42,0,12,0,12
2024-06-15T19:12:15,0,12,0,12
2024-06-15T19:27:45,0,12,0,12
2024-06-15T19:43:16,0,12,0,12
2024-06-15T19:58:48,0,12,0,12
2024-06-15T20:14:21,0,12,0,12
2024-06-15T20:29:51,0,12,0,12
2024-06-15T20:45:34,0,12,0,12
2024-06-15T21:01:06,0,12,0,12
2024-06-15T21:16:39,0,12,0,12
2024-06-15T21:32:13,0,12,0,12
2024-06-15T21:47:45,0,12,0,12
2024-06-15T22:03:16,0,12,0,12
2024-06-15T22:18:48,0,12,0,12
2024-06-15T22:34:19,0,12,0,12
2024-06-15T22:50:02,0,12,0,12
2024-06-15T23:05:35,0,12,0,12
2024-06-15T23:21:07,0,12,0,12
2024-06-15T23:36:37,0,12,0,12
2024-06-15T23:52:10,0,12,0,12
2024-06-16T00:07:41,0,12,0,12
2024-06-16T00:23:13,0,12,0,12
2024-06-16T00:43:52,0,12,0,12
2024-06-16T00:59:25,0,12,0,12
2024-06-16T01:14:56,0,12,0,12
2024-06-16T01:30:28,0,12,0,12
2024-06-16T01:46:00,0,12,0,12
2024-06-16T02:01:35,0,12,0,12
2024-06-16T02:17:12,0,12,0,12
2024-06-16T02:32:47,0,12,0,12
2024-06-16T02:48:20,0,12,0,12
2024-06-16T03:03:52,0,12,0,12
2024-06-16T03:19:23,0,12,0,12
2024-06-16T03:34:55,0,12,0,12
2024-06-16T03:50:26,0,12,0,12
2024-06-16T04:06:15,0,12,0,12
2024-06-16T04:30:17,0,12,0,12
2024-06-16T04:46:22,0,12,0,12
2024-06-16T05:02:06,0,12,0,12
2024-06-16T05:17:55,0,12,0,12
2024-06-16T05:33:34,0,12,0,12
2024-06-16T05:49:12,0,12,0,12
2024-06-16T06:04:52,0,12,0,12
2024-06-16T06:20:30,0,12,0,12
2024-06-16T06:36:06,0,12,0,12
2024-06-16T06:51:42,0,12,0,12
2024-06-16T07:07:21,0,12,0,12
2024-06-16T07:23:02,0,12,0,12
2024-06-16T07:38:41,0,12,0,12
2024-06-16T07:54:18,0,12,0,12
2024-06-16T08:10:04,0,12,0,12
2024-06-16T08:25:37,0,12,0,12
2024-06-16T08:41:12,0,12,0,12
2024-06-16T08:56:47,0,12,0,12
2024-06-16T09:12:22,0,12,0,12
2024-06-16T09:27:57,0,12,0,12
2024-06-16T09:43:31,0,12,0,12
2024-06-16T09:59:08,0,12,0,12
2024-06-16T10:14:43,0,12,0,12
2024-06-16T10:30:29,0,12,0,12
2024-06-16T10:46:08,0,12,0,12
2024-06-16T11:01:44,0,12,0,12
2024-06-16T11:17:21,0,12,0,12
2024-06-16T11:32:55,0,12,0,12
2024-06-16T11:48:31,0,12,0,12
2024-06-16T12:04:02,0,12,0,12
2024-06-16T12:19:47,0,12,0,12
2024-06-16T12:35:19,0,12,0,12
2024-06-16T12:50:50,0,12,0,12
2024-06-16T13:06:22,0,12,0,12
2024-06-16T13:21:53,0,12,0,12
2024-06-16T13:37:35,0,12,0,12
2024-06-16T13:53:06,0,12,0,12
2024-06-16T14:08:35,0,12,0,12
2024-06-16T14:24:06,0,12,0,12
2024-06-16T14:39:37,0,12,0,12
2024-06-16T14:55:07,0,12,0,12
2024-06-16T15:10:38,0,12,0,12
2024-06-16T15:26:20,0,12,0,12
2024-06-16T15:41:52,0,12,0,12
2024-06-16T15:57:22,0,12,0,12
2024-06-16T16:12:53,0,12,0,12
2024-06-16T16:28:24,0,12,0,12
2024-06-16T16:44:07,0,12,0,12
2024-06-16T16:59:38,0,12,0,12
2024-06-16T17:15:10,0,12,0,12
2024-06-16T17:30:39,0,12,0,12
2024-06-16T17:46:10,0,12,0,12
2024-06-16T18:01:40,0,12,0,12
2024-06-16T18:17:10,0,12,0,12
2024-06-16T18:32:51,0,12,0,12
2024-06-16T18:48:22,0,12,0,12
2024-06-16T19:03:53,0,12,0,12
2024-06-16T19:19:24,0,12,0,12
2024-06-16T19:34:55,0,12,0,12
2024-06-16T19:50:26,0,12,0,12
2024-06-16T20:06:09,0,12,0,12
2024-06-16T20:21:41,0,12,0,12
2024-06-16T20:37:11,0,12,0,12
2024-06-16T20:52:42,0,12,0,12
2024-06-16T21:08:12,0,12,0,12
2024-06-16T21:23:47,0,12,0,12
2024-06-16T21:39:29,0,12,0,12
2024-06-16T21:55:01,0,12,0,12
2024-06-16T22:10:32,0,12,0,12
2024-06-16T22:26:04,0,12,0,12
2024-06-16T22:41:36,0,12,0,12
2024-06-16T22:57:11,0,12,0,12
2024-06-16T23:12:57,0,12,0,12
2024-06-16T23:28:28,0,12,0,12
2024-06-16T23:44:01,0,12,0,12
2024-06-16T23:59:32,0,12,0,12
2024-06-17T00:15:10,0,12,0,12
2024-06-17T00:30:47,0,12,0,12
2024-06-17T00:46:24,0,12,0,12
2024-06-17T01:01:59,0,12,0,12
2024-06-17T01:17:55,0,12,0,12
2024-06-17T01:33:30,0,12,0,12
2024-06-17T01:49:06,0,12,0,12
2024-06-17T02:04:42,0,12,0,12
2024-06-17T02:20:20,0,12,0,12
2024-06-17T02:35:58,0,12,0,12
2024-06-17T02:51:31,0,12,0,12
2024-06-17T03:07:04,0,12,0,12
2024-06-17T03:22:38,0,12,0,12
2024-06-17T03:38:12,0,12,0,12
2024-06-17T03:53:46,0,12,0,12
2024-06-17T04:17:57,0,12,0,12
2024-06-17T04:34:56,0,12,0,12
2024-06-17T04:50:54,0,12,0,12
2024-06-17T05:06:31,0,12,0,12
2024-06-17T05:22:10,0,12,0,12
2024-06-17T05:37:46,0,12,0,12
2024-06-17T05:53:23,0,12,0,12
2024-06-17T06:09:01,0,12,0,12
2024-06-17T06:24:41,0,12,0,12
2024-06-17T06:40:18,0,12,0,12
2024-06-17T06:55:56,0,12,0,12
2024-06-17T07:11:36,0,12,0,12
2024-06-17T07:27:18,0,12,0,12
2024-06-17T07:42:51,0,12,0,12
2024-06-17T07:58:24,0,12,0,12
2024-06-17T08:13:56,0,12,0,12
2024-06-17T08:29:29,0,12,0,12
2024-06-17T08:45:03,0,12,0,12
2024-06-17T09:00:36,0,12,0,12
2024-06-17T09:16:10,0,12,0,12
2024-06-17T09:31:56,0,12,0,12
2024-06-17T09:47:29,0,12,0,12
2024-06-17T10:03:01,0,12,0,12
2024-06-17T10:18:34,0,12,0,12
2024-06-17T10:34:06,0,12,0,12
2024-06-17T10:49:51,0,12,0,12
2024-06-17T11:05:22,0,12,0,12
2024-06-17T11:20:56,0,12,0,12
2024-06-17T11:36:30,0,12,0,12
2024-06-17T11:52:16,0,12,0,12
2024-06-17T12:07:50,0,12,0,12
2024-06-17T12:23:24,0,12,0,12
2024-06-17T12:39:06,0,12,0,12
2024-06-17T12:54:40,0,12,0,12
2024-06-17T13:10:12,0,12,0,12
2024-06-17T13:25:57,0,12,0,12
2024-06-17T13:41:28,0,12,0,12
2024-06-17T13:57:00,0,12,0,12
2024-06-17T14:12:32,0,12,0,12
2024-06-17T14:28:15,0,12,0,12
2024-06-17T14:43:47,0,12,0,12
2024-06-17T14:59:19,0,12,0,12
2024-06-17T15:14:52,0,12,0,12
2024-06-17T15:30:37,0,12,0,12
2024-06-17T15:46:10,0,12,0,12
2024-06-17T16:01:43,0,12,0,12
2024-06-17T16:17:28,0,12,0,12
2024-06-17T16:32:58,0,12,0,12
2024-06-17T16:48:31,0,12,0,12
2024-06-17T17:04:04,0,12,0,12
2024-06-17T17:19:51,0,12,0,12
2024-06-17T17:35:23,0,12,0,12
2024-06-17T17:50:56,0,12,0,12
2024-06-17T18:06:27,0,12,0,12
2024-06-17T18:22:11,0,12,0,12
2024-06-17T18:37:44,0,12,0,12
2024-06-17T18:53:16,0,12,0,12
2024-06-17T19:08:52,0,12,0,12
2024-06-17T19:24:24,0,12,0,12
2024-06-17T19:40:10,0,12,0,12
2024-06-17T19:55:42,0,12,0,12
2024-06-17T20:11:13,0,12,0,12
2024-06-17T20:26:45,0,12,0,12
2024-06-17T20:42:29,0,12,0,12
2024-06-17T20:58:02,0,12,0,12
2024-06-17T21:13:35,1,11,0,12
2024-06-17T21:29:08,1,11,0,12
2024-06-17T21:44:52,1,11,0,12
2024-06-17T22:00:31,1,11,0,12
2024-06-17T22:16:04,1,11,0,12
2024-06-17T22:31:38,1,11,0,12
2024-06-17T22:47:11,1,11,0,12
2024-06-17T23:02:55,1,11,0,12
2024-06-17T23:18:27,1,11,0,12
2024-06-17T23:34:00,1,11,0,12
2024-06-17T23:49:33,1,11,0,12
2024-06-18T00:05:04,1,11,0,12
2024-06-18T00:20:51,1,11,0,12
2024-06-18T00:36:33,1,11,0,12
2024-06-18T00:52:11,1,11,0,12
2024-06-18T01:07:47,1,11,0,12
2024-06-18T01:23:23,1,11,0,12
2024-06-18T01:38:59,1,11,0,12
2024-06-18T01:54:46,1,11,0,12
2024-06-18T02:10:26,1,11,0,12
2024-06-18T02:26:04,1,11,0,12
2024-06-18T02:41:41,1,11,0,12
2024-06-18T02:57:17,1,11,0,12
2024-06-18T03:12:55,1,11,0,12
2024-06-18T03:28:33,1,11,0,12
2024-06-18T03:44:11,1,11,0,12
2024-06-18T03:59:49,1,11,0,12
2024-06-18T04:24:17,1,11,0,12
2024-06-18T04:40:26,1,11,0,12
2024-06-18T04:56:06,1,11,0,12
2024-06-18T05:11:47,1,11,0,12
2024-06-18T05:27:34,1,11,0,12
2024-06-18T05:43:16,1,11,0,12
2024-06-18T05:58:56,1,11,0,12
2024-06-18T06:14:39,1,11,0,12
2024-06-18T06:30:18,1,11,0,12
2024-06-18T06:46:00,1,11,0,12
2024-06-18T07:01:49,1,11,0,12
2024-06-18T07:17:31,1,11,0,12
2024-06-18T07:33:10,1,11,0,12
2024-06-18T07:48:47,1,11,0,12
2024-06-18T08:04:25,1,11,0,12
2024-06-18T08:20:02,1,11,0,12
2024-06-18T08:35:43,1,11,0,12
2024-06-18T08:51:32,1,11,0,12
2024-06-18T09:07:11,1,11,0,12
2024-06-18T09:22:50,1,11,0,12
2024-06-18T09:38:46,1,11,0,12
2024-06-18T09:54:42,1,11,0,12
2024-06-18T10:10:27,1,11,0,12
2024-06-18T10:26:21,1,11,0,12
2024-06-18T10:42:04,1,11,0,12
2024-06-18T10:57:53,1,11,0,12
2024-06-18T11:13:32,1,11,0,12
2024-06-18T11:29:11,1,11,0,12
2024-06-18T11:45:07,1,11,0,12
2024-06-18T12:00:46,1,11,0,12
2024-06-18T12:16:25,1,11,0,12
2024-06-18T12:32:12,1,11,0,12
2024-06-18T12:47:50,1,11,0,12
2024-06-18T13:03:34,1,11,0,12
2024-06-18T13:19:10,1,11,0,12
2024-06-18T13:34:49,1,11,0,12
2024-06-18T13:50:41,1,11,0,12
2024-06-18T14:06:17,1,11,0,12
2024-06-18T14:21:55,1,11,0,12
2024-06-18T14:37:44,1,11,0,12
2024-06-18T14:53:20,1,11,0,12
2024-06-18T15:08:59,1,11,0,12
2024-06-18T15:24:49,1,11,0,12
2024-06-18T15:40:25,1,11,0,12
2024-06-18T15:56:04,1,11,0,12
2024-06-18T16:11:49,1,11,0,12
2024-06-18T16:27:28,1,11,0,12
2024-06-18T16:43:06,1,11,0,12
2024-06-18T16:58:53,1,11,0,12
2024-06-18T17:14:29,1,11,0,12
2024-06-18T17:30:08,1,11,0,12
2024-06-18T17:45:47,1,11,0,12
2024-06-18T18:01:36,1,11,0,12
2024-06-18T18:17:14,1,11,0,12
2024-06-18T18:32:52,1,11,0,12
2024-06-18T18:48:39,1,11,0,12
2024-06-18T19:04:17,1,11,0,12
2024-06-18T19:19:55,1,11,0,12
2024-06-18T19:35:43,1,11,0,12
2024-06-18T19:51:21,1,11,0,12
2024-06-18T20:06:57,1,11,0,12
2024-06-18T20:22:36,1,11,0,12
2024-06-18T20:38:23,1,11,0,12
2024-06-18T20:54:08,1,11,0,12
2024-06-18T21:09:47,1,11,0,12
2024-06-18T21:25:26,1,11,0,12
2024-06-18T21:41:16,1,11,0,12
2024-06-18T21:57:00,1,11,0,12
2024-06-18T22:12:39,1,11,0,12
2024-06-18T22:28:28,1,11,0,12
2024-06-18T22:44:08,1,11,0,12
2024-06-18T22:59:46,1,11,0,12
2024-06-18T23:15:25,1,11,0,12
2024-06-18T23:31:19,1,11,0,12
2024-06-18T23:46:58,1,11,0,12
2024-06-19T00:02:39,1,11,0,12
2024-06-19T00:18:46,1,11,0,12
2024-06-19T00:34:34,1,11,0,12
2024-06-19T00:50:18,1,11,0,12
2024-06-19T01:06:02,1,11,0,12
2024-06-19T01:21:44,1,11,0,12
2024-06-19T01:37:38,1,11,0,12
2024-06-19T01:53:20,1,11,0,12
2024-06-19T02:09:03,1,11,0,12
2024-06-19T02:24:46,1,11,0,12
2024-06-19T02:40:31,1,11,0,12
2024-06-19T02:56:10,1,11,0,12
2024-06-19T03:11:55,1,11,0,12
2024-06-19T03:27:46,1,11,0,12
2024-06-19T03:43:27,1,11,0,12
2024-06-19T03:59:09,1,11,0,12
2024-06-19T04:21:00,1,11,0,12
2024-06-19T04:37:12,1,11,0,12
2024-06-19T04:52:55,1,11,0,12
2024-06-19T05:08:38,1,11,0,12
2024-06-19T05:24:23,1,11,0,12
2024-06-19T05:40:07,1,11,0,12
2024-06-19T05:57:53,1,11,0,12
2024-06-19T06:13:33,1,11,0,12
2024-06-19T06:29:11,1,11,0,12
2024-06-19T06:44:52,1,11,0,12
2024-06-19T07:00:52,1,11,0,12
2024-06-19T07:16:36,1,11,0,12
2024-06-19T07:32:16,1,11,0,12
2024-06-19T07:47:55,1,11,0,12
2024-06-19T08:03:34,1,11,0,12
2024-06-19T08:19:15,1,11,0,12
2024-06-19T08:35:13,1,11,0,12
2024-06-19T08:50:53,1,11,0,12
2024-06-19T09:06:52,1,11,0,12
2024-06-19T09:23:09,1,11,0,12
2024-06-19T09:38:48,1,11,0,12
2024-06-19T09:54:39,1,11,0,12
2024-06-19T10:10:18,1,11,0,12
2024-06-19T10:25:58,1,11,0,12
2024-06-19T10:41:48,1,11,0,12
2024-06-19T10:57:26,1,11,0,12
2024-06-19T11:13:04,1,11,0,12
2024-06-19T11:28:43,1,11,0,12
2024-06-19T11:44:32,1,11,0,12
2024-06-19T12:00:13,1,11,0,12
2024-06-19T12:15:50,1,11,0,12
2024-06-19T12:31:41,1,11,0,12
2024-06-19T12:47:17,1,11,0,12
2024-06-19T13:02:53,1,11,0,12
2024-06-19T13:18:29,1,11,0,12
2024-06-19T13:34:14,1,11,0,12
2024-06-19T13:49:50,1,11,0,12
2024-06-19T14:05:26,1,11,0,12
2024-06-19T14:21:01,1,11,0,12
2024-06-19T14:36:47,1,11,0,12
2024-06-19T14:52:22,1,11,0,12
2024-06-19T15:07:58,1,11,0,12
2024-06-19T15:23:35,1,11,0,12
2024-06-19T15:39:21,1,11,0,12
2024-06-19T15:54:57,1,11,0,12
2024-06-19T16:10:33,1,11,0,12
2024-06-19T16:26:08,1,11,0,12
2024-06-19T16:41:54,1,11,0,12
2024-06-19T16:57:29,1,11,0,12
2024-06-19T17:13:06,1,11,0,12
2024-06-19T17:28:42,1,11,0,12
2024-06-19T17:44:19,1,11,0,12
2024-06-19T17:59:55,1,11,0,12
2024-06-19T18:15:43,1,11,0,12
2024-06-19T18:31:18,1,11,0,12
2024-06-19T18:46:54,1,11,0,12
2024-06-19T19:02:30,1,11,0,12
2024-06-19T19:18:06,1,11,0,12
2024-06-19T19:33:53,1,11,0,12
2024-06-19T19:49:29,1,11,0,12
2024-06-19T20:05:06,1,11,0,12
2024-06-19T20:20:42,1,11,0,12
2024-06-19T20:36:18,1,11,0,12
2024-06-19T20:52:06,1,11,0,12
2024-06-19T21:07:43,1,11,0,12
2024-06-19T21:23:19,1,11,0,12
2024-06-19T21:38:56,1,11,0,12
2024-06-19T21:54:40,1,11,0,12
2024-06-19T22:10:18,1,11,0,12
2024-06-19T22:26:06,1,11,0,12
2024-06-19T22:41:43,1,11,0,12
2024-06-19T22:57:20,1,11,0,12
2024-06-19T23:12:58,1,11,0,12
2024-06-19T23:28:35,1,11,0,12
2024-06-19T23:44:11,1,11,0,12
2024-06-19T23:59:58,1,11,0,12
2024-06-20T00:15:38,1,11,0,12
2024-06-20T00:31:17,1,11,0,12
2024-06-20T00:46:56,1,11,0,12
2024-06-20T01:02:35,1,11,0,12
2024-06-20T01:18:13,1,11,0,12
2024-06-20T01:33:52,1,11,0,12
2024-06-20T01:49:31,1,11,0,12
2024-06-20T02:05:19,1,11,0,12
2024-06-20T02:20:59,1,11,0,12
2024-06-20T02:36:56,1,11,0,12
2024-06-20T02:52:35,1,11,0,12
2024-06-20T03:08:14,1,11,0,12
2024-06-20T03:23:52,1,11,0,12
2024-06-20T03:39:31,1,11,0,12
2024-06-20T03:55:09,1,11,0,12
2024-06-20T04:10:49,1,11,0,12
2024-06-20T04:26:27,1,11,0,12
2024-06-20T04:43:45,1,11,0,12
2024-06-20T04:59:24,1,11,0,12
2024-06-20T05:15:07,1,11,0,12
2024-06-20T05:30:47,1,11,0,12
2024-06-20T05:46:27,1,11,0,12
2024-06-20T06:02:06,1,11,0,12
2024-06-20T06:17:45,1,11,0,12
2024-06-20T06:33:25,1,11,0,12
2024-06-20T06:49:02,1,11,0,12
2024-06-20T07:04:39,1,11,0,12
2024-06-20T07:20:21,1,11,0,12
2024-06-20T07:35:57,1,11,0,12
2024-06-20T07:51:41,1,11,0,12
2024-06-20T08:07:18,1,11,0,12
2024-06-20T08:22:55,1,11,0,12
2024-06-20T08:38:32,1,11,0,12
2024-06-20T08:54:09,1,11,0,12
2024-06-20T09:09:47,1,11,0,12
2024-06-20T09:25:24,1,11,0,12
2024-06-20T09:41:01,1,11,0,12
2024-06-20T09:56:39,1,11,0,12
2024-06-20T10:12:27,1,11,0,12
2024-06-20T10:28:06,1,11,0,12
2024-06-20T10:43:44,1,11,0,12
2024-06-20T10:59:25,1,11,0,12
2024-06-20T11:15:03,1,11,0,12
2024-06-20T11:30:49,1,11,0,12
2024-06-20T11:46:26,1,11,0,12
2024-06-20T12:02:02,1,11,0,12
2024-06-20T12:17:39,1,11,0,12
2024-06-20T12:33:25,2,10,0,12
2024-06-20T12:49:01,2,10,0,12
2024-06-20T13:04:38,2,10,0,12
2024-06-20T13:20:14,2,10,0,12
2024-06-20T13:36:02,2,10,0,12
2024-06-20T13:51:37,2,10,0,12
2024-06-20T14:07:13,2,10,0,12
2024-06-20T14:22:50,2,10,0,12
2024-06-20T14:38:25,2,10,0,12
2024-06-20T14:54:12,2,10,0,12
2024-06-20T15:09:49,2,10,0,12
2024-06-20T15:25:29,2,10,0,12
2024-06-20T15:41:15,2,10,0,12
2024-06-20T15:56:53,2,10,0,12
2024-06-20T16:12:29,2,10,0,12
2024-06-20T16:28:04,2,10,0,12
2024-06-20T16:43:40,2,10,0,12
2024-06-20T16:59:26,2,10,0,12
2024-06-20T17:15:03,2,10,0,12
2024-06-20T17:30:39,2,10,0,12
2024-06-20T17:46:15,2,10,0,12
2024-06-20T18:01:52,2,10,0,12
2024-06-20T18:17:26,2,10,0,12
2024-06-20T18:33:13,2,10,0,12
2024-06-20T18:48:48,2,10,0,12
2024-06-20T19:04:26,2,10,0,12
2024-06-20T19:20:02,2,10,0,12
2024-06-20T19:35:38,2,10,0,12
2024-06-20T19:51:13,2,10,0,12
2024-06-20T20:07:00,2,10,0,12
2024-06-20T20:22:36,2,10,0,12
2024-06-20T20:38:12,2,10,0,12
2024-06-20T20:53:48,2,10,0,12
2024-06-20T21:09:23,2,10,0,12
2024-06-20T21:25:02,2,10,0,12
2024-06-20T21:40:39,2,10,0,12
2024-06-20T21:56:27,2,10,0,12
2024-06-20T22:12:03,2,10,0,12
2024-06-20T22:27:38,2,10,0,12
2024-06-20T22:43:14,2,10,0,12
2024-06-20T22:58:51,2,10,0,12
2024-06-20T23:14:27,2,10,0,12
2024-06-20T23:30:13,2,10,0,12
2024-06-20T23:45:49,2,10,0,12
2024-06-21T00:01:25,2,10,0,12
2024-06-21T00:17:09,2,10,0,12
2024-06-21T00:32:52,2,10,0,12
2024-06-21T00:48:34,2,10,0,12
2024-06-21T01:04:15,2,10,0,12
2024-06-21T01:20:05,2,10,0,12
2024-06-21T01:35:47,2,10,0,12
2024-06-21T01:51:27,2,10,0,12
2024-06-21T02:07:10,2,10,0,12
2024-06-21T02:22:50,2,10,0,12
2024-06-21T02:38:29,2,10,0,12
2024-06-21T02:54:08,2,10,0,12
2024-06-21T03:09:46,2,10,0,12
2024-06-21T03:25:24,2,10,0,12
2024-06-21T03:41:02,2,10,0,12
2024-06-21T03:56:48,2,10,0,12
2024-06-21T04:16:00,2,10,0,12
2024-06-21T04:31:41,2,10,0,12
2024-06-21T04:49:08,2,10,0,12
2024-06-21T05:04:54,2,10,0,12
2024-06-21T05:20:35,2,10,0,12
2024-06-21T05:36:14,2,10,0,12
2024-06-21T05:51:56,2,10,0,12
2024-06-21T06:07:35,2,10,0,12
2024-06-21T06:23:14,2,10,0,12
2024-06-21T06:38:52,2,10,0,12
2024-06-21T06:54:33,2,10,0,12
2024-06-21T07:10:15,2,10,0,12
2024-06-21T07:25:53,2,10,0,12
2024-06-21T07:41:30,2,10,0,12
2024-06-21T07:57:18,2,10,0,12
2024-06-21T08:12:58,2,10,0,12
2024-06-21T08:28:36,2,10,0,12
2024-06-21T08:44:14,2,10,0,12
2024-06-21T08:59:51,2,10,0,12
2024-06-21T09:15:29,2,10,0,12
2024-06-21T09:31:06,2,10,0,12
2024-06-21T09:46:42,2,10,0,12
2024-06-21T10:02:18,2,10,0,12
2024-06-21T10:18:05,2,10,0,12
2024-06-21T10:33:40,2,10,0,12
2024-06-21T10:49:20,2,10,0,12
2024-06-21T11:04:57,2,10,0,12
2024-06-21T11:20:34,2,10,0,12
2024-06-21T11:36:10,2,10,0,12
2024-06-21T11:51:45,2,10,0,12
2024-06-21T12:07:31,2,10,0,12
2024-06-21T12:23:07,2,10,0,12
2024-06-21T12:38:43,2,10,0,12
2024-06-21T12:54:19,2,10,0,12
2024-06-21T13:09:55,2,10,0,12
2024-06-21T13:25:41,2,10,0,12
2024-06-21T13:41:16,2,10,0,12
2024-06-21T13:56:52,2,10,0,12
2024-06-21T14:12:27,2,10,0,12
2024-06-21T14:28:03,2,10,0,12
2024-06-21T14:43:38,2,10,0,12
2024-06-21T14:59:14,2,10,0,12
2024-06-21T15:15:01,2,10,0,12
2024-06-21T15:30:37,2,10,0,12
2024-06-21T15:46:12,2,10,0,12
2024-06-21T16:01:47,2,10,0,12
2024-06-21T16:17:23,2,10,0,12
2024-06-21T16:33:01,2,10,0,12
2024-06-21T16:48:47,2,10,0,12
2024-06-21T17:04:23,2,10,0,12
2024-06-21T17:19:59,2,10,0,12
2024-06-21T17:35:35,2,10,0,12
2024-06-21T17:51:10,2,10,0,12
2024-06-21T18:06:46,2,10,0,12
2024-06-21T18:22:22,2,10,0,12
2024-06-21T18:38:08,2,10,0,12
2024-06-21T18:53:44,2,10,0,12
2024-06-21T19:09:20,2,10,0,12
2024-06-21T19:24:56,2,10,0,12
2024-06-21T19:40:32,2,10,0,12
2024-06-21T19:56:09,2,10,0,12
2024-06-21T20:11:45,2,10,0,12
2024-06-21T20:27:32,2,10,0,12
2024-06-21T20:43:07,2,10,0,12
2024-06-21T20:58:43,2,10,0,12
2024-06-21T21:14:23,2,10,0,12
2024-06-21T21:30:00,2,10,0,12
2024-06-21T21:45:37,2,10,0,12
2024-06-21T22:01:14,2,10,0,12
2024-06-21T22:16:51,2,10,0,12
2024-06-21T22:32:28,2,10,0,12
2024-06-21T22:48:14,2,10,0,12
2024-06-21T23:03:53,2,10,0,12
2024-06-21T23:19:31,2,10,0,12
2024-06-21T23:35:09,2,10,0,12
2024-06-21T23:50:47,2,10,0,12
2024-06-22T00:06:25,2,10,0,12
2024-06-22T00:22:07,2,10,0,12
2024-06-22T00:37:47,2,10,0,12
2024-06-22T00:53:29,2,10,0,12
2024-06-22T01:09:08,2,10,0,12
2024-06-22T01:24:58,2,10,0,12
2024-06-22T01:40:38,2,10,0,12
2024-06-22T01:56:18,2,10,0,12
2024-06-22T02:11:58,2,10,0,12
2024-06-22T02:27:38,2,10,0,12
2024-06-22T02:43:19,2,10,0,12
2024-06-22T02:58:55,2,10,0,12
2024-06-22T03:14:34,2,10,0,12
2024-06-22T03:30:11,2,10,0,12
2024-06-22T03:45:49,2,10,0,12
2024-06-22T04:01:27,2,10,0,12
2024-06-22T04:23:50,2,10,0,12
2024-06-22T04:39:47,2,10,0,12
2024-06-22T04:55:28,2,10,0,12
2024-06-22T05:11:04,2,10,0,12
2024-06-22T05:26:41,2,10,0,12
2024-06-22T05:42:20,2,10,0,12
2024-06-22T05:58:37,2,10,0,12
2024-06-22T06:14:16,2,10,0,12
2024-06-22T06:29:55,2,10,0,12
2024-06-22T06:45:34,2,10,0,12
2024-06-22T07:01:13,2,10,0,12
2024-06-22T07:16:53,2,10,0,12
2024-06-22T07:32:32,2,10,0,12
2024-06-22T07:48:09,2,10,0,12
2024-06-22T08:03:49,2,10,0,12
2024-06-22T08:19:28,2,10,0,12
2024-06-22T08:35:14,2,10,0,12
2024-06-22T08:50:52,2,10,0,12
2024-06-22T09:06:30,2,10,0,12
2024-06-22T09:22:08,2,10,0,12
2024-06-22T09:37:46,2,10,0,12
2024-06-22T09:53:25,2,10,0,12
2024-06-22T10:09:04,2,10,0,12
2024-06-22T10:24:43,2,10,0,12
2024-06-22T10:40:21,2,10,0,12
2024-06-22T10:56:00,2,10,0,12
2024-06-22T11:11:38,2,10,0,12
2024-06-22T11:27:18,2,10,0,12
2024-06-22T11:43:06,2,10,0,12
2024-06-22T11:58:43,2,10,0,12
2024-06-22T12:14:21,2,10,0,12
2024-06-22T12:29:58,2,10,0,12
2024-06-22T12:45:36,2,10,0,12
2024-06-22T13:01:13,2,10,0,12
2024-06-22T13:16:50,2,10,0,12
2024-06-22T13:32:38,2,10,0,12
2024-06-22T13:48:14,2,10,0,12
2024-06-22T14:03:50,2,10,0,12
2024-06-22T14:19:25,2,10,0,12
2024-06-22T14:35:01,2,10,0,12
2024-06-22T14:50:36,2,10,0,12
2024-06-22T15:06:12,2,10,0,12
2024-06-22T15:21:47,2,10,0,12
2024-06-22T15:37:32,2,10,0,12
2024-06-22T15:53:08,2,10,0,12
2024-06-22T16:08:44,2,10,0,12
2024-06-22T16:24:19,2,10,0,12
2024-06-22T16:39:54,2,10,0,12
2024-06-22T16:55:29,2,10,0,12
2024-06-22T17:11:06,2,10,0,12
2024-06-22T17:26:43,2,10,0,12
2024-06-22T17:42:18,2,10,0,12
2024-06-22T17:57:54,2,10,0,12
2024-06-22T18:13:30,2,10,0,12
2024-06-22T18:29:15,2,10,0,12
2024-06-22T18:44:50,2,10,0,12
2024-06-22T19:00:27,2,10,0,12
2024-06-22T19:16:05,2,10,0,12
2024-06-22T19:31:40,2,10,0,12
2024-06-22T19:47:16,2,10,0,12
2024-06-22T20:02:53,2,10,0,12
2024-06-22T20:18:30,2,10,0,12
2024-06-22T20:34:06,2,10,0,12
2024-06-22T20:49:43,2,10,0,12
2024-06-22T21:05:28,2,10,0,12
2024-06-22T21:21:06,2,10,0,12
2024-06-22T21:36:43,2,10,0,12
2024-06-22T21:52:19,2,10,0,12
2024-06-22T22:07:55,2,10,0,12
2024-06-22T22:23:31,2,10,0,12
2024-06-22T22:39:08,2,10,0,12
2024-06-22T22:54:47,2,10,0,12
2024-06-22T23:10:25,2,10,0,12
2024-06-22T23:26:01,2,10,0,12
2024-06-22T23:41:37,2,10,0,12
2024-06-22T23:57:13,2,10,0,12
2024-06-23T00:12:59,2,10,0,12
2024-06-23T00:28:35,2,10,0,12
2024-06-23T00:44:12,2,10,0,12
2024-06-23T00:59:47,2,10,0,12
2024-06-23T01:15:22,2,10,0,12
2024-06-23T01:30:58,2,10,0,12
2024-06-23T01:46:34,2,10,0,12
2024-06-23T02:02:09,2,10,0,12
2024-06-23T02:17:44,2,10,0,12
2024-06-23T02:33:19,2,10,0,12
2024-06-23T02:48:57,2,10,0,12
2024-06-23T03:04:38,2,10,0,12
2024-06-23T03:20:29,2,10,0,12
2024-06-23T03:37:46,2,10,0,12
2024-06-23T03:53:26,2,10,0,12
2024-06-23T04:09:06,2,10,0,12
2024-06-23T04:28:07,2,10,0,12
2024-06-23T04:45:15,2,10,0,12
2024-06-23T05:00:57,2,10,0,12
2024-06-23T05:16:38,2,10,0,12
2024-06-23T05:32:17,2,10,0,12
2024-06-23T05:47:56,2,10,0,12
2024-06-23T06:03:34,2,10,0,12
2024-06-23T06:19:13,2,10,0,12
2024-06-23T06:34:51,2,10,0,12
2024-06-23T06:50:31,2,10,0,12
2024-06-23T07:06:08,2,10,0,12
2024-06-23T07:21:47,2,10,0,12
2024-06-23T07:37:27,2,10,0,12
2024-06-23T07:53:04,2,10,0,12
2024-06-23T08:08:44,2,10,0,12
2024-06-23T08:24:30,2,10,0,12
2024-06-23T08:40:08,2,10,0,12
2024-06-23T08:55:46,2,10,0,12
2024-06-23T09:11:22,2,10,0,12
2024-06-23T09:27:03,2,10,0,12
2024-06-23T09:42:42,2,10,0,12
2024-06-23T09:58:18,2,10,0,12
2024-06-23T10:13:55,2,10,0,12
2024-06-23T10:29:35,2,10,0,12
2024-06-23T10:45:22,2,10,0,12
2024-06-23T11:01:03,2,10,0,12
2024-06-23T11:16:43,2,10,0,12
2024-06-23T11:32:27,2,10,0,12
2024-06-23T11:48:23,2,10,0,12
2024-06-23T12:03:59,2,10,0,12
2024-06-23T12:19:38,2,10,0,12
2024-06-23T12:35:15,2,10,0,12
2024-06-23T12:50:51,2,10,0,12
2024-06-23T13:06:26,2,10,0,12
2024-06-23T13:22:04,2,10,0,12
2024-06-23T13:37:39,2,10,0,12
2024-06-23T13:53:14,2,10,0,12
2024-06-23T14:09:00,2,10,0,12
2024-06-23T14:24:36,2,10,0,12
2024-06-23T14:40:12,2,10,0,12
2024-06-23T14:55:48,2,10,0,12
2024-06-23T15:11:25,2,10,0,12
2024-06-23T15:27:03,2,10,0,12
2024-06-23T15:42:38,2,10,0,12
2024-06-23T15:58:13,2,10,0,12
2024-06-23T16:14:00,2,10,0,12
2024-06-23T16:29:37,2,10,0,12
2024-06-23T16:45:15,2,10,0,12
2024-06-23T17:00:53,2,10,0,12
2024-06-23T17:16:30,2,10,0,12
2024-06-23T17:32:06,2,10,0,12
2024-06-23T17:47:41,2,10,0,12
2024-06-23T18:03:17,2,10,0,12
2024-06-23T18:18:53,2,10,0,12
2024-06-23T18:34:30,2,10,0,12
2024-06-23T18:50:16,2,10,0,12
2024-06-23T19:05:53,2,10,0,12
2024-06-23T19:21:29,2,10,0,12
2024-06-23T19:37:05,2,10,0,12
2024-06-23T19:52:41,2,10,0,12
2024-06-23T20:08:16,2,10,0,12
2024-06-23T20:23:52,2,10,0,12
2024-06-23T20:39:29,2,10,0,12
2024-06-23T20:55:04,2,10,0,12
2024-06-23T21:10:40,2,10,0,12
2024-06-23T21:26:29,2,10,0,12
2024-06-23T21:42:07,2,10,0,12
2024-06-23T21:57:43,2,10,0,12
2024-06-23T22:13:19,2,10,0,12
2024-06-23T22:28:55,2,10,0,12
2024-06-23T22:44:31,2,10,0,12
2024-06-23T23:00:10,2,10,0,12
2024-06-23T23:15:48,2,10,0,12
2024-06-23T23:31:26,2,10,0,12
2024-06-23T23:47:12,2,10,0,12
2024-06-24T00:02:48,2,10,0,12
2024-06-24T00:18:39,2,10,0,12
2024-06-24T00:34:24,2,10,0,12
2024-06-24T00:50:07,2,10,0,12
2024-06-24T01:05:43,2,10,0,12
2024-06-24T01:21:32,2,10,0,12
2024-06-24T01:37:11,2,10,0,12
2024-06-24T01:52:51,2,10,0,12
2024-06-24T02:08:31,2,10,0,12
2024-06-24T02:24:28,2,10,0,12
2024-06-24T02:40:07,2,10,0,12
2024-06-24T02:55:44,2,10,0,12
2024-06-24T03:11:32,2,10,0,12
2024-06-24T03:27:12,2,10,0,12
2024-06-24T03:42:51,2,10,0,12
2024-06-24T03:58:30,2,10,0,12
2024-06-24T04:22:45,2,10,0,12
2024-06-24T04:39:44,2,10,0,12
2024-06-24T04:55:44,2,10,0,12
2024-06-24T05:11:26,2,10,0,12
2024-06-24T05:27:04,2,10,0,12
2024-06-24T05:42:44,2,10,0,12
2024-06-24T05:58:23,2,10,0,12
2024-06-24T06:14:02,2,10,0,12
2024-06-24T06:29:44,2,10,0,12
2024-06-24T06:45:23,2,10,0,12
2024-06-24T07:01:03,2,10,0,12
2024-06-24T07:16:42,2,10,0,12
2024-06-24T07:32:18,2,10,0,12
2024-06-24T07:48:07,2,10,0,12
2024-06-24T08:03:42,2,10,0,12
2024-06-24T08:19:19,2,10,0,12
2024-06-24T08:35:00,2,10,0,12
2024-06-24T08:50:42,2,10,0,12
2024-06-24T09:06:21,2,10,0,12
2024-06-24T09:21:56,2,10,0,12
2024-06-24T09:37:32,2,10,0,12
2024-06-24T09:53:10,2,10,0,12
2024-06-24T10:09:05,2,10,0,12
2024-06-24T10:24:46,2,10,0,12
2024-06-24T10:40:24,2,10,0,12
2024-06-24T10:56:02,2,10,0,12
2024-06-24T11:11:40,2,10,0,12
2024-06-24T11:27:20,2,10,0,12
2024-06-24T11:43:08,2,10,0,12
2024-06-24T11:58:46,2,10,0,12
2024-06-24T12:14:24,2,10,0,12
2024-06-24T12:30:02,2,10,0,12
2024-06-24T12:45:45,2,10,0,12
2024-06-24T13:01:33,2,10,0,12
2024-06-24T13:17:10,2,10,0,12
2024-06-24T13:32:47,2,10,0,12
2024-06-24T13:48:26,2,10,0,12
2024-06-24T14:04:07,2,10,0,12
2024-06-24T14:19:46,2,10,0,12
2024-06-24T14:35:33,2,10,0,12
2024-06-24T14:51:11,2,10,0,12
2024-06-24T15:06:49,2,10,0,12
2024-06-24T15:22:27,2,10,0,12
2024-06-24T15:38:04,2,10,0,12
2024-06-24T15:53:59,2,10,0,12
2024-06-24T16:09:36,2,10,0,12
2024-06-24T16:25:15,2,10,0,12
2024-06-24T16:40:53,2,10,0,12
2024-06-24T16:56:30,2,10,0,12
2024-06-24T17:12:11,2,10,0,12
2024-06-24T17:27:48,2,10,0,12
2024-06-24T17:43:37,2,10,0,12
2024-06-24T17:59:15,2,10,0,12
2024-06-24T18:14:53,2,10,0,12
2024-06-24T18:30:32,2,10,0,12
2024-06-24T18:46:10,2,10,0,12
2024-06-24T19:01:48,2,10,0,12
2024-06-24T19:17:43,2,10,0,12
2024-06-24T19:33:19,2,10,0,12
2024-06-24T19:48:56,2,10,0,12
2024-06-24T20:04:32,2,10,0,12
2024-06-24T20:20:10,2,10,0,12
2024-06-24T20:35:47,2,10,0,12
2024-06-24T20:51:23,2,10,0,12
2024-06-24T21:07:00,2,10,0,12
2024-06-24T21:22:36,2,10,0,12
2024-06-24T21:38:26,2,10,0,12
2024-06-24T21:54:07,2,10,0,12
2024-06-24T22:09:45,2,10,0,12
2024-06-24T22:25:24,2,10,0,12
2024-06-24T22:41:01,2,10,0,12
2024-06-24T22:56:41,2,10,0,12
2024-06-24T23:12:37,2,10,0,12
2024-06-24T23:28:15,2,10,0,12
2024-06-24T23:43:53,2,10,0,12
2024-06-24T23:59:31,2,10,0,12
2024-06-25T00:15:11,2,10,0,12
2024-06-25T00:30:58,2,10,0,12
2024-06-25T00:46:39,2,10,0,12
2024-06-25T01:02:30,2,10,0,12
2024-06-25T01:18:09,2,10,0,12
2024-06-25T01:33:49,2,10,0,12
2024-06-25T01:49:29,2,10,0,12
2024-06-25T02:05:10,2,10,0,12
2024-06-25T02:20:50,2,10,0,12
2024-06-25T02:36:30,2,10,0,12
2024-06-25T02:52:09,2,10,0,12
2024-06-25T03:07:46,2,10,0,12
2024-06-25T03:23:25,2,10,0,12
2024-06-25T03:39:05,2,10,0,12
2024-06-25T03:54:44,2,10,0,12
2024-06-25T04:10:23,2,10,0,12
2024-06-25T04:26:30,2,10,0,12
2024-06-25T04:42:21,2,10,0,12
2024-06-25T04:59:26,2,10,0,12
2024-06-25T05:15:15,2,10,0,12
2024-06-25T05:30:57,2,10,0,12
2024-06-25T05:46:36,2,10,0,12
2024-06-25T06:02:16,2,10,0,12
2024-06-25T06:17:59,2,10,0,12
2024-06-25T06:33:38,2,10,0,12
2024-06-25T06:49:18,2,10,0,12
2024-06-25T07:04:59,2,10,0,12
2024-06-25T07:20:38,2,10,0,12
2024-06-25T07:36:23,2,10,0,12
2024-06-25T07:52:00,2,10,0,12
2024-06-25T08:07:52,2,10,0,12
2024-06-25T08:23:30,2,10,0,12
2024-06-25T08:39:12,2,10,0,12
2024-06-25T08:54:54,2,10,0,12
2024-06-25T09:10:32,2,10,0,12
2024-06-25T09:26:12,2,10,0,12
2024-06-25T09:41:52,2,10,0,12
2024-06-25T09:57:31,2,10,0,12
2024-06-25T10:13:10,2,10,0,12
2024-06-25T10:29:00,2,10,0,12
2024-06-25T10:44:37,2,10,0,12
2024-06-25T11:00:14,2,10,0,12
2024-06-25T11:15:51,2,10,0,12
2024-06-25T11:31:28,2,10,0,12
2024-06-25T11:47:06,2,10,0,12
2024-06-25T12:02:47,2,10,0,12
2024-06-25T12:18:34,2,10,0,12
2024-06-25T12:34:11,2,10,0,12
2024-06-25T12:49:47,2,10,0,12
2024-06-25T13:05:24,2,10,0,12
2024-06-25T13:21:03,2,10,0,12
2024-06-25T13:36:40,2,10,0,12
2024-06-25T13:52:32,2,10,0,12
2024-06-25T14:08:10,2,10,0,12
2024-06-25T14:23:47,2,10,0,12
2024-06-25T14:39:25,2,10,0,12
2024-06-25T14:55:02,2,10,0,12
2024-06-25T15:10:40,2,10,0,12
2024-06-25T15:26:26,2,10,0,12
2024-06-25T15:42:02,2,10,0,12
2024-06-25T15:57:39,2,10,0,12
2024-06-25T16:13:17,2,10,0,12
2024-06-25T16:28:54,2,10,0,12
2024-06-25T16:44:42,2,10,0,12
2024-06-25T17:00:19,2,10,0,12
2024-06-25T17:15:58,2,10,0,12
2024-06-25T17:31:35,2,10,0,12
2024-06-25T17:47:14,2,10,0,12
2024-06-25T18:02:52,2,10,0,12
2024-06-25T18:18:29,2,10,0,12
2024-06-25T18:34:05,2,10,0,12
2024-06-25T18:49:43,2,10,0,12
2024-06-25T19:05:19,2,10,0,12
2024-06-25T19:21:06,2,10,0,12
2024-06-25T19:36:45,2,10,0,12
2024-06-25T19:52:22,2,10,0,12
2024-06-25T20:08:00,2,10,0,12
2024-06-25T20:23:38,2,10,0,12
2024-06-25T20:39:15,2,10,0,12
2024-06-25T20:54:57,2,10,0,12
2024-06-25T21:10:35,2,10,0,12
2024-06-25T21:26:12,2,10,0,12
2024-06-25T21:41:49,2,10,0,12
2024-06-25T21:57:36,2,10,0,12
2024-06-25T22:13:14,2,10,0,12
2024-06-25T22:28:53,2,10,0,12
2024-06-25T22:44:34,2,10,0,12
2024-06-25T23:00:17,2,10,0,12
2024-06-25T23:16:04,2,10,0,12
2024-06-25T23:31:42,2,10,0,12
2024-06-25T23:47:19,2,10,0,12
2024-06-26T00:02:55,2,10,0,12
2024-06-26T00:18:42,2,10,0,12
2024-06-26T00:34:40,2,10,0,12
2024-06-26T00:50:22,2,10,0,12
2024-06-26T01:06:05,2,10,0,12
2024-06-26T01:21:46,2,10,0,12
2024-06-26T01:37:27,2,10,0,12
2024-06-26T01:53:10,2,10,0,12
2024-06-26T02:08:52,2,10,0,12
2024-06-26T02:24:32,2,10,0,12
2024-06-26T02:40:12,2,10,0,12
2024-06-26T02:55:50,2,10,0,12
2024-06-26T03:11:28,2,10,0,12
2024-06-26T03:27:07,2,10,0,12
2024-06-26T03:43:08,2,10,0,12
2024-06-26T03:58:47,2,10,0,12
2024-06-26T04:19:59,2,10,0,12
2024-06-26T04:35:43,2,10,0,12
2024-06-26T04:52:43,2,10,0,12
2024-06-26T05:08:46,2,10,0,12
2024-06-26T05:24:31,2,10,0,12
2024-06-26T05:40:13,2,10,0,12
2024-06-26T05:55:55,2,10,0,12
2024-06-26T06:11:35,2,10,0,12
2024-06-26T06:27:20,2,10,0,12
2024-06-26T06:43:00,2,10,0,12
2024-06-26T06:58:41,2,10,0,12
2024-06-26T07:14:22,2,10,0,12
2024-06-26T07:30:01,2,10,0,12
2024-06-26T07:45:39,2,10,0,12
2024-06-26T08:01:17,2,10,0,12
2024-06-26T08:16:57,2,10,0,12
2024-06-26T08:32:51,2,10,0,12
2024-06-26T08:48:30,2,10,0,12
2024-06-26T09:04:09,2,10,0,12
2024-06-26T09:19:46,2,10,0,12
2024-06-26T09:35:22,2,10,0,12
2024-06-26T09:51:00,2,10,0,12
2024-06-26T10:06:39,2,10,0,12
2024-06-26T10:22:16,2,10,0,12
2024-06-26T10:37:54,2,10,0,12
2024-06-26T10:53:32,2,10,0,12
2024-06-26T11:09:20,2,10,0,12
2024-06-26T11:24:58,2,10,0,12
2024-06-26T11:40:35,2,10,0,12
2024-06-26T11:56:13,2,10,0,12
2024-06-26T12:11:51,2,10,0,12
2024-06-26T12:27:41,2,10,0,12
2024-06-26T12:43:17,2,10,0,12
2024-06-26T12:58:54,2,10,0,12
2024-06-26T13:14:32,2,10,0,12
2024-06-26T13:30:09,2,10,0,12
2024-06-26T13:45:47,2,10,0,12
2024-06-26T14:01:45,2,10,0,12
2024-06-26T14:17:22,2,10,0,12
2024-06-26T14:33:02,2,10,0,12
2024-06-26T14:48:38,2,10,0,12
2024-06-26T15:04:15,2,10,0,12
2024-06-26T15:19:53,2,10,0,12
2024-06-26T15:35:41,2,10,0,12
2024-06-26T15:51:18,2,10,0,12
2024-06-26T16:06:55,2,10,0,12
2024-06-26T16:22:32,2,10,0,12
2024-06-26T16:38:09,2,10,0,12
2024-06-26T16:53:56,2,10,0,12
2024-06-26T17:09:34,2,10,0,12
2024-06-26T17:25:12,2,10,0,12
2024-06-26T17:40:49,2,10,0,12
2024-06-26T17:56:26,2,10,0,12
2024-06-26T18:12:03,2,10,0,12
2024-06-26T18:27:40,2,10,0,12
2024-06-26T18:43:27,2,10,0,12
2024-06-26T18:59:03,2,10,0,12
2024-06-26T19:14:40,2,10,0,12
2024-06-26T19:30:18,2,10,0,12
2024-06-26T19:45:55,2,10,0,12
2024-06-26T20:01:32,2,10,0,12
2024-06-26T20:17:09,2,10,0,12
2024-06-26T20:32:46,2,10,0,12
2024-06-26T20:48:23,2,10,0,12
2024-06-26T21:04:00,2,10,0,12
2024-06-26T21:19:53,2,10,0,12
2024-06-26T21:35:30,2,10,0,12
2024-06-26T21:51:08,2,10,0,12
2024-06-26T22:06:45,2,10,0,12
2024-06-26T22:22:22,2,10,0,12
2024-06-26T22:37:58,2,10,0,12
2024-06-26T22:53:37,2,10,0,12
2024-06-26T23:09:15,2,10,0,12
2024-06-26T23:25:02,2,10,0,12
2024-06-26T23:40:39,2,10,0,12
2024-06-26T23:56:16,2,10,0,12
2024-06-27T00:11:55,2,10,0,12
2024-06-27T00:27:38,2,10,0,12
2024-06-27T00:43:20,2,10,0,12
2024-06-27T00:59:02,2,10,0,12
2024-06-27T01:14:42,2,10,0,12
2024-06-27T01:30:21,2,10,0,12
2024-06-27T01:46:02,2,10,0,12
2024-06-27T02:01:52,2,10,0,12
2024-06-27T02:17:32,2,10,0,12
2024-06-27T02:33:11,2,10,0,12
2024-06-27T02:48:50,2,10,0,12
2024-06-27T03:04:27,2,10,0,12
2024-06-27T03:20:04,2,10,0,12
2024-06-27T03:35:40,2,10,0,12
2024-06-27T03:51:16,2,10,0,12
2024-06-27T04:06:55,2,10,0,12
2024-06-27T04:23:10,2,10,0,12
2024-06-27T04:39:07,2,10,0,12
2024-06-27T04:54:51,2,10,0,12
2024-06-27T05:10:35,2,10,0,12
2024-06-27T05:26:18,2,10,0,12
2024-06-27T05:42:08,2,10,0,12
2024-06-27T05:57:49,2,10,0,12
2024-06-27T06:13:30,2,10,0,12
2024-06-27T06:29:13,2,10,0,12
2024-06-27T06:44:55,2,10,0,12
2024-06-27T07:01:28,2,10,0,12
2024-06-27T07:17:08,2,10,0,12
2024-06-27T07:32:45,2,10,0,12
2024-06-27T07:48:24,2,10,0,12
2024-06-27T08:04:11,2,10,0,12
2024-06-27T08:19:50,2,10,0,12
2024-06-27T08:35:29,2,10,0,12
2024-06-27T08:51:08,2,10,0,12
2024-06-27T09:06:48,2,10,0,12
2024-06-27T09:22:29,2,10,0,12
2024-06-27T09:38:08,2,10,0,12
2024-06-27T09:53:49,2,10,0,12
2024-06-27T10:09:28,2,10,0,12
2024-06-27T10:25:06,2,10,0,12
2024-06-27T10:40:45,2,10,0,12
2024-06-27T10:56:33,2,10,0,12
2024-06-27T11:12:12,2,10,0,12
2024-06-27T11:27:49,2,10,0,12
2024-06-27T11:43:27,2,10,0,12
2024-06-27T11:59:04,2,10,0,12
2024-06-27T12:14:42,2,10,0,12
2024-06-27T12:30:33,2,10,0,12
2024-06-27T12:46:11,2,10,0,12
2024-06-27T13:01:52,2,10,0,12
2024-06-27T13:17:31,2,10,0,12
2024-06-27T13:33:08,2,10,0,12
2024-06-27T13:48:47,2,10,0,12
2024-06-27T14:04:25,2,10,0,12
2024-06-27T14:20:13,2,10,0,12
2024-06-27T14:35:52,2,10,0,12
2024-06-27T14:51:31,2,10,0,12
2024-06-27T15:07:08,2,10,0,12
2024-06-27T15:22:47,2,10,0,12
2024-06-27T15:38:34,2,10,0,12
2024-06-27T15:54:11,2,10,0,12
2024-06-27T16:09:47,2,10,0,12
2024-06-27T16:25:24,2,10,0,12
2024-06-27T16:41:01,2,10,0,12
2024-06-27T16:56:48,2,10,0,12
2024-06-27T17:12:26,2,10,0,12
2024-06-27T17:28:03,2,10,0,12
2024-06-27T17:43:40,2,10,0,12
2024-06-27T17:59:16,2,10,0,12
2024-06-27T18:14:53,2,10,0,12
2024-06-27T18:30:40,2,10,0,12
2024-06-27T18:46:16,2,10,0,12
2024-06-27T19:01:53,2,10,0,12
2024-06-27T19:17:29,2,10,0,12
2024-06-27T19:33:06,2,10,0,12
2024-06-27T19:48:44,2,10,0,12
2024-06-27T20:04:21,2,10,0,12
2024-06-27T20:19:58,2,10,0,12
2024-06-27T20:35:35,2,10,0,12
2024-06-27T20:51:13,2,10,0,12
2024-06-27T21:06:59,2,10,0,12
2024-06-27T21:22:37,2,10,0,12
2024-06-27T21:38:15,2,10,0,12
2024-06-27T21:53:53,2,10,0,12
2024-06-27T22:09:30,2,10,0,12
2024-06-27T22:25:07,2,10,0,12
2024-06-27T22:40:45,2,10,0,12
2024-06-27T22:56:24,2,10,0,12
2024-06-27T23:12:10,2,10,0,12
2024-06-27T23:27:48,2,10,0,12
2024-06-27T23:43:26,2,10,0,12
2024-06-27T23:59:04,2,10,0,12
2024-06-28T00:14:46,2,10,0,12
2024-06-28T00:30:28,2,10,0,12
2024-06-28T00:46:08,2,10,0,12
2024-06-28T01:01:48,2,10,0,12
2024-06-28T01:17:39,2,10,0,12
2024-06-28T01:33:19,2,10,0,12
2024-06-28T01:49:02,2,10,0,12
2024-06-28T02:04:44,2,10,0,12
2024-06-28T02:20:24,2,10,0,12
2024-06-28T02:36:04,2,10,0,12
2024-06-28T02:51:44,2,10,0,12
2024-06-28T03:07:22,2,10,0,12
2024-06-28T03:23:01,2,10,0,12
2024-06-28T03:38:38,2,10,0,12
2024-06-28T03:54:14,2,10,0,12
2024-06-28T04:09:52,2,10,0,12
2024-06-28T04:29:51,2,10,0,12
2024-06-28T04:45:53,2,10,0,12
2024-06-28T05:01:36,2,10,0,12
2024-06-28T05:17:20,2,10,0,12
2024-06-28T05:33:10,2,10,0,12
2024-06-28T05:48:51,2,10,0,12
2024-06-28T06:04:32,2,10,0,12
2024-06-28T06:20:14,2,10,0,12
2024-06-28T06:35:55,2,10,0,12
2024-06-28T06:51:36,2,10,0,12
2024-06-28T07:07:18,2,10,0,12
2024-06-28T07:22:59,2,10,0,12
2024-06-28T07:38:38,2,10,0,12
2024-06-28T07:54:17,2,10,0,12
2024-06-28T08:09:58,2,10,0,12
2024-06-28T08:25:48,2,10,0,12
2024-06-28T08:41:29,2,10,0,12
2024-06-28T08:57:09,2,10,0,12
2024-06-28T09:12:50,2,10,0,12
2024-06-28T09:28:28,2,10,0,12
2024-06-28T09:44:08,2,10,0,12
2024-06-28T09:59:48,2,10,0,12
2024-06-28T10:15:29,2,10,0,12
2024-06-28T10:31:12,2,10,0,12
2024-06-28T10:46:51,2,10,0,12
2024-06-28T11:02:38,2,10,0,12
2024-06-28T11:18:16,2,10,0,12
2024-06-28T11:33:55,2,10,0,12
2024-06-28T11:49:32,2,10,0,12
2024-06-28T12:05:10,2,10,0,12
2024-06-28T12:20:49,2,10,0,12
2024-06-28T12:36:38,2,10,0,12
2024-06-28T12:52:16,2,10,0,12
2024-06-28T13:07:53,2,10,0,12
2024-06-28T13:23:31,2,10,0,12
2024-06-28T13:39:09,2,10,0,12
2024-06-28T13:54:59,2,10,0,12
2024-06-28T14:10:37,2,10,0,12
2024-06-28T14:26:16,2,10,0,12
2024-06-28T14:41:54,2,10,0,12
2024-06-28T14:57:31,2,10,0,12
2024-06-28T15:13:09,2,10,0,12
2024-06-28T15:28:57,2,10,0,12
2024-06-28T15:44:35,2,10,0,12
2024-06-28T16:00:13,2,10,0,12
2024-06-28T16:15:51,2,10,0,12
2024-06-28T16:31:29,2,10,0,12
2024-06-28T16:47:07,2,10,0,12
2024-06-28T17:02:44,2,10,0,12
2024-06-28T17:18:23,2,10,0,12
2024-06-28T17:34:11,2,10,0,12
2024-06-28T17:49:49,2,10,0,12
2024-06-28T18:05:26,2,10,0,12
2024-06-28T18:21:03,2,10,0,12
2024-06-28T18:36:41,2,10,0,12
2024-06-28T18:52:20,2,10,0,12
2024-06-28T19:07:59,2,10,0,12
2024-06-28T19:23:37,2,10,0,12
2024-06-28T19:39:15,2,10,0,12
2024-06-28T19:54:53,2,10,0,12
2024-06-28T20:10:41,2,10,0,12
2024-06-28T20:26:19,2,10,0,12
2024-06-28T20:41:57,2,10,0,12
2024-06-28T20:57:35,2,10,0,12
2024-06-28T21:13:13,2,10,0,12
2024-06-28T21:28:52,2,10,0,12
2024-06-28T21:44:32,2,10,0,12
2024-06-28T22:00:10,2,10,0,12
2024-06-28T22:15:48,2,10,0,12
2024-06-28T22:31:27,2,10,0,12
2024-06-28T22:47:05,2,10,0,12
2024-06-28T23:02:44,2,10,0,12
2024-06-28T23:18:22,2,10,0,12
2024-06-28T23:34:01,2,10,0,12
2024-06-28T23:49:49,2,10,0,12
2024-06-29T00:05:29,2,10,0,12
2024-06-29T00:21:12,2,10,0,12
2024-06-29T00:36:55,2,10,0,12
2024-06-29T00:52:37,2,10,0,12
2024-06-29T01:08:17,2,10,0,12
2024-06-29T01:23:58,2,10,0,12
2024-06-29T01:39:39,2,10,0,12
2024-06-29T01:55:22,2,10,0,12
2024-06-29T02:11:03,2,10,0,12
2024-06-29T02:26:43,2,10,0,12
2024-06-29T02:42:25,2,10,0,12
2024-06-29T02:58:04,2,10,0,12
2024-06-29T03:13:42,2,10,0,12
2024-06-29T03:29:21,2,10,0,12
2024-06-29T03:45:00,2,10,0,12
2024-06-29T04:00:41,2,10,0,12
2024-06-29T04:25:01,2,10,0,12
2024-06-29T04:41:55,2,10,0,12
2024-06-29T04:57:57,2,10,0,12
2024-06-29T05:13:36,2,10,0,12
2024-06-29T05:29:36,2,10,0,12
2024-06-29T05:45:18,2,10,0,12
2024-06-29T06:00:59,2,10,0,12
2024-06-29T06:16:41,2,10,0,12
2024-06-29T06:32:25,2,10,0,12
2024-06-29T06:48:05,2,10,0,12
2024-06-29T07:03:46,2,10,0,12
2024-06-29T07:19:27,2,10,0,12
2024-06-29T07:35:07,2,10,0,12
2024-06-29T07:50:48,2,10,0,12
2024-06-29T08:06:28,2,10,0,12
2024-06-29T08:22:17,2,10,0,12
2024-06-29T08:37:57,2,10,0,12
2024-06-29T08:53:37,2,10,0,12
2024-06-29T09:09:19,2,10,0,12
2024-06-29T09:24:59,2,10,0,12
2024-06-29T09:40:39,2,10,0,12
2024-06-29T09:56:20,2,10,0,12
2024-06-29T10:12:00,2,10,0,12
2024-06-29T10:27:41,2,10,0,12
2024-06-29T10:43:22,2,10,0,12
2024-06-29T10:59:01,2,10,0,12
2024-06-29T11:14:40,2,10,0,12
2024-06-29T11:30:29,2,10,0,12
2024-06-29T11:46:09,2,10,0,12
2024-06-29T12:01:49,2,10,0,12
2024-06-29T12:17:28,2,10,0,12
2024-06-29T12:33:07,2,10,0,12
2024-06-29T12:48:47,2,10,0,12
2024-06-29T13:04:27,2,10,0,12
2024-06-29T13:20:05,2,10,0,12
2024-06-29T13:35:43,2,10,0,12
2024-06-29T13:51:21,2,10,0,12
2024-06-29T14:06:58,2,10,0,12
2024-06-29T14:22:36,2,10,0,12
2024-06-29T14:38:23,2,10,0,12
2024-06-29T14:54:01,2,10,0,12
2024-06-29T15:09:38,2,10,0,12
2024-06-29T15:25:16,2,10,0,12
2024-06-29T15:40:53,2,10,0,12
2024-06-29T15:56:30,2,10,0,12
2024-06-29T16:12:07,2,10,0,12
2024-06-29T16:27:44,2,10,0,12
2024-06-29T16:43:32,2,10,0,12
2024-06-29T16:59:09,2,10,0,12
2024-06-29T17:14:47,2,10,0,12
2024-06-29T17:30:25,2,10,0,12
2024-06-29T17:46:02,2,10,0,12
2024-06-29T18:01:41,2,10,0,12
2024-06-29T18:17:19,2,10,0,12
2024-06-29T18:32:57,2,10,0,12
2024-06-29T18:48:34,2,10,0,12
2024-06-29T19:04:10,2,10,0,12
2024-06-29T19:19:48,2,10,0,12
2024-06-29T19:35:25,2,10,0,12
2024-06-29T19:51:12,2,10,0,12
2024-06-29T20:06:49,2,10,0,12
2024-06-29T20:22:26,2,10,0,12
2024-06-29T20:38:04,2,10,0,12
2024-06-29T20:53:42,2,10,0,12
2024-06-29T21:09:20,2,10,0,12
2024-06-29T21:25:02,2,10,0,12
2024-06-29T21:40:41,2,10,0,12
2024-06-29T21:56:19,2,10,0,12
2024-06-29T22:11:56,2,10,0,12
2024-06-29T22:27:34,2,10,0,12
2024-06-29T22:43:22,2,10,0,12
2024-06-29T22:59:02,2,10,0,12
2024-06-29T23:14:42,2,10,0,12
2024-06-29T23:30:20,2,10,0,12
2024-06-29T23:45:57,2,10,0,12
2024-06-30T00:01:35,2,10,0,12
2024-06-30T00:17:20,2,10,0,12
2024-06-30T00:33:02,2,10,0,12
2024-06-30T00:48:42,2,10,0,12
2024-06-30T01:04:20,2,10,0,12
2024-06-30T01:19:58,2,10,0,12
2024-06-30T01:35:35,2,10,0,12
2024-06-30T01:51:14,2,10,0,12
2024-06-30T02:06:52,2,10,0,12
2024-06-30T02:22:40,2,10,0,12
2024-06-30T02:38:20,2,10,0,12
2024-06-30T02:53:59,2,10,0,12
2024-06-30T03:09:40,2,10,0,12
2024-06-30T03:25:19,2,10,0,12
2024-06-30T03:40:57,2,10,0,12
2024-06-30T03:56:43,2,10,0,12
2024-06-30T04:27:14,2,10,0,12
2024-06-30T04:44:45,2,10,0,12
2024-06-30T05:01:20,2,10,0,12
2024-06-30T05:17:47,2,10,0,12
2024-06-30T05:33:30,2,10,0,12
2024-06-30T05:49:14,2,10,0,12
2024-06-30T06:04:58,2,10,0,12
2024-06-30T06:20:47,2,10,0,12
2024-06-30T06:36:33,2,10,0,12
2024-06-30T06:52:15,2,10,0,12
2024-06-30T07:07:59,2,10,0,12
2024-06-30T07:23:43,2,10,0,12
2024-06-30T07:39:28,2,10,0,12
2024-06-30T07:55:12,2,10,0,12
2024-06-30T08:10:54,2,10,0,12
2024-06-30T08:26:38,2,10,0,12
2024-06-30T08:42:20,2,10,0,12
2024-06-30T08:58:01,2,10,0,12
2024-06-30T09:13:45,2,10,0,12
2024-06-30T09:29:35,2,10,0,12
2024-06-30T09:45:21,2,10,0,12
2024-06-30T10:01:02,2,10,0,12
2024-06-30T10:16:43,2,10,0,12
2024-06-30T10:32:24,2,10,0,12
2024-06-30T10:48:04,2,10,0,12
2024-06-30T11:03:44,2,10,0,12
2024-06-30T11:19:23,2,10,0,12
2024-06-30T11:35:01,2,10,0,12
2024-06-30T11:50:39,2,10,0,12
2024-06-30T12:06:17,2,10,0,12
2024-06-30T12:21:56,2,10,0,12
2024-06-30T12:37:44,2,10,0,12
2024-06-30T12:53:23,2,10,0,12
2024-06-30T13:09:01,2,10,0,12
2024-06-30T13:24:40,2,10,0,12
2024-06-30T13:40:19,2,10,0,12
2024-06-30T13:55:58,2,10,0,12
2024-06-30T14:11:36,2,10,0,12
2024-06-30T14:27:15,2,10,0,12
2024-06-30T14:42:53,2,10,0,12
2024-06-30T14:58:42,2,10,0,12
2024-06-30T15:14:20,2,10,0,12
2024-06-30T15:30:01,2,10,0,12
2024-06-30T15:45:39,2,10,0,12
2024-06-30T16:01:16,2,10,0,12
2024-06-30T16:16:55,2,10,0,12
2024-06-30T16:32:34,2,10,0,12
2024-06-30T16:48:22,2,10,0,12
2024-06-30T17:04:00,2,10,0,12
2024-06-30T17:19:40,2,10,0,12
2024-06-30T17:35:18,2,10,0,12
2024-06-30T17:50:57,2,10,0,12
2024-06-30T18:06:36,2,10,0,12
2024-06-30T18:22:14,2,10,0,12
2024-06-30T18:37:53,2,10,0,12
2024-06-30T18:53:41,2,10,0,12
2024-06-30T19:09:21,2,10,0,12
2024-06-30T19:25:00,2,10,0,12
2024-06-30T19:40:37,2,10,0,12
2024-06-30T19:56:15,2,10,0,12
2024-06-30T20:11:53,2,10,0,12
2024-06-30T20:27:32,2,10,0,12
2024-06-30T20:43:10,2,10,0,12
2024-06-30T20:58:48,2,10,0,12
2024-06-30T21:14:37,2,10,0,12
2024-06-30T21:30:17,2,10,0,12
2024-06-30T21:45:59,2,10,0,12
2024-06-30T22:01:38,2,10,0,12
2024-06-30T22:17:18,2,10,0,12
2024-06-30T22:32:57,2,10,0,12
2024-06-30T22:48:45,2,10,0,12
2024-06-30T23:04:23,2,10,0,12
2024-06-30T23:20:04,2,10,0,12
2024-06-30T23:35:43,2,10,0,12
2024-06-30T23:51:23,2,10,0,12
2024-07-01T00:07:02,2,10,0,12
2024-07-01T00:22:51,2,10,0,12
2024-07-01T00:38:39,2,10,0,12
2024-07-01T00:54:31,2,10,0,12
2024-07-01T01:10:15,2,10,0,12
2024-07-01T01:25:58,2,10,0,12
2024-07-01T01:41:39,2,10,0,12
2024-07-01T01:57:20,2,10,0,12
2024-07-01T02:12:59,2,10,0,12
2024-07-01T02:28:39,2,10,0,12
2024-07-01T02:44:21,2,10,0,12
2024-07-01T03:00:01,2,10,0,12
2024-07-01T03:15:43,2,10,0,12
2024-07-01T03:31:48,2,10,0,12
2024-07-01T03:47:29,2,10,0,12
2024-07-01T04:03:11,2,10,0,12
2024-07-01T04:23:14,2,10,0,12
2024-07-01T04:39:21,2,10,0,12
2024-07-01T04:55:04,2,10,0,12
2024-07-01T05:10:51,2,10,0,12
2024-07-01T05:26:33,2,10,0,12
2024-07-01T05:42:18,2,10,0,12
2024-07-01T05:58:00,2,10,0,12
2024-07-01T06:13:44,2,10,0,12
2024-07-01T06:29:26,2,10,0,12
2024-07-01T06:45:07,2,10,0,12
2024-07-01T07:00:51,2,10,0,12
2024-07-01T07:16:33,2,10,0,12
2024-07-01T07:32:15,2,10,0,12
2024-07-01T07:47:54,2,10,0,12
2024-07-01T08:03:35,2,10,0,12
2024-07-01T08:19:16,2,10,0,12
2024-07-01T08:34:55,2,10,0,12
2024-07-01T08:50:42,2,10,0,12
2024-07-01T09:06:21,2,10,0,12
2024-07-01T09:22:00,2,10,0,12
2024-07-01T09:37:40,2,10,0,12
2024-07-01T09:53:22,2,10,0,12
2024-07-01T10:09:01,2,10,0,12
2024-07-01T10:24:40,2,10,0,12
2024-07-01T10:40:31,2,10,0,12
2024-07-01T10:56:10,2,10,0,12
2024-07-01T11:11:50,2,10,0,12
2024-07-01T11:27:29,2,10,0,12
2024-07-01T11:43:18,2,10,0,12
2024-07-01T11:58:56,2,10,0,12
2024-07-01T12:14:35,2,10,0,12
2024-07-01T12:30:13,2,10,0,12
2024-07-01T12:45:51,2,10,0,12
2024-07-01T13:01:30,2,10,0,12
2024-07-01T13:17:18,2,10,0,12
2024-07-01T13:32:57,2,10,0,12
2024-07-01T13:48:36,2,10,0,12
2024-07-01T14:04:13,2,10,0,12
2024-07-01T14:19:51,2,10,0,12
2024-07-01T14:35:30,2,10,0,12
2024-07-01T14:51:18,2,10,0,12
2024-07-01T15:06:57,2,10,0,12
2024-07-01T15:22:36,2,10,0,12
2024-07-01T15:38:15,2,10,0,12
2024-07-01T15:53:54,2,10,0,12
2024-07-01T16:09:33,2,10,0,12
2024-07-01T16:25:21,2,10,0,12
2024-07-01T16:41:00,2,10,0,12
2024-07-01T16:56:38,2,10,0,12
2024-07-01T17:12:18,2,10,0,12
2024-07-01T17:27:56,2,10,0,12
2024-07-01T17:43:34,2,10,0,12
2024-07-01T17:59:12,2,10,0,12
2024-07-01T18:14:52,2,10,0,12
2024-07-01T18:30:40,2,10,0,12
2024-07-01T18:46:19,2,10,0,12
2024-07-01T19:01:57,2,10,0,12
2024-07-01T19:17:36,2,10,0,12
2024-07-01T19:33:15,2,10,0,12
2024-07-01T19:48:53,2,10,0,12
2024-07-01T20:04:31,2,10,0,12
2024-07-01T20:20:10,2,10,0,12
2024-07-01T20:35:49,2,10,0,12
2024-07-01T20:51:28,2,10,0,12
2024-07-01T21:07:17,2,10,0,12
2024-07-01T21:22:57,2,10,0,12
2024-07-01T21:38:36,2,10,0,12
2024-07-01T21:54:16,2,10,0,12
2024-07-01T22:09:56,2,10,0,12
2024-07-01T22:25:36,2,10,0,12
2024-07-01T22:41:15,2,10,0,12
2024-07-01T22:56:53,2,10,0,12
2024-07-01T23:12:46,2,10,0,12
2024-07-01T23:28:26,2,10,0,12
2024-07-01T23:44:06,2,10,0,12
2024-07-01T23:59:46,2,10,0,12
2024-07-02T00:15:28,2,10,0,12
2024-07-02T00:31:18,2,10,0,12
2024-07-02T00:47:01,2,10,0,12
2024-07-02T01:02:58,2,10,0,12
2024-07-02T01:18:39,2,10,0,12
2024-07-02T01:34:20,2,10,0,12
2024-07-02T01:50:02,2,10,0,12
2024-07-02T02:05:46,2,10,0,12
2024-07-02T02:21:32,2,10,0,12
2024-07-02T02:37:12,2,10,0,12
2024-07-02T02:52:53,2,10,0,12
2024-07-02T03:08:33,2,10,0,12
2024-07-02T03:24:13,2,10,0,12
2024-07-02T03:39:55,2,10,0,12
2024-07-02T03:55:35,2,10,0,12
2024-07-02T04:11:16,2,10,0,12
2024-07-02T04:30:36,2,10,0,12
2024-07-02T04:46:20,2,10,0,12
2024-07-02T05:02:06,2,10,0,12
2024-07-02T05:19:36,2,10,0,12
2024-07-02T05:35:21,2,10,0,12
2024-07-02T05:51:05,2,10,0,12
2024-07-02T06:06:46,2,10,0,12
2024-07-02T06:22:31,2,10,0,12
2024-07-02T06:38:11,2,10,0,12
2024-07-02T06:53:52,2,10,0,12
2024-07-02T07:09:38,2,10,0,12
2024-07-02T07:25:20,2,10,0,12
2024-07-02T07:41:02,2,10,0,12
2024-07-02T07:56:42,2,10,0,12
2024-07-02T08:12:22,2,10,0,12
2024-07-02T08:28:28,2,10,0,12
2024-07-02T08:44:15,2,10,0,12
2024-07-02T09:00:02,2,10,0,12
2024-07-02T09:15:46,2,10,0,12
2024-07-02T09:31:28,2,10,0,12
2024-07-02T09:47:09,2,10,0,12
2024-07-02T10:02:51,2,10,0,12
2024-07-02T10:18:33,2,10,0,12
2024-07-02T10:34:26,2,10,0,12
2024-07-02T10:50:07,2,10,0,12
2024-07-02T11:05:49,2,10,0,12
2024-07-02T11:21:30,2,10,0,12
2024-07-02T11:37:11,2,10,0,12
2024-07-02T11:53:19,2,10,0,12
2024-07-02T12:09:00,2,10,0,12
2024-07-02T12:24:40,2,10,0,12
2024-07-02T12:40:20,2,10,0,12
2024-07-02T12:55:59,2,10,0,12
2024-07-02T13:11:41,2,10,0,12
2024-07-02T13:27:21,2,10,0,12
2024-07-02T13:43:13,2,10,0,12
2024-07-02T13:58:54,2,10,0,12
2024-07-02T14:14:35,2,10,0,12
2024-07-02T14:30:33,2,10,0,12
2024-07-02T14:46:14,2,10,0,12
2024-07-02T15:01:54,2,10,0,12
2024-07-02T15:17:33,2,10,0,12
2024-07-02T15:33:12,2,10,0,12
2024-07-02T15:48:52,2,10,0,12
2024-07-02T16:04:51,2,10,0,12
2024-07-02T16:20:31,2,10,0,12
2024-07-02T16:36:10,2,10,0,12
2024-07-02T16:51:50,2,10,0,12
2024-07-02T17:07:30,2,10,0,12
2024-07-02T17:23:09,2,10,0,12
2024-07-02T17:38:59,2,10,0,12
2024-07-02T17:54:40,2,10,0,12
2024-07-02T18:10:19,2,10,0,12
2024-07-02T18:25:59,2,10,0,12
2024-07-02T18:41:39,2,10,0,12
2024-07-02T18:57:18,2,10,0,12
2024-07-02T19:12:58,2,10,0,12
2024-07-02T19:28:38,2,10,0,12
2024-07-02T19:44:26,2,10,0,12
2024-07-02T20:00:05,2,10,0,12
2024-07-02T20:15:44,2,10,0,12
2024-07-02T20:31:24,2,10,0,12
2024-07-02T20:47:03,2,10,0,12
2024-07-02T21:02:41,2,10,0,12
2024-07-02T21:18:21,2,10,0,12
2024-07-02T21:33:59,2,10,0,12
2024-07-02T21:50:00,2,10,0,12
2024-07-02T22:05:41,2,10,0,12
2024-07-02T22:21:22,2,10,0,12
2024-07-02T22:37:01,2,10,0,12
2024-07-02T22:52:40,2,10,0,12
2024-07-02T23:08:21,2,10,0,12
2024-07-02T23:24:02,2,10,0,12
2024-07-02T23:39:42,2,10,0,12
2024-07-02T23:55:22,2,10,0,12
2024-07-03T00:11:14,2,10,0,12
2024-07-03T00:26:59,2,10,0,12
2024-07-03T00:42:42,2,10,0,12
2024-07-03T00:58:27,2,10,0,12
2024-07-03T01:14:11,2,10,0,12
2024-07-03T01:29:54,2,10,0,12
2024-07-03T01:45:40,2,10,0,12
2024-07-03T02:01:24,2,10,0,12
2024-07-03T02:17:08,2,10,0,12
2024-07-03T02:33:09,2,10,0,12
2024-07-03T02:48:51,2,10,0,12
2024-07-03T03:04:31,2,10,0,12
2024-07-03T03:20:12,2,10,0,12
2024-07-03T03:35:54,2,10,0,12
2024-07-03T03:51:47,2,10,0,12
2024-07-03T04:07:29,2,10,0,12
2024-07-03T04:21:25,2,10,0,12
2024-07-03T04:39:01,2,10,0,12
2024-07-03T04:54:45,2,10,0,12
2024-07-03T05:10:34,2,10,0,12
2024-07-03T05:26:20,2,10,0,12
2024-07-03T05:42:04,2,10,0,12
2024-07-03T05:57:47,2,10,0,12
2024-07-03T06:13:31,2,10,0,12
2024-07-03T06:29:15,2,10,0,12
2024-07-03T06:44:57,2,10,0,12
2024-07-03T07:00:39,2,10,0,12
2024-07-03T07:16:24,2,10,0,12
2024-07-03T07:32:09,2,10,0,12
2024-07-03T07:47:50,2,10,0,12
2024-07-03T08:03:31,2,10,0,12
2024-07-03T08:19:15,2,10,0,12
2024-07-03T08:34:56,2,10,0,12
2024-07-03T08:50:54,2,10,0,12
2024-07-03T09:06:34,2,10,0,12
2024-07-03T09:22:15,2,10,0,12
2024-07-03T09:37:55,2,10,0,12
2024-07-03T09:53:35,2,10,0,12
2024-07-04T04:26:49,2,10,0,12
2024-07-04T04:42:36,2,10,0,12
2024-07-04T05:00:01,2,10,0,12
2024-07-04T05:16:21,2,10,0,12
2024-07-04T05:32:05,2,10,0,12
2024-07-04T05:47:50,2,10,0,12
2024-07-04T06:03:32,2,10,0,12
2024-07-04T06:19:13,2,10,0,12
2024-07-04T06:34:56,2,10,0,12
2024-07-04T06:50:40,2,10,0,12
2024-07-04T07:06:23,2,10,0,12
2024-07-04T07:22:06,2,10,0,12
2024-07-04T07:37:49,2,10,0,12
2024-07-04T07:53:31,2,10,0,12
2024-07-04T08:09:13,2,10,0,12
2024-07-04T08:24:56,2,10,0,12
2024-07-04T08:40:39,2,10,0,12
2024-07-04T08:56:22,2,10,0,12
2024-07-04T09:12:04,2,10,0,12
2024-07-04T09:27:46,2,10,0,12
2024-07-04T09:43:29,2,10,0,12
2024-07-04T09:59:13,2,10,0,12
2024-07-04T10:14:54,2,10,0,12
2024-07-04T10:30:35,2,10,0,12
2024-07-04T10:46:15,2,10,0,12
2024-07-04T11:01:55,2,10,0,12
2024-07-04T11:17:35,2,10,0,12
2024-07-04T11:33:23,2,10,0,12
2024-07-04T11:49:02,2,10,0,12
2024-07-04T12:04:41,2,10,0,12
2024-07-04T12:20:21,2,10,0,12
2024-07-04T12:36:00,2,10,0,12
2024-07-04T12:51:40,2,10,0,12
2024-07-04T13:07:19,2,10,0,12
2024-07-04T13:22:59,2,10,0,12
2024-07-04T13:38:38,2,10,0,12
2024-07-04T13:54:18,2,10,0,12
2024-07-04T14:09:57,2,10,0,12
2024-07-04T14:25:36,2,10,0,12
2024-07-04T14:41:16,2,10,0,12
2024-07-04T14:56:55,2,10,0,12
2024-07-04T15:12:34,2,10,0,12
2024-07-04T15:28:14,2,10,0,12
2024-07-04T15:44:03,2,10,0,12
2024-07-04T15:59:43,2,10,0,12
2024-07-04T16:15:23,2,10,0,12
2024-07-04T16:31:02,2,10,0,12
2024-07-04T16:46:41,2,10,0,12
2024-07-04T17:02:21,2,10,0,12
2024-07-04T17:18:01,2,10,0,12
2024-07-04T17:33:41,2,10,0,12
2024-07-04T17:49:21,2,10,0,12
2024-07-04T18:05:02,2,10,0,12
2024-07-04T18:20:42,2,10,0,12
2024-07-04T18:36:21,2,10,0,12
2024-07-04T18:52:00,2,10,0,12
2024-07-04T19:07:41,2,10,0,12
2024-07-04T19:23:30,2,10,0,12
2024-07-04T19:39:09,2,10,0,12
2024-07-04T19:54:49,2,10,0,12
2024-07-04T20:10:29,2,10,0,12
2024-07-04T20:26:09,2,10,0,12
2024-07-04T20:41:48,2,10,0,12
2024-07-04T20:57:27,2,10,0,12
2024-07-04T21:13:09,2,10,0,12
2024-07-04T21:28:50,2,10,0,12
2024-07-04T21:44:32,2,10,0,12
2024-07-04T22:00:12,2,10,0,12
2024-07-04T22:15:52,2,10,0,12
2024-07-04T22:31:32,2,10,0,12
2024-07-04T22:47:21,2,10,0,12
2024-07-04T23:03:01,2,10,0,12
2024-07-04T23:18:41,2,10,0,12
2024-07-04T23:34:21,2,10,0,12
2024-07-04T23:50:02,2,10,0,12
2024-07-05T00:05:44,2,10,0,12
2024-07-05T00:21:31,2,10,0,12
2024-07-05T00:37:18,2,10,0,12
2024-07-05T00:53:01,2,10,0,12
2024-07-05T01:08:43,2,10,0,12
2024-07-05T01:24:27,2,10,0,12
2024-07-05T01:40:11,2,10,0,12
2024-07-05T01:55:54,2,10,0,12
2024-07-05T02:11:37,2,10,0,12
2024-07-05T02:27:40,2,10,0,12
2024-07-05T02:43:26,2,10,0,12
2024-07-05T02:59:07,2,10,0,12
2024-07-05T03:14:51,2,10,0,12
2024-07-05T03:30:33,2,10,0,12
2024-07-05T03:46:15,2,10,0,12
2024-07-05T04:01:59,2,10,0,12
2024-07-05T04:18:45,2,10,0,12
2024-07-05T04:34:55,2,10,0,12
2024-07-05T04:50:41,2,10,0,12
2024-07-05T05:06:28,2,10,0,12
2024-07-05T05:22:15,2,10,0,12
2024-07-05T05:38:00,2,10,0,12
2024-07-05T05:53:43,2,10,0,12
2024-07-05T06:09:28,2,10,0,12
2024-07-05T06:25:11,2,10,0,12
2024-07-05T06:40:55,2,10,0,12
2024-07-05T06:56:38,2,10,0,12
2024-07-05T07:12:24,2,10,0,12
2024-07-05T07:28:04,2,10,0,12
2024-07-05T07:43:47,2,10,0,12
2024-07-05T07:59:26,2,10,0,12
2024-07-05T08:15:21,2,10,0,12
2024-07-05T08:31:02,2,10,0,12
2024-07-05T08:46:41,2,10,0,12
2024-07-05T09:02:22,2,10,0,12
2024-07-05T09:18:06,2,10,0,12
2024-07-05T09:33:50,2,10,0,12
2024-07-05T09:49:35,2,10,0,12
2024-07-05T10:05:20,2,10,0,12
2024-07-05T10:21:03,2,10,0,12
2024-07-05T10:36:47,2,10,0,12
2024-07-05T10:52:30,2,10,0,12
2024-07-05T11:08:14,2,10,0,12
2024-07-05T11:24:07,2,10,0,12
2024-07-05T11:39:51,2,10,0,12
2024-07-05T11:55:36,2,10,0,12
2024-07-05T12:11:20,2,10,0,12
2024-07-05T12:27:03,2,10,0,12
2024-07-05T12:42:46,2,10,0,12
2024-07-05T12:58:30,2,10,0,12
2024-07-05T13:14:14,2,10,0,12
2024-07-05T13:29:57,2,10,0,12
2024-07-05T13:45:40,2,10,0,12
2024-07-05T14:01:43,2,10,0,12
2024-07-05T14:17:28,2,10,0,12
2024-07-05T14:33:11,2,10,0,12
2024-07-05T14:48:55,2,10,0,12
2024-07-05T15:04:39,2,10,0,12
2024-07-05T15:20:23,2,10,0,12
2024-07-05T15:36:07,2,10,0,12
2024-07-05T15:51:51,2,10,0,12
2024-07-05T16:07:34,2,10,0,12
2024-07-05T16:23:18,2,10,0,12
2024-07-05T16:39:12,2,10,0,12
2024-07-05T16:54:56,2,10,0,12
2024-07-05T17:10:41,2,10,0,12
2024-07-05T17:26:24,2,10,0,12
2024-07-05T17:42:08,2,10,0,12
2024-07-05T17:57:51,2,10,0,12
2024-07-05T18:13:34,2,10,0,12
2024-07-05T18:29:18,2,10,0,12
2024-07-05T18:45:02,2,10,0,12
2024-07-05T19:00:46,2,10,0,12
2024-07-05T19:16:32,2,10,0,12
2024-07-05T19:32:16,2,10,0,12
2024-07-05T19:48:10,2,10,0,12
2024-07-05T20:03:53,2,10,0,12
2024-07-05T20:19:37,2,10,0,12
2024-07-05T20:35:21,2,10,0,12
2024-07-05T20:51:05,2,10,0,12
2024-07-05T21:06:48,2,10,0,12
2024-07-05T21:22:33,2,10,0,12
2024-07-05T21:38:18,2,10,0,12
2024-07-05T21:54:03,2,10,0,12
2024-07-05T22:09:47,2,10,0,12
2024-07-05T22:25:31,2,10,0,12
2024-07-05T22:41:15,2,10,0,12
2024-07-05T22:56:59,2,10,0,12
2024-07-05T23:12:54,2,10,0,12
2024-07-05T23:28:39,2,10,0,12
2024-07-05T23:44:23,2,10,0,12
2024-07-06T00:00:07,2,10,0,12
2024-07-06T00:16:00,2,10,0,12
2024-07-06T00:31:53,2,10,0,12
2024-07-06T00:47:41,2,10,0,12
2024-07-06T01:03:29,2,10,0,12
2024-07-06T01:19:16,2,10,0,12
2024-07-06T01:35:02,2,10,0,12
2024-07-06T01:50:51,2,10,0,12
2024-07-06T02:06:39,2,10,0,12
2024-07-06T02:22:34,2,10,0,12
2024-07-06T02:38:22,2,10,0,12
2024-07-06T02:54:06,2,10,0,12
2024-07-06T03:09:52,2,10,0,12
2024-07-06T03:25:47,2,10,0,12
2024-07-06T03:41:34,2,10,0,12
2024-07-06T03:57:21,2,10,0,12
2024-07-06T04:13:07,2,10,0,12
2024-07-06T04:25:48,2,10,0,12
2024-07-06T04:42:49,2,10,0,12
2024-07-06T04:58:54,2,10,0,12
2024-07-06T05:14:44,2,10,0,12
2024-07-06T05:30:31,2,10,0,12
2024-07-06T05:46:16,2,10,0,12
2024-07-06T06:02:01,2,10,0,12
2024-07-06T06:17:46,2,10,0,12
2024-07-06T06:33:31,2,10,0,12
2024-07-06T06:49:18,2,10,0,12
2024-07-06T07:05:04,2,10,0,12
2024-07-06T07:20:51,2,10,0,12
2024-07-06T07:36:37,2,10,0,12
2024-07-06T07:52:23,2,10,0,12
2024-07-06T08:08:07,2,10,0,12
2024-07-06T08:23:52,2,10,0,12
2024-07-06T08:39:39,2,10,0,12
2024-07-06T08:55:33,2,10,0,12
2024-07-06T09:11:19,2,10,0,12
2024-07-06T09:27:05,2,10,0,12
2024-07-06T09:42:51,2,10,0,12
2024-07-06T09:58:37,2,10,0,12
2024-07-06T10:14:23,2,10,0,12
2024-07-06T10:30:09,2,10,0,12
2024-07-06T10:45:56,2,10,0,12
2024-07-06T11:01:41,2,10,0,12
2024-07-06T11:17:26,2,10,0,12
2024-07-06T11:33:12,2,10,0,12
2024-07-06T11:48:57,2,10,0,12
2024-07-06T12:04:52,2,10,0,12
2024-07-06T12:20:37,2,10,0,12
2024-07-06T12:36:22,2,10,0,12
2024-07-06T12:52:06,2,10,0,12
2024-07-06T13:07:51,2,10,0,12
2024-07-06T13:23:35,2,10,0,12
2024-07-06T13:39:19,2,10,0,12
2024-07-06T13:55:02,2,10,0,12
2024-07-06T14:10:45,2,10,0,12
2024-07-06T14:26:28,2,10,0,12
2024-07-06T14:42:13,2,10,0,12
2024-07-06T14:57:57,2,10,0,12
2024-07-06T15:13:40,2,10,0,12
2024-07-06T15:29:24,2,10,0,12
2024-07-06T15:45:07,2,10,0,12
2024-07-06T16:01:00,2,10,0,12
2024-07-06T16:16:43,2,10,0,12
2024-07-06T16:32:26,2,10,0,12
2024-07-06T16:48:09,2,10,0,12
2024-07-06T17:03:53,2,10,0,12
2024-07-06T17:19:37,2,10,0,12
2024-07-06T17:35:20,2,10,0,12
2024-07-06T17:51:03,2,10,0,12
2024-07-06T18:06:46,2,10,0,12
2024-07-06T18:22:29,2,10,0,12
2024-07-06T18:38:13,2,10,0,12
2024-07-06T18:53:55,2,10,0,12
2024-07-06T19:09:47,2,10,0,12
2024-07-06T19:25:30,2,10,0,12
2024-07-06T19:41:13,2,10,0,12
2024-07-06T19:56:58,2,10,0,12
2024-07-06T20:12:42,2,10,0,12
2024-07-06T20:28:26,2,10,0,12
2024-07-06T20:44:09,2,10,0,12
2024-07-06T20:59:53,2,10,0,12
2024-07-06T21:15:38,2,10,0,12
2024-07-06T21:31:22,2,10,0,12
2024-07-06T21:47:07,2,10,0,12
2024-07-06T22:02:50,2,10,0,12
2024-07-06T22:18:34,2,10,0,12
2024-07-06T22:34:18,2,10,0,12
2024-07-06T22:50:11,2,10,0,12
2024-07-06T23:05:55,2,10,0,12
2024-07-06T23:21:39,2,10,0,12
2024-07-06T23:37:23,2,10,0,12
2024-07-06T23:53:07,2,10,0,12
2024-07-07T00:08:55,2,10,0,12
2024-07-07T00:24:46,2,10,0,12
2024-07-07T00:40:32,2,10,0,12
2024-07-07T00:56:17,2,10,0,12
2024-07-07T01:12:03,2,10,0,12
2024-07-07T01:27:47,2,10,0,12
2024-07-07T01:43:32,2,10,0,12
2024-07-07T01:59:19,2,10,0,12
2024-07-07T02:15:04,2,10,0,12
2024-07-07T02:30:50,2,10,0,12
2024-07-07T02:46:38,2,10,0,12
2024-07-07T03:02:25,2,10,0,12
2024-07-07T03:18:10,2,10,0,12
2024-07-07T03:33:54,2,10,0,12
2024-07-07T03:49:41,2,10,0,12
2024-07-07T04:05:31,2,10,0,12
2024-07-07T04:20:34,2,10,0,12
2024-07-07T04:38:39,2,10,0,12
2024-07-07T04:55:58,2,10,0,12
2024-07-07T05:11:53,2,10,0,12
2024-07-07T05:27:41,2,10,0,12
2024-07-07T05:43:28,2,10,0,12
2024-07-07T05:59:17,2,10,0,12
2024-07-07T06:15:05,2,10,0,12
2024-07-07T06:30:55,2,10,0,12
2024-07-07T06:46:42,2,10,0,12
2024-07-07T07:02:30,2,10,0,12
2024-07-07T07:18:19,2,10,0,12
2024-07-07T07:34:08,2,10,0,12
2024-07-07T07:49:55,2,10,0,12
2024-07-07T08:05:42,2,10,0,12
2024-07-07T08:21:30,2,10,0,12
2024-07-07T08:37:18,2,10,0,12
2024-07-07T08:53:06,2,10,0,12
2024-07-07T09:08:54,2,10,0,12
2024-07-07T09:24:51,2,10,0,12
2024-07-07T09:40:40,2,10,0,12
2024-07-07T09:56:25,2,10,0,12
2024-07-07T10:12:12,2,10,0,12
2024-07-07T10:27:55,2,10,0,12
2024-07-07T10:43:38,2,10,0,12
2024-07-07T10:59:22,2,10,0,12
2024-07-07T11:15:04,2,10,0,12
2024-07-07T11:30:47,2,10,0,12
2024-07-07T11:46:30,2,10,0,12
2024-07-07T12:02:14,2,10,0,12
2024-07-07T12:17:56,2,10,0,12
2024-07-07T12:33:40,2,10,0,12
2024-07-07T12:49:25,2,10,0,12
2024-07-07T13:05:09,2,10,0,12
2024-07-07T13:21:04,2,10,0,12
2024-07-07T13:36:47,2,10,0,12
2024-07-07T13:52:31,2,10,0,12
2024-07-07T14:08:14,2,10,0,12
2024-07-07T14:23:57,2,10,0,12
2024-07-07T14:39:40,2,10,0,12
2024-07-07T14:55:23,2,10,0,12
2024-07-07T15:11:06,2,10,0,12
2024-07-07T15:26:50,2,10,0,12
2024-07-07T15:42:33,2,10,0,12
2024-07-07T15:58:17,2,10,0,12
2024-07-07T16:14:01,2,10,0,12
2024-07-07T16:29:45,2,10,0,12
2024-07-07T16:45:29,2,10,0,12
2024-07-07T17:01:21,2,10,0,12
2024-07-07T17:17:04,2,10,0,12
2024-07-07T17:32:48,2,10,0,12
2024-07-07T17:48:32,2,10,0,12
2024-07-07T18:04:16,2,10,0,12
2024-07-07T18:20:00,2,10,0,12
2024-07-07T18:35:43,2,10,0,12
2024-07-07T18:51:28,2,10,0,12
2024-07-07T19:07:12,2,10,0,12
2024-07-07T19:22:56,2,10,0,12
2024-07-07T19:38:40,2,10,0,12
2024-07-07T19:54:23,2,10,0,12
2024-07-07T20:10:07,2,10,0,12
2024-07-07T20:25:51,2,10,0,12
2024-07-07T20:41:34,2,10,0,12
2024-07-07T20:57:18,2,10,0,12
2024-07-07T21:13:11,2,10,0,12
2024-07-07T21:28:56,2,10,0,12
2024-07-07T21:44:40,2,10,0,12
2024-07-07T22:00:25,2,10,0,12
2024-07-07T22:16:08,2,10,0,12
2024-07-07T22:31:52,2,10,0,12
2024-07-07T22:47:37,2,10,0,12
2024-07-07T23:03:21,2,10,0,12
2024-07-07T23:19:08,2,10,0,12
2024-07-07T23:34:52,2,10,0,12
2024-07-07T23:50:36,2,10,0,12
2024-07-08T00:06:22,2,10,0,12
2024-07-08T00:22:24,2,10,0,12
2024-07-08T00:38:13,2,10,0,12
2024-07-08T00:54:01,2,10,0,12
2024-07-08T01:09:54,2,10,0,12
2024-07-08T01:25:47,2,10,0,12
2024-07-08T01:41:34,2,10,0,12
2024-07-08T01:57:21,2,10,0,12
2024-07-08T02:13:09,2,10,0,12
2024-07-08T02:28:56,2,10,0,12
2024-07-08T02:44:54,2,10,0,12
2024-07-08T03:00:39,2,10,0,12
2024-07-08T03:16:26,2,10,0,12
2024-07-08T03:32:13,2,10,0,12
2024-07-08T03:47:58,2,10,0,12
2024-07-08T04:03:44,2,10,0,12
2024-07-08T04:25:59,2,10,0,12
2024-07-08T04:42:15,2,10,0,12
2024-07-08T04:58:05,2,10,0,12
2024-07-08T05:13:58,2,10,0,12
2024-07-08T05:29:46,2,10,0,12
2024-07-08T05:45:35,2,10,0,12
2024-07-08T06:01:23,2,10,0,12
2024-07-08T06:17:10,2,10,0,12
2024-07-08T06:33:00,2,10,0,12
2024-07-08T06:48:49,2,10,0,12
2024-07-08T07:04:39,2,10,0,12
2024-07-08T07:20:26,2,10,0,12
2024-07-08T07:36:09,2,10,0,12
2024-07-08T07:51:52,2,10,0,12
2024-07-08T08:07:36,2,10,0,12
2024-07-08T08:23:20,2,10,0,12
2024-07-08T08:39:08,2,10,0,12
2024-07-08T08:54:52,2,10,0,12
2024-07-08T09:10:36,2,10,0,12
2024-07-08T09:26:29,2,10,0,12
2024-07-08T09:42:14,2,10,0,12
2024-07-08T09:57:59,2,10,0,12
2024-07-08T10:13:44,2,10,0,12
2024-07-08T10:29:28,2,10,0,12
2024-07-08T10:45:13,2,10,0,12
2024-07-08T11:00:57,2,10,0,12
2024-07-08T11:16:43,2,10,0,12
2024-07-08T11:32:38,2,10,0,12
2024-07-08T11:48:22,2,10,0,12
2024-07-08T12:04:07,2,10,0,12
2024-07-08T12:19:52,2,10,0,12
2024-07-08T12:35:37,2,10,0,12
2024-07-08T12:51:21,2,10,0,12
2024-07-08T13:07:07,2,10,0,12
2024-07-08T13:23:02,2,10,0,12
2024-07-08T13:38:46,2,10,0,12
2024-07-08T13:54:31,2,10,0,12
2024-07-08T14:10:17,2,10,0,12
2024-07-08T14:26:01,2,10,0,12
2024-07-08T14:41:47,2,10,0,12
2024-07-08T14:57:32,2,10,0,12
2024-07-08T15:13:28,2,10,0,12
2024-07-08T15:29:14,2,10,0,12
2024-07-08T15:44:59,2,10,0,12
2024-07-08T16:00:43,2,10,0,12
2024-07-08T16:16:29,2,10,0,12
2024-07-08T16:32:13,2,10,0,12
2024-07-08T16:47:58,2,10,0,12
2024-07-08T17:03:42,2,10,0,12
2024-07-08T17:19:28,2,10,0,12
2024-07-08T17:35:21,2,10,0,12
2024-07-08T17:51:05,2,10,0,12
2024-07-08T18:06:49,2,10,0,12
2024-07-08T18:22:34,2,10,0,12
2024-07-08T18:38:18,2,10,0,12
2024-07-08T18:54:03,2,10,0,12
2024-07-08T19:09:49,2,10,0,12
2024-07-08T19:25:32,2,10,0,12
2024-07-08T19:41:17,2,10,0,12
2024-07-08T19:57:01,2,10,0,12
2024-07-08T20:12:45,2,10,0,12
2024-07-08T20:28:40,2,10,0,12
2024-07-08T20:44:25,2,10,0,12
2024-07-08T21:00:09,2,10,0,12
2024-07-08T21:15:57,2,10,0,12
2024-07-08T21:31:42,2,10,0,12
2024-07-08T21:47:32,2,10,0,12
2024-07-08T22:03:17,2,10,0,12
2024-07-08T22:19:02,2,10,0,12
2024-07-08T22:34:48,2,10,0,12
2024-07-08T22:50:31,2,10,0,12
2024-07-08T23:06:16,2,10,0,12
2024-07-08T23:22:45,2,10,0,12
2024-07-08T23:38:48,2,10,0,12
2024-07-08T23:54:28,2,10,0,12
2024-07-09T00:10:13,2,10,0,12
2024-07-09T00:25:59,2,10,0,12
2024-07-09T00:41:48,2,10,0,12
2024-07-09T00:57:35,2,10,0,12
2024-07-09T01:13:17,2,10,0,12
2024-07-09T01:29:01,2,10,0,12
2024-07-09T01:44:44,2,10,0,12
2024-07-09T02:00:27,2,10,0,12
2024-07-09T02:16:11,2,10,0,12
2024-07-09T02:31:54,2,10,0,12
2024-07-09T02:47:36,2,10,0,12
2024-07-09T03:03:17,2,10,0,12
2024-07-09T03:18:59,2,10,0,12
2024-07-09T03:34:41,2,10,0,12
2024-07-09T03:50:23,2,10,0,12
2024-07-09T04:06:06,2,10,0,12
2024-07-09T04:23:19,2,10,0,12
2024-07-09T04:39:31,2,10,0,12
2024-07-09T04:55:19,2,10,0,12
2024-07-09T05:11:06,2,10,0,12
2024-07-09T05:26:55,2,10,0,12
2024-07-09T05:42:41,2,10,0,12
2024-07-09T05:58:24,2,10,0,12
2024-07-09T06:14:05,2,10,0,12
2024-07-09T06:29:48,2,10,0,12
2024-07-09T06:45:30,2,10,0,12
2024-07-09T07:01:13,2,10,0,12
2024-07-09T07:17:00,2,10,0,12
2024-07-09T07:32:44,2,10,0,12
2024-07-09T07:48:25,2,10,0,12
2024-07-09T08:04:07,2,10,0,12
2024-07-09T08:19:50,2,10,0,12
2024-07-09T08:35:32,2,10,0,12
2024-07-09T08:51:15,2,10,0,12
2024-07-09T09:06:57,2,10,0,12
2024-07-09T09:22:41,2,10,0,12
2024-07-09T09:38:23,2,10,0,12
2024-07-09T09:54:11,2,10,0,12
2024-07-09T10:09:53,2,10,0,12
2024-07-09T10:25:35,2,10,0,12
2024-07-09T10:41:17,2,10,0,12
2024-07-09T10:56:58,2,10,0,12
2024-07-09T11:12:40,2,10,0,12
2024-07-09T11:28:22,2,10,0,12
2024-07-09T11:44:02,2,10,0,12
2024-07-09T11:59:43,2,10,0,12
2024-07-09T12:15:45,2,10,0,12
2024-07-09T12:31:27,2,10,0,12
2024-07-09T12:47:09,2,10,0,12
2024-07-09T13:02:52,2,10,0,12
2024-07-09T13:18:33,2,10,0,12
2024-07-09T13:34:14,2,10,0,12
2024-07-09T13:49:57,2,10,0,12
2024-07-09T14:05:38,2,10,0,12
2024-07-09T14:21:21,2,10,0,12
2024-07-09T14:37:15,2,10,0,12
2024-07-09T14:52:54,2,10,0,12
2024-07-09T15:08:36,2,10,0,12
2024-07-09T15:24:17,2,10,0,12
2024-07-09T15:39:59,2,10,0,12
2024-07-09T15:55:41,2,10,0,12
2024-07-09T16:11:21,2,10,0,12
2024-07-09T16:27:20,2,10,0,12
2024-07-09T16:43:02,2,10,0,12
2024-07-09T16:58:42,2,10,0,12
2024-07-09T17:14:23,2,10,0,12
2024-07-09T17:30:03,2,10,0,12
2024-07-09T17:45:43,2,10,0,12
2024-07-09T18:01:24,2,10,0,12
2024-07-09T18:17:05,2,10,0,12
2024-07-09T18:32:45,2,10,0,12
2024-07-09T18:48:27,2,10,0,12
2024-07-09T19:04:06,2,10,0,12
2024-07-09T19:19:47,2,10,0,12
2024-07-09T19:35:26,2,10,0,12
2024-07-09T19:51:18,2,10,0,12
2024-07-09T20:06:58,2,10,0,12
2024-07-09T20:22:39,2,10,0,12
2024-07-09T20:38:19,2,10,0,12
2024-07-09T20:54:09,2,10,0,12
2024-07-09T21:10:45,2,10,0,12
2024-07-09T21:27:13,2,10,0,12
2024-07-09T21:43:53,2,10,0,12
2024-07-09T22:00:26,2,10,0,12
2024-07-09T22:17:03,2,10,0,12
2024-07-09T22:32:43,2,10,0,12
2024-07-09T22:48:43,2,10,0,12
2024-07-09T23:04:24,2,10,0,12
2024-07-09T23:20:06,2,10,0,12
2024-07-09T23:35:47,2,10,0,12
2024-07-09T23:51:29,2,10,0,12
2024-07-10T00:07:14,2,10,0,12
2024-07-10T00:22:59,2,10,0,12
2024-07-10T00:38:52,2,10,0,12
2024-07-10T00:54:37,2,10,0,12
2024-07-10T01:10:21,2,10,0,12
2024-07-10T01:26:06,2,10,0,12
2024-07-10T01:41:49,2,10,0,12
2024-07-10T01:57:32,2,10,0,12
2024-07-10T02:13:15,2,10,0,12
2024-07-10T02:29:17,2,10,0,12
2024-07-10T02:45:00,2,10,0,12
2024-07-10T03:00:42,2,10,0,12
2024-07-10T03:16:27,2,10,0,12
2024-07-10T03:32:13,2,10,0,12
2024-07-10T03:47:55,2,10,0,12
2024-07-10T04:03:39,2,10,0,12
2024-07-10T04:29:18,2,10,0,12
2024-07-10T04:45:19,2,10,0,12
2024-07-10T05:01:03,2,10,0,12
2024-07-10T05:18:18,2,10,0,12
2024-07-10T05:34:24,2,10,0,12
2024-07-10T05:50:09,2,10,0,12
2024-07-10T06:05:53,2,10,0,12
2024-07-11T05:08:18,2,10,0,12
2024-07-11T05:24:10,2,10,0,12
2024-07-11T05:40:17,2,10,0,12
2024-07-11T05:56:22,2,10,0,12
2024-07-11T06:12:24,2,10,0,12
2024-07-11T06:28:19,2,10,0,12
2024-07-11T06:50:05,2,10,0,12
2024-07-11T07:15:30,2,10,0,12
2024-07-11T07:38:21,2,10,0,12
2024-07-11T07:59:29,2,10,0,12
2024-07-11T08:15:36,2,10,0,12
2024-07-11T08:31:45,2,10,0,12
2024-07-11T08:47:37,2,10,0,12
2024-07-11T09:03:21,2,10,0,12
2024-07-11T09:19:06,2,10,0,12
2024-07-11T09:34:59,2,10,0,12
2024-07-11T09:51:00,2,10,0,12
2024-07-11T10:06:54,2,10,0,12
2024-07-11T10:22:48,2,10,0,12
2024-07-11T10:38:46,2,10,0,12
2024-07-11T10:54:40,2,10,0,12
2024-07-11T11:10:39,2,10,0,12
2024-07-11T11:26:35,2,10,0,12
2024-07-11T11:42:28,2,10,0,12
2024-07-11T11:58:37,2,10,0,12
2024-07-11T12:14:20,2,10,0,12
2024-07-11T12:30:11,2,10,0,12
2024-07-11T12:45:54,2,10,0,12
2024-07-11T13:01:37,2,10,0,12
2024-07-11T13:17:37,2,10,0,12
2024-07-11T13:33:21,2,10,0,12
2024-07-11T13:49:21,2,10,0,12
2024-07-11T14:05:04,2,10,0,12
2024-07-11T14:20:56,2,10,0,12
2024-07-11T14:36:39,2,10,0,12
2024-07-11T14:52:23,2,10,0,12
2024-07-11T15:08:15,2,10,0,12
2024-07-11T15:23:57,2,10,0,12
2024-07-11T15:39:51,2,10,0,12
2024-07-11T15:55:35,2,10,0,12
2024-07-11T16:11:28,2,10,0,12
2024-07-11T16:27:12,2,10,0,12
2024-07-11T16:42:54,2,10,0,12
2024-07-11T16:58:46,2,10,0,12
2024-07-11T17:14:31,2,10,0,12
2024-07-11T17:30:23,2,10,0,12
2024-07-11T17:46:06,2,10,0,12
2024-07-11T18:02:09,2,10,0,12
2024-07-11T18:17:51,2,10,0,12
2024-07-11T18:33:42,2,10,0,12
2024-07-11T18:49:23,2,10,0,12
2024-07-11T19:05:31,2,10,0,12
2024-07-11T19:21:13,2,10,0,12
2024-07-11T19:36:58,2,10,0,12
2024-07-11T19:52:50,2,10,0,12
2024-07-11T20:08:33,2,10,0,12
2024-07-11T20:24:24,2,10,0,12
2024-07-11T20:40:07,2,10,0,12
2024-07-11T20:55:51,2,10,0,12
2024-07-11T21:11:52,2,10,0,12
2024-07-11T21:27:35,2,10,0,12
2024-07-11T21:43:19,2,10,0,12
2024-07-11T21:59:17,2,10,0,12
2024-07-11T22:15:01,2,10,0,12
2024-07-11T22:30:52,2,10,0,12
2024-07-11T22:46:36,2,10,0,12
2024-07-11T23:02:35,2,10,0,12
2024-07-11T23:18:18,2,10,0,12
2024-07-11T23:34:04,2,10,0,12
2024-07-11T23:50:04,2,10,0,12
2024-07-12T00:05:49,2,10,0,12
2024-07-12T00:21:37,2,10,0,12
2024-07-12T00:37:36,2,10,0,12
2024-07-12T00:53:24,2,10,0,12
2024-07-12T01:09:34,2,10,0,12
2024-07-12T01:25:22,2,10,0,12
2024-07-12T01:41:17,2,10,0,12
2024-07-12T01:57:14,2,10,0,12
2024-07-12T02:13:02,2,10,0,12
2024-07-12T02:28:48,2,10,0,12
2024-07-12T02:44:56,2,10,0,12
2024-07-12T03:00:55,2,10,0,12
2024-07-12T03:16:44,2,10,0,12
2024-07-12T03:32:41,2,10,0,12
2024-07-12T03:48:28,2,10,0,12
2024-07-12T04:04:37,2,10,0,12
2024-07-12T04:30:37,2,10,0,12
2024-07-12T04:47:41,2,10,0,12
2024-07-12T05:03:47,2,10,0,12
2024-07-12T05:19:46,2,10,0,12
2024-07-12T05:35:34,2,10,0,12
2024-07-12T05:51:22,2,10,0,12
2024-07-12T06:07:16,2,10,0,12
2024-07-12T06:23:03,2,10,0,12
2024-07-12T06:38:49,2,10,0,12
2024-07-12T06:54:43,2,10,0,12
2024-07-12T07:10:31,2,10,0,12
2024-07-12T07:26:26,2,10,0,12
2024-07-12T07:42:11,2,10,0,12
2024-07-12T07:57:56,2,10,0,12
2024-07-12T08:13:48,2,10,0,12
2024-07-12T08:29:32,2,10,0,12
2024-07-12T08:45:14,2,10,0,12
2024-07-12T09:01:05,2,10,0,12
2024-07-12T09:16:48,2,10,0,12
2024-07-12T09:32:31,2,10,0,12
2024-07-12T09:48:22,2,10,0,12
2024-07-12T10:04:04,2,10,0,12
2024-07-12T10:19:54,2,10,0,12
2024-07-12T10:35:38,2,10,0,12
2024-07-12T10:51:21,2,10,0,12
2024-07-12T11:07:14,2,10,0,12
2024-07-12T11:22:56,2,10,0,12
2024-07-12T11:38:49,2,10,0,12
2024-07-12T11:54:32,2,10,0,12
2024-07-12T12:10:15,2,10,0,12
2024-07-12T12:26:07,2,10,0,12
2024-07-12T12:41:49,2,10,0,12
2024-07-12T12:57:39,2,10,0,12
2024-07-12T13:13:21,2,10,0,12
2024-07-12T13:29:02,2,10,0,12
2024-07-12T13:44:52,2,10,0,12
2024-07-12T14:00:33,2,10,0,12
2024-07-12T14:16:22,2,10,0,12
2024-07-12T14:32:02,2,10,0,12
2024-07-12T14:47:44,2,10,0,12
2024-07-12T15:03:34,2,10,0,12
2024-07-12T15:19:17,2,10,0,12
2024-07-12T15:35:08,2,10,0,12
2024-07-12T15:50:49,2,10,0,12
2024-07-12T16:06:31,2,10,0,12
2024-07-12T16:22:22,2,10,0,12
2024-07-12T16:38:02,2,10,0,12
2024-07-12T16:53:52,2,10,0,12
2024-07-12T17:09:34,2,10,0,12
2024-07-12T17:25:16,2,10,0,12
2024-07-12T17:41:07,2,10,0,12
2024-07-12T17:56:49,2,10,0,12
2024-07-12T18:12:40,2,10,0,12
2024-07-12T18:28:20,2,10,0,12
2024-07-12T18:44:01,2,10,0,12
2024-07-12T18:59:52,2,10,0,12
2024-07-12T19:15:34,2,10,0,12
2024-07-12T19:31:24,2,10,0,12
2024-07-12T19:47:05,2,10,0,12
2024-07-12T20:02:56,2,10,0,12
2024-07-12T20:18:37,2,10,0,12
2024-07-12T20:34:18,2,10,0,12
2024-07-12T20:50:08,2,10,0,12
2024-07-12T21:05:51,2,10,0,12
2024-07-12T21:21:34,2,10,0,12
2024-07-12T21:37:25,2,10,0,12
2024-07-12T21:53:07,2,10,0,12
2024-07-12T22:08:58,2,10,0,12
2024-07-12T22:24:40,2,10,0,12
2024-07-12T22:40:22,2,10,0,12
2024-07-12T22:56:14,2,10,0,12
2024-07-12T23:11:57,2,10,0,12
2024-07-12T23:27:39,2,10,0,12
2024-07-12T23:43:30,2,10,0,12
2024-07-12T23:59:13,2,10,0,12
2024-07-13T00:15:14,2,10,0,12
2024-07-13T00:31:06,2,10,0,12
2024-07-13T00:46:56,2,10,0,12
2024-07-13T01:02:42,2,10,0,12
2024-07-13T01:18:26,2,10,0,12
2024-07-13T01:34:12,2,10,0,12
2024-07-13T01:50:08,2,10,0,12
2024-07-13T02:05:54,2,10,0,12
2024-07-13T02:21:38,2,10,0,12
2024-07-13T02:37:32,2,10,0,12
2024-07-13T02:53:22,2,10,0,12
2024-07-13T03:09:08,2,10,0,12
2024-07-13T03:25:04,2,10,0,12
2024-07-13T03:40:46,2,10,0,12
2024-07-13T03:56:30,2,10,0,12
2024-07-13T04:12:24,2,10,0,12
2024-07-13T04:28:25,2,10,0,12
2024-07-13T04:44:33,2,10,0,12
2024-07-13T05:00:17,2,10,0,12
2024-07-13T05:16:19,2,10,0,12
2024-07-13T05:32:14,2,10,0,12
2024-07-13T05:48:00,2,10,0,12
2024-07-13T06:03:51,2,10,0,12
2024-07-13T06:19:35,2,10,0,12
2024-07-13T06:35:27,2,10,0,12
2024-07-13T06:51:11,2,10,0,12
2024-07-13T07:06:55,2,10,0,12
2024-07-13T07:22:48,2,10,0,12
2024-07-13T07:38:32,2,10,0,12
2024-07-13T07:54:15,2,10,0,12
2024-07-13T08:10:07,2,10,0,12
2024-07-13T08:25:50,2,10,0,12
2024-07-13T08:41:34,2,10,0,12
2024-07-13T08:57:25,2,10,0,12
2024-07-13T09:13:09,2,10,0,12
2024-07-13T09:29:01,2,10,0,12
2024-07-13T09:44:45,2,10,0,12
2024-07-13T10:00:30,2,10,0,12
2024-07-13T10:16:22,2,10,0,12
2024-07-13T10:32:06,2,10,0,12
2024-07-13T10:47:56,2,10,0,12
2024-07-13T11:03:39,2,10,0,12
2024-07-13T11:19:21,2,10,0,12
2024-07-13T11:35:12,2,10,0,12
2024-07-13T11:50:55,2,10,0,12
2024-07-13T12:06:45,2,10,0,12
2024-07-13T12:22:28,2,10,0,12
2024-07-13T12:38:11,2,10,0,12
2024-07-13T12:54:02,2,10,0,12
2024-07-13T13:09:43,2,10,0,12
2024-07-13T13:25:23,2,10,0,12
2024-07-13T13:41:12,2,10,0,12
2024-07-13T13:56:53,2,10,0,12
2024-07-13T14:12:43,2,10,0,12
2024-07-13T14:28:23,2,10,0,12
2024-07-13T14:44:04,2,10,0,12
2024-07-13T14:59:53,2,10,0,12
2024-07-13T15:15:34,2,10,0,12
2024-07-13T15:31:22,2,10,0,12
2024-07-13T15:47:03,2,10,0,12
2024-07-13T16:02:43,2,10,0,12
2024-07-13T16:18:32,2,10,0,12
2024-07-13T16:34:11,2,10,0,12
2024-07-13T16:49:52,2,10,0,12
2024-07-13T17:05:41,2,10,0,12
2024-07-13T17:21:22,2,10,0,12
2024-07-13T17:37:11,2,10,0,12
2024-07-13T17:52:52,2,10,0,12
2024-07-13T18:08:32,2,10,0,12
2024-07-13T18:24:22,2,10,0,12
2024-07-13T18:40:03,2,10,0,12
2024-07-13T18:55:52,2,10,0,12
2024-07-13T19:11:33,2,10,0,12
2024-07-13T19:27:13,2,10,0,12
2024-07-13T19:43:02,2,10,0,12
2024-07-13T19:58:44,2,10,0,12
2024-07-13T20:14:35,2,10,0,12
2024-07-13T20:30:16,2,10,0,12
2024-07-13T20:45:57,2,10,0,12
2024-07-13T21:01:46,2,10,0,12
2024-07-13T21:17:27,2,10,0,12
2024-07-13T21:33:08,2,10,0,12
2024-07-13T21:48:58,2,10,0,12
2024-07-13T22:04:39,2,10,0,12
2024-07-13T22:20:30,2,10,0,12
2024-07-13T22:36:11,2,10,0,12
2024-07-13T22:52:00,2,10,0,12
2024-07-13T23:07:42,2,10,0,12
2024-07-13T23:23:24,2,10,0,12
2024-07-13T23:39:14,2,10,0,12
2024-07-13T23:54:56,2,10,0,12
2024-07-14T00:10:51,2,10,0,12
2024-07-14T00:26:41,2,10,0,12
2024-07-14T00:42:36,2,10,0,12
2024-07-14T00:58:22,2,10,0,12
2024-07-14T01:14:06,2,10,0,12
2024-07-14T01:29:58,2,10,0,12
2024-07-14T01:45:43,2,10,0,12
2024-07-14T02:01:28,2,10,0,12
2024-07-14T02:17:14,2,10,0,12
2024-07-14T02:33:19,2,10,0,12
2024-07-14T02:49:02,2,10,0,12
2024-07-14T03:04:46,2,10,0,12
2024-07-14T03:20:39,2,10,0,12
2024-07-14T03:36:24,2,10,0,12
2024-07-14T03:52:17,2,10,0,12
2024-07-14T04:08:03,2,10,0,12
2024-07-14T04:29:53,2,10,0,12
2024-07-14T04:45:43,2,10,0,12
2024-07-14T05:01:38,2,10,0,12
2024-07-14T05:17:23,2,10,0,12
2024-07-14T05:33:07,2,10,0,12
2024-07-14T05:49:04,2,10,0,12
2024-07-14T06:04:51,2,10,0,12
2024-07-14T06:20:35,2,10,0,12
2024-07-14T06:36:28,2,10,0,12
2024-07-14T06:52:12,2,10,0,12
2024-07-14T07:07:54,2,10,0,12
2024-07-14T07:23:46,2,10,0,12
2024-07-14T07:39:29,2,10,0,12
2024-07-14T07:55:12,2,10,0,12
2024-07-14T08:11:01,2,10,0,12
2024-07-14T08:26:45,2,10,0,12
2024-07-14T08:42:31,2,10,0,12
2024-07-14T08:58:29,2,10,0,12
2024-07-14T09:14:13,2,10,0,12
2024-07-14T09:30:04,2,10,0,12
2024-07-14T09:45:48,2,10,0,12
2024-07-14T10:01:32,2,10,0,12
2024-07-14T10:17:30,2,10,0,12
2024-07-14T10:33:14,2,10,0,12
2024-07-14T10:48:56,2,10,0,12
2024-07-14T11:04:47,2,10,0,12
2024-07-14T11:20:28,2,10,0,12
2024-07-14T11:36:17,2,10,0,12
2024-07-14T11:51:58,2,10,0,12
2024-07-14T12:07:40,2,10,0,12
2024-07-14T12:23:35,2,10,0,12
2024-07-14T12:39:17,2,10,0,12
2024-07-14T12:55:06,2,10,0,12
2024-07-14T13:10:47,2,10,0,12
2024-07-14T13:26:29,2,10,0,12
2024-07-14T13:42:25,2,10,0,12
2024-07-14T13:58:06,2,10,0,12
2024-07-14T14:13:50,2,10,0,12
2024-07-14T14:29:38,2,10,0,12
2024-07-14T14:45:19,2,10,0,12
2024-07-14T15:01:09,2,10,0,12
2024-07-14T15:16:51,2,10,0,12
2024-07-14T15:32:32,2,10,0,12
2024-07-14T15:48:26,2,10,0,12
2024-07-14T16:04:09,2,10,0,12
2024-07-14T16:19:51,2,10,0,12
2024-07-14T16:35:43,2,10,0,12
2024-07-14T16:51:26,2,10,0,12
2024-07-14T17:07:15,2,10,0,12
2024-07-14T17:22:59,2,10,0,12
2024-07-14T17:38:41,2,10,0,12
2024-07-14T17:54:30,2,10,0,12
2024-07-14T18:10:12,2,10,0,12
2024-07-14T18:26:02,2,10,0,12
2024-07-14T18:41:45,2,10,0,12
2024-07-14T18:57:29,2,10,0,12
2024-07-14T19:13:29,2,10,0,12
2024-07-14T19:29:14,2,10,0,12
2024-07-14T19:44:59,2,10,0,12
2024-07-14T20:00:52,2,10,0,12
2024-07-14T20:16:35,2,10,0,12
2024-07-14T20:32:33,2,10,0,12
2024-07-14T20:48:14,2,10,0,12
2024-07-14T21:03:56,2,10,0,12
2024-07-14T21:19:49,2,10,0,12
2024-07-14T21:35:33,2,10,0,12
2024-07-14T21:51:33,2,10,0,12
2024-07-14T22:07:18,2,10,0,12
2024-07-14T22:23:00,2,10,0,12
2024-07-14T22:38:51,2,10,0,12
2024-07-14T22:54:33,2,10,0,12
2024-07-14T23:10:16,2,10,0,12
2024-07-14T23:26:07,2,10,0,12
2024-07-14T23:41:50,2,10,0,12
2024-07-14T23:57:42,2,10,0,12
2024-07-15T00:13:29,2,10,0,12
2024-07-15T00:29:20,2,10,0,12
2024-07-15T00:45:18,2,10,0,12
2024-07-15T01:01:08,2,10,0,12
2024-07-15T01:17:02,2,10,0,12
2024-07-15T01:32:56,2,10,0,12
2024-07-15T01:48:42,2,10,0,12
2024-07-15T02:04:36,2,10,0,12
2024-07-15T02:20:32,2,10,0,12
2024-07-15T02:36:15,2,10,0,12
2024-07-15T02:52:08,2,10,0,12
2024-07-15T03:07:52,2,10,0,12
2024-07-15T03:23:37,2,10,0,12
2024-07-15T03:39:30,2,10,0,12
2024-07-15T03:55:15,2,10,0,12
2024-07-15T04:16:29,2,10,0,12
2024-07-15T04:33:29,2,10,0,12
2024-07-15T04:49:34,2,10,0,12
2024-07-15T05:05:34,2,10,0,12
2024-07-15T05:21:22,2,10,0,12
2024-07-15T05:37:09,2,10,0,12
2024-07-15T05:53:02,2,10,0,12
2024-07-15T06:08:47,2,10,0,12
2024-07-15T06:24:33,2,10,0,12
2024-07-15T06:40:26,2,10,0,12
2024-07-15T06:56:10,2,10,0,12
2024-07-15T07:11:57,2,10,0,12
2024-07-15T07:27:53,2,10,0,12
2024-07-15T07:43:35,2,10,0,12
2024-07-15T07:59:25,2,10,0,12
2024-07-15T08:15:08,2,10,0,12
2024-07-15T08:30:52,2,10,0,12
2024-07-15T08:46:49,2,10,0,12
2024-07-15T09:02:31,2,10,0,12
2024-07-15T09:18:13,2,10,0,12
2024-07-15T09:34:01,2,10,0,12
2024-07-15T09:49:44,2,10,0,12
2024-07-15T10:05:27,2,10,0,12
2024-07-15T10:21:09,2,10,0,12
2024-07-15T10:36:51,2,10,0,12
2024-07-15T10:52:43,2,10,0,12
2024-07-15T11:08:25,2,10,0,12
2024-07-15T11:24:09,2,10,0,12
2024-07-15T11:39:59,2,10,0,12
2024-07-15T11:55:42,2,10,0,12
2024-07-15T12:11:40,2,10,0,12
2024-07-15T12:27:22,2,10,0,12
2024-07-15T12:43:13,2,10,0,12
2024-07-15T12:58:56,2,10,0,12
2024-07-15T13:14:39,2,10,0,12
2024-07-15T13:30:33,2,10,0,12
2024-07-15T13:46:16,2,10,0,12
2024-07-15T14:02:08,2,10,0,12
2024-07-15T14:17:51,2,10,0,12
2024-07-15T14:33:50,2,10,0,12
2024-07-15T14:49:32,2,10,0,12
2024-07-15T15:05:15,2,10,0,12
2024-07-15T15:21:06,2,10,0,12
2024-07-15T15:36:48,2,10,0,12
2024-07-15T15:52:40,2,10,0,12
2024-07-15T16:08:24,2,10,0,12
2024-07-15T16:24:06,2,10,0,12
2024-07-15T16:39:49,2,10,0,12
2024-07-15T16:55:32,2,10,0,12
2024-07-15T17:11:15,2,10,0,12
2024-07-15T17:27:15,2,10,0,12
2024-07-15T17:42:56,2,10,0,12
2024-07-15T17:58:39,2,10,0,12
2024-07-15T18:14:22,2,10,0,12
2024-07-15T18:30:05,2,10,0,12
2024-07-15T18:45:47,2,10,0,12
2024-07-15T19:01:29,2,10,0,12
2024-07-15T19:17:12,2,10,0,12
2024-07-15T19:32:55,2,10,0,12
2024-07-15T19:48:37,2,10,0,12
2024-07-15T20:04:30,2,10,0,12
2024-07-15T20:20:13,2,10,0,12
2024-07-15T20:35:56,2,10,0,12
2024-07-15T20:51:39,2,10,0,12
2024-07-15T21:07:22,2,10,0,12
2024-07-15T21:23:06,2,10,0,12
2024-07-15T21:38:48,2,10,0,12
2024-07-15T21:54:42,2,10,0,12
2024-07-15T22:10:26,2,10,0,12
2024-07-15T22:26:08,2,10,0,12
2024-07-15T22:41:51,2,10,0,12
2024-07-15T22:57:34,2,10,0,12
2024-07-15T23:13:38,2,10,0,12
2024-07-15T23:29:22,2,10,0,12
2024-07-15T23:45:05,2,10,0,12
2024-07-16T00:00:49,2,10,0,12
2024-07-16T00:16:37,2,10,0,12
2024-07-16T00:32:43,2,10,0,12
2024-07-16T00:48:33,2,10,0,12
2024-07-16T01:04:21,2,10,0,12
2024-07-16T01:20:06,2,10,0,12
2024-07-16T01:35:52,2,10,0,12
2024-07-16T01:51:37,2,10,0,12
2024-07-16T02:07:30,2,10,0,12
2024-07-16T02:23:17,2,10,0,12
2024-07-16T02:39:03,2,10,0,12
2024-07-16T02:54:47,2,10,0,12
2024-07-16T03:10:32,2,10,0,12
2024-07-16T03:26:25,2,10,0,12
2024-07-16T03:42:08,2,10,0,12
2024-07-16T03:57:52,2,10,0,12
2024-07-16T04:16:47,2,10,0,12
2024-07-16T04:32:56,2,10,0,12
2024-07-16T04:48:46,2,10,0,12
2024-07-16T05:04:37,2,10,0,12
2024-07-16T05:20:28,2,10,0,12
2024-07-16T05:36:16,2,10,0,12
2024-07-16T05:52:03,2,10,0,12
2024-07-16T06:07:50,2,10,0,12
2024-07-16T06:23:35,2,10,0,12
2024-07-16T06:39:22,2,10,0,12
2024-07-16T06:55:07,2,10,0,12
2024-07-16T07:11:01,2,10,0,12
2024-07-16T07:26:49,2,10,0,12
2024-07-16T07:42:33,2,10,0,12
2024-07-16T07:58:17,2,10,0,12
2024-07-16T08:14:03,2,10,0,12
2024-07-16T08:29:48,2,10,0,12
2024-07-16T08:45:33,2,10,0,12
2024-07-16T09:01:27,2,10,0,12
2024-07-16T09:17:11,2,10,0,12
2024-07-16T09:32:57,2,10,0,12
2024-07-16T09:48:42,2,10,0,12
2024-07-16T10:04:25,2,10,0,12
2024-07-16T10:20:08,2,10,0,12
2024-07-16T10:35:51,2,10,0,12
2024-07-16T10:51:34,2,10,0,12
2024-07-16T11:07:27,2,10,0,12
2024-07-16T11:23:10,2,10,0,12
2024-07-16T11:38:53,2,10,0,12
2024-07-16T11:54:35,2,10,0,12
2024-07-16T12:10:17,2,10,0,12
2024-07-16T12:26:00,2,10,0,12
2024-07-16T12:41:43,2,10,0,12
2024-07-16T12:57:27,2,10,0,12
2024-07-16T13:13:10,2,10,0,12
2024-07-16T13:29:03,2,10,0,12
2024-07-16T13:44:47,2,10,0,12
2024-07-16T14:00:31,2,10,0,12
2024-07-16T14:16:14,2,10,0,12
2024-07-16T14:31:58,2,10,0,12
2024-07-16T14:47:42,2,10,0,12
2024-07-16T15:03:26,2,10,0,12
2024-07-16T15:19:09,2,10,0,12
2024-07-16T15:34:53,2,10,0,12
2024-07-16T15:50:38,2,10,0,12
2024-07-16T16:06:32,2,10,0,12
2024-07-16T16:22:16,2,10,0,12
2024-07-16T16:37:59,2,10,0,12
2024-07-16T16:53:42,2,10,0,12
2024-07-16T17:09:27,2,10,0,12
2024-07-16T17:25:12,2,10,0,12
2024-07-16T17:40:56,2,10,0,12
2024-07-16T17:56:40,2,10,0,12
2024-07-16T18:12:24,2,10,0,12
2024-07-16T18:28:07,2,10,0,12
2024-07-16T18:43:50,2,10,0,12
2024-07-16T18:59:33,2,10,0,12
2024-07-16T19:15:27,2,10,0,12
2024-07-16T19:31:11,2,10,0,12
2024-07-16T19:46:54,2,10,0,12
2024-07-16T20:02:37,2,10,0,12
2024-07-16T20:18:20,2,10,0,12
2024-07-16T20:34:03,2,10,0,12
2024-07-16T20:49:47,2,10,0,12
2024-07-16T21:05:30,2,10,0,12
2024-07-16T21:21:14,2,10,0,12
2024-07-16T21:36:58,2,10,0,12
2024-07-16T21:52:59,2,10,0,12
2024-07-16T22:08:44,2,10,0,12
2024-07-16T22:24:28,2,10,0,12
2024-07-16T22:40:12,2,10,0,12
2024-07-16T22:55:55,2,10,0,12
2024-07-16T23:11:39,2,10,0,12
2024-07-16T23:27:23,2,10,0,12
2024-07-16T23:43:08,2,10,0,12
2024-07-16T23:58:51,2,10,0,12
2024-07-17T00:14:39,2,10,0,12
2024-07-17T00:30:27,2,10,0,12
2024-07-17T00:46:15,2,10,0,12
2024-07-17T01:02:03,2,10,0,12
2024-07-17T01:17:51,2,10,0,12
2024-07-17T01:33:39,2,10,0,12
2024-07-17T01:49:27,2,10,0,12
2024-07-17T02:05:14,2,10,0,12
2024-07-17T02:21:10,2,10,0,12
2024-07-17T02:37:00,2,10,0,12
2024-07-17T02:52:47,2,10,0,12
2024-07-17T03:08:35,2,10,0,12
2024-07-17T03:24:23,2,10,0,12
2024-07-17T03:40:10,2,10,0,12
2024-07-17T03:55:57,2,10,0,12
2024-07-17T04:16:07,2,10,0,12
2024-07-17T04:32:19,2,10,0,12
2024-07-17T04:48:08,2,10,0,12
2024-07-17T05:03:56,2,10,0,12
2024-07-17T05:19:45,2,10,0,12
2024-07-17T05:35:32,2,10,0,12
2024-07-17T05:53:00,2,10,0,12
2024-07-17T06:08:50,2,10,0,12
2024-07-17T06:24:37,2,10,0,12
2024-07-17T06:40:23,2,10,0,12
2024-07-17T06:56:10,2,10,0,12
2024-07-17T07:11:59,2,10,0,12
2024-07-17T07:27:50,2,10,0,12
2024-07-17T07:43:36,2,10,0,12
2024-07-17T07:59:21,2,10,0,12
2024-07-17T08:15:09,2,10,0,12
2024-07-17T08:30:53,2,10,0,12
2024-07-17T08:46:38,2,10,0,12
2024-07-17T09:02:23,2,10,0,12
2024-07-17T09:18:07,2,10,0,12
2024-07-17T09:34:01,2,10,0,12
2024-07-17T09:49:45,2,10,0,12
2024-07-17T10:05:28,2,10,0,12
2024-07-17T10:21:12,2,10,0,12
2024-07-17T10:36:58,2,10,0,12
2024-07-17T10:52:42,2,10,0,12
2024-07-17T11:08:29,2,10,0,12
2024-07-17T11:24:15,2,10,0,12
2024-07-17T11:40:00,2,10,0,12
2024-07-17T11:55:45,2,10,0,12
2024-07-17T12:11:28,2,10,0,12
2024-07-17T12:27:23,2,10,0,12
2024-07-17T12:43:07,2,10,0,12
2024-07-17T12:58:51,2,10,0,12
2024-07-17T13:14:35,2,10,0,12
2024-07-17T13:30:20,2,10,0,12
2024-07-17T13:46:04,2,10,0,12
2024-07-17T14:01:47,2,10,0,12
2024-07-17T14:17:30,2,10,0,12
2024-07-17T14:33:14,2,10,0,12
2024-07-17T14:49:07,2,10,0,12
2024-07-17T15:04:50,2,10,0,12
2024-07-17T15:20:35,2,10,0,12
2024-07-17T15:36:18,2,10,0,12
2024-07-17T15:52:01,2,10,0,12
2024-07-17T16:07:44,2,10,0,12
2024-07-17T16:23:27,2,10,0,12
2024-07-17T16:39:11,2,10,0,12
2024-07-17T16:54:55,2,10,0,12
2024-07-17T17:10:49,2,10,0,12
2024-07-17T17:26:35,2,10,0,12
2024-07-17T17:42:18,2,10,0,12
2024-07-17T17:58:01,2,10,0,12
2024-07-17T18:13:47,2,10,0,12
2024-07-17T18:29:29,2,10,0,12
2024-07-17T18:45:12,2,10,0,12
2024-07-17T19:00:55,2,10,0,12
2024-07-17T19:16:48,2,10,0,12
2024-07-17T19:32:31,2,10,0,12
2024-07-17T19:48:14,2,10,0,12
2024-07-17T20:03:57,2,10,0,12
2024-07-17T20:19:40,2,10,0,12
2024-07-17T20:35:22,2,10,0,12
2024-07-17T20:51:06,2,10,0,12
2024-07-17T21:06:49,2,10,0,12
2024-07-17T21:22:32,2,10,0,12
2024-07-17T21:38:16,2,10,0,12
2024-07-17T21:54:11,2,10,0,12
2024-07-17T22:09:55,2,10,0,12
2024-07-17T22:25:38,2,10,0,12
2024-07-17T22:41:21,2,10,0,12
2024-07-17T22:57:15,2,10,0,12
2024-07-17T23:12:59,2,10,0,12
2024-07-17T23:28:43,2,10,0,12
2024-07-17T23:44:28,2,10,0,12
2024-07-18T00:00:11,2,10,0,12
2024-07-18T00:16:00,2,10,0,12
2024-07-18T00:31:50,2,10,0,12
2024-07-18T00:47:41,2,10,0,12
2024-07-18T01:03:30,2,10,0,12
2024-07-18T01:19:17,2,10,0,12
2024-07-18T01:35:03,2,10,0,12
2024-07-18T01:50:51,2,10,0,12
2024-07-18T02:06:37,2,10,0,12
2024-07-18T02:22:22,2,10,0,12
2024-07-18T02:38:08,2,10,0,12
2024-07-18T02:53:53,2,10,0,12
2024-07-18T03:09:50,2,10,0,12
2024-07-18T03:25:36,2,10,0,12
2024-07-18T03:41:21,2,10,0,12
2024-07-18T03:57:08,2,10,0,12
2024-07-18T04:12:56,2,10,0,12
2024-07-18T04:25:19,2,10,0,12
2024-07-18T04:41:32,2,10,0,12
2024-07-18T04:58:54,2,10,0,12
2024-07-18T05:14:44,2,10,0,12
2024-07-18T05:30:31,2,10,0,12
2024-07-18T05:46:19,2,10,0,12
2024-07-18T06:02:06,2,10,0,12
2024-07-18T06:17:52,2,10,0,12
2024-07-18T06:33:38,2,10,0,12
2024-07-18T06:49:27,2,10,0,12
2024-07-18T07:05:16,2,10,0,12
2024-07-18T07:21:03,2,10,0,12
2024-07-18T07:36:49,2,10,0,12
2024-07-18T07:52:36,2,10,0,12
2024-07-18T08:08:29,2,10,0,12
2024-07-18T08:24:15,2,10,0,12
2024-07-18T08:40:03,2,10,0,12
2024-07-18T08:55:49,2,10,0,12
2024-07-18T09:11:36,2,10,0,12
2024-07-18T09:27:20,2,10,0,12
2024-07-18T09:43:14,2,10,0,12
2024-07-18T09:58:58,2,10,0,12
2024-07-18T10:14:41,2,10,0,12
2024-07-18T10:30:25,2,10,0,12
2024-07-18T10:46:08,2,10,0,12
2024-07-18T11:01:52,2,10,0,12
2024-07-18T11:17:36,2,10,0,12
2024-07-18T11:33:19,2,10,0,12
2024-07-18T11:49:03,2,10,0,12
2024-07-18T12:04:47,2,10,0,12
2024-07-18T12:20:41,2,10,0,12
2024-07-18T12:36:25,2,10,0,12
2024-07-18T12:52:09,2,10,0,12
2024-07-18T13:07:53,2,10,0,12
2024-07-18T13:23:37,2,10,0,12
2024-07-18T13:39:21,2,10,0,12
2024-07-18T13:55:04,2,10,0,12
2024-07-18T14:10:47,2,10,0,12
2024-07-18T14:26:31,2,10,0,12
2024-07-18T14:42:15,2,10,0,12
2024-07-18T14:58:10,2,10,0,12
2024-07-18T15:13:53,2,10,0,12
2024-07-18T15:29:37,2,10,0,12
2024-07-18T15:45:22,2,10,0,12
2024-07-18T16:01:08,2,10,0,12
2024-07-18T16:16:51,2,10,0,12
2024-07-18T16:32:34,2,10,0,12
2024-07-18T16:48:18,2,10,0,12
2024-07-18T17:04:03,2,10,0,12
2024-07-18T17:19:59,2,10,0,12
2024-07-18T17:35:41,2,10,0,12
2024-07-18T17:51:24,2,10,0,12
2024-07-18T18:07:08,2,10,0,12
2024-07-18T18:22:53,2,10,0,12
2024-07-18T18:38:36,2,10,0,12
2024-07-18T18:54:20,2,10,0,12
2024-07-18T19:10:04,2,10,0,12
2024-07-18T19:25:47,2,10,0,12
2024-07-18T19:41:30,2,10,0,12
2024-07-18T19:57:13,2,10,0,12
2024-07-18T20:13:01,2,10,0,12
2024-07-18T20:28:53,2,10,0,12
2024-07-18T20:44:38,2,10,0,12
2024-07-18T21:00:21,2,10,0,12
2024-07-18T21:16:06,2,10,0,12
2024-07-18T21:31:52,2,10,0,12
2024-07-18T21:47:36,2,10,0,12
2024-07-18T22:03:25,2,10,0,12
2024-07-18T22:19:08,2,10,0,12
2024-07-18T22:34:52,2,10,0,12
2024-07-18T22:50:36,2,10,0,12
2024-07-18T23:06:21,2,10,0,12
2024-07-18T23:22:05,2,10,0,12
2024-07-18T23:37:50,2,10,0,12
2024-07-18T23:53:34,2,10,0,12
2024-07-19T00:09:19,2,10,0,12
2024-07-19T00:25:19,2,10,0,12
2024-07-19T00:41:08,2,10,0,12
2024-07-19T00:56:56,2,10,0,12
2024-07-19T01:12:43,2,10,0,12
2024-07-19T01:28:31,2,10,0,12
2024-07-19T01:44:21,2,10,0,12
2024-07-19T02:00:07,2,10,0,12
2024-07-19T02:15:54,2,10,0,12
2024-07-19T02:31:42,2,10,0,12
2024-07-19T02:47:30,2,10,0,12
2024-07-19T03:03:15,2,10,0,12
2024-07-19T03:19:03,2,10,0,12
2024-07-19T03:35:11,2,10,0,12
2024-07-19T03:50:59,2,10,0,12
2024-07-19T04:06:48,2,10,0,12
2024-07-19T04:27:25,2,10,0,12
2024-07-19T04:43:16,2,10,0,12
2024-07-19T04:59:04,2,10,0,12
2024-07-19T05:15:00,2,10,0,12
2024-07-19T05:30:47,2,10,0,12
2024-07-19T05:46:35,2,10,0,12
2024-07-19T06:02:21,2,10,0,12
2024-07-19T06:18:08,2,10,0,12
2024-07-19T06:33:55,2,10,0,12
2024-07-19T06:49:41,2,10,0,12
2024-07-19T07:05:29,2,10,0,12
2024-07-19T07:21:16,2,10,0,12
2024-07-19T07:37:01,2,10,0,12
2024-07-19T07:52:45,2,10,0,12
2024-07-19T08:08:34,2,10,0,12
2024-07-19T08:24:20,2,10,0,12
2024-07-19T08:40:03,2,10,0,12
2024-07-19T08:55:49,2,10,0,12
2024-07-19T09:11:33,2,10,0,12
2024-07-19T09:27:17,2,10,0,12
2024-07-19T09:43:01,2,10,0,12
2024-07-19T09:58:44,2,10,0,12
2024-07-19T10:14:36,2,10,0,12
2024-07-19T10:30:19,2,10,0,12
2024-07-19T10:46:03,2,10,0,12
2024-07-19T11:01:47,2,10,0,12
2024-07-19T11:17:32,2,10,0,12
2024-07-19T11:33:17,2,10,0,12
2024-07-19T11:49:00,2,10,0,12
2024-07-19T12:04:43,2,10,0,12
2024-07-19T12:20:29,2,10,0,12
2024-07-19T12:36:12,2,10,0,12
2024-07-19T12:51:56,2,10,0,12
2024-07-19T13:07:49,2,10,0,12
2024-07-19T13:23:33,2,10,0,12
2024-07-19T13:39:16,2,10,0,12
2024-07-19T13:55:00,2,10,0,12
2024-07-19T14:10:43,2,10,0,12
2024-07-19T14:26:27,2,10,0,12
2024-07-19T14:42:11,2,10,0,12
2024-07-19T14:57:55,2,10,0,12
2024-07-19T15:13:39,2,10,0,12
2024-07-19T15:29:22,2,10,0,12
2024-07-19T15:45:16,2,10,0,12
2024-07-19T16:00:59,2,10,0,12
2024-07-19T16:16:42,2,10,0,12
2024-07-19T16:32:25,2,10,0,12
2024-07-19T16:48:08,2,10,0,12
2024-07-19T17:03:51,2,10,0,12
2024-07-19T17:19:35,2,10,0,12
2024-07-19T17:35:19,2,10,0,12
2024-07-19T17:51:02,2,10,0,12
2024-07-19T18:06:47,2,10,0,12
2024-07-19T18:22:35,2,10,0,12
2024-07-19T18:38:22,2,10,0,12
2024-07-19T18:54:06,2,10,0,12
2024-07-19T19:09:50,2,10,0,12
2024-07-19T19:25:42,2,10,0,12
2024-07-19T19:41:25,2,10,0,12
2024-07-19T19:57:09,2,10,0,12
2024-07-19T20:12:52,2,10,0,12
2024-07-19T20:28:37,2,10,0,12
2024-07-19T20:44:19,2,10,0,12
2024-07-19T21:00:02,2,10,0,12
2024-07-19T21:15:46,2,10,0,12
2024-07-19T21:31:30,2,10,0,12
2024-07-19T21:47:17,2,10,0,12
2024-07-19T22:03:04,2,10,0,12
2024-07-19T22:18:48,2,10,0,12
2024-07-19T22:34:31,2,10,0,12
2024-07-19T22:50:14,2,10,0,12
2024-07-19T23:05:57,2,10,0,12
2024-07-19T23:21:50,2,10,0,12
2024-07-19T23:37:35,2,10,0,12
2024-07-19T23:53:19,2,10,0,12
2024-07-20T00:09:05,2,10,0,12
2024-07-20T00:24:53,2,10,0,12
2024-07-20T00:40:42,2,10,0,12
2024-07-20T00:56:31,2,10,0,12
2024-07-20T01:12:17,2,10,0,12
2024-07-20T01:28:05,2,10,0,12
2024-07-20T01:43:52,2,10,0,12
2024-07-20T01:59:38,2,10,0,12
2024-07-20T02:15:24,2,10,0,12
2024-07-20T02:31:17,2,10,0,12
2024-07-20T02:47:06,2,10,0,12
2024-07-20T03:02:49,2,10,0,12
2024-07-20T03:18:35,2,10,0,12
2024-07-20T03:34:20,2,10,0,12
2024-07-20T03:50:05,2,10,0,12
2024-07-20T04:06:02,2,10,0,12
2024-07-20T04:26:55,2,10,0,12
2024-07-20T04:42:46,2,10,0,12
2024-07-20T04:58:33,2,10,0,12
2024-07-20T05:14:17,2,10,0,12
2024-07-20T05:30:03,2,10,0,12
2024-07-20T05:46:07,2,10,0,12
2024-07-20T06:01:53,2,10,0,12
2024-07-20T06:17:39,2,10,0,12
2024-07-20T06:33:26,2,10,0,12
2024-07-20T06:49:12,2,10,0,12
2024-07-20T07:04:59,2,10,0,12
2024-07-20T07:20:46,2,10,0,12
2024-07-20T07:36:31,2,10,0,12
2024-07-20T07:52:16,2,10,0,12
2024-07-20T08:08:04,2,10,0,12
2024-07-20T08:23:52,2,10,0,12
2024-07-20T08:39:39,2,10,0,12
2024-07-20T08:55:25,2,10,0,12
2024-07-20T09:11:31,2,10,0,12
2024-07-20T09:27:17,2,10,0,12
2024-07-20T09:43:02,2,10,0,12
2024-07-20T09:58:48,2,10,0,12
2024-07-20T10:14:33,2,10,0,12
2024-07-20T10:30:20,2,10,0,12
2024-07-20T10:46:06,2,10,0,12
2024-07-20T11:01:50,2,10,0,12
2024-07-20T11:17:37,2,10,0,12
2024-07-20T11:33:22,2,10,0,12
2024-07-20T11:49:07,2,10,0,12
2024-07-20T12:04:52,2,10,0,12
2024-07-20T12:20:46,2,10,0,12
2024-07-20T12:36:30,2,10,0,12
2024-07-20T12:52:15,2,10,0,12
2024-07-20T13:07:59,2,10,0,12
2024-07-20T13:23:42,2,10,0,12
2024-07-20T13:39:25,2,10,0,12
2024-07-20T13:55:08,2,10,0,12
2024-07-20T14:10:51,2,10,0,12
2024-07-20T14:26:34,2,10,0,12
2024-07-20T14:42:17,2,10,0,12
2024-07-20T14:58:00,2,10,0,12
2024-07-20T15:13:42,2,10,0,12
2024-07-20T15:29:24,2,10,0,12
2024-07-20T15:45:30,2,10,0,12
2024-07-20T16:01:13,2,10,0,12
2024-07-20T16:16:56,2,10,0,12
2024-07-20T16:32:41,2,10,0,12
2024-07-20T16:48:25,2,10,0,12
2024-07-20T17:04:09,2,10,0,12
2024-07-20T17:19:52,2,10,0,12
2024-07-20T17:35:35,2,10,0,12
2024-07-20T17:51:18,2,10,0,12
2024-07-20T18:07:02,2,10,0,12
2024-07-20T18:22:45,2,10,0,12
2024-07-20T18:38:28,2,10,0,12
2024-07-20T18:54:10,2,10,0,12
2024-07-20T19:09:55,2,10,0,12
2024-07-20T19:25:37,2,10,0,12
2024-07-20T19:41:29,2,10,0,12
2024-07-20T19:57:12,2,10,0,12
2024-07-20T20:12:55,2,10,0,12
2024-07-20T20:28:38,2,10,0,12
2024-07-20T20:44:22,2,10,0,12
2024-07-20T21:00:05,2,10,0,12
2024-07-20T21:15:51,2,10,0,12
2024-07-20T21:31:34,2,10,0,12
2024-07-20T21:47:17,2,10,0,12
2024-07-20T22:03:14,2,10,0,12
2024-07-20T22:18:59,2,10,0,12
2024-07-20T22:34:44,2,10,0,12
2024-07-20T22:50:28,2,10,0,12
2024-07-20T23:06:12,2,10,0,12
2024-07-20T23:22:04,2,10,0,12
2024-07-20T23:37:47,2,10,0,12
2024-07-20T23:53:31,2,10,0,12
2024-07-21T00:09:15,2,10,0,12
2024-07-21T00:25:00,2,10,0,12
2024-07-21T00:41:33,2,10,0,12
2024-07-21T00:57:17,2,10,0,12
2024-07-21T01:13:00,2,10,0,12
2024-07-21T01:28:43,2,10,0,12
2024-07-21T01:44:26,2,10,0,12
2024-07-21T02:00:10,2,10,0,12
2024-07-21T02:15:54,2,10,0,12
2024-07-21T02:31:39,2,10,0,12
2024-07-21T02:47:27,2,10,0,12
2024-07-21T03:03:09,2,10,0,12
2024-07-21T03:18:53,2,10,0,12
2024-07-21T03:34:35,2,10,0,12
2024-07-21T03:50:26,2,10,0,12
2024-07-21T04:06:10,2,10,0,12
2024-07-21T04:22:12,2,10,0,12
2024-07-21T04:37:59,2,10,0,12
2024-07-21T04:53:45,2,10,0,12
2024-07-21T05:09:37,2,10,0,12
2024-07-21T05:25:24,2,10,0,12
2024-07-21T05:42:41,2,10,0,12
2024-07-21T06:01:12,2,10,0,12
2024-07-21T06:17:09,2,10,0,12
2024-07-21T06:32:56,2,10,0,12
2024-07-21T06:48:44,2,10,0,12
2024-07-21T07:04:30,2,10,0,12
2024-07-21T07:20:21,2,10,0,12
2024-07-21T07:36:16,2,10,0,12
2024-07-21T07:52:07,2,10,0,12
2024-07-21T08:07:59,2,10,0,12
2024-07-21T08:23:46,2,10,0,12
2024-07-21T08:39:35,2,10,0,12
2024-07-21T08:55:22,2,10,0,12
2024-07-21T09:11:11,2,10,0,12
2024-07-21T09:27:00,2,10,0,12
2024-07-21T09:42:58,2,10,0,12
2024-07-21T09:58:46,2,10,0,12
2024-07-21T10:14:37,2,10,0,12
2024-07-21T10:30:27,2,10,0,12
2024-07-21T10:46:15,2,10,0,12
2024-07-21T11:02:02,2,10,0,12
2024-07-21T11:17:47,2,10,0,12
2024-07-21T11:33:31,2,10,0,12
2024-07-21T11:49:14,2,10,0,12
2024-07-21T12:04:56,2,10,0,12
2024-07-21T12:20:38,2,10,0,12
2024-07-21T12:36:29,2,10,0,12
2024-07-21T12:52:12,2,10,0,12
2024-07-21T13:07:55,2,10,0,12
2024-07-21T13:23:38,2,10,0,12
2024-07-21T13:39:20,2,10,0,12
2024-07-21T13:55:04,2,10,0,12
2024-07-21T14:10:46,2,10,0,12
2024-07-21T14:26:29,2,10,0,12
2024-07-21T14:42:12,2,10,0,12
2024-07-21T14:57:55,2,10,0,12
2024-07-21T15:13:39,2,10,0,12
2024-07-21T15:29:30,2,10,0,12
2024-07-21T15:45:12,2,10,0,12
2024-07-21T16:00:54,2,10,0,12
2024-07-21T16:16:38,2,10,0,12
2024-07-21T16:32:21,2,10,0,12
2024-07-21T16:48:04,2,10,0,12
2024-07-21T17:03:46,2,10,0,12
2024-07-21T17:19:31,2,10,0,12
2024-07-21T17:35:13,2,10,0,12
2024-07-21T17:50:55,2,10,0,12
2024-07-21T18:06:38,2,10,0,12
2024-07-21T18:22:21,2,10,0,12
2024-07-21T18:38:03,2,10,0,12
2024-07-21T18:53:46,2,10,0,12
2024-07-21T19:09:39,2,10,0,12
2024-07-21T19:25:24,2,10,0,12
2024-07-21T19:41:09,2,10,0,12
2024-07-21T19:56:55,2,10,0,12
2024-07-21T20:12:39,2,10,0,12
2024-07-21T20:28:22,2,10,0,12
2024-07-21T20:44:05,2,10,0,12
2024-07-21T20:59:49,2,10,0,12
2024-07-21T21:15:35,2,10,0,12
2024-07-21T21:31:19,2,10,0,12
2024-07-21T21:47:04,2,10,0,12
2024-07-21T22:02:51,2,10,0,12
2024-07-21T22:18:34,2,10,0,12
2024-07-21T22:34:28,2,10,0,12
2024-07-21T22:50:13,2,10,0,12
2024-07-21T23:05:59,2,10,0,12
2024-07-21T23:21:42,2,10,0,12
2024-07-21T23:37:27,2,10,0,12
2024-07-21T23:53:11,2,10,0,12
2024-07-22T00:08:57,2,10,0,12
2024-07-22T00:24:47,2,10,0,12
2024-07-22T00:40:41,2,10,0,12
2024-07-22T00:56:28,2,10,0,12
2024-07-22T01:12:15,2,10,0,12
2024-07-22T01:28:06,2,10,0,12
2024-07-22T01:43:52,2,10,0,12
2024-07-22T01:59:37,2,10,0,12
2024-07-22T02:15:25,2,10,0,12
2024-07-22T02:31:20,2,10,0,12
2024-07-22T02:47:14,2,10,0,12
2024-07-22T03:02:59,2,10,0,12
2024-07-22T03:18:45,2,10,0,12
2024-07-22T03:34:31,2,10,0,12
2024-07-22T03:50:16,2,10,0,12
2024-07-22T04:06:03,2,10,0,12
2024-07-22T04:31:07,2,10,0,12
2024-07-22T04:46:58,2,10,0,12
2024-07-22T05:02:48,2,10,0,12
2024-07-22T05:18:41,2,10,0,12
2024-07-22T05:34:28,2,10,0,12
2024-07-22T05:50:17,2,10,0,12
2024-07-22T06:06:03,2,10,0,12
2024-07-22T06:21:51,2,10,0,12
2024-07-22T06:37:38,2,10,0,12
2024-07-22T06:53:24,2,10,0,12
2024-07-22T07:09:11,2,10,0,12
2024-07-22T07:24:55,2,10,0,12
2024-07-22T07:40:38,2,10,0,12
2024-07-22T07:56:21,2,10,0,12
2024-07-22T08:12:05,2,10,0,12
2024-07-22T08:27:50,2,10,0,12
2024-07-22T08:43:33,2,10,0,12
2024-07-22T08:59:18,2,10,0,12
2024-07-22T09:15:02,2,10,0,12
2024-07-22T09:30:49,2,10,0,12
2024-07-22T09:46:40,2,10,0,12
2024-07-22T10:02:23,2,10,0,12
2024-07-22T10:18:08,2,10,0,12
2024-07-22T10:33:51,2,10,0,12
2024-07-22T10:49:33,2,10,0,12
2024-07-22T11:05:18,2,10,0,12
2024-07-22T11:21:02,2,10,0,12
2024-07-22T11:36:46,2,10,0,12
2024-07-22T11:52:29,2,10,0,12
2024-07-22T12:08:14,2,10,0,12
2024-07-22T12:24:06,2,10,0,12
2024-07-22T12:39:48,2,10,0,12
2024-07-22T12:55:30,2,10,0,12
2024-07-22T13:11:13,2,10,0,12
2024-07-22T13:26:56,2,10,0,12
2024-07-22T13:42:40,2,10,0,12
2024-07-22T13:58:22,2,10,0,12
2024-07-22T14:14:05,2,10,0,12
2024-07-22T14:29:50,2,10,0,12
2024-07-22T14:45:43,2,10,0,12
2024-07-22T15:01:27,2,10,0,12
2024-07-22T15:17:10,2,10,0,12
2024-07-22T15:32:54,2,10,0,12
2024-07-22T15:48:37,2,10,0,12
2024-07-22T16:04:20,2,10,0,12
2024-07-22T16:20:03,2,10,0,12
2024-07-22T16:35:47,2,10,0,12
2024-07-22T16:51:30,2,10,0,12
2024-07-22T17:07:24,2,10,0,12
2024-07-22T17:23:08,2,10,0,12
2024-07-22T17:38:50,2,10,0,12
2024-07-22T17:54:34,2,10,0,12
2024-07-22T18:10:16,2,10,0,12
2024-07-22T18:25:59,2,10,0,12
2024-07-22T18:41:43,2,10,0,12
2024-07-22T18:57:25,2,10,0,12
2024-07-22T19:13:08,2,10,0,12
2024-07-22T19:28:52,2,10,0,12
2024-07-22T19:44:44,2,10,0,12
2024-07-22T20:00:27,2,10,0,12
2024-07-22T20:16:10,2,10,0,12
2024-07-22T20:31:52,2,10,0,12
2024-07-22T20:47:36,2,10,0,12
2024-07-22T21:03:19,2,10,0,12
2024-07-22T21:19:03,2,10,0,12
2024-07-22T21:34:46,2,10,0,12
2024-07-22T21:50:31,2,10,0,12
2024-07-22T22:06:14,2,10,0,12
2024-07-22T22:21:57,2,10,0,12
2024-07-22T22:37:41,2,10,0,12
2024-07-22T22:53:34,2,10,0,12
2024-07-22T23:09:20,2,10,0,12
2024-07-22T23:25:05,2,10,0,12
2024-07-22T23:40:48,2,10,0,12
2024-07-22T23:56:34,2,10,0,12
2024-07-23T00:12:26,2,10,0,12
2024-07-23T00:28:21,2,10,0,12
2024-07-23T00:44:12,2,10,0,12
2024-07-23T00:59:59,2,10,0,12
2024-07-23T01:15:46,2,10,0,12
2024-07-23T01:31:33,2,10,0,12
2024-07-23T01:47:19,2,10,0,12
2024-07-23T02:03:20,2,10,0,12
2024-07-23T02:19:12,2,10,0,12
2024-07-23T02:34:59,2,10,0,12
2024-07-23T02:50:43,2,10,0,12
2024-07-23T03:06:26,2,10,0,12
2024-07-23T03:22:12,2,10,0,12
2024-07-23T03:37:57,2,10,0,12
2024-07-23T03:53:44,2,10,0,12
2024-07-23T04:09:32,2,10,0,12
2024-07-23T04:21:14,2,10,0,12
2024-07-23T04:37:04,2,10,0,12
2024-07-23T04:52:52,2,10,0,12
2024-07-23T05:08:40,2,10,0,12
2024-07-23T05:24:28,2,10,0,12
2024-07-23T05:40:16,2,10,0,12
2024-07-23T05:56:31,2,10,0,12
2024-07-23T06:12:17,2,10,0,12
2024-07-23T06:28:03,2,10,0,12
2024-07-23T06:43:49,2,10,0,12
2024-07-23T06:59:36,2,10,0,12
2024-07-23T07:15:26,2,10,0,12
2024-07-23T07:31:12,2,10,0,12
2024-07-23T07:46:58,2,10,0,12
2024-07-23T08:02:43,2,10,0,12
2024-07-23T08:18:29,2,10,0,12
2024-07-23T08:34:15,2,10,0,12
2024-07-23T08:50:01,2,10,0,12
2024-07-23T09:05:46,2,10,0,12
2024-07-23T09:21:34,2,10,0,12
2024-07-23T09:37:30,2,10,0,12
2024-07-23T09:53:16,2,10,0,12
2024-07-23T10:10:12,2,10,0,12
2024-07-23T10:25:58,2,10,0,12
2024-07-23T10:41:42,2,10,0,12
2024-07-23T10:57:26,2,10,0,12
2024-07-23T11:13:10,2,10,0,12
2024-07-23T11:28:53,2,10,0,12
2024-07-23T11:44:35,2,10,0,12
2024-07-23T12:00:29,2,10,0,12
2024-07-23T12:16:13,2,10,0,12
2024-07-23T12:31:57,2,10,0,12
2024-07-23T12:47:40,2,10,0,12
2024-07-23T13:03:24,2,10,0,12
2024-07-23T13:19:08,2,10,0,12
2024-07-23T13:34:52,2,10,0,12
2024-07-23T13:50:36,2,10,0,12
2024-07-23T14:06:28,2,10,0,12
2024-07-23T14:22:11,2,10,0,12
2024-07-23T14:37:55,2,10,0,12
2024-07-23T14:53:39,2,10,0,12
2024-07-23T15:09:22,2,10,0,12
2024-07-23T15:25:06,2,10,0,12
2024-07-23T15:40:49,2,10,0,12
2024-07-23T15:56:32,2,10,0,12
2024-07-23T16:12:16,2,10,0,12
2024-07-23T16:27:59,2,10,0,12
2024-07-23T16:43:52,2,10,0,12
2024-07-23T16:59:35,2,10,0,12
2024-07-23T17:15:19,2,10,0,12
2024-07-23T17:31:02,2,10,0,12
2024-07-23T17:46:45,2,10,0,12
2024-07-23T18:02:29,2,10,0,12
2024-07-23T18:18:12,2,10,0,12
2024-07-23T18:33:55,2,10,0,12
2024-07-23T18:49:37,2,10,0,12
2024-07-23T19:05:21,2,10,0,12
2024-07-23T19:21:03,2,10,0,12
2024-07-23T19:36:56,2,10,0,12
2024-07-23T19:52:39,2,10,0,12
2024-07-23T20:08:21,2,10,0,12
2024-07-23T20:24:05,2,10,0,12
2024-07-23T20:39:48,2,10,0,12
2024-07-23T20:55:31,2,10,0,12
2024-07-23T21:11:14,2,10,0,12
2024-07-23T21:26:59,2,10,0,12
2024-07-23T21:42:43,2,10,0,12
2024-07-23T21:58:25,2,10,0,12
2024-07-23T22:14:08,2,10,0,12
2024-07-23T22:29:51,2,10,0,12
2024-07-23T22:45:43,2,10,0,12
2024-07-23T23:01:26,2,10,0,12
2024-07-23T23:17:10,2,10,0,12
2024-07-23T23:32:53,2,10,0,12
2024-07-23T23:48:37,2,10,0,12
2024-07-24T00:04:22,2,10,0,12
2024-07-24T00:20:10,2,10,0,12
2024-07-24T00:35:55,2,10,0,12
2024-07-24T00:51:45,2,10,0,12
2024-07-24T01:07:33,2,10,0,12
2024-07-24T01:23:20,2,10,0,12
2024-07-24T01:39:16,2,10,0,12
2024-07-24T01:55:03,2,10,0,12
2024-07-24T02:10:50,2,10,0,12
2024-07-24T02:26:53,2,10,0,12
2024-07-24T02:42:40,2,10,0,12
2024-07-24T02:58:25,2,10,0,12
2024-07-24T03:14:10,2,10,0,12
2024-07-24T03:29:56,2,10,0,12
2024-07-24T03:45:44,2,10,0,12
2024-07-24T04:01:32,2,10,0,12
2024-07-24T04:16:46,2,10,0,12
2024-07-24T04:33:04,2,10,0,12
2024-07-24T04:48:53,2,10,0,12
2024-07-24T05:04:41,2,10,0,12
2024-07-24T05:20:30,2,10,0,12
2024-07-24T05:36:17,2,10,0,12
2024-07-24T05:52:05,2,10,0,12
2024-07-24T06:07:52,2,10,0,12
2024-07-24T06:23:38,2,10,0,12
2024-07-24T06:39:25,2,10,0,12
2024-07-24T06:55:11,2,10,0,12
2024-07-24T07:10:59,2,10,0,12
2024-07-24T07:26:45,2,10,0,12
2024-07-24T07:42:30,2,10,0,12
2024-07-24T07:58:15,2,10,0,12
2024-07-24T08:14:05,2,10,0,12
2024-07-24T08:29:52,2,10,0,12
2024-07-24T08:45:38,2,10,0,12
2024-07-24T09:01:34,2,10,0,12
2024-07-24T09:17:19,2,10,0,12
2024-07-24T09:33:03,2,10,0,12
2024-07-24T09:48:47,2,10,0,12
2024-07-24T10:04:30,2,10,0,12
2024-07-24T10:20:12,2,10,0,12
2024-07-24T10:35:55,2,10,0,12
2024-07-24T10:51:39,2,10,0,12
2024-07-24T11:07:22,2,10,0,12
2024-07-24T11:23:05,2,10,0,12
2024-07-24T11:38:57,2,10,0,12
2024-07-24T11:54:40,2,10,0,12
2024-07-24T12:10:23,2,10,0,12
2024-07-24T12:26:05,2,10,0,12
2024-07-24T12:41:48,2,10,0,12
2024-07-24T12:57:29,2,10,0,12
2024-07-24T13:13:11,2,10,0,12
2024-07-24T13:28:53,2,10,0,12
2024-07-24T13:44:47,2,10,0,12
2024-07-24T14:00:29,2,10,0,12
2024-07-24T14:16:11,2,10,0,12
2024-07-24T14:31:54,2,10,0,12
2024-07-24T14:47:38,2,10,0,12
2024-07-24T15:03:20,2,10,0,12
2024-07-24T15:19:04,2,10,0,12
2024-07-24T15:34:47,2,10,0,12
2024-07-24T15:50:31,2,10,0,12
2024-07-24T16:06:25,2,10,0,12
2024-07-24T16:22:07,2,10,0,12
2024-07-24T16:37:50,2,10,0,12
2024-07-24T16:53:33,2,10,0,12
2024-07-24T17:09:16,2,10,0,12
2024-07-24T17:24:59,2,10,0,12
2024-07-24T17:40:41,2,10,0,12
2024-07-24T17:56:24,2,10,0,12
2024-07-24T18:12:08,2,10,0,12
2024-07-24T18:27:51,2,10,0,12
2024-07-24T18:43:44,2,10,0,12
2024-07-24T18:59:27,2,10,0,12
2024-07-24T19:15:09,2,10,0,12
2024-07-24T19:30:51,2,10,0,12
2024-07-24T19:46:34,2,10,0,12
2024-07-24T20:02:16,2,10,0,12
2024-07-24T20:17:59,2,10,0,12
2024-07-24T20:33:41,2,10,0,12
2024-07-24T20:49:24,2,10,0,12
2024-07-24T21:05:17,2,10,0,12
2024-07-24T21:21:01,2,10,0,12
2024-07-24T21:36:44,2,10,0,12
2024-07-24T21:52:27,2,10,0,12
2024-07-24T22:08:10,2,10,0,12
2024-07-24T22:23:52,2,10,0,12
2024-07-24T22:39:35,2,10,0,12
2024-07-24T22:55:17,2,10,0,12
2024-07-24T23:10:59,2,10,0,12
2024-07-24T23:26:42,2,10,0,12
2024-07-24T23:42:34,2,10,0,12
2024-07-24T23:58:17,2,10,0,12
2024-07-25T00:14:06,2,10,0,12
2024-07-25T00:29:55,2,10,0,12
2024-07-25T00:45:42,2,10,0,12
2024-07-25T01:01:33,2,10,0,12
2024-07-25T01:17:21,2,10,0,12
2024-07-25T01:33:08,2,10,0,12
2024-07-25T01:48:53,2,10,0,12
2024-07-25T02:04:39,2,10,0,12
2024-07-25T02:20:23,2,10,0,12
2024-07-25T02:36:08,2,10,0,12
2024-07-25T02:51:52,2,10,0,12
2024-07-25T03:07:37,2,10,0,12
2024-07-25T03:23:22,2,10,0,12
2024-07-25T03:39:14,2,10,0,12
2024-07-25T03:54:59,2,10,0,12
2024-07-25T04:10:45,2,10,0,12
2024-07-25T04:26:28,2,10,0,12
2024-07-25T04:42:17,2,10,0,12
2024-07-25T04:58:04,2,10,0,12
2024-07-25T05:13:59,2,10,0,12
2024-07-25T05:29:45,2,10,0,12
2024-07-25T05:45:33,2,10,0,12
2024-07-25T06:01:19,2,10,0,12
2024-07-25T06:17:05,2,10,0,12
2024-07-25T06:32:51,2,10,0,12
2024-07-25T06:48:36,2,10,0,12
2024-07-25T07:04:22,2,10,0,12
2024-07-25T07:20:06,2,10,0,12
2024-07-25T07:35:49,2,10,0,12
2024-07-25T07:51:35,2,10,0,12
2024-07-25T08:07:19,2,10,0,12
2024-07-25T08:23:02,2,10,0,12
2024-07-25T08:38:47,2,10,0,12
2024-07-25T08:54:33,2,10,0,12
2024-07-25T09:10:32,2,10,0,12
2024-07-25T09:26:18,2,10,0,12
2024-07-25T09:42:04,2,10,0,12
2024-07-25T09:57:49,2,10,0,12
2024-07-25T10:13:33,2,10,0,12
2024-07-25T10:29:16,2,10,0,12
2024-07-25T10:45:00,2,10,0,12
2024-07-25T11:00:46,2,10,0,12
2024-07-25T11:16:30,2,10,0,12
2024-07-25T11:32:14,2,10,0,12
2024-07-25T11:48:07,2,10,0,12
2024-07-25T12:03:50,2,10,0,12
2024-07-25T12:19:33,2,10,0,12
2024-07-25T12:35:17,2,10,0,12
2024-07-25T12:51:02,2,10,0,12
2024-07-25T13:06:46,2,10,0,12
2024-07-25T13:22:29,2,10,0,12
2024-07-25T13:38:12,2,10,0,12
2024-07-25T13:54:07,2,10,0,12
2024-07-25T14:09:51,2,10,0,12
2024-07-25T14:25:34,2,10,0,12
2024-07-25T14:41:18,2,10,0,12
2024-07-25T14:57:02,2,10,0,12
2024-07-25T15:12:45,2,10,0,12
2024-07-25T15:28:28,2,10,0,12
2024-07-25T15:44:27,2,10,0,12
2024-07-25T16:00:10,2,10,0,12
2024-07-25T16:15:55,2,10,0,12
2024-07-25T16:31:38,2,10,0,12
2024-07-25T16:47:21,2,10,0,12
2024-07-25T17:03:05,2,10,0,12
2024-07-25T17:18:51,2,10,0,12
2024-07-25T17:34:35,2,10,0,12
2024-07-25T17:50:17,2,10,0,12
2024-07-25T18:06:12,2,10,0,12
2024-07-25T18:21:55,2,10,0,12
2024-07-25T18:37:37,2,10,0,12
2024-07-25T18:53:20,2,10,0,12
2024-07-25T19:09:04,2,10,0,12
2024-07-25T19:24:46,2,10,0,12
2024-07-25T19:40:29,2,10,0,12
2024-07-25T19:56:13,2,10,0,12
2024-07-25T20:11:55,2,10,0,12
2024-07-25T20:27:38,2,10,0,12
2024-07-25T20:43:21,2,10,0,12
2024-07-25T20:59:22,2,10,0,12
2024-07-25T21:15:06,2,10,0,12
2024-07-25T21:30:50,2,10,0,12
2024-07-25T21:46:36,2,10,0,12
2024-07-25T22:02:20,2,10,0,12
2024-07-25T22:18:03,2,10,0,12
2024-07-25T22:33:46,2,10,0,12
2024-07-25T22:49:29,2,10,0,12
2024-07-25T23:05:12,2,10,0,12
2024-07-25T23:20:57,2,10,0,12
2024-07-25T23:36:40,2,10,0,12
2024-07-25T23:52:23,2,10,0,12
2024-07-26T00:08:09,2,10,0,12
2024-07-26T00:24:07,2,10,0,12
2024-07-26T00:39:56,2,10,0,12
2024-07-26T00:55:46,2,10,0,12
2024-07-26T01:11:36,2,10,0,12
2024-07-26T01:27:24,2,10,0,12
2024-07-26T01:43:11,2,10,0,12
2024-07-26T01:58:58,2,10,0,12
2024-07-26T02:14:44,2,10,0,12
2024-07-26T02:30:29,2,10,0,12
2024-07-26T02:46:17,2,10,0,12
2024-07-26T03:02:00,2,10,0,12
2024-07-26T03:17:45,2,10,0,12
2024-07-26T03:33:30,2,10,0,12
2024-07-26T03:49:15,2,10,0,12
2024-07-26T04:05:02,2,10,0,12
2024-07-26T04:17:11,2,10,0,12
2024-07-26T04:33:01,2,10,0,12
2024-07-26T04:48:50,2,10,0,12
2024-07-26T05:04:36,2,10,0,12
2024-07-26T05:20:23,2,10,0,12
2024-07-26T05:36:11,2,10,0,12
2024-07-26T05:52:09,2,10,0,12
2024-07-26T06:07:56,2,10,0,12
2024-07-26T06:23:40,2,10,0,12
2024-07-26T06:39:27,2,10,0,12
2024-07-26T06:55:14,2,10,0,12
2024-07-26T07:11:04,2,10,0,12
2024-07-26T07:26:50,2,10,0,12
2024-07-26T07:42:36,2,10,0,12
2024-07-26T07:58:20,2,10,0,12
2024-07-26T08:14:09,2,10,0,12
2024-07-26T08:29:57,2,10,0,12
2024-07-26T08:45:46,2,10,0,12
2024-07-26T09:01:30,2,10,0,12
2024-07-26T09:17:15,2,10,0,12
2024-07-26T09:33:09,2,10,0,12
2024-07-26T09:48:54,2,10,0,12
2024-07-26T10:04:39,2,10,0,12
2024-07-26T10:20:25,2,10,0,12
2024-07-26T10:36:10,2,10,0,12
2024-07-26T10:51:53,2,10,0,12
2024-07-26T11:07:36,2,10,0,12
2024-07-26T11:23:19,2,10,0,12
2024-07-26T11:39:03,2,10,0,12
2024-07-26T11:54:46,2,10,0,12
2024-07-26T12:10:38,2,10,0,12
2024-07-26T12:26:22,2,10,0,12
2024-07-26T12:42:06,2,10,0,12
2024-07-26T12:57:51,2,10,0,12
2024-07-26T13:13:35,2,10,0,12
2024-07-26T13:29:18,2,10,0,12
2024-07-26T13:45:04,2,10,0,12
2024-07-26T14:00:47,2,10,0,12
2024-07-26T14:16:31,2,10,0,12
2024-07-26T14:32:16,2,10,0,12
2024-07-26T14:48:10,2,10,0,12
2024-07-26T15:03:53,2,10,0,12
2024-07-26T15:19:36,2,10,0,12
2024-07-26T15:35:21,2,10,0,12
2024-07-26T15:51:04,2,10,0,12
2024-07-26T16:06:49,2,10,0,12
2024-07-26T16:22:33,2,10,0,12
2024-07-26T16:38:16,2,10,0,12
2024-07-26T16:54:00,2,10,0,12
2024-07-26T17:09:53,2,10,0,12
2024-07-26T17:25:39,2,10,0,12
2024-07-26T17:41:23,2,10,0,12
2024-07-26T17:57:08,2,10,0,12
2024-07-26T18:12:52,2,10,0,12
2024-07-26T18:28:36,2,10,0,12
2024-07-26T18:44:20,2,10,0,12
2024-07-26T19:00:04,2,10,0,12
2024-07-26T19:15:58,2,10,0,12
2024-07-26T19:31:42,2,10,0,12
2024-07-26T19:47:25,2,10,0,12
2024-07-26T20:03:10,2,10,0,12
2024-07-26T20:18:53,2,10,0,12
2024-07-26T20:34:37,2,10,0,12
2024-07-26T20:50:21,2,10,0,12
2024-07-26T21:06:04,2,10,0,12
2024-07-26T21:21:49,2,10,0,12
2024-07-26T21:37:32,2,10,0,12
2024-07-26T21:53:16,2,10,0,12
2024-07-26T22:09:09,2,10,0,12
2024-07-26T22:24:53,2,10,0,12
2024-07-26T22:40:37,2,10,0,12
2024-07-26T22:56:20,2,10,0,12
2024-07-26T23:12:05,2,10,0,12
2024-07-26T23:27:50,2,10,0,12
2024-07-26T23:43:33,2,10,0,12
2024-07-26T23:59:17,2,10,0,12
2024-07-27T00:15:08,2,10,0,12
2024-07-27T00:30:57,2,10,0,12
2024-07-27T00:46:47,2,10,0,12
2024-07-27T01:02:37,2,10,0,12
2024-07-27T01:18:27,2,10,0,12
2024-07-27T01:34:13,2,10,0,12
2024-07-27T01:50:00,2,10,0,12
2024-07-27T02:05:55,2,10,0,12
2024-07-27T02:21:42,2,10,0,12
2024-07-27T02:37:31,2,10,0,12
2024-07-27T02:53:18,2,10,0,12
2024-07-27T03:09:02,2,10,0,12
2024-07-27T03:24:48,2,10,0,12
2024-07-27T03:40:33,2,10,0,12
2024-07-27T03:56:19,2,10,0,12
2024-07-27T04:12:07,2,10,0,12
2024-07-27T04:28:50,2,10,0,12
2024-07-27T04:44:41,2,10,0,12
2024-07-27T05:00:27,2,10,0,12
2024-07-27T05:16:13,2,10,0,12
2024-07-27T05:31:56,2,10,0,12
2024-07-27T05:47:40,2,10,0,12
2024-07-27T06:03:30,2,10,0,12
2024-07-27T06:19:42,2,10,0,12
2024-07-27T06:35:28,2,10,0,12
2024-07-27T06:51:15,2,10,0,12
2024-07-27T07:07:04,2,10,0,12
2024-07-27T07:22:51,2,10,0,12
2024-07-27T07:38:37,2,10,0,12
2024-07-27T07:54:22,2,10,0,12
2024-07-27T08:10:09,2,10,0,12
2024-07-27T08:25:55,2,10,0,12
2024-07-27T08:41:42,2,10,0,12
2024-07-27T08:57:29,2,10,0,12
2024-07-27T09:13:15,2,10,0,12
2024-07-27T09:29:02,2,10,0,12
2024-07-27T09:44:57,2,10,0,12
2024-07-27T10:00:43,2,10,0,12
2024-07-27T10:16:29,2,10,0,12
2024-07-27T10:32:16,2,10,0,12
2024-07-27T10:48:02,2,10,0,12
2024-07-27T11:03:48,2,10,0,12
2024-07-27T11:19:35,2,10,0,12
2024-07-27T11:35:19,2,10,0,12
2024-07-27T11:51:04,2,10,0,12
2024-07-27T12:06:50,2,10,0,12
2024-07-27T12:22:34,2,10,0,12
2024-07-27T12:38:19,2,10,0,12
2024-07-27T12:54:04,2,10,0,12
2024-07-27T13:09:49,2,10,0,12
2024-07-27T13:25:43,2,10,0,12
2024-07-27T13:41:29,2,10,0,12
2024-07-27T13:57:13,2,10,0,12
2024-07-27T14:12:56,2,10,0,12
2024-07-27T14:28:40,2,10,0,12
2024-07-27T14:44:23,2,10,0,12
2024-07-27T15:00:06,2,10,0,12
2024-07-27T15:15:49,2,10,0,12
2024-07-27T15:31:32,2,10,0,12
2024-07-27T15:47:16,2,10,0,12
2024-07-27T16:02:58,2,10,0,12
2024-07-27T16:18:42,2,10,0,12
2024-07-27T16:34:26,2,10,0,12
2024-07-27T16:50:09,2,10,0,12
2024-07-27T17:06:03,2,10,0,12
2024-07-27T17:21:46,2,10,0,12
2024-07-27T17:37:29,2,10,0,12
2024-07-27T17:53:13,2,10,0,12
2024-07-27T18:08:56,2,10,0,12
2024-07-27T18:24:40,2,10,0,12
2024-07-27T18:40:24,2,10,0,12
2024-07-27T18:56:07,2,10,0,12
2024-07-27T19:11:52,2,10,0,12
2024-07-27T19:27:35,2,10,0,12
2024-07-27T19:43:19,2,10,0,12
2024-07-27T19:59:02,2,10,0,12
2024-07-27T20:14:46,2,10,0,12
2024-07-27T20:30:28,2,10,0,12
2024-07-27T20:46:11,2,10,0,12
2024-07-27T21:01:55,2,10,0,12
2024-07-27T21:17:40,2,10,0,12
2024-07-27T21:33:24,2,10,0,12
2024-07-27T21:49:08,2,10,0,12
2024-07-27T22:04:59,2,10,0,12
2024-07-27T22:20:43,2,10,0,12
2024-07-27T22:36:27,2,10,0,12
2024-07-27T22:52:10,2,10,0,12
2024-07-27T23:07:54,2,10,0,12
2024-07-27T23:23:38,2,10,0,12
2024-07-27T23:39:23,2,10,0,12
2024-07-27T23:55:07,2,10,0,12
2024-07-28T00:10:56,2,10,0,12
2024-07-28T00:26:50,2,10,0,12
2024-07-28T00:42:38,2,10,0,12
2024-07-28T00:58:26,2,10,0,12
2024-07-28T01:14:13,2,10,0,12
2024-07-28T01:29:58,2,10,0,12
2024-07-28T01:45:46,2,10,0,12
2024-07-28T02:01:33,2,10,0,12
2024-07-28T02:17:50,2,10,0,12
2024-07-28T02:33:43,2,10,0,12
2024-07-28T02:49:30,2,10,0,12
2024-07-28T03:05:17,2,10,0,12
2024-07-28T03:21:05,2,10,0,12
2024-07-28T03:36:51,2,10,0,12
2024-07-28T03:52:38,2,10,0,12
2024-07-28T04:17:05,2,10,0,12
2024-07-28T04:32:58,2,10,0,12
2024-07-28T04:48:49,2,10,0,12
2024-07-28T05:04:36,2,10,0,12
2024-07-28T05:20:22,2,10,0,12
2024-07-28T05:36:09,2,10,0,12
2024-07-28T05:51:55,2,10,0,12
2024-07-28T06:07:43,2,10,0,12
2024-07-28T06:23:30,2,10,0,12
2024-07-28T06:39:18,2,10,0,12
2024-07-28T06:55:03,2,10,0,12
2024-07-28T07:10:48,2,10,0,12
2024-07-28T07:26:31,2,10,0,12
2024-07-28T07:42:17,2,10,0,12
2024-07-28T07:58:02,2,10,0,12
2024-07-28T08:13:46,2,10,0,12
2024-07-28T08:29:34,2,10,0,12
2024-07-28T08:45:22,2,10,0,12
2024-07-28T09:01:08,2,10,0,12
2024-07-28T09:16:52,2,10,0,12
2024-07-28T09:32:38,2,10,0,12
2024-07-28T09:48:25,2,10,0,12
2024-07-28T10:04:09,2,10,0,12
2024-07-28T10:19:54,2,10,0,12
2024-07-28T10:35:38,2,10,0,12
2024-07-28T10:51:21,2,10,0,12
2024-07-28T11:07:04,2,10,0,12
2024-07-28T11:22:48,2,10,0,12
2024-07-28T11:38:41,2,10,0,12
2024-07-28T11:54:24,2,10,0,12
2024-07-28T12:10:08,2,10,0,12
2024-07-28T12:25:52,2,10,0,12
2024-07-28T12:41:35,2,10,0,12
2024-07-28T12:57:18,2,10,0,12
2024-07-28T13:13:04,2,10,0,12
2024-07-28T13:28:49,2,10,0,12
2024-07-28T13:44:33,2,10,0,12
2024-07-28T14:00:17,2,10,0,12
2024-07-28T14:16:00,2,10,0,12
2024-07-28T14:31:43,2,10,0,12
2024-07-28T14:47:28,2,10,0,12
2024-07-28T15:03:20,2,10,0,12
2024-07-28T15:19:03,2,10,0,12
2024-07-28T15:34:47,2,10,0,12
2024-07-28T15:50:30,2,10,0,12
2024-07-28T16:06:13,2,10,0,12
2024-07-28T16:21:57,2,10,0,12
2024-07-28T16:37:40,2,10,0,12
2024-07-28T16:53:24,2,10,0,12
2024-07-28T17:09:08,2,10,0,12
2024-07-28T17:24:51,2,10,0,12
2024-07-28T17:40:34,2,10,0,12
2024-07-28T17:56:17,2,10,0,12
2024-07-28T18:12:01,2,10,0,12
2024-07-28T18:27:54,2,10,0,12
2024-07-28T18:43:38,2,10,0,12
2024-07-28T18:59:23,2,10,0,12
2024-07-28T19:15:08,2,10,0,12
2024-07-28T19:30:53,2,10,0,12
2024-07-28T19:46:37,2,10,0,12
2024-07-28T20:02:20,2,10,0,12
2024-07-28T20:18:04,2,10,0,12
2024-07-28T20:33:48,2,10,0,12
2024-07-28T20:49:40,2,10,0,12
2024-07-28T21:05:23,2,10,0,12
2024-07-28T21:21:07,2,10,0,12
2024-07-28T21:36:52,2,10,0,12
2024-07-28T21:52:38,2,10,0,12
2024-07-28T22:08:22,2,10,0,12
2024-07-28T22:24:06,2,10,0,12
2024-07-28T22:39:50,2,10,0,12
2024-07-28T22:55:33,2,10,0,12
2024-07-28T23:11:19,2,10,0,12
2024-07-28T23:27:04,2,10,0,12
2024-07-28T23:42:59,2,10,0,12
2024-07-28T23:58:43,2,10,0,12
2024-07-29T00:14:36,2,10,0,12
2024-07-29T00:30:28,2,10,0,12
2024-07-29T00:46:17,2,10,0,12
2024-07-29T01:02:10,2,10,0,12
2024-07-29T01:17:58,2,10,0,12
2024-07-29T01:33:52,2,10,0,12
2024-07-29T01:49:41,2,10,0,12
2024-07-29T02:05:27,2,10,0,12
2024-07-29T02:21:14,2,10,0,12
2024-07-29T02:37:13,2,10,0,12
2024-07-29T02:53:09,2,10,0,12
2024-07-29T03:08:55,2,10,0,12
2024-07-29T03:24:44,2,10,0,12
2024-07-29T03:40:30,2,10,0,12
2024-07-29T03:56:16,2,10,0,12
2024-07-29T04:12:05,2,10,0,12
2024-07-29T16:42:26,2,10,0,12
2024-07-29T16:58:10,2,10,0,12
2024-07-29T17:13:55,2,10,0,12
2024-07-29T17:29:38,2,10,0,12
2024-07-29T17:45:23,2,10,0,12
2024-07-29T18:01:08,2,10,0,12
2024-07-29T18:17:11,2,10,0,12
2024-07-29T18:32:53,2,10,0,12
2024-07-29T18:48:38,2,10,0,12
2024-07-29T19:04:23,2,10,0,12
2024-07-29T19:20:08,2,10,0,12
2024-07-29T19:35:52,2,10,0,12
2024-07-29T19:51:36,2,10,0,12
2024-07-29T20:07:19,2,10,0,12
2024-07-29T20:23:04,2,10,0,12
2024-07-29T20:38:57,2,10,0,12
2024-07-29T20:54:41,2,10,0,12
2024-07-29T21:10:27,2,10,0,12
2024-07-29T21:26:12,2,10,0,12
2024-07-29T21:41:57,2,10,0,12
2024-07-29T21:57:52,2,10,0,12
2024-07-29T22:13:36,2,10,0,12
2024-07-29T22:29:39,2,10,0,12
2024-07-29T22:45:23,2,10,0,12
2024-07-29T23:01:08,2,10,0,12
2024-07-29T23:16:53,2,10,0,12
2024-07-29T23:32:38,2,10,0,12
2024-07-29T23:48:23,2,10,0,12
2024-07-30T00:04:07,2,10,0,12
2024-07-30T00:19:58,2,10,0,12
2024-07-30T00:35:51,2,10,0,12
2024-07-30T00:51:50,2,10,0,12
2024-07-30T01:07:43,2,10,0,12
2024-07-30T01:23:32,2,10,0,12
2024-07-30T01:39:21,2,10,0,12
2024-07-30T01:55:08,2,10,0,12
2024-07-30T02:10:54,2,10,0,12
2024-07-30T02:26:48,2,10,0,12
2024-07-30T02:42:35,2,10,0,12
2024-07-30T02:58:21,2,10,0,12
2024-07-30T03:14:10,2,10,0,12
2024-07-30T03:29:59,2,10,0,12
2024-07-30T03:45:45,2,10,0,12
2024-07-30T04:01:32,2,10,0,12
2024-07-30T04:17:20,2,10,0,12
2024-07-30T04:30:26,2,10,0,12
2024-07-30T04:46:16,2,10,0,12
2024-07-30T05:02:01,2,10,0,12
2024-07-30T05:17:50,2,10,0,12
2024-07-30T05:34:00,2,10,0,12
2024-07-30T05:49:49,2,10,0,12
2024-07-30T06:05:36,2,10,0,12
2024-07-30T06:21:23,2,10,0,12
2024-07-30T06:37:09,2,10,0,12
2024-07-30T06:52:58,2,10,0,12
2024-07-30T07:08:47,2,10,0,12
2024-07-30T07:24:35,2,10,0,12
2024-07-30T07:40:20,2,10,0,12
2024-07-30T07:56:10,2,10,0,12
2024-07-30T08:12:00,2,10,0,12
2024-07-30T08:27:47,2,10,0,12
2024-07-30T08:43:35,2,10,0,12
2024-07-30T08:59:21,2,10,0,12
2024-07-30T09:15:21,2,10,0,12
2024-07-30T09:31:07,2,10,0,12
2024-07-30T09:46:53,2,10,0,12
2024-07-30T10:02:41,2,10,0,12
2024-07-30T10:18:26,2,10,0,12
2024-07-30T10:34:11,2,10,0,12
2024-07-30T10:49:55,2,10,0,12
2024-07-30T11:05:39,2,10,0,12
2024-07-30T11:21:24,2,10,0,12
2024-07-30T11:37:09,2,10,0,12
2024-07-30T11:52:54,2,10,0,12
2024-07-30T12:08:57,2,10,0,12
2024-07-30T12:24:42,2,10,0,12
2024-07-30T12:40:27,2,10,0,12
2024-07-30T12:56:15,2,10,0,12
2024-07-30T13:11:59,2,10,0,12
2024-07-30T13:27:44,2,10,0,12
2024-07-30T13:43:28,2,10,0,12
2024-07-30T13:59:21,2,10,0,12
2024-07-30T14:15:06,2,10,0,12
2024-07-30T14:30:53,2,10,0,12
2024-07-30T14:46:39,2,10,0,12
2024-07-30T15:02:24,2,10,0,12
2024-07-30T15:18:08,2,10,0,12
2024-07-30T15:34:11,2,10,0,12
2024-07-30T15:49:56,2,10,0,12
2024-07-30T16:05:41,2,10,0,12
2024-07-30T16:21:27,2,10,0,12
2024-07-30T16:37:12,2,10,0,12
2024-07-30T16:52:57,2,10,0,12
2024-07-30T17:08:51,2,10,0,12
2024-07-30T17:24:37,2,10,0,12
2024-07-30T17:40:22,2,10,0,12
2024-07-30T17:56:06,2,10,0,12
2024-07-30T18:11:52,2,10,0,12
2024-07-30T18:27:54,2,10,0,12
2024-07-30T18:43:38,2,10,0,12
2024-07-30T18:59:22,2,10,0,12
2024-07-30T19:15:07,2,10,0,12
2024-07-30T19:30:51,2,10,0,12
2024-07-30T19:46:36,2,10,0,12
2024-07-30T20:02:21,2,10,0,12
2024-07-30T20:18:16,2,10,0,12
2024-07-30T20:34:00,2,10,0,12
2024-07-30T20:49:45,2,10,0,12
2024-07-30T21:05:29,2,10,0,12
2024-07-30T21:21:15,2,10,0,12
2024-07-30T21:37:00,2,10,0,12
2024-07-30T21:52:50,2,10,0,12
2024-07-30T22:08:53,2,10,0,12
2024-07-30T22:24:38,2,10,0,12
2024-07-30T22:40:23,2,10,0,12
2024-07-30T22:56:08,2,10,0,12
2024-07-30T23:11:53,2,10,0,12
2024-07-30T23:27:37,2,10,0,12
2024-07-30T23:43:24,2,10,0,12
2024-07-30T23:59:10,2,10,0,12
2024-07-31T00:15:06,2,10,0,12
2024-07-31T00:31:12,2,10,0,12
2024-07-31T00:47:09,2,10,0,12
2024-07-31T01:03:10,2,10,0,12
2024-07-31T01:19:08,2,10,0,12
2024-07-31T01:35:02,2,10,0,12
2024-07-31T01:50:58,2,10,0,12
2024-07-31T02:06:46,2,10,0,12
2024-07-31T02:22:34,2,10,0,12
2024-07-31T02:38:23,2,10,0,12
2024-07-31T02:54:40,2,10,0,12
2024-07-31T03:10:30,2,10,0,12
2024-07-31T03:26:19,2,10,0,12
2024-07-31T03:42:10,2,10,0,12
2024-07-31T03:57:59,2,10,0,12
2024-07-31T04:18:13,2,10,0,12
2024-07-31T04:34:04,2,10,0,12
2024-07-31T04:49:52,2,10,0,12
2024-07-31T05:05:42,2,10,0,12
2024-07-31T05:21:32,2,10,0,12
2024-07-31T05:37:22,2,10,0,12
2024-07-31T05:53:11,2,10,0,12
2024-07-31T06:09:00,2,10,0,12
2024-07-31T06:24:48,2,10,0,12
2024-07-31T06:40:37,2,10,0,12
2024-07-31T06:56:26,2,10,0,12
2024-07-31T07:12:15,2,10,0,12
2024-07-31T07:28:06,2,10,0,12
2024-07-31T07:43:52,2,10,0,12
2024-07-31T07:59:38,2,10,0,12
2024-07-31T08:15:27,2,10,0,12
2024-07-31T08:31:22,2,10,0,12
2024-07-31T08:47:07,2,10,0,12
2024-07-31T09:02:52,2,10,0,12
2024-07-31T09:18:37,2,10,0,12
2024-07-31T09:34:22,2,10,0,12
2024-07-31T09:50:18,2,10,0,12
2024-07-31T10:06:03,2,10,0,12
2024-07-31T10:21:48,2,10,0,12
2024-07-31T10:37:35,2,10,0,12
2024-07-31T10:53:20,2,10,0,12
2024-07-31T11:09:06,2,10,0,12
2024-07-31T11:24:52,2,10,0,12
2024-07-31T11:40:47,2,10,0,12
2024-07-31T11:56:32,2,10,0,12
2024-07-31T12:12:19,2,10,0,12
2024-07-31T12:28:24,2,10,0,12
2024-07-31T12:44:09,2,10,0,12
2024-07-31T12:59:54,2,10,0,12
2024-07-31T13:15:41,2,10,0,12
2024-07-31T13:31:26,2,10,0,12
2024-07-31T13:47:23,2,10,0,12
2024-07-31T14:03:10,2,10,0,12
2024-07-31T14:18:59,2,10,0,12
2024-08-01T04:22:36,2,10,0,12
2024-08-01T04:38:27,2,10,0,12
2024-08-01T04:54:16,2,10,0,12
2024-08-01T05:10:03,2,10,0,12
2024-08-01T05:25:55,2,10,0,12
2024-08-01T05:41:55,2,10,0,12
2024-08-01T05:57:44,2,10,0,12
2024-08-01T06:13:32,2,10,0,12
2024-08-01T06:29:19,2,10,0,12
2024-08-01T06:45:08,2,10,0,12
2024-08-01T07:00:57,2,10,0,12
2024-08-01T07:16:48,2,10,0,12
2024-08-01T07:32:35,2,10,0,12
2024-08-01T07:48:25,2,10,0,12
2024-08-01T08:04:11,2,10,0,12
2024-08-01T08:19:58,2,10,0,12
2024-08-01T08:35:46,2,10,0,12
2024-08-01T08:51:40,2,10,0,12
2024-08-01T09:07:30,2,10,0,12
2024-08-01T09:23:16,2,10,0,12
2024-08-01T09:39:05,2,10,0,12
2024-08-01T09:54:52,2,10,0,12
2024-08-01T10:10:41,2,10,0,12
2024-08-01T10:26:29,2,10,0,12
2024-08-01T10:42:17,2,10,0,12
2024-08-01T10:58:02,2,10,0,12
2024-08-01T11:14:00,2,10,0,12
2024-08-01T11:29:45,2,10,0,12
2024-08-01T11:45:32,2,10,0,12
2024-08-01T12:01:17,2,10,0,12
2024-08-01T12:17:02,2,10,0,12
2024-08-01T12:32:48,2,10,0,12
2024-08-01T12:48:44,2,10,0,12
2024-08-01T13:04:29,2,10,0,12
2024-08-01T13:20:15,2,10,0,12
2024-08-01T13:36:02,2,10,0,12
2024-08-01T13:51:49,2,10,0,12
2024-08-01T14:07:37,2,10,0,12
2024-08-01T14:23:21,2,10,0,12
2024-08-01T14:39:17,2,10,0,12
2024-08-01T14:55:03,2,10,0,12
2024-08-01T15:10:49,2,10,0,12
2024-08-01T15:26:36,2,10,0,12
2024-08-01T15:42:23,2,10,0,12
2024-08-01T15:58:09,2,10,0,12
2024-08-01T16:13:56,2,10,0,12
2024-08-01T16:29:52,2,10,0,12
2024-08-01T16:45:39,2,10,0,12
2024-08-01T17:01:26,2,10,0,12
2024-08-01T17:17:14,2,10,0,12
2024-08-01T17:33:00,2,10,0,12
2024-08-01T17:48:46,2,10,0,12
2024-08-01T18:04:33,2,10,0,12
2024-08-01T18:20:32,2,10,0,12
2024-08-01T18:36:18,2,10,0,12
2024-08-01T18:52:04,2,10,0,12
2024-08-01T19:07:52,2,10,0,12
2024-08-01T19:23:38,2,10,0,12
2024-08-01T19:39:23,2,10,0,12
2024-08-01T19:55:09,2,10,0,12
2024-08-01T20:10:55,2,10,0,12
2024-08-01T20:26:42,2,10,0,12
2024-08-01T20:42:38,2,10,0,12
2024-08-01T20:58:25,2,10,0,12
2024-08-01T21:14:12,2,10,0,12
2024-08-01T21:29:58,2,10,0,12
2024-08-01T21:45:45,2,10,0,12
2024-08-01T22:01:37,2,10,0,12
2024-08-01T22:17:23,2,10,0,12
2024-08-01T22:33:10,2,10,0,12
2024-08-01T22:48:58,2,10,0,12
2024-08-01T23:04:55,2,10,0,12
2024-08-01T23:20:42,2,10,0,12
2024-08-01T23:36:29,2,10,0,12
2024-08-01T23:52:16,2,10,0,12
2024-08-02T00:08:03,2,10,0,12
2024-08-02T00:24:00,2,10,0,12
2024-08-02T00:39:51,2,10,0,12
2024-08-02T00:55:43,2,10,0,12
2024-08-02T01:11:37,2,10,0,12
2024-08-02T01:27:29,2,10,0,12
2024-08-02T01:43:20,2,10,0,12
2024-08-02T01:59:11,2,10,0,12
2024-08-02T02:15:09,2,10,0,12
2024-08-02T02:30:58,2,10,0,12
2024-08-02T02:46:50,2,10,0,12
2024-08-02T03:02:38,2,10,0,12
2024-08-02T03:18:29,2,10,0,12
2024-08-02T03:34:32,2,10,0,12
2024-08-02T03:50:24,2,10,0,12
2024-08-02T04:06:50,2,10,0,12
2024-08-02T04:23:29,2,10,0,12
2024-08-02T04:39:22,2,10,0,12
2024-08-02T04:55:14,2,10,0,12
2024-08-02T05:11:06,2,10,0,12
2024-08-02T05:26:56,2,10,0,12
2024-08-02T05:42:45,2,10,0,12
2024-08-02T05:58:34,2,10,0,12
2024-08-02T06:14:24,2,10,0,12
2024-08-02T06:30:14,2,10,0,12
2024-08-02T06:46:04,2,10,0,12
2024-08-02T07:01:53,2,10,0,12
2024-08-02T07:17:45,2,10,0,12
2024-08-02T07:33:37,2,10,0,12
2024-08-02T07:49:23,2,10,0,12
2024-08-02T08:05:11,2,10,0,12
2024-08-02T08:21:01,2,10,0,12
2024-08-02T08:36:50,2,10,0,12
2024-08-02T08:52:37,2,10,0,12
2024-08-02T09:08:39,2,10,0,12
2024-08-02T09:24:28,2,10,0,12
2024-08-02T09:40:14,2,10,0,12
2024-08-02T09:56:00,2,10,0,12
2024-08-02T10:11:47,2,10,0,12
2024-08-02T10:27:34,2,10,0,12
2024-08-02T10:43:22,2,10,0,12
2024-08-02T10:59:17,2,10,0,12
2024-08-02T11:15:04,2,10,0,12
2024-08-02T11:30:50,2,10,0,12
2024-08-02T11:46:36,2,10,0,12
2024-08-02T12:02:23,2,10,0,12
2024-08-02T12:18:09,2,10,0,12
2024-08-02T12:33:56,2,10,0,12
2024-08-02T12:50:01,2,10,0,12
2024-08-02T13:05:47,2,10,0,12
2024-08-02T13:21:33,2,10,0,12
2024-08-02T13:37:20,2,10,0,12
2024-08-02T13:53:07,2,10,0,12
2024-08-02T14:08:54,2,10,0,12
2024-08-02T14:24:41,2,10,0,12
2024-08-02T14:40:30,2,10,0,12
2024-08-02T14:56:26,2,10,0,12
2024-08-02T15:12:16,2,10,0,12
2024-08-02T15:28:02,2,10,0,12
2024-08-02T15:43:50,2,10,0,12
2024-08-02T15:59:36,2,10,0,12
2024-08-02T16:15:38,2,10,0,12
2024-08-02T16:31:25,2,10,0,12
2024-08-02T16:47:14,2,10,0,12
2024-08-02T17:03:02,2,10,0,12
2024-08-02T17:18:50,2,10,0,12
2024-08-02T17:34:37,2,10,0,12
2024-08-02T17:50:24,2,10,0,12
2024-08-02T18:06:10,2,10,0,12
2024-08-02T18:22:19,2,10,0,12
2024-08-02T18:38:05,2,10,0,12
2024-08-02T18:53:52,2,10,0,12
2024-08-02T19:09:40,2,10,0,12
2024-08-02T19:25:28,2,10,0,12
2024-08-02T19:41:15,2,10,0,12
2024-08-02T19:57:03,2,10,0,12
2024-08-02T20:12:51,2,10,0,12
2024-08-02T20:28:38,2,10,0,12
2024-08-02T20:44:25,2,10,0,12
2024-08-02T21:00:29,2,10,0,12
2024-08-02T21:16:18,2,10,0,12
2024-08-02T21:32:06,2,10,0,12
2024-08-02T21:47:54,2,10,0,12
2024-08-02T22:03:49,2,10,0,12
2024-08-02T22:19:37,2,10,0,12
2024-08-02T22:35:24,2,10,0,12
2024-08-02T22:51:11,2,10,0,12
2024-08-02T23:07:01,2,10,0,12
2024-08-02T23:23:01,2,10,0,12
2024-08-02T23:38:51,2,10,0,12
2024-08-02T23:54:40,2,10,0,12
2024-08-03T00:10:32,2,10,0,12
2024-08-03T00:26:31,2,10,0,12
2024-08-03T00:42:24,2,10,0,12
2024-08-03T00:58:19,2,10,0,12
2024-08-03T01:14:13,2,10,0,12
2024-08-03T01:30:04,2,10,0,12
2024-08-03T01:45:59,2,10,0,12
2024-08-03T02:02:08,2,10,0,12
2024-08-03T02:17:59,2,10,0,12
2024-08-03T02:33:59,2,10,0,12
2024-08-03T02:49:49,2,10,0,12
2024-08-03T03:05:38,2,10,0,12
2024-08-03T03:21:30,2,10,0,12
2024-08-03T03:37:21,2,10,0,12
2024-08-03T03:53:11,2,10,0,12
2024-08-03T04:19:59,2,10,0,12
2024-08-03T04:35:52,2,10,0,12
2024-08-03T04:51:43,2,10,0,12
2024-08-03T05:07:31,2,10,0,12
2024-08-03T05:23:17,2,10,0,12
2024-08-03T05:39:05,2,10,0,12
2024-08-03T05:55:13,2,10,0,12
2024-08-03T06:11:03,2,10,0,12
2024-08-03T06:26:53,2,10,0,12
2024-08-03T06:42:42,2,10,0,12
2024-08-03T06:58:33,2,10,0,12
2024-08-03T07:14:23,2,10,0,12
2024-08-03T07:30:14,2,10,0,12
2024-08-03T07:46:02,2,10,0,12
2024-08-03T08:01:59,2,10,0,12
2024-08-03T08:17:50,2,10,0,12
2024-08-03T08:33:39,2,10,0,12
2024-08-03T08:49:29,2,10,0,12
2024-08-03T09:05:19,2,10,0,12
2024-08-03T09:21:13,2,10,0,12
2024-08-03T09:37:04,2,10,0,12
2024-08-03T09:52:53,2,10,0,12
2024-08-03T10:08:43,2,10,0,12
2024-08-03T10:24:41,2,10,0,12
2024-08-03T10:40:30,2,10,0,12
2024-08-03T10:56:20,2,10,0,12
2024-08-03T11:12:08,2,10,0,12
2024-08-03T11:27:57,2,10,0,12
2024-08-03T11:43:46,2,10,0,12
2024-08-03T11:59:35,2,10,0,12
2024-08-03T12:15:24,2,10,0,12
2024-08-03T12:31:12,2,10,0,12
2024-08-03T12:47:00,2,10,0,12
2024-08-03T13:02:58,2,10,0,12
2024-08-03T13:18:48,2,10,0,12
2024-08-03T13:34:37,2,10,0,12
2024-08-03T13:50:26,2,10,0,12
2024-08-03T14:06:15,2,10,0,12
2024-08-03T14:22:04,2,10,0,12
2024-08-03T14:37:53,2,10,0,12
2024-08-03T14:53:41,2,10,0,12
2024-08-03T15:09:29,2,10,0,12
2024-08-03T15:25:19,2,10,0,12
2024-08-03T15:41:16,2,10,0,12
2024-08-03T15:57:02,2,10,0,12
2024-08-03T16:12:48,2,10,0,12
2024-08-03T16:28:36,2,10,0,12
2024-08-03T16:44:23,2,10,0,12
2024-08-03T17:00:09,2,10,0,12
2024-08-03T17:15:58,2,10,0,12
2024-08-03T17:31:45,2,10,0,12
2024-08-03T17:47:40,2,10,0,12
2024-08-03T18:03:27,2,10,0,12
2024-08-03T18:19:14,2,10,0,12
2024-08-03T18:35:01,2,10,0,12
2024-08-03T18:50:47,2,10,0,12
2024-08-03T19:06:34,2,10,0,12
2024-08-03T19:22:21,2,10,0,12
2024-08-03T19:38:07,2,10,0,12
2024-08-03T19:53:54,2,10,0,12
2024-08-03T20:09:42,2,10,0,12
2024-08-03T20:25:29,2,10,0,12
2024-08-03T20:41:27,2,10,0,12
2024-08-03T20:57:14,2,10,0,12
2024-08-03T21:13:02,2,10,0,12
2024-08-03T21:28:50,2,10,0,12
2024-08-03T21:44:38,2,10,0,12
2024-08-03T22:00:25,2,10,0,12
2024-08-03T22:16:12,2,10,0,12
2024-08-03T22:31:59,2,10,0,12
2024-08-03T22:47:44,2,10,0,12
2024-08-03T23:03:33,2,10,0,12
2024-08-03T23:19:20,2,10,0,12
2024-08-03T23:35:15,2,10,0,12
2024-08-03T23:51:02,2,10,0,12
2024-08-04T00:06:50,2,10,0,12
2024-08-04T00:22:43,2,10,0,12
2024-08-04T00:38:33,2,10,0,12
2024-08-04T00:54:24,2,10,0,12
2024-08-04T01:10:17,2,10,0,12
2024-08-04T01:26:09,2,10,0,12
2024-08-04T01:42:01,2,10,0,12
2024-08-04T01:57:52,2,10,0,12
2024-08-04T02:13:44,2,10,0,12
2024-08-04T02:29:53,2,10,0,12
2024-08-04T02:45:45,2,10,0,12
2024-08-04T03:01:35,2,10,0,12
2024-08-04T03:17:25,2,10,0,12
2024-08-04T03:33:24,2,10,0,12
2024-08-04T03:49:14,2,10,0,12
2024-08-04T04:05:05,2,10,0,12
2024-08-04T04:20:10,2,10,0,12
2024-08-04T04:36:05,2,10,0,12
2024-08-04T04:51:59,2,10,0,12
2024-08-04T05:07:52,2,10,0,12
2024-08-04T05:23:43,2,10,0,12
2024-08-04T05:39:34,2,10,0,12
2024-08-04T05:55:26,2,10,0,12
2024-08-04T06:11:16,2,10,0,12
2024-08-04T06:27:07,2,10,0,12
2024-08-04T06:42:57,2,10,0,12
2024-08-04T06:58:46,2,10,0,12
2024-08-04T07:14:35,2,10,0,12
2024-08-04T07:30:22,2,10,0,12
2024-08-04T07:46:10,2,10,0,12
2024-08-04T08:01:58,2,10,0,12
2024-08-04T08:17:44,2,10,0,12
2024-08-04T08:33:36,2,10,0,12
2024-08-04T08:49:24,2,10,0,12
2024-08-04T09:05:18,2,10,0,12
2024-08-04T09:21:06,2,10,0,12
2024-08-04T09:36:54,2,10,0,12
2024-08-04T09:52:42,2,10,0,12
2024-08-04T10:08:31,2,10,0,12
2024-08-04T10:24:21,2,10,0,12
2024-08-04T10:40:11,2,10,0,12
2024-08-04T10:56:00,2,10,0,12
2024-08-04T11:11:51,2,10,0,12
2024-08-04T11:27:39,2,10,0,12
2024-08-04T11:43:26,2,10,0,12
2024-08-04T11:59:12,2,10,0,12
2024-08-04T12:15:08,2,10,0,12
2024-08-04T12:30:57,2,10,0,12
2024-08-04T12:46:45,2,10,0,12
2024-08-04T13:02:33,2,10,0,12
2024-08-04T13:18:20,2,10,0,12
2024-08-04T13:34:06,2,10,0,12
2024-08-04T13:49:53,2,10,0,12
2024-08-04T14:05:39,2,10,0,12
2024-08-04T14:21:28,2,10,0,12
2024-08-04T14:37:14,2,10,0,12
2024-08-04T14:53:11,2,10,0,12
2024-08-04T15:08:58,2,10,0,12
2024-08-04T15:24:45,2,10,0,12
2024-08-04T15:40:31,2,10,0,12
2024-08-04T15:56:19,2,10,0,12
2024-08-04T16:12:06,2,10,0,12
2024-08-04T16:27:54,2,10,0,12
2024-08-04T16:43:42,2,10,0,12
2024-08-04T16:59:30,2,10,0,12
2024-08-04T17:15:17,2,10,0,12
2024-08-04T17:31:12,2,10,0,12
2024-08-04T17:47:00,2,10,0,12
2024-08-04T18:02:47,2,10,0,12
2024-08-04T18:18:33,2,10,0,12
2024-08-04T18:34:20,2,10,0,12
2024-08-04T18:50:08,2,10,0,12
2024-08-04T19:05:56,2,10,0,12
2024-08-04T19:21:46,2,10,0,12
2024-08-04T19:37:43,2,10,0,12
2024-08-04T19:53:30,2,10,0,12
2024-08-04T20:09:16,2,10,0,12
2024-08-04T20:25:03,2,10,0,12
2024-08-04T20:40:49,2,10,0,12
2024-08-04T20:56:36,2,10,0,12
2024-08-04T21:12:24,2,10,0,12
2024-08-04T21:28:13,2,10,0,12
2024-08-04T21:44:13,2,10,0,12
2024-08-04T22:00:00,2,10,0,12
2024-08-04T22:15:47,2,10,0,12
2024-08-04T22:31:34,2,10,0,12
2024-08-04T22:47:31,2,10,0,12
2024-08-04T23:03:18,2,10,0,12
2024-08-04T23:19:07,2,10,0,12
2024-08-04T23:34:56,2,10,0,12
2024-08-04T23:50:43,2,10,0,12
2024-08-05T00:06:32,2,10,0,12
2024-08-05T00:22:34,2,10,0,12
2024-08-05T00:38:30,2,10,0,12
2024-08-05T00:54:26,2,10,0,12
2024-08-05T01:10:19,2,10,0,12
2024-08-05T01:26:29,2,10,0,12
2024-08-05T01:42:20,2,10,0,12
2024-08-05T01:58:11,2,10,0,12
2024-08-05T02:14:02,2,10,0,12
2024-08-05T02:30:01,2,10,0,12
2024-08-05T02:45:54,2,10,0,12
2024-08-05T03:01:43,2,10,0,12
2024-08-05T03:17:34,2,10,0,12
2024-08-05T03:33:23,2,10,0,12
2024-08-05T03:49:12,2,10,0,12
2024-08-05T04:05:04,2,10,0,12
2024-08-05T04:22:40,2,10,0,12
2024-08-05T04:38:34,2,10,0,12
2024-08-05T04:54:27,2,10,0,12
2024-08-05T05:10:22,2,10,0,12
2024-08-05T05:26:16,2,10,0,12
2024-08-05T05:42:08,2,10,0,12
2024-08-05T05:58:00,2,10,0,12
2024-08-05T06:13:51,2,10,0,12
2024-08-05T06:29:43,2,10,0,12
2024-08-05T06:45:36,2,10,0,12
2024-08-05T07:01:25,2,10,0,12
2024-08-05T07:17:15,2,10,0,12
2024-08-05T07:33:03,2,10,0,12
2024-08-05T07:48:50,2,10,0,12
2024-08-05T08:04:37,2,10,0,12
2024-08-05T08:20:25,2,10,0,12
2024-08-05T08:36:14,2,10,0,12
2024-08-05T08:52:10,2,10,0,12
2024-08-05T09:07:58,2,10,0,12
2024-08-05T09:23:46,2,10,0,12
2024-08-05T09:39:34,2,10,0,12
2024-08-05T09:55:22,2,10,0,12
2024-08-05T10:11:10,2,10,0,12
2024-08-05T10:27:11,2,10,0,12
2024-08-05T10:43:00,2,10,0,12
2024-08-05T10:58:49,2,10,0,12
2024-08-05T11:14:48,2,10,0,12
2024-08-05T11:30:38,2,10,0,12
2024-08-05T11:46:26,2,10,0,12
2024-08-05T12:02:24,2,10,0,12
2024-08-05T12:18:12,2,10,0,12
2024-08-05T12:34:01,2,10,0,12
2024-08-05T12:49:48,2,10,0,12
2024-08-05T13:05:36,2,10,0,12
2024-08-05T13:21:34,2,10,0,12
2024-08-05T13:37:23,2,10,0,12
2024-08-05T13:53:11,2,10,0,12
2024-08-05T14:08:59,2,10,0,12
2024-08-05T14:24:57,2,10,0,12
2024-08-05T14:40:50,2,10,0,12
2024-08-05T14:56:38,2,10,0,12
2024-08-05T15:12:25,2,10,0,12
2024-08-05T15:28:14,2,10,0,12
2024-08-05T15:44:12,2,10,0,12
2024-08-05T16:00:00,2,10,0,12
2024-08-05T16:15:50,2,10,0,12
2024-08-05T16:31:41,2,10,0,12
2024-08-05T16:47:29,2,10,0,12
2024-08-05T17:03:27,2,10,0,12
2024-08-05T17:19:16,2,10,0,12
2024-08-05T17:35:04,2,10,0,12
2024-08-05T17:50:51,2,10,0,12
2024-08-05T18:06:38,2,10,0,12
2024-08-05T18:22:35,2,10,0,12
2024-08-05T18:38:23,2,10,0,12
2024-08-05T18:54:10,2,10,0,12
2024-08-05T19:09:58,2,10,0,12
2024-08-05T19:25:45,2,10,0,12
2024-08-05T19:41:34,2,10,0,12
2024-08-05T19:57:22,2,10,0,12
2024-08-05T20:13:20,2,10,0,12
2024-08-05T20:29:09,2,10,0,12
2024-08-05T20:44:58,2,10,0,12
2024-08-05T21:00:45,2,10,0,12
2024-08-05T21:16:35,2,10,0,12
2024-08-05T21:32:37,2,10,0,12
2024-08-05T21:48:26,2,10,0,12
2024-08-05T22:04:15,2,10,0,12
2024-08-05T22:20:03,2,10,0,12
2024-08-05T22:35:51,2,10,0,12
2024-08-05T22:51:40,2,10,0,12
2024-08-05T23:07:38,2,10,0,12
2024-08-05T23:23:28,2,10,0,12
2024-08-05T23:39:17,2,10,0,12
2024-08-05T23:55:06,2,10,0,12
2024-08-06T00:10:56,2,10,0,12
2024-08-06T00:26:51,2,10,0,12
2024-08-06T00:42:46,2,10,0,12
2024-08-06T00:58:41,2,10,0,12
2024-08-06T01:14:49,2,10,0,12
2024-08-06T01:30:43,2,10,0,12
2024-08-06T01:46:35,2,10,0,12
2024-08-06T02:02:25,2,10,0,12
2024-08-06T02:18:15,2,10,0,12
2024-08-06T02:34:04,2,10,0,12
2024-08-06T02:49:54,2,10,0,12
2024-08-06T03:05:43,2,10,0,12
2024-08-06T03:21:37,2,10,0,12
2024-08-06T03:37:29,2,10,0,12
2024-08-06T03:53:19,2,10,0,12
2024-08-06T04:09:11,2,10,0,12
2024-08-06T04:29:41,2,10,0,12
2024-08-06T04:45:34,2,10,0,12
2024-08-06T05:01:26,2,10,0,12
2024-08-06T05:17:19,2,10,0,12
2024-08-06T05:33:08,2,10,0,12
2024-08-06T05:49:04,2,10,0,12
2024-08-06T06:04:54,2,10,0,12
2024-08-06T06:20:45,2,10,0,12
2024-08-06T06:36:42,2,10,0,12
2024-08-06T06:52:33,2,10,0,12
2024-08-06T07:08:24,2,10,0,12
2024-08-06T07:24:20,2,10,0,12
2024-08-06T07:40:09,2,10,0,12
2024-08-06T07:56:09,2,10,0,12
2024-08-06T08:12:02,2,10,0,12
2024-08-06T08:27:53,2,10,0,12
2024-08-06T08:43:46,2,10,0,12
2024-08-06T08:59:37,2,10,0,12
2024-08-06T09:15:32,2,10,0,12
2024-08-06T09:31:21,2,10,0,12
2024-08-06T09:47:21,2,10,0,12
2024-08-06T10:03:12,2,10,0,12
2024-08-06T10:19:07,2,10,0,12
2024-08-06T10:34:57,2,10,0,12
2024-08-06T10:50:56,2,10,0,12
2024-08-06T11:06:45,2,10,0,12
2024-08-06T11:22:34,2,10,0,12
2024-08-06T11:38:23,2,10,0,12
2024-08-06T11:54:21,2,10,0,12
2024-08-06T12:10:09,2,10,0,12
2024-08-06T12:25:57,2,10,0,12
2024-08-06T12:41:46,2,10,0,12
2024-08-06T12:57:44,2,10,0,12
2024-08-06T13:13:33,2,10,0,12
2024-08-06T13:29:23,2,10,0,12
2024-08-06T13:45:12,2,10,0,12
2024-08-06T14:01:00,2,10,0,12
2024-08-06T14:16:59,2,10,0,12
2024-08-06T14:32:48,2,10,0,12
2024-08-06T14:48:37,2,10,0,12
2024-08-06T15:04:27,2,10,0,12
2024-08-06T15:20:19,2,10,0,12
2024-08-06T15:36:20,2,10,0,12
2024-08-06T15:52:10,2,10,0,12
2024-08-06T16:08:02,2,10,0,12
2024-08-06T16:23:53,2,10,0,12
2024-08-06T16:39:44,2,10,0,12
2024-08-06T16:55:46,2,10,0,12
2024-08-06T17:11:37,2,10,0,12
2024-08-06T17:27:28,2,10,0,12
2024-08-06T17:43:20,2,10,0,12
2024-08-06T17:59:11,2,10,0,12
2024-08-06T18:15:02,2,10,0,12
2024-08-06T18:31:04,2,10,0,12
2024-08-06T18:46:55,2,10,0,12
2024-08-06T19:02:46,2,10,0,12
2024-08-06T19:18:38,2,10,0,12
2024-08-06T19:34:28,2,10,0,12
2024-08-06T19:50:20,2,10,0,12
2024-08-06T20:06:22,2,10,0,12
2024-08-06T20:22:14,2,10,0,12
2024-08-06T20:38:06,2,10,0,12
2024-08-06T20:53:57,2,10,0,12
2024-08-06T21:09:48,2,10,0,12
2024-08-06T21:25:41,2,10,0,12
2024-08-06T21:41:32,2,10,0,12
2024-08-06T21:57:33,2,10,0,12
2024-08-06T22:13:26,2,10,0,12
2024-08-06T22:29:17,2,10,0,12
2024-08-06T22:45:08,2,10,0,12
2024-08-06T23:01:02,2,10,0,12
2024-08-06T23:16:55,2,10,0,12
2024-08-06T23:32:55,2,10,0,12
2024-08-06T23:48:46,2,10,0,12
2024-08-07T00:04:38,2,10,0,12
2024-08-07T00:20:36,2,10,0,12
2024-08-07T00:36:35,2,10,0,12
2024-08-07T00:52:35,2,10,0,12
2024-08-07T01:08:33,2,10,0,12
2024-08-07T01:24:29,2,10,0,12
2024-08-07T01:40:40,2,10,0,12
2024-08-07T01:56:36,2,10,0,12
2024-08-07T02:12:30,2,10,0,12
2024-08-07T02:28:23,2,10,0,12
2024-08-07T02:44:17,2,10,0,12
2024-08-07T03:00:10,2,10,0,12
2024-08-07T03:16:05,2,10,0,12
2024-08-07T03:31:59,2,10,0,12
2024-08-07T03:47:54,2,10,0,12
2024-08-07T04:03:49,2,10,0,12
2024-08-07T04:25:57,2,10,0,12
2024-08-07T04:41:55,2,10,0,12
2024-08-07T04:58:08,2,10,0,12
2024-08-07T05:14:06,2,10,0,12
2024-08-07T05:30:00,2,10,0,12
2024-08-07T05:45:54,2,10,0,12
2024-08-07T06:01:49,2,10,0,12
2024-08-07T06:17:44,2,10,0,12
2024-08-07T06:33:38,2,10,0,12
2024-08-07T06:49:33,2,10,0,12
2024-08-07T07:05:27,2,10,0,12
2024-08-07T07:21:22,2,10,0,12
2024-08-07T07:37:16,2,10,0,12
2024-08-07T07:53:08,2,10,0,12
2024-08-07T08:09:02,2,10,0,12
2024-08-07T08:24:59,2,10,0,12
2024-08-07T08:40:55,2,10,0,12
2024-08-07T08:56:57,2,10,0,12
2024-08-07T09:12:51,2,10,0,12
2024-08-07T09:28:44,2,10,0,12
2024-08-07T09:44:38,2,10,0,12
2024-08-07T10:00:29,2,10,0,12
2024-08-07T10:16:21,2,10,0,12
2024-08-07T10:32:21,2,10,0,12
2024-08-07T10:48:11,2,10,0,12
2024-08-07T11:04:04,2,10,0,12
2024-08-07T11:19:55,2,10,0,12
2024-08-07T11:35:58,2,10,0,12
2024-08-07T11:51:51,2,10,0,12
2024-08-07T12:07:45,2,10,0,12
2024-08-07T12:23:36,2,10,0,12
2024-08-07T12:39:38,2,10,0,12
2024-08-07T12:55:31,2,10,0,12
2024-08-07T13:11:23,2,10,0,12
2024-08-07T13:27:17,2,10,0,12
2024-08-07T13:43:09,2,10,0,12
2024-08-07T13:59:02,2,10,0,12
2024-08-07T14:15:03,2,10,0,12
2024-08-07T14:30:56,2,10,0,12
2024-08-07T14:46:50,2,10,0,12
2024-08-07T15:02:43,2,10,0,12
2024-08-07T15:18:39,2,10,0,12
2024-08-07T15:34:41,2,10,0,12
2024-08-07T15:50:34,2,10,0,12
2024-08-07T16:06:27,2,10,0,12
2024-08-07T16:22:22,2,10,0,12
2024-08-07T16:38:15,2,10,0,12
2024-08-07T16:54:09,2,10,0,12
2024-08-07T17:10:12,2,10,0,12
2024-08-07T17:26:05,2,10,0,12
2024-08-07T17:41:58,2,10,0,12
2024-08-07T17:57:50,2,10,0,12
2024-08-07T18:13:43,2,10,0,12
2024-08-07T18:29:36,2,10,0,12
2024-08-07T18:45:28,2,10,0,12
2024-08-07T19:01:31,2,10,0,12
2024-08-07T19:17:23,2,10,0,12
2024-08-07T19:33:15,2,10,0,12
2024-08-07T19:49:08,2,10,0,12
2024-08-07T20:05:01,2,10,0,12
2024-08-07T20:20:53,2,10,0,12
2024-08-07T20:36:58,2,10,0,12
2024-08-07T20:52:51,2,10,0,12
2024-08-07T21:08:44,2,10,0,12
2024-08-07T21:24:37,2,10,0,12
2024-08-07T21:40:31,2,10,0,12
2024-08-07T21:56:24,2,10,0,12
2024-08-07T22:12:27,2,10,0,12
2024-08-07T22:28:20,2,10,0,12
2024-08-07T22:44:12,2,10,0,12
2024-08-07T23:00:08,2,10,0,12
2024-08-07T23:16:02,2,10,0,12
2024-08-07T23:31:55,2,10,0,12
2024-08-07T23:47:48,2,10,0,12
2024-08-08T00:03:42,2,10,0,12
2024-08-08T00:19:41,2,10,0,12
2024-08-08T00:35:40,2,10,0,12
2024-08-08T00:51:51,2,10,0,12
2024-08-08T01:07:51,2,10,0,12
2024-08-08T01:23:49,2,10,0,12
2024-08-08T01:39:45,2,10,0,12
2024-08-08T01:55:41,2,10,0,12
2024-08-08T02:11:36,2,10,0,12
2024-08-08T02:27:31,2,10,0,12
2024-08-08T02:43:26,2,10,0,12
2024-08-08T02:59:21,2,10,0,12
2024-08-08T03:15:17,2,10,0,12
2024-08-08T03:31:11,2,10,0,12
2024-08-08T03:47:05,2,10,0,12
2024-08-08T04:03:01,2,10,0,12
2024-08-08T04:17:31,2,10,0,12
2024-08-08T04:33:31,2,10,0,12
2024-08-08T04:49:28,2,10,0,12
2024-08-08T05:05:21,2,10,0,12
2024-08-08T05:21:16,2,10,0,12
2024-08-08T05:37:19,2,10,0,12
2024-08-08T05:53:16,2,10,0,12
2024-08-08T06:09:12,2,10,0,12
2024-08-08T06:25:07,2,10,0,12
2024-08-08T06:41:02,2,10,0,12
2024-08-08T06:56:57,2,10,0,12
2024-08-08T07:12:54,2,10,0,12
2024-08-08T07:28:51,2,10,0,12
2024-08-08T07:44:46,2,10,0,12
2024-08-08T08:00:40,2,10,0,12
2024-08-08T08:16:37,2,10,0,12
2024-08-08T08:32:32,2,10,0,12
2024-08-08T08:48:34,2,10,0,12
2024-08-08T09:04:29,2,10,0,12
2024-08-08T09:20:25,2,10,0,12
2024-08-08T09:36:20,2,10,0,12
2024-08-08T09:52:25,2,10,0,12
2024-08-08T10:08:22,2,10,0,12
2024-08-08T10:24:17,2,10,0,12
2024-08-08T10:40:22,2,10,0,12
2024-08-08T10:56:16,2,10,0,12
2024-08-08T11:12:10,2,10,0,12
2024-08-08T11:28:04,2,10,0,12
2024-08-08T11:44:00,2,10,0,12
2024-08-08T12:00:06,2,10,0,12
2024-08-08T12:16:03,2,10,0,12
2024-08-08T12:31:59,2,10,0,12
2024-08-08T12:47:54,2,10,0,12
2024-08-08T13:03:48,2,10,0,12
2024-08-08T13:19:53,2,10,0,12
2024-08-08T13:35:47,2,10,0,12
2024-08-08T13:51:41,2,10,0,12
2024-08-08T14:07:34,2,10,0,12
2024-08-08T14:23:27,2,10,0,12
2024-08-08T14:39:21,2,10,0,12
2024-08-08T14:55:27,2,10,0,12
2024-08-08T15:11:20,2,10,0,12
2024-08-08T15:27:14,2,10,0,12
2024-08-08T15:43:07,2,10,0,12
2024-08-08T15:59:00,2,10,0,12
2024-08-08T16:15:04,2,10,0,12
2024-08-08T16:30:57,2,10,0,12
2024-08-08T16:46:50,2,10,0,12
2024-08-08T17:02:43,2,10,0,12
2024-08-08T17:18:39,2,10,0,12
2024-08-08T17:34:42,2,10,0,12
2024-08-08T17:50:35,2,10,0,12
2024-08-08T18:06:28,2,10,0,12
2024-08-08T18:22:21,2,10,0,12
2024-08-08T18:38:14,2,10,0,12
2024-08-08T18:54:06,2,10,0,12
2024-08-08T19:10:00,2,10,0,12
2024-08-08T19:25:53,2,10,0,12
2024-08-08T19:41:58,2,10,0,12
2024-08-08T19:57:51,2,10,0,12
2024-08-08T20:13:44,2,10,0,12
2024-08-08T20:29:37,2,10,0,12
2024-08-08T20:45:31,2,10,0,12
2024-08-08T21:01:25,2,10,0,12
2024-08-08T21:17:28,2,10,0,12
2024-08-08T21:33:22,2,10,0,12
2024-08-08T21:49:15,2,10,0,12
2024-08-08T22:05:09,2,10,0,12
2024-08-08T22:21:02,2,10,0,12
2024-08-08T22:36:56,2,10,0,12
2024-08-08T22:52:53,2,10,0,12
2024-08-08T23:08:48,2,10,0,12
2024-08-08T23:24:51,2,10,0,12
2024-08-08T23:40:46,2,10,0,12
2024-08-08T23:56:40,2,10,0,12
2024-08-09T00:12:37,2,10,0,12
2024-08-09T00:28:36,2,10,0,12
2024-08-09T00:44:34,2,10,0,12
2024-08-09T01:00:33,2,10,0,12
2024-08-09T01:16:32,2,10,0,12
2024-08-09T01:32:28,2,10,0,12
2024-08-09T01:48:24,2,10,0,12
2024-08-09T02:04:33,2,10,0,12
2024-08-09T02:20:29,2,10,0,12
2024-08-09T02:36:26,2,10,0,12
2024-08-09T02:52:22,2,10,0,12
2024-08-09T03:08:21,2,10,0,12
2024-08-09T03:24:16,2,10,0,12
2024-08-09T03:40:12,2,10,0,12
2024-08-09T03:56:09,2,10,0,12
2024-08-09T04:12:04,2,10,0,12
2024-08-09T04:29:10,2,10,0,12
2024-08-09T04:45:26,2,10,0,12
2024-08-09T05:01:24,2,10,0,12
2024-08-09T05:17:23,2,10,0,12
2024-08-09T05:33:21,2,10,0,12
2024-08-09T05:49:20,2,10,0,12
2024-08-09T06:05:19,2,10,0,12
2024-08-09T06:21:22,2,10,0,12
2024-08-09T06:37:20,2,10,0,12
2024-08-09T06:53:19,2,10,0,12
2024-08-09T07:09:18,2,10,0,12
2024-08-09T07:25:15,2,10,0,12
2024-08-09T07:41:10,2,10,0,12
2024-08-09T07:57:05,2,10,0,12
2024-08-09T08:13:06,2,10,0,12
2024-08-09T08:29:11,2,10,0,12
2024-08-09T08:45:07,2,10,0,12
2024-08-09T09:01:04,2,10,0,12
2024-08-09T09:17:01,2,10,0,12
2024-08-09T09:32:58,2,10,0,12
2024-08-09T09:48:53,2,10,0,12
2024-08-09T10:04:48,2,10,0,12
2024-08-09T10:20:42,2,10,0,12
2024-08-09T10:36:47,2,10,0,12
2024-08-09T10:52:40,2,10,0,12
2024-08-09T11:08:36,2,10,0,12
2024-08-09T11:24:31,2,10,0,12
2024-08-09T11:40:27,2,10,0,12
2024-08-09T11:56:31,2,10,0,12
2024-08-09T12:12:26,2,10,0,12
2024-08-09T12:28:21,2,10,0,12
2024-08-09T12:44:17,2,10,0,12
2024-08-09T13:00:12,2,10,0,12
2024-08-09T13:16:08,2,10,0,12
2024-08-09T13:32:15,2,10,0,12
2024-08-09T13:48:12,2,10,0,12
2024-08-09T14:04:07,2,10,0,12
2024-08-09T14:20:03,2,10,0,12
2024-08-09T14:36:01,2,10,0,12
2024-08-09T14:51:56,2,10,0,12
2024-08-09T15:08:02,2,10,0,12
2024-08-09T15:23:58,2,10,0,12
2024-08-09T15:39:54,2,10,0,12
2024-08-09T15:55:50,2,10,0,12
2024-08-09T16:11:45,2,10,0,12
2024-08-09T16:27:40,2,10,0,12
2024-08-09T16:43:35,2,10,0,12
2024-08-09T16:59:43,2,10,0,12
2024-08-09T17:15:41,2,10,0,12
2024-08-09T17:31:37,2,10,0,12
2024-08-09T17:47:32,2,10,0,12
2024-08-09T18:03:27,2,10,0,12
2024-08-09T18:19:23,2,10,0,12
2024-08-09T18:35:20,2,10,0,12
2024-08-09T18:51:15,2,10,0,12
2024-08-09T19:07:20,2,10,0,12
2024-08-09T19:23:15,2,10,0,12
2024-08-09T19:39:10,2,10,0,12
2024-08-09T19:55:05,2,10,0,12
2024-08-09T20:11:01,2,10,0,12
2024-08-09T20:26:57,2,10,0,12
2024-08-09T20:42:53,2,10,0,12
2024-08-09T20:58:48,2,10,0,12
2024-08-09T21:14:45,2,10,0,12
2024-08-09T21:30:50,2,10,0,12
2024-08-09T21:46:45,2,10,0,12
2024-08-09T22:02:40,2,10,0,12
2024-08-09T22:18:36,2,10,0,12
2024-08-09T22:34:32,2,10,0,12
2024-08-09T22:50:28,2,10,0,12
2024-08-09T23:06:24,2,10,0,12
2024-08-09T23:22:21,2,10,0,12
2024-08-09T23:38:18,2,10,0,12
2024-08-09T23:54:24,2,10,0,12
2024-08-10T00:10:21,2,10,0,12
2024-08-10T00:26:27,2,10,0,12
2024-08-10T00:42:28,2,10,0,12
2024-08-10T00:58:29,2,10,0,12
2024-08-10T01:14:29,2,10,0,12
2024-08-10T01:30:28,2,10,0,12
2024-08-10T01:46:27,2,10,0,12
2024-08-10T02:02:26,2,10,0,12
2024-08-10T02:18:23,2,10,0,12
2024-08-10T02:34:24,2,10,0,12
2024-08-10T02:50:30,2,10,0,12
2024-08-10T03:06:26,2,10,0,12
2024-08-10T03:22:23,2,10,0,12
2024-08-10T03:38:21,2,10,0,12
2024-08-10T03:54:28,2,10,0,12
2024-08-10T04:10:29,2,10,0,12
2024-08-10T04:28:49,2,10,0,12
2024-08-10T04:44:50,2,10,0,12
2024-08-10T05:00:48,2,10,0,12
2024-08-10T05:16:44,2,10,0,12
2024-08-10T05:32:39,2,10,0,12
2024-08-10T05:48:42,2,10,0,12
2024-08-10T06:04:37,2,10,0,12
2024-08-10T06:20:49,2,10,0,12
2024-08-10T06:36:47,2,10,0,12
2024-08-10T06:52:45,2,10,0,12
2024-08-10T07:08:44,2,10,0,12
2024-08-10T07:24:42,2,10,0,12
2024-08-10T07:40:49,2,10,0,12
2024-08-10T07:56:47,2,10,0,12
2024-08-10T08:12:45,2,10,0,12
2024-08-10T08:28:43,2,10,0,12
2024-08-10T08:44:42,2,10,0,12
2024-08-10T09:00:40,2,10,0,12
2024-08-10T09:16:40,2,10,0,12
2024-08-10T09:32:37,2,10,0,12
2024-08-10T09:48:35,2,10,0,12
2024-08-10T10:04:33,2,10,0,12
2024-08-10T10:20:45,2,10,0,12
2024-08-10T10:36:43,2,10,0,12
2024-08-10T10:52:41,2,10,0,12
2024-08-10T11:08:38,2,10,0,12
2024-08-10T11:24:37,2,10,0,12
2024-08-10T11:40:33,2,10,0,12
2024-08-10T11:56:30,2,10,0,12
2024-08-10T12:12:27,2,10,0,12
2024-08-10T12:28:35,2,10,0,12
2024-08-10T12:44:31,2,10,0,12
2024-08-10T13:00:27,2,10,0,12
2024-08-10T13:16:24,2,10,0,12
2024-08-10T13:32:21,2,10,0,12
2024-08-10T13:48:17,2,10,0,12
2024-08-10T14:04:13,2,10,0,12
2024-08-10T14:20:08,2,10,0,12
2024-08-10T14:36:20,2,10,0,12
2024-08-10T14:52:15,2,10,0,12
2024-08-10T15:08:10,2,10,0,12
2024-08-10T15:24:06,2,10,0,12
2024-08-10T15:40:01,2,10,0,12
2024-08-10T15:55:55,2,10,0,12
2024-08-10T16:11:51,2,10,0,12
2024-08-10T16:27:45,2,10,0,12
2024-08-10T16:43:41,2,10,0,12
2024-08-10T16:59:45,2,10,0,12
2024-08-10T17:15:41,2,10,0,12
2024-08-10T17:31:36,2,10,0,12
2024-08-10T17:47:30,2,10,0,12
2024-08-10T18:03:27,2,10,0,12
2024-08-10T18:19:22,2,10,0,12
2024-08-10T18:35:17,2,10,0,12
2024-08-10T18:51:13,2,10,0,12
2024-08-10T19:07:17,2,10,0,12
2024-08-10T19:23:12,2,10,0,12
2024-08-10T19:39:06,2,10,0,12
2024-08-10T19:55:02,2,10,0,12
2024-08-10T20:10:57,2,10,0,12
2024-08-10T20:26:53,2,10,0,12
2024-08-10T20:42:48,2,10,0,12
2024-08-10T20:58:43,2,10,0,12
2024-08-10T21:14:41,2,10,0,12
2024-08-10T21:30:35,2,10,0,12
2024-08-10T21:46:42,2,10,0,12
2024-08-10T22:02:38,2,10,0,12
2024-08-10T22:18:33,2,10,0,12
2024-08-10T22:34:28,2,10,0,12
2024-08-10T22:50:22,2,10,0,12
2024-08-10T23:06:19,2,10,0,12
2024-08-10T23:22:14,2,10,0,12
2024-08-10T23:38:09,2,10,0,12
2024-08-10T23:54:14,2,10,0,12
2024-08-11T00:10:12,2,10,0,12
2024-08-11T00:26:14,2,10,0,12
2024-08-11T00:42:10,2,10,0,12
2024-08-11T00:58:09,2,10,0,12
2024-08-11T01:14:06,2,10,0,12
2024-08-11T01:30:01,2,10,0,12
2024-08-11T01:45:57,2,10,0,12
2024-08-11T02:01:53,2,10,0,12
2024-08-11T02:17:59,2,10,0,12
2024-08-11T02:33:56,2,10,0,12
2024-08-11T02:49:55,2,10,0,12
2024-08-11T03:05:51,2,10,0,12
2024-08-11T03:21:50,2,10,0,12
2024-08-11T03:37:53,2,10,0,12
2024-08-11T03:53:56,2,10,0,12
2024-08-11T04:18:25,2,10,0,12
2024-08-11T04:35:52,2,10,0,12
2024-08-11T04:53:27,2,10,0,12
2024-08-11T05:09:31,2,10,0,12
2024-08-11T05:25:30,2,10,0,12
2024-08-11T05:41:29,2,10,0,12
2024-08-11T05:57:29,2,10,0,12
2024-08-11T06:13:31,2,10,0,12
2024-08-11T06:29:32,2,10,0,12
2024-08-11T06:45:32,2,10,0,12
2024-08-11T07:01:30,2,10,0,12
2024-08-11T07:17:35,2,10,0,12
2024-08-11T07:33:34,2,10,0,12
2024-08-11T07:49:33,2,10,0,12
2024-08-11T08:05:40,2,10,0,12
2024-08-11T08:21:39,2,10,0,12
2024-08-11T08:37:38,2,10,0,12
2024-08-11T08:53:33,2,10,0,12
2024-08-11T09:09:33,2,10,0,12
2024-08-11T09:25:35,2,10,0,12
2024-08-11T09:41:35,2,10,0,12
2024-08-11T09:57:33,2,10,0,12
2024-08-11T10:13:32,2,10,0,12
2024-08-11T10:29:29,2,10,0,12
2024-08-11T10:45:29,2,10,0,12
2024-08-11T11:01:25,2,10,0,12
2024-08-11T11:17:29,2,10,0,12
2024-08-11T11:33:24,2,10,0,12
2024-08-11T11:49:18,2,10,0,12
2024-08-11T12:05:12,2,10,0,12
2024-08-11T12:21:08,2,10,0,12
2024-08-11T12:37:03,2,10,0,12
2024-08-11T12:52:58,2,10,0,12
2024-08-11T13:08:58,2,10,0,12
2024-08-11T13:25:02,2,10,0,12
2024-08-11T13:40:57,2,10,0,12
2024-08-11T13:56:51,2,10,0,12
2024-08-11T14:12:46,2,10,0,12
2024-08-11T14:28:41,2,10,0,12
2024-08-11T14:44:35,2,10,0,12
2024-08-11T15:00:31,2,10,0,12
2024-08-11T15:16:25,2,10,0,12
2024-08-11T15:32:20,2,10,0,12
2024-08-11T15:48:16,2,10,0,12
2024-08-11T16:04:23,2,10,0,12
2024-08-11T16:20:19,2,10,0,12
2024-08-11T16:36:15,2,10,0,12
2024-08-11T16:52:12,2,10,0,12
2024-08-11T17:08:07,2,10,0,12
2024-08-11T17:24:02,2,10,0,12
2024-08-11T17:39:57,2,10,0,12
2024-08-11T17:55:53,2,10,0,12
2024-08-11T18:11:48,2,10,0,12
2024-08-11T18:27:43,2,10,0,12
2024-08-11T18:43:48,2,10,0,12
2024-08-11T18:59:44,2,10,0,12
2024-08-11T19:15:41,2,10,0,12
2024-08-11T19:31:37,2,10,0,12
2024-08-11T19:47:32,2,10,0,12
2024-08-11T20:03:27,2,10,0,12
2024-08-11T20:19:31,2,10,0,12
2024-08-11T20:35:26,2,10,0,12
2024-08-11T20:51:21,2,10,0,12
2024-08-11T21:07:16,2,10,0,12
2024-08-11T21:23:11,2,10,0,12
2024-08-11T21:39:07,2,10,0,12
2024-08-11T21:55:03,2,10,0,12
2024-08-11T22:11:09,2,10,0,12
2024-08-11T22:27:03,2,10,0,12
2024-08-11T22:42:58,2,10,0,12
2024-08-11T22:58:52,2,10,0,12
2024-08-11T23:14:49,2,10,0,12
2024-08-11T23:30:44,2,10,0,12
2024-08-11T23:46:39,2,10,0,12
2024-08-12T00:02:47,2,10,0,12
2024-08-12T00:18:51,2,10,0,12
2024-08-12T00:34:55,2,10,0,12
2024-08-12T00:50:57,2,10,0,12
2024-08-12T01:07:08,2,10,0,12
2024-08-12T01:23:15,2,10,0,12
2024-08-12T01:39:25,2,10,0,12
2024-08-12T01:55:23,2,10,0,12
2024-08-12T02:11:49,2,10,0,12
2024-08-12T02:27:46,2,10,0,12
2024-08-12T02:43:44,2,10,0,12
2024-08-12T02:59:42,2,10,0,12
2024-08-12T03:15:39,2,10,0,12
2024-08-12T03:31:37,2,10,0,12
2024-08-12T03:47:34,2,10,0,12
2024-08-12T04:03:33,2,10,0,12
2024-08-12T04:19:32,2,10,0,12
2024-08-12T04:30:44,2,10,0,12
2024-08-12T04:46:47,2,10,0,12
2024-08-12T05:02:50,2,10,0,12
2024-08-12T05:18:50,2,10,0,12
2024-08-12T05:34:50,2,10,0,12
2024-08-12T05:50:49,2,10,0,12
2024-08-12T06:06:50,2,10,0,12
2024-08-12T06:22:51,2,10,0,12
2024-08-12T06:38:51,2,10,0,12
2024-08-12T06:54:48,2,10,0,12
2024-08-12T07:10:43,2,10,0,12
2024-08-12T07:26:39,2,10,0,12
2024-08-12T07:42:34,2,10,0,12
2024-08-12T07:58:40,2,10,0,12
2024-08-12T08:14:35,2,10,0,12
2024-08-12T08:30:30,2,10,0,12
2024-08-12T08:46:27,2,10,0,12
2024-08-12T09:02:23,2,10,0,12
2024-08-12T09:18:19,2,10,0,12
2024-08-12T09:34:14,2,10,0,12
2024-08-12T09:50:24,2,10,0,12
2024-08-12T10:06:20,2,10,0,12
2024-08-12T10:22:17,2,10,0,12
2024-08-12T10:38:13,2,10,0,12
2024-08-12T10:54:09,2,10,0,12
2024-08-12T11:10:06,2,10,0,12
2024-08-12T11:26:12,2,10,0,12
2024-08-12T11:42:10,2,10,0,12
2024-08-12T11:58:06,2,10,0,12
2024-08-12T12:14:02,2,10,0,12
2024-08-12T12:30:08,2,10,0,12
2024-08-12T12:46:03,2,10,0,12
2024-08-12T13:01:58,2,10,0,12
2024-08-12T13:17:53,2,10,0,12
2024-08-12T13:33:47,2,10,0,12
2024-08-12T13:49:53,2,10,0,12
2024-08-12T14:05:49,2,10,0,12
2024-08-12T14:21:45,2,10,0,12
2024-08-12T14:37:40,2,10,0,12
2024-08-12T14:53:36,2,10,0,12
2024-08-12T15:09:44,2,10,0,12
2024-08-12T15:25:39,2,10,0,12
2024-08-12T15:41:34,2,10,0,12
2024-08-12T15:57:30,2,10,0,12
2024-08-12T16:13:25,2,10,0,12
2024-08-12T16:29:21,2,10,0,12
2024-08-12T16:45:30,2,10,0,12
2024-08-12T17:01:25,2,10,0,12
2024-08-12T17:17:22,2,10,0,12
2024-08-12T17:33:16,2,10,0,12
2024-08-12T17:49:11,2,10,0,12
2024-08-12T18:05:16,2,10,0,12
2024-08-12T18:21:11,2,10,0,12
2024-08-12T18:37:06,2,10,0,12
2024-08-12T18:53:01,2,10,0,12
2024-08-12T19:08:56,2,10,0,12
2024-08-12T19:24:51,2,10,0,12
2024-08-12T19:40:48,2,10,0,12
2024-08-12T19:56:57,2,10,0,12
2024-08-12T20:12:52,2,10,0,12
2024-08-12T20:28:47,2,10,0,12
2024-08-12T20:44:43,2,10,0,12
2024-08-12T21:00:38,2,10,0,12
2024-08-12T21:16:33,2,10,0,12
2024-08-12T21:32:39,2,10,0,12
2024-08-12T21:48:36,2,10,0,12
2024-08-12T22:04:31,2,10,0,12
2024-08-12T22:20:28,2,10,0,12
2024-08-12T22:36:27,2,10,0,12
2024-08-12T22:52:23,2,10,0,12
2024-08-12T23:08:19,2,10,0,12
2024-08-12T23:24:25,2,10,0,12
2024-08-12T23:40:21,2,10,0,12
2024-08-12T23:56:17,2,10,0,12
2024-08-13T00:12:14,2,10,0,12
2024-08-13T00:28:15,2,10,0,12
2024-08-13T00:44:16,2,10,0,12
2024-08-13T01:00:19,2,10,0,12
2024-08-13T01:16:22,2,10,0,12
2024-08-13T01:32:21,2,10,0,12
2024-08-13T01:48:18,2,10,0,12
2024-08-13T02:04:16,2,10,0,12
2024-08-13T02:20:25,2,10,0,12
2024-08-13T02:36:22,2,10,0,12
2024-08-13T02:52:22,2,10,0,12
2024-08-13T03:08:18,2,10,0,12
2024-08-13T03:24:15,2,10,0,12
2024-08-13T03:40:14,2,10,0,12
2024-08-13T03:56:12,2,10,0,12
2024-08-13T04:12:10,2,10,0,12
2024-08-13T04:27:41,2,10,0,12
2024-08-13T04:43:42,2,10,0,12
2024-08-13T04:59:39,2,10,0,12
2024-08-13T05:15:37,2,10,0,12
2024-08-13T05:31:34,2,10,0,12
2024-08-13T05:47:31,2,10,0,12
2024-08-13T06:03:27,2,10,0,12
2024-08-13T06:19:24,2,10,0,12
2024-08-13T06:35:20,2,10,0,12
2024-08-13T06:51:19,2,10,0,12
2024-08-13T07:07:38,2,10,0,12
2024-08-13T07:23:37,2,10,0,12
2024-08-13T07:39:35,2,10,0,12
2024-08-13T07:55:35,2,10,0,12
2024-08-13T08:11:33,2,10,0,12
2024-08-13T08:27:31,2,10,0,12
2024-08-13T08:43:29,2,10,0,12
2024-08-13T08:59:35,2,10,0,12
2024-08-13T09:15:33,2,10,0,12
2024-08-13T09:31:30,2,10,0,12
2024-08-13T09:47:27,2,10,0,12
2024-08-13T10:03:25,2,10,0,12
2024-08-13T10:19:22,2,10,0,12
2024-08-13T10:35:20,2,10,0,12
2024-08-13T10:51:26,2,10,0,12
2024-08-13T11:07:24,2,10,0,12
2024-08-13T11:23:21,2,10,0,12
2024-08-13T11:39:20,2,10,0,12
2024-08-13T11:55:19,2,10,0,12
2024-08-13T12:11:15,2,10,0,12
2024-08-13T12:27:21,2,10,0,12
2024-08-13T12:43:16,2,10,0,12
2024-08-13T12:59:11,2,10,0,12
2024-08-13T13:15:06,2,10,0,12
2024-08-13T13:31:01,2,10,0,12
2024-08-13T13:47:08,2,10,0,12
2024-08-13T14:03:05,2,10,0,12
2024-08-13T14:19:01,2,10,0,12
2024-08-13T14:34:56,2,10,0,12
2024-08-13T14:50:52,2,10,0,12
2024-08-13T15:06:57,2,10,0,12
2024-08-13T15:22:53,2,10,0,12
2024-08-13T15:38:49,2,10,0,12
2024-08-13T15:54:44,2,10,0,12
2024-08-13T16:10:40,2,10,0,12
2024-08-13T16:26:45,2,10,0,12
2024-08-13T16:42:41,2,10,0,12
2024-08-13T16:58:37,2,10,0,12
2024-08-13T17:14:33,2,10,0,12
2024-08-13T17:30:30,2,10,0,12
2024-08-13T17:46:25,2,10,0,12
2024-08-13T18:02:32,2,10,0,12
2024-08-13T18:18:27,2,10,0,12
2024-08-13T18:34:23,2,10,0,12
2024-08-13T18:50:17,2,10,0,12
2024-08-13T19:06:12,2,10,0,12
2024-08-13T19:22:17,2,10,0,12
2024-08-13T19:38:12,2,10,0,12
2024-08-13T19:54:08,2,10,0,12
2024-08-13T20:10:03,2,10,0,12
2024-08-13T20:25:58,2,10,0,12
2024-08-13T20:42:03,2,10,0,12
2024-08-13T20:57:58,2,10,0,12
2024-08-13T21:13:57,2,10,0,12
2024-08-13T21:29:54,2,10,0,12
2024-08-13T21:45:49,2,10,0,12
2024-08-13T22:01:45,2,10,0,12
2024-08-13T22:17:52,2,10,0,12
2024-08-13T22:33:48,2,10,0,12
2024-08-13T22:49:43,2,10,0,12
2024-08-13T23:05:39,2,10,0,12
2024-08-13T23:21:36,2,10,0,12
2024-08-13T23:37:42,2,10,0,12
2024-08-13T23:53:37,2,10,0,12
2024-08-14T00:09:34,2,10,0,12
2024-08-14T00:25:34,2,10,0,12
2024-08-14T00:41:34,2,10,0,12
2024-08-14T00:57:34,2,10,0,12
2024-08-14T01:13:34,2,10,0,12
2024-08-14T01:29:42,2,10,0,12
2024-08-14T01:45:43,2,10,0,12
2024-08-14T02:01:42,2,10,0,12
2024-08-14T02:17:40,2,10,0,12
2024-08-14T02:33:37,2,10,0,12
2024-08-14T02:49:34,2,10,0,12
2024-08-14T03:05:30,2,10,0,12
2024-08-14T03:21:26,2,10,0,12
2024-08-14T03:37:25,2,10,0,12
2024-08-14T03:53:20,2,10,0,12
2024-08-14T04:17:32,2,10,0,12
2024-08-14T04:33:29,2,10,0,12
2024-08-14T04:49:24,2,10,0,12
2024-08-14T05:05:19,2,10,0,12
2024-08-14T05:21:17,2,10,0,12
2024-08-14T05:37:13,2,10,0,12
2024-08-14T05:53:09,2,10,0,12
2024-08-14T06:09:07,2,10,0,12
2024-08-14T06:25:06,2,10,0,12
2024-08-14T06:41:05,2,10,0,12
2024-08-14T06:57:16,2,10,0,12
2024-08-14T07:13:26,2,10,0,12
2024-08-14T07:29:41,2,10,0,12
2024-08-14T07:45:39,2,10,0,12
2024-08-14T08:01:37,2,10,0,12
2024-08-14T08:17:35,2,10,0,12
2024-08-14T08:33:33,2,10,0,12
2024-08-14T08:49:30,2,10,0,12
2024-08-14T09:05:39,2,10,0,12
2024-08-14T09:21:37,2,10,0,12
2024-08-14T09:37:36,2,10,0,12
2024-08-14T09:53:45,2,10,0,12
2024-08-14T10:09:45,2,10,0,12
2024-08-14T10:25:46,2,10,0,12
2024-08-14T10:41:46,2,10,0,12
2024-08-14T10:57:55,2,10,0,12
2024-08-14T11:13:55,2,10,0,12
2024-08-14T11:29:54,2,10,0,12
2024-08-14T11:46:04,2,10,0,12
2024-08-14T12:02:05,2,10,0,12
2024-08-14T12:18:03,2,10,0,12
2024-08-14T12:34:14,2,10,0,12
2024-08-14T12:50:16,2,10,0,12
2024-08-14T13:06:15,2,10,0,12
2024-08-14T13:22:21,2,10,0,12
2024-08-14T13:38:18,2,10,0,12
2024-08-14T13:54:18,2,10,0,12
2024-08-14T14:10:17,2,10,0,12
2024-08-14T14:26:25,2,10,0,12
2024-08-14T14:42:22,2,10,0,12
2024-08-14T14:58:20,2,10,0,12
2024-08-14T15:14:30,2,10,0,12
2024-08-14T15:30:27,2,10,0,12
2024-08-14T15:46:22,2,10,0,12
2024-08-14T16:02:31,2,10,0,12
2024-08-14T16:18:27,2,10,0,12
2024-08-14T16:34:23,2,10,0,12
2024-08-14T16:50:18,2,10,0,12
2024-08-14T17:06:26,2,10,0,12
2024-08-14T17:22:22,2,10,0,12
2024-08-14T17:38:17,2,10,0,12
2024-08-14T17:54:12,2,10,0,12
2024-08-14T18:10:07,2,10,0,12
2024-08-14T18:26:12,2,10,0,12
2024-08-14T18:42:07,2,10,0,12
2024-08-14T18:58:01,2,10,0,12
2024-08-14T19:13:57,2,10,0,12
2024-08-14T19:29:52,2,10,0,12
2024-08-14T19:45:57,2,10,0,12
2024-08-14T20:01:52,2,10,0,12
2024-08-14T20:17:47,2,10,0,12
2024-08-14T20:33:43,2,10,0,12
2024-08-14T20:49:37,2,10,0,12
2024-08-14T21:05:43,2,10,0,12
2024-08-14T21:21:41,2,10,0,12
2024-08-14T21:37:37,2,10,0,12
2024-08-14T21:53:33,2,10,0,12
2024-08-14T22:09:39,2,10,0,12
2024-08-14T22:25:35,2,10,0,12
2024-08-14T22:41:30,2,10,0,12
2024-08-14T22:57:25,2,10,0,12
2024-08-14T23:13:31,2,10,0,12
2024-08-14T23:29:27,2,10,0,12
2024-08-14T23:45:22,2,10,0,12
2024-08-15T00:01:17,2,10,0,12
2024-08-15T00:17:18,2,10,0,12
2024-08-15T00:33:30,2,10,0,12
2024-08-15T00:49:30,2,10,0,12
2024-08-15T01:05:34,2,10,0,12
2024-08-15T01:21:35,2,10,0,12
2024-08-15T01:37:34,2,10,0,12
2024-08-15T01:53:33,2,10,0,12
2024-08-15T02:09:40,2,10,0,12
2024-08-15T02:25:36,2,10,0,12
2024-08-15T02:41:39,2,10,0,12
2024-08-15T02:57:37,2,10,0,12
2024-08-15T03:13:34,2,10,0,12
2024-08-15T03:29:32,2,10,0,12
2024-08-15T03:45:33,2,10,0,12
2024-08-15T04:01:32,2,10,0,12
2024-08-15T04:28:08,2,10,0,12
2024-08-15T04:44:09,2,10,0,12
2024-08-15T05:00:06,2,10,0,12
2024-08-15T05:16:02,2,10,0,12
2024-08-15T05:31:58,2,10,0,12
2024-08-15T05:47:57,2,10,0,12
2024-08-15T06:04:13,2,10,0,12
2024-08-15T06:20:12,2,10,0,12
2024-08-15T06:36:09,2,10,0,12
2024-08-15T06:52:05,2,10,0,12
2024-08-15T07:08:03,2,10,0,12
2024-08-15T07:24:09,2,10,0,12
2024-08-15T07:40:05,2,10,0,12
2024-08-15T07:56:11,2,10,0,12
2024-08-15T08:12:08,2,10,0,12
2024-08-15T08:28:08,2,10,0,12
2024-08-15T08:44:08,2,10,0,12
2024-08-15T09:21:57,2,10,0,12
2024-08-15T09:37:56,2,10,0,12
2024-08-15T09:54:03,4,8,0,12
2024-08-15T10:10:03,4,8,0,12
2024-08-15T10:26:03,5,7,0,12
2024-08-15T10:42:14,5,7,0,12
2024-08-15T10:58:16,5,7,0,12
2024-08-15T11:14:18,6,6,0,12
2024-08-15T11:30:27,6,6,0,12
2024-08-15T11:46:24,6,6,0,12
2024-08-15T12:02:25,6,6,0,12
2024-08-15T12:18:33,7,5,0,12
2024-08-15T12:34:32,6,6,0,12
2024-08-15T12:50:41,7,5,0,12
2024-08-15T13:06:39,8,4,0,12
2024-08-15T13:22:41,8,4,0,12
2024-08-15T13:39:01,8,4,0,12
2024-08-15T13:54:59,8,4,0,12
2024-08-15T14:11:02,9,3,0,12
2024-08-15T14:27:09,10,2,0,12
2024-08-15T14:43:11,10,2,0,12
2024-08-15T14:59:13,10,2,0,12
2024-08-15T15:15:23,10,2,0,12
2024-08-15T15:31:23,10,2,0,12
2024-08-15T15:47:20,10,2,0,12
2024-08-15T16:03:32,10,2,0,12
2024-08-15T16:19:30,11,1,0,12
2024-08-15T16:35:43,11,1,0,12
2024-08-15T16:51:55,12,0,0,12
2024-08-15T17:08:04,11,1,0,12
2024-08-15T17:24:02,11,1,0,12
2024-08-15T17:40:03,12,0,0,12
2024-08-15T17:56:11,12,0,0,12
2024-08-15T18:12:11,12,0,0,12
2024-08-15T18:28:10,12,0,0,12
2024-08-15T18:44:20,12,0,0,12
2024-08-15T19:00:17,12,0,0,12
2024-08-15T19:16:16,12,0,0,12
2024-08-15T19:32:24,12,0,0,12
2024-08-15T19:48:20,12,0,0,12
2024-08-15T20:04:18,12,0,0,12
2024-08-15T20:20:28,12,0,0,12
2024-08-15T20:36:24,12,0,0,12
2024-08-15T20:52:23,12,0,0,12
2024-08-15T21:08:20,12,0,0,12
2024-08-15T21:24:25,12,0,0,12
2024-08-15T21:40:20,12,0,0,12
2024-08-15T21:56:16,12,0,0,12
2024-08-15T22:12:11,12,0,0,12
2024-08-15T22:28:07,12,0,0,12
2024-08-15T22:44:03,12,0,0,12
2024-08-15T23:00:07,12,0,0,12
2024-08-15T23:16:03,12,0,0,12
2024-08-15T23:31:58,12,0,0,12
2024-08-15T23:47:53,12,0,0,12
2024-08-16T00:03:49,12,0,0,12
2024-08-16T00:19:46,12,0,0,12
2024-08-16T00:35:45,12,0,0,12
2024-08-16T00:51:56,12,0,0,12
2024-08-16T01:08:02,12,0,0,12
2024-08-16T01:24:05,12,0,0,12
2024-08-16T01:40:05,12,0,0,12
2024-08-16T01:56:04,12,0,0,12
2024-08-16T02:12:08,12,0,0,12
2024-08-16T02:28:12,12,0,0,12
2024-08-16T02:44:12,12,0,0,12
2024-08-16T03:00:08,12,0,0,12
2024-08-16T03:16:06,12,0,0,12
2024-08-16T03:32:05,12,0,0,12
2024-08-16T03:48:31,12,0,0,12
2024-08-16T04:04:30,12,0,0,12
2024-08-16T04:20:28,12,0,0,12
2024-08-16T04:31:56,12,0,0,12
2024-08-16T04:47:58,12,0,0,12
2024-08-16T05:04:00,12,0,0,12
2024-08-16T05:20:03,12,0,0,12
2024-08-16T05:36:01,12,0,0,12
2024-08-16T05:52:00,12,0,0,12
2024-08-16T06:07:58,12,0,0,12
2024-08-16T06:23:56,12,0,0,12
2024-08-16T06:39:56,12,0,0,12
2024-08-16T06:55:54,12,0,0,12
2024-08-16T07:11:54,12,0,0,12
2024-08-16T07:27:54,12,0,0,12
2024-08-16T07:43:50,12,0,0,12
2024-08-16T07:59:55,12,0,0,12
2024-08-16T08:15:57,12,0,0,12
2024-08-16T08:31:54,12,0,0,12
2024-08-16T08:47:50,12,0,0,12
2024-08-16T09:03:45,12,0,0,12
2024-08-16T09:19:40,12,0,0,12
2024-08-16T09:35:36,12,0,0,12
2024-08-16T09:51:32,12,0,0,12
2024-08-16T10:07:39,12,0,0,12
2024-08-16T10:23:33,12,0,0,12
2024-08-16T11:01:36,12,0,0,12
2024-08-16T11:17:32,12,0,0,12
2024-08-16T11:33:27,12,0,0,12
2024-08-16T11:49:32,12,0,0,12
2024-08-16T12:05:27,12,0,0,12
2024-08-16T12:21:23,12,0,0,12
2024-08-16T12:37:17,12,0,0,12
2024-08-16T12:53:11,12,0,0,12
2024-08-16T13:09:14,12,0,0,12
2024-08-16T13:25:09,12,0,0,12
2024-08-16T13:41:04,12,0,0,12
2024-08-16T13:56:59,12,0,0,12
2024-08-16T14:12:55,12,0,0,12
2024-08-16T14:28:49,12,0,0,12
2024-08-16T14:44:55,12,0,0,12
2024-08-16T15:00:49,12,0,0,12
2024-08-16T15:16:44,12,0,0,12
2024-08-16T15:32:39,12,0,0,12
2024-08-16T15:48:33,12,0,0,12
2024-08-16T16:04:28,12,0,0,12
2024-08-16T16:20:31,12,0,0,12
2024-08-16T16:36:26,12,0,0,12
2024-08-16T16:52:21,12,0,0,12
2024-08-16T17:08:16,12,0,0,12
2024-08-16T17:24:12,12,0,0,12
2024-08-16T17:40:08,12,0,0,12
2024-08-16T17:56:03,12,0,0,12
2024-08-16T18:12:07,12,0,0,12
2024-08-16T18:28:02,12,0,0,12
2024-08-16T18:43:57,12,0,0,12
2024-08-16T18:59:51,12,0,0,12
2024-08-16T19:15:46,12,0,0,12
2024-08-16T19:31:41,12,0,0,12
2024-08-16T19:47:37,12,0,0,12
2024-08-16T20:03:31,12,0,0,12
2024-08-16T20:19:35,12,0,0,12
2024-08-16T20:35:30,12,0,0,12
2024-08-16T20:51:25,12,0,0,12
2024-08-16T21:07:21,12,0,0,12
2024-08-16T21:23:17,12,0,0,12
2024-08-16T21:39:13,12,0,0,12
2024-08-16T21:55:09,12,0,0,12
2024-08-16T22:11:05,12,0,0,12
2024-08-16T22:27:08,12,0,0,12
2024-08-16T22:43:03,12,0,0,12
2024-08-16T22:58:59,12,0,0,12
2024-08-16T23:14:55,12,0,0,12
2024-08-16T23:30:50,12,0,0,12
2024-08-16T23:46:46,12,0,0,12
2024-08-17T00:02:44,12,0,0,12
2024-08-17T00:18:56,12,0,0,12
2024-08-17T00:34:57,12,0,0,12
2024-08-17T00:50:58,12,0,0,12
2024-08-17T01:06:58,12,0,0,12
2024-08-17T01:22:56,12,0,0,12
2024-08-17T01:38:57,12,0,0,12
2024-08-17T01:54:57,12,0,0,12
2024-08-17T02:10:53,12,0,0,12
2024-08-17T02:26:53,12,0,0,12
2024-08-17T02:42:54,12,0,0,12
2024-08-17T02:58:50,12,0,0,12
2024-08-17T03:14:46,12,0,0,12
2024-08-17T03:30:53,12,0,0,12
2024-08-17T03:46:51,12,0,0,12
2024-08-17T04:02:49,12,0,0,12
2024-08-17T04:24:33,12,0,0,12
2024-08-17T04:40:35,12,0,0,12
2024-08-17T04:56:46,12,0,0,12
2024-08-17T05:12:46,12,0,0,12
2024-08-17T05:28:44,12,0,0,12
2024-08-17T05:44:42,12,0,0,12
2024-08-17T06:00:41,12,0,0,12
2024-08-17T06:16:39,12,0,0,12
2024-08-17T06:32:37,12,0,0,12
2024-08-17T06:48:36,12,0,0,12
2024-08-17T07:04:33,12,0,0,12
2024-08-17T07:20:32,12,0,0,12
2024-08-17T07:36:31,12,0,0,12
2024-08-17T07:52:27,12,0,0,12
2024-08-17T08:08:25,12,0,0,12
2024-08-17T08:24:32,12,0,0,12
2024-08-17T08:40:31,12,0,0,12
2024-08-17T08:56:28,12,0,0,12
2024-08-17T09:12:27,12,0,0,12
2024-08-17T09:28:25,12,0,0,12
2024-08-17T09:44:23,12,0,0,12
2024-08-17T10:00:20,12,0,0,12
2024-08-17T10:16:17,12,0,0,12
2024-08-17T10:32:22,12,0,0,12
2024-08-17T10:48:18,12,0,0,12
2024-08-17T11:04:15,12,0,0,12
2024-08-17T11:20:12,12,0,0,12
2024-08-17T11:36:09,12,0,0,12
2024-08-17T11:52:06,12,0,0,12
2024-08-17T12:08:03,12,0,0,12
2024-08-17T12:23:59,12,0,0,12
2024-08-17T12:40:02,12,0,0,12
2024-08-17T12:55:58,12,0,0,12
2024-08-17T13:11:52,12,0,0,12
2024-08-17T13:27:47,12,0,0,12
2024-08-17T13:43:43,12,0,0,12
2024-08-17T13:59:38,12,0,0,12
2024-08-17T14:15:33,12,0,0,12
2024-08-17T14:31:28,12,0,0,12
2024-08-17T14:47:24,12,0,0,12
2024-08-17T15:03:19,12,0,0,12
2024-08-17T15:19:22,12,0,0,12
2024-08-17T15:35:17,12,0,0,12
2024-08-17T15:51:12,12,0,0,12
2024-08-17T16:07:07,12,0,0,12
2024-08-17T16:23:03,12,0,0,12
2024-08-17T16:38:59,12,0,0,12
2024-08-17T16:54:53,12,0,0,12
2024-08-17T17:10:49,12,0,0,12
2024-08-17T17:26:45,12,0,0,12
2024-08-17T17:42:51,12,0,0,12
2024-08-17T17:58:46,12,0,0,12
2024-08-17T18:14:41,12,0,0,12
2024-08-17T18:30:35,12,0,0,12
2024-08-17T18:46:31,12,0,0,12
2024-08-17T19:02:26,12,0,0,12
2024-08-17T19:18:21,12,0,0,12
2024-08-17T19:34:16,12,0,0,12
2024-08-17T19:50:11,12,0,0,12
2024-08-17T20:06:06,12,0,0,12
2024-08-17T20:22:10,12,0,0,12
2024-08-17T20:38:05,12,0,0,12
2024-08-17T20:53:59,12,0,0,12
2024-08-17T21:09:55,12,0,0,12
2024-08-17T21:25:50,12,0,0,12
2024-08-17T21:41:46,12,0,0,12
2024-08-17T21:57:40,12,0,0,12
2024-08-17T22:13:38,12,0,0,12
2024-08-17T22:29:34,12,0,0,12
2024-08-17T22:45:29,12,0,0,12
2024-08-17T23:01:32,12,0,0,12
2024-08-17T23:17:28,12,0,0,12
2024-08-17T23:33:23,12,0,0,12
2024-08-17T23:49:17,12,0,0,12
2024-08-18T00:18:10,12,0,0,12
2024-08-18T00:34:08,12,0,0,12
2024-08-18T00:47:46,12,0,0,12
2024-08-18T01:03:44,12,0,0,12
2024-08-18T01:19:40,12,0,0,12
2024-08-18T01:35:35,12,0,0,12
2024-08-18T01:51:40,12,0,0,12
2024-08-18T02:07:39,12,0,0,12
2024-08-18T02:23:40,12,0,0,12
2024-08-18T02:39:41,12,0,0,12
2024-08-18T02:56:26,12,0,0,12
2024-08-18T03:12:26,12,0,0,12
2024-08-18T03:28:25,12,0,0,12
2024-08-18T03:44:24,12,0,0,12
2024-08-18T04:00:22,12,0,0,12
2024-08-18T04:17:08,12,0,0,12
2024-08-18T04:33:10,12,0,0,12
2024-08-18T04:49:11,12,0,0,12
2024-08-18T05:05:10,12,0,0,12
2024-08-18T05:21:09,12,0,0,12
2024-08-18T05:37:08,12,0,0,12
2024-08-18T05:53:07,12,0,0,12
2024-08-18T06:09:06,12,0,0,12
2024-08-18T06:25:05,12,0,0,12
2024-08-18T06:41:02,12,0,0,12
2024-08-18T06:57:00,12,0,0,12
2024-08-18T07:12:58,12,0,0,12
2024-08-18T07:28:56,12,0,0,12
2024-08-18T07:44:56,12,0,0,12
2024-08-18T08:00:56,12,0,0,12
2024-08-18T08:16:52,12,0,0,12
2024-08-18T08:32:50,12,0,0,12
2024-08-18T08:48:49,12,0,0,12
2024-08-18T09:04:46,12,0,0,12
2024-08-18T09:20:50,12,0,0,12
2024-08-18T09:36:49,12,0,0,12
2024-08-18T09:52:45,12,0,0,12
2024-08-18T10:08:41,12,0,0,12
2024-08-18T10:24:37,12,0,0,12
2024-08-18T10:40:33,12,0,0,12
2024-08-18T10:56:27,12,0,0,12
2024-08-18T11:12:21,12,0,0,12
2024-08-18T11:28:16,12,0,0,12
2024-08-18T11:44:10,12,0,0,12
2024-08-18T12:00:05,12,0,0,12
2024-08-18T12:15:59,12,0,0,12
2024-08-18T12:32:02,12,0,0,12
2024-08-18T12:47:57,12,0,0,12
2024-08-18T13:03:51,12,0,0,12
2024-08-18T13:19:45,12,0,0,12
2024-08-18T13:35:40,12,0,0,12
2024-08-18T13:51:35,12,0,0,12
2024-08-18T14:07:30,12,0,0,12
2024-08-18T14:23:24,12,0,0,12
2024-08-18T14:39:19,12,0,0,12
2024-08-18T14:55:14,12,0,0,12
2024-08-18T15:11:08,12,0,0,12
2024-08-18T15:27:12,12,0,0,12
2024-08-18T15:43:06,12,0,0,12
2024-08-18T15:59:00,12,0,0,12
2024-08-18T16:14:56,12,0,0,12
2024-08-18T16:30:51,12,0,0,12
2024-08-18T16:46:46,12,0,0,12
2024-08-18T17:02:41,12,0,0,12
2024-08-18T17:18:38,12,0,0,12
2024-08-18T17:34:32,12,0,0,12
2024-08-18T17:50:27,12,0,0,12
2024-08-18T18:06:32,12,0,0,12
2024-08-18T18:22:29,12,0,0,12
2024-08-18T18:38:23,12,0,0,12
2024-08-18T18:54:19,12,0,0,12
2024-08-18T19:10:17,12,0,0,12
2024-08-18T19:26:15,12,0,0,12
2024-08-18T19:42:18,12,0,0,12
2024-08-18T19:58:14,12,0,0,12
2024-08-18T20:14:09,12,0,0,12
2024-08-18T20:30:04,12,0,0,12
2024-08-18T20:46:00,12,0,0,12
2024-08-18T21:01:55,12,0,0,12
2024-08-18T21:17:53,12,0,0,12
2024-08-18T21:33:51,12,0,0,12
2024-08-18T21:49:49,12,0,0,12
2024-08-18T22:05:56,12,0,0,12
2024-08-18T22:21:51,12,0,0,12
2024-08-18T22:37:46,12,0,0,12
2024-08-18T22:53:41,12,0,0,12
2024-08-18T23:09:37,12,0,0,12
2024-08-18T23:25:33,12,0,0,12
2024-08-18T23:41:29,12,0,0,12
2024-08-18T23:57:25,12,0,0,12
2024-08-19T00:13:37,12,0,0,12
2024-08-19T00:29:41,12,0,0,12
2024-08-19T00:45:44,12,0,0,12
2024-08-19T01:01:45,12,0,0,12
2024-08-19T01:17:43,12,0,0,12
2024-08-19T01:33:40,12,0,0,12
2024-08-19T01:49:55,12,0,0,12
2024-08-19T02:06:03,12,0,0,12
2024-08-19T02:22:01,12,0,0,12
2024-08-19T02:37:59,12,0,0,12
2024-08-19T02:54:09,12,0,0,12
2024-08-19T03:10:08,12,0,0,12
2024-08-19T03:26:06,12,0,0,12
2024-08-19T03:42:04,12,0,0,12
2024-08-19T03:58:03,12,0,0,12
2024-08-19T04:14:02,12,0,0,12
2024-08-19T04:26:23,12,0,0,12
2024-08-19T04:42:24,12,0,0,12
2024-08-19T04:58:22,12,0,0,12
2024-08-19T05:14:22,12,0,0,12
2024-08-19T05:30:22,12,0,0,12
2024-08-19T05:46:21,12,0,0,12
2024-08-19T06:02:20,12,0,0,12
2024-08-19T06:18:19,12,0,0,12
2024-08-19T06:34:18,12,0,0,12
2024-08-19T06:50:15,12,0,0,12
2024-08-19T07:06:14,12,0,0,12
2024-08-19T07:22:14,12,0,0,12
2024-08-19T07:38:12,12,0,0,12
2024-08-19T07:54:08,12,0,0,12
2024-08-19T08:10:11,12,0,0,12
2024-08-19T08:26:08,12,0,0,12
2024-08-19T08:42:05,12,0,0,12
2024-08-19T08:58:01,12,0,0,12
2024-08-19T09:13:58,12,0,0,12
2024-08-19T09:29:53,12,0,0,12
2024-08-19T09:45:58,12,0,0,12
2024-08-19T10:01:54,12,0,0,12
2024-08-19T10:17:49,12,0,0,12
2024-08-19T10:33:47,12,0,0,12
2024-08-19T10:49:42,12,0,0,12
2024-08-19T11:05:52,12,0,0,12
2024-08-19T11:21:47,12,0,0,12
2024-08-19T11:37:42,12,0,0,12
2024-08-19T11:53:49,12,0,0,12
2024-08-19T12:09:45,12,0,0,12
2024-08-19T12:25:41,12,0,0,12
2024-08-19T12:41:36,12,0,0,12
2024-08-19T12:57:44,12,0,0,12
2024-08-19T13:13:41,12,0,0,12
2024-08-19T13:29:37,12,0,0,12
2024-08-19T13:45:34,12,0,0,12
2024-08-19T14:01:43,12,0,0,12
2024-08-19T14:17:38,12,0,0,12
2024-08-19T14:33:34,12,0,0,12
2024-08-19T14:49:30,12,0,0,12
2024-08-19T15:05:37,12,0,0,12
2024-08-19T15:21:34,12,0,0,12
2024-08-19T15:37:33,12,0,0,12
2024-08-19T15:53:29,12,0,0,12
2024-08-19T16:09:25,12,0,0,12
2024-08-19T16:25:33,12,0,0,12
2024-08-19T16:41:31,12,0,0,12
2024-08-19T16:57:28,12,0,0,12
2024-08-19T17:13:25,12,0,0,12
2024-08-19T17:29:22,12,0,0,12
2024-08-19T17:45:28,12,0,0,12
2024-08-19T18:01:25,12,0,0,12
2024-08-19T18:17:22,12,0,0,12
2024-08-19T18:33:18,12,0,0,12
2024-08-19T18:49:13,12,0,0,12
2024-08-19T19:05:09,12,0,0,12
2024-08-19T19:21:15,12,0,0,12
2024-08-19T19:37:11,12,0,0,12
2024-08-19T19:53:07,12,0,0,12
2024-08-19T20:09:03,12,0,0,12
2024-08-19T20:25:00,12,0,0,12
2024-08-19T20:40:57,12,0,0,12
2024-08-19T20:57:02,12,0,0,12
2024-08-19T21:12:57,12,0,0,12
2024-08-19T21:28:56,12,0,0,12
2024-08-19T21:44:51,12,0,0,12
2024-08-19T22:00:48,12,0,0,12
2024-08-19T22:16:45,12,0,0,12
2024-08-19T22:32:52,12,0,0,12
2024-08-19T22:48:48,12,0,0,12
2024-08-19T23:04:44,12,0,0,12
2024-08-19T23:20:40,12,0,0,12
2024-08-19T23:36:37,12,0,0,12
2024-08-19T23:52:34,12,0,0,12
2024-08-20T00:08:45,12,0,0,12
2024-08-20T00:24:52,12,0,0,12
2024-08-20T00:40:57,12,0,0,12
2024-08-20T00:57:00,12,0,0,12
2024-08-20T01:13:10,12,0,0,12
2024-08-20T01:29:58,12,0,0,12
2024-08-20T01:45:59,12,0,0,12
2024-08-20T02:01:58,12,0,0,12
2024-08-20T02:17:57,12,0,0,12
2024-08-20T02:34:04,12,0,0,12
2024-08-20T02:50:07,12,0,0,12
2024-08-20T03:06:03,12,0,0,12
2024-08-20T03:21:59,12,0,0,12
2024-08-20T03:38:06,12,0,0,12
2024-08-20T03:54:06,12,0,0,12
2024-08-20T04:31:46,12,0,0,12
2024-08-20T04:47:47,12,0,0,12
2024-08-20T05:03:47,12,0,0,12
2024-08-20T05:19:46,12,0,0,12
2024-08-20T05:35:45,12,0,0,12
2024-08-20T05:51:42,12,0,0,12
2024-08-20T06:07:38,12,0,0,12
2024-08-20T06:23:39,12,0,0,12
2024-08-20T06:39:57,12,0,0,12
2024-08-20T06:55:56,12,0,0,12
2024-08-20T07:11:56,12,0,0,12
2024-08-20T07:27:56,12,0,0,12
2024-08-20T07:43:53,12,0,0,12
2024-08-20T07:59:50,12,0,0,12
2024-08-20T08:15:48,12,0,0,12
2024-08-20T08:31:53,12,0,0,12
2024-08-20T08:47:50,12,0,0,12
2024-08-20T09:03:48,11,1,0,12
2024-08-20T09:19:45,11,1,0,12
2024-08-20T09:35:55,10,2,0,12
2024-08-20T09:51:54,10,2,0,12
2024-08-20T10:07:53,11,1,0,12
2024-08-20T10:23:52,11,1,0,12
2024-08-20T10:40:00,12,0,0,12
2024-08-20T10:56:00,12,0,0,12
2024-08-20T11:12:01,12,0,0,12
2024-08-20T11:28:10,12,0,0,12
2024-08-20T11:44:12,12,0,0,12
2024-08-20T12:00:10,12,0,0,12
2024-08-20T12:16:12,12,0,0,12
2024-08-20T12:32:21,12,0,0,12
2024-08-20T12:48:17,12,0,0,12
2024-08-20T13:04:18,12,0,0,12
2024-08-20T13:20:30,12,0,0,12
2024-08-20T13:36:29,12,0,0,12
2024-08-20T13:52:27,12,0,0,12
2024-08-20T14:08:37,12,0,0,12
2024-08-20T14:24:36,12,0,0,12
2024-08-20T14:40:40,12,0,0,12
2024-08-20T14:56:50,12,0,0,12
2024-08-20T15:12:53,12,0,0,12
2024-08-20T15:28:52,12,0,0,12
2024-08-20T15:45:03,12,0,0,12
2024-08-20T16:01:02,12,0,0,12
2024-08-20T16:17:01,12,0,0,12
2024-08-20T16:33:07,12,0,0,12
2024-08-20T16:49:05,12,0,0,12
2024-08-20T17:05:03,12,0,0,12
2024-08-20T17:21:04,12,0,0,12
2024-08-20T17:37:13,11,1,0,12
2024-08-20T17:53:11,12,0,0,12
2024-08-20T18:09:09,12,0,0,12
2024-08-20T18:25:17,12,0,0,12
2024-08-20T18:41:16,12,0,0,12
2024-08-20T18:57:13,12,0,0,12
2024-08-20T19:13:12,12,0,0,12
2024-08-20T19:29:21,12,0,0,12
2024-08-20T19:45:21,12,0,0,12
2024-08-20T20:01:18,12,0,0,12
2024-08-20T20:17:15,12,0,0,12
2024-08-20T20:33:15,12,0,0,12
2024-08-20T20:49:21,12,0,0,12
2024-08-20T21:05:18,12,0,0,12
2024-08-20T21:21:16,12,0,0,12
2024-08-20T21:37:13,12,0,0,12
2024-08-20T21:53:19,12,0,0,12
2024-08-20T22:09:14,12,0,0,12
2024-08-20T22:25:10,12,0,0,12
2024-08-20T22:41:06,12,0,0,12
2024-08-20T22:57:04,12,0,0,12
2024-08-20T23:13:11,12,0,0,12
2024-08-20T23:29:07,12,0,0,12
2024-08-20T23:45:03,12,0,0,12
2024-08-21T00:01:00,12,0,0,12
2024-08-21T00:17:02,12,0,0,12
2024-08-21T00:33:02,12,0,0,12
2024-08-21T00:49:05,12,0,0,12
2024-08-21T01:05:12,12,0,0,12
2024-08-21T01:21:24,12,0,0,12
2024-08-21T01:37:25,12,0,0,12
2024-08-21T01:53:27,12,0,0,12
2024-08-21T02:09:28,12,0,1,12
2024-08-21T02:25:26,12,0,1,12
2024-08-21T02:41:33,12,0,1,12
2024-08-21T02:57:34,12,0,1,12
2024-08-21T03:14:08,12,0,1,12
2024-08-21T03:30:09,12,0,1,12
2024-08-21T03:46:09,12,0,1,12
2024-08-21T04:02:09,12,0,1,12
2024-08-21T04:24:56,12,0,1,12
2024-08-21T04:40:58,12,0,1,12
2024-08-21T04:56:59,12,0,1,12
2024-08-21T05:13:03,12,0,1,12
2024-08-21T05:29:03,12,0,1,12
2024-08-21T05:45:04,12,0,1,12
2024-08-21T06:01:06,12,0,1,12
2024-08-21T06:17:05,12,0,1,12
2024-08-21T06:33:06,12,0,1,12
2024-08-21T06:49:05,12,0,1,12
2024-08-21T07:05:05,12,0,1,12
2024-08-21T07:21:04,12,0,1,12
2024-08-21T07:37:03,12,0,1,12
2024-08-21T07:53:01,12,0,1,12
2024-08-21T08:09:00,12,0,1,12
2024-08-21T08:24:58,12,0,1,12
2024-08-21T08:40:55,12,0,1,12
2024-08-21T08:56:52,12,0,1,12
2024-08-21T09:13:03,12,0,1,12
2024-08-21T09:29:07,12,0,1,12
2024-08-21T09:45:05,12,0,1,12
2024-08-21T10:01:13,12,0,1,12
2024-08-21T10:17:44,12,0,1,12
2024-08-21T10:34:31,12,0,1,12
2024-08-21T10:51:13,12,0,1,12
2024-08-21T11:07:52,12,0,1,12
2024-08-21T11:24:40,12,0,1,12
2024-08-21T11:41:31,12,0,1,12
2024-08-21T11:58:47,12,0,1,12
2024-08-21T12:15:38,12,0,1,12
2024-08-21T12:32:22,12,0,1,12
2024-08-21T12:49:11,12,0,1,12
2024-08-21T13:06:00,12,0,1,12
2024-08-21T13:23:08,12,0,1,12
2024-08-21T13:40:00,12,0,1,12
2024-08-21T13:56:50,12,0,1,12
2024-08-21T14:13:39,12,0,1,12
2024-08-21T14:30:44,12,0,1,12
2024-08-21T14:47:34,12,0,1,12
2024-08-21T15:04:27,12,0,1,12
2024-08-21T15:21:24,12,0,1,12
2024-08-21T15:38:37,12,0,1,12
2024-08-21T15:55:19,12,0,1,12
2024-08-21T16:11:17,12,0,1,12
2024-08-21T16:27:14,12,0,1,12
2024-08-21T16:43:11,12,0,1,12
2024-08-21T16:59:18,12,0,1,12
2024-08-21T17:15:16,12,0,1,12
2024-08-21T17:31:14,12,0,1,12
2024-08-21T17:47:09,12,0,1,12
2024-08-21T18:03:06,12,0,1,12
2024-08-21T18:19:03,12,0,1,12
2024-08-21T18:35:00,12,0,1,12
2024-08-21T18:51:05,12,0,1,12
2024-08-21T19:07:02,12,0,1,12
2024-08-21T19:22:58,12,0,1,12
2024-08-21T19:38:55,12,0,1,12
2024-08-21T19:54:52,12,0,1,12
2024-08-21T20:10:48,12,0,1,12
2024-08-21T20:26:44,12,0,1,12
2024-08-21T20:42:50,12,0,1,12
2024-08-21T20:58:46,12,0,1,12
2024-08-21T21:14:45,12,0,1,12
2024-08-21T21:30:41,12,0,1,12
2024-08-21T21:46:39,12,0,1,12
2024-08-21T22:02:35,12,0,1,12
2024-08-21T22:18:51,12,0,1,12
2024-08-21T22:34:47,12,0,1,12
2024-08-21T22:50:45,12,0,1,12
2024-08-21T23:06:46,12,0,1,12
2024-08-21T23:22:44,12,0,1,12
2024-08-21T23:38:40,12,0,1,12
2024-08-21T23:54:40,12,0,1,12
2024-08-22T00:10:50,12,0,1,12
2024-08-22T00:26:58,12,0,1,12
2024-08-22T00:43:01,12,0,1,12
2024-08-22T00:59:11,12,0,1,12
2024-08-22T01:15:19,12,0,1,12
2024-08-22T01:31:20,12,0,1,12
2024-08-22T01:47:21,12,0,1,12
2024-08-22T02:03:21,12,0,1,12
2024-08-22T02:19:20,12,0,1,12
2024-08-22T02:35:18,12,0,1,12
2024-08-22T02:51:17,12,0,1,12
2024-08-22T03:07:21,12,0,1,12
2024-08-22T03:23:37,12,0,1,12
2024-08-22T03:39:37,12,0,1,12
2024-08-22T03:56:16,12,0,1,12
2024-08-22T04:12:17,12,0,1,12
2024-08-22T04:24:22,12,0,1,12
2024-08-22T04:40:25,12,0,1,12
2024-08-22T04:56:27,12,0,1,12
2024-08-22T05:12:29,12,0,1,12
2024-08-22T05:28:30,12,0,1,12
2024-08-22T05:44:33,12,0,1,12
2024-08-22T06:00:34,12,0,1,12
2024-08-22T06:16:34,12,0,1,12
2024-08-22T06:32:35,12,0,1,12
2024-08-22T06:48:38,12,0,1,12
2024-08-22T07:04:38,12,0,1,12
2024-08-22T07:20:38,12,0,1,12
2024-08-22T07:36:37,12,0,1,12
2024-08-22T07:52:35,12,0,1,12
2024-08-22T08:08:34,12,0,1,12
2024-08-22T08:24:33,12,0,1,12
2024-08-22T08:40:33,12,0,1,12
2024-08-22T08:56:41,12,0,1,12
2024-08-22T09:12:38,12,0,1,12
2024-08-22T09:28:36,12,0,1,12
2024-08-22T09:44:33,12,0,1,12
2024-08-22T10:00:30,12,0,1,12
2024-08-22T10:16:27,12,0,1,12
2024-08-22T10:32:25,12,0,1,12
2024-08-22T10:48:22,12,0,1,12
2024-08-22T11:04:31,12,0,1,12
2024-08-22T11:20:35,12,0,1,12
2024-08-22T11:36:39,12,0,1,12
2024-08-22T11:52:43,12,0,1,12
2024-08-22T12:08:46,12,0,1,12
2024-08-22T12:24:59,12,0,1,12
2024-08-22T12:41:03,12,0,1,12
2024-08-22T12:57:08,12,0,1,12
2024-08-22T13:13:12,12,0,1,12
2024-08-22T13:29:17,12,0,1,12
2024-08-22T13:45:22,12,0,1,12
2024-08-22T14:01:35,12,0,1,12
2024-08-22T14:17:39,12,0,1,12
2024-08-22T14:33:44,12,0,1,12
2024-08-22T14:49:48,12,0,1,12
2024-08-22T15:05:52,12,0,1,12
2024-08-22T15:21:56,12,0,1,12
2024-08-22T15:38:10,12,0,1,12
2024-08-22T15:54:11,12,0,1,12
2024-08-22T16:10:12,12,1,1,13
2024-08-22T16:26:15,12,1,1,13
2024-08-22T16:42:19,12,1,1,13
2024-08-22T16:58:23,12,1,1,13
2024-08-22T17:14:39,12,1,1,13
2024-08-22T17:30:44,12,1,1,13
2024-08-22T17:46:48,12,1,1,13
2024-08-22T18:02:52,12,1,1,13
2024-08-22T18:18:56,12,1,1,13
2024-08-22T18:35:00,12,1,1,13
2024-08-22T18:51:03,12,1,1,13
2024-08-22T19:07:07,12,1,1,13
2024-08-22T19:23:20,12,1,1,13
2024-08-22T19:39:24,12,1,1,13
2024-08-22T19:55:28,12,1,1,13
2024-08-22T20:11:32,12,1,1,13
2024-08-22T20:27:37,12,1,1,13
2024-08-22T20:43:41,12,1,1,13
2024-08-22T20:59:45,12,1,1,13
2024-08-22T21:15:50,12,1,1,13
2024-08-22T21:32:03,12,1,1,13
2024-08-22T21:48:07,12,1,1,13
2024-08-22T22:04:11,12,1,1,13
2024-08-22T22:20:15,12,1,1,13
2024-08-22T22:36:20,12,1,1,13
2024-08-22T22:52:27,12,1,1,13
2024-08-22T23:08:36,12,1,1,13
2024-08-22T23:24:43,12,1,1,13
2024-08-22T23:40:57,12,1,1,13
2024-08-22T23:57:02,12,1,1,13
2024-08-23T00:13:08,12,1,1,13
2024-08-23T00:29:17,12,1,1,13
2024-08-23T00:45:27,12,1,1,13
2024-08-23T01:01:46,12,1,1,13
2024-08-23T01:17:56,12,1,1,13
2024-08-23T01:34:04,12,1,1,13
2024-08-23T01:50:16,12,1,1,13
2024-08-23T02:06:24,12,1,1,13
2024-08-23T02:22:33,12,1,1,13
2024-08-23T02:38:49,12,1,1,13
2024-08-23T02:54:54,12,1,1,13
2024-08-23T03:11:00,12,1,1,13
2024-08-23T03:27:07,12,1,1,13
2024-08-23T03:43:14,12,1,1,13
2024-08-23T03:59:21,12,1,1,13
2024-08-23T04:20:19,12,1,1,13
2024-08-23T04:36:29,12,1,1,13
2024-08-23T04:52:38,12,1,1,13
2024-08-23T05:08:45,12,1,1,13
2024-08-23T05:24:51,12,1,1,13
2024-08-23T05:40:58,12,1,1,13
2024-08-23T05:57:05,12,1,1,13
2024-08-23T06:13:11,12,1,1,13
2024-08-23T06:29:19,12,1,1,13
2024-08-23T06:45:25,12,1,1,13
2024-08-23T07:01:33,12,1,1,13
2024-08-23T07:18:09,12,1,1,13
2024-08-23T07:34:18,12,1,1,13
2024-08-23T07:50:24,12,1,1,13
2024-08-23T08:06:31,12,1,1,13
2024-08-23T08:22:39,12,1,1,13
2024-08-23T08:38:46,12,1,1,13
2024-08-23T08:54:52,12,1,1,13
2024-08-23T09:11:08,12,1,1,13
2024-08-23T09:27:15,12,1,1,13
2024-08-23T09:43:21,12,1,1,13
2024-08-23T09:59:28,12,1,1,13
2024-08-23T10:15:34,12,1,1,13
2024-08-23T10:31:44,12,1,1,13
2024-08-23T10:47:52,12,1,1,13
2024-08-23T11:03:58,12,1,1,13
2024-08-23T11:20:17,12,1,1,13
2024-08-23T11:36:24,12,1,1,13
2024-08-23T11:52:31,12,1,1,13
2024-08-23T12:08:37,12,1,1,13
2024-08-23T12:24:43,12,1,1,13
2024-08-23T12:40:50,12,1,1,13
2024-08-23T12:56:56,12,1,1,13
2024-08-23T13:13:11,12,1,1,13
2024-08-23T13:29:18,12,1,1,13
2024-08-23T13:45:25,12,1,1,13
2024-08-23T14:01:32,12,1,1,13
2024-08-23T14:17:39,12,1,1,13
2024-08-23T14:33:46,12,1,1,13
2024-08-23T14:49:53,12,1,1,13
2024-08-23T15:06:00,12,1,1,13
2024-08-23T15:22:16,12,1,1,13
2024-08-23T15:38:23,12,1,1,13
2024-08-23T15:54:30,12,1,1,13
2024-08-23T16:10:38,12,1,1,13
2024-08-23T16:26:45,12,1,1,13
2024-08-23T16:42:52,12,1,1,13
2024-08-23T16:59:07,12,1,1,13
2024-08-23T17:15:15,12,1,1,13
2024-08-23T17:31:22,12,1,1,13
2024-08-23T17:47:29,12,1,1,13
2024-08-23T18:03:36,12,1,1,13
2024-08-23T18:19:43,12,1,1,13
2024-08-23T18:35:50,12,1,1,13
2024-08-23T18:51:56,12,1,1,13
2024-08-23T19:08:05,12,1,1,13
2024-08-23T19:24:21,12,1,1,13
2024-08-23T19:40:28,12,1,1,13
2024-08-23T19:56:35,12,1,1,13
2024-08-23T20:12:43,12,1,1,13
2024-08-23T20:28:50,12,1,1,13
2024-08-23T20:44:57,12,1,1,13
2024-08-23T21:01:04,12,1,1,13
2024-08-23T21:17:11,12,1,1,13
2024-08-23T21:33:18,12,1,1,13
2024-08-23T21:49:25,12,1,1,13
2024-08-23T22:05:32,12,1,1,13
2024-08-23T22:21:49,12,1,1,13
2024-08-23T22:37:57,12,1,1,13
2024-08-23T22:54:05,12,1,1,13
2024-08-23T23:10:13,12,1,1,13
2024-08-23T23:26:21,12,1,1,13
2024-08-23T23:42:28,12,1,1,13
2024-08-23T23:58:39,12,1,1,13
2024-08-24T00:14:52,12,1,1,13
2024-08-24T00:31:05,12,1,1,13
2024-08-24T00:47:16,12,1,1,13
2024-08-24T01:03:27,12,1,1,13
2024-08-24T01:19:50,12,1,1,13
2024-08-24T01:36:00,12,1,1,13
2024-08-24T01:52:10,12,1,1,13
2024-08-24T02:08:19,12,1,1,13
2024-08-24T02:24:34,12,1,1,13
2024-08-24T02:40:45,12,1,1,13
2024-08-24T02:56:52,12,1,1,13
2024-08-24T03:13:01,12,1,1,13
2024-08-24T03:29:09,12,1,1,13
2024-08-24T03:45:18,12,1,1,13
2024-08-24T04:01:28,12,1,1,13
2024-08-24T04:22:55,12,1,1,13
2024-08-24T04:39:09,12,1,1,13
2024-08-24T04:55:20,12,1,1,13
2024-08-24T05:11:27,12,1,1,13
2024-08-24T05:27:34,12,1,1,13
2024-08-24T05:43:42,12,1,1,13
2024-08-24T05:59:49,12,1,1,13
2024-08-24T06:15:56,12,1,1,13
2024-08-24T06:32:02,12,1,1,13
2024-08-24T06:48:15,12,1,1,13
2024-08-24T07:04:53,12,1,1,13
2024-08-24T07:21:04,12,1,1,13
2024-08-24T07:37:22,12,1,1,13
2024-08-24T07:53:31,12,1,0,13
2024-08-24T08:09:40,12,1,0,13
2024-08-24T08:25:49,12,1,0,13
2024-08-24T08:41:59,12,1,0,13
2024-08-24T08:58:08,12,1,0,13
2024-08-24T09:14:17,12,1,0,13
2024-08-24T09:30:27,12,1,0,13
2024-08-24T09:46:37,12,1,0,13
2024-08-24T10:02:46,12,1,0,13
2024-08-24T10:19:03,12,1,0,13
2024-08-24T10:35:13,13,0,0,13
2024-08-24T10:51:22,13,0,0,13
2024-08-24T11:07:31,13,0,0,13
2024-08-24T11:23:40,13,0,0,13
2024-08-24T11:39:50,13,0,0,13
2024-08-24T11:56:08,13,0,0,13
2024-08-24T12:12:16,13,0,0,13
2024-08-24T12:28:24,13,0,0,13
2024-08-24T12:44:32,13,0,0,13
2024-08-24T13:00:41,13,0,0,13
2024-08-24T13:16:49,13,0,0,13
2024-08-24T13:32:57,13,0,0,13
2024-08-24T13:49:05,13,0,0,13
2024-08-24T14:05:22,13,0,0,13
2024-08-24T14:21:30,13,0,0,13
2024-08-24T14:37:38,13,0,0,13
2024-08-24T14:53:44,13,0,0,13
2024-08-24T15:09:50,13,0,0,13
2024-08-24T15:25:57,13,0,0,13
2024-08-24T15:42:03,13,0,0,13
2024-08-24T15:58:10,13,0,0,13
2024-08-24T16:14:16,13,0,0,13
2024-08-24T16:30:22,13,0,0,13
2024-08-24T16:46:37,13,0,0,13
2024-08-24T17:02:44,13,0,0,13
2024-08-24T17:18:52,13,0,0,13
2024-08-24T17:34:58,13,0,0,13
2024-08-24T17:51:04,13,0,0,13
2024-08-24T18:07:11,13,0,0,13
2024-08-24T18:23:17,13,0,0,13
2024-08-24T18:39:24,13,0,0,13
2024-08-24T18:55:30,13,0,0,13
2024-08-24T19:11:45,13,0,0,13
2024-08-24T19:27:52,13,0,0,13
2024-08-24T19:43:58,13,0,0,13
2024-08-24T20:00:05,13,0,0,13
2024-08-24T20:16:12,13,0,0,13
2024-08-24T20:32:18,13,0,0,13
2024-08-24T20:48:27,13,0,0,13
2024-08-24T21:04:34,13,0,0,13
2024-08-24T21:20:41,13,0,0,13
2024-08-24T21:36:48,13,0,0,13
2024-08-24T21:52:55,13,0,0,13
2024-08-24T22:09:12,13,0,0,13
2024-08-24T22:25:18,13,0,0,13
2024-08-24T22:41:25,13,0,0,13
2024-08-24T22:57:33,13,0,0,13
2024-08-24T23:13:41,13,0,0,13
2024-08-24T23:29:49,13,0,0,13
2024-08-24T23:45:55,13,0,0,13
2024-08-25T00:02:02,13,0,0,13
2024-08-25T00:18:15,13,0,0,13
2024-08-25T00:34:33,13,0,0,13
2024-08-25T00:50:42,13,0,0,13
2024-08-25T01:06:52,13,0,0,13
2024-08-25T01:23:00,13,0,0,13
2024-08-25T01:39:07,13,0,0,13
2024-08-25T01:55:14,13,0,0,13
2024-08-25T02:11:22,13,0,0,13
2024-08-25T02:27:29,13,0,0,13
2024-08-25T02:43:45,13,0,0,13
2024-08-25T02:59:53,13,0,0,13
2024-08-25T03:16:02,13,0,0,13
2024-08-25T03:32:15,13,0,0,13
2024-08-25T03:48:28,13,0,0,13
2024-08-25T04:04:42,13,0,0,13
2024-08-25T04:24:06,13,0,0,13
2024-08-25T04:42:27,13,0,0,13
2024-08-25T04:59:42,13,0,0,13
2024-08-25T05:16:02,13,0,0,13
2024-08-25T05:32:15,13,0,0,13
2024-08-25T05:48:27,13,0,0,13
2024-08-25T06:04:39,13,0,0,13
2024-08-25T06:20:52,13,0,0,13
2024-08-25T06:37:05,13,0,0,13
2024-08-25T06:53:18,13,0,0,13
2024-08-25T07:09:29,13,0,0,13
2024-08-25T07:25:41,13,0,0,13
2024-08-25T07:41:52,13,0,0,13
2024-08-25T07:58:06,13,0,0,13
2024-08-25T08:14:17,13,0,0,13
2024-08-25T08:30:28,13,0,0,13
2024-08-25T08:46:50,13,0,0,13
2024-08-25T09:03:02,13,0,0,13
2024-08-25T09:19:16,13,0,0,13
2024-08-25T09:35:29,13,0,0,13
2024-08-25T09:51:44,13,0,0,13
2024-08-25T10:07:55,13,0,0,13
2024-08-25T10:24:03,13,0,0,13
2024-08-25T10:40:12,13,0,0,13
2024-08-25T10:56:19,13,0,0,13
2024-08-25T11:12:26,13,0,0,13
2024-08-25T11:28:34,13,0,0,13
2024-08-25T11:44:50,13,0,0,13
2024-08-25T12:00:57,13,0,0,13
2024-08-25T12:17:04,13,0,0,13
2024-08-25T12:33:12,13,0,0,13
2024-08-25T12:49:19,13,0,0,13
2024-08-25T13:05:28,13,0,0,13
2024-08-25T13:21:35,13,0,0,13
2024-08-25T13:37:44,13,0,0,13
2024-08-25T13:53:50,13,0,0,13
2024-08-25T14:09:57,13,0,0,13
2024-08-25T14:26:04,13,0,0,13
2024-08-25T14:42:23,13,0,0,13
2024-08-25T14:58:30,13,0,0,13
2024-08-25T15:14:39,13,0,0,13
2024-08-25T15:30:46,13,0,0,13
2024-08-25T15:46:53,13,0,0,13
2024-08-25T16:03:00,13,0,0,13
2024-08-25T16:19:07,13,0,0,13
2024-08-25T16:35:17,13,0,0,13
2024-08-25T16:51:25,13,0,0,13
2024-08-25T17:07:32,13,0,0,13
2024-08-25T17:23:40,13,0,0,13
2024-08-25T17:40:01,13,0,0,13
2024-08-25T17:56:08,13,0,0,13
2024-08-25T18:12:15,13,0,0,13
2024-08-25T18:28:23,13,0,0,13
2024-08-25T18:44:31,13,0,0,13
2024-08-25T19:00:39,13,0,0,13
2024-08-25T19:16:49,13,0,0,13
2024-08-25T19:32:56,13,0,0,13
2024-08-25T19:49:13,13,0,0,13
2024-08-25T20:05:20,13,0,0,13
2024-08-25T20:21:28,13,0,0,13
2024-08-25T20:37:35,13,0,0,13
2024-08-25T20:53:43,13,0,0,13
2024-08-25T21:09:50,13,0,0,13
2024-08-25T21:25:58,13,0,0,13
2024-08-25T21:42:08,13,0,0,13
2024-08-25T21:58:21,13,0,0,13
2024-08-25T22:14:30,13,0,0,13
2024-08-25T22:30:50,13,0,0,13
2024-08-25T22:46:58,13,0,0,13
2024-08-25T23:03:06,13,0,0,13
2024-08-25T23:19:14,13,0,0,13
2024-08-25T23:35:23,13,0,0,13
2024-08-25T23:51:31,13,0,0,13
2024-08-26T00:07:40,13,0,0,13
2024-08-26T00:23:59,13,0,0,13
2024-08-26T00:40:14,13,0,0,13
2024-08-26T00:56:32,13,0,0,13
2024-08-26T01:13:07,13,0,0,13
2024-08-26T01:29:21,13,0,0,13
2024-08-26T01:45:35,13,0,0,13
2024-08-26T02:01:47,13,0,0,13
2024-08-26T02:18:29,13,0,0,13
2024-08-26T02:34:40,13,0,0,13
2024-08-26T02:50:50,13,0,0,13
2024-08-26T03:07:00,13,0,0,13
2024-08-26T03:23:12,13,0,0,13
2024-08-26T03:39:24,13,0,0,13
2024-08-26T03:55:35,13,0,0,13
2024-08-26T04:11:47,13,0,0,13
2024-08-26T04:23:03,13,0,0,13
2024-08-26T04:39:19,13,0,0,13
2024-08-26T04:55:32,13,0,0,13
2024-08-26T05:11:47,13,0,0,13
2024-08-26T05:27:58,13,0,0,13
2024-08-26T05:44:11,13,0,0,13
2024-08-26T06:00:22,13,0,0,13
2024-08-26T06:16:34,13,0,0,13
2024-08-26T06:32:48,13,0,0,13
2024-08-26T06:48:59,13,0,0,13
2024-08-26T07:05:08,13,0,0,13
2024-08-26T07:21:18,13,0,0,13
2024-08-26T07:37:26,13,0,0,13
2024-08-26T07:53:33,13,0,0,13
2024-08-26T08:09:41,13,0,0,13
2024-08-26T08:25:52,13,0,0,13
2024-08-26T08:42:00,13,0,0,13
2024-08-26T08:58:08,13,0,0,13
2024-08-26T09:14:15,13,0,0,13
2024-08-26T09:30:32,13,0,0,13
2024-08-26T09:46:40,13,0,0,13
2024-08-26T10:02:47,13,0,0,13
2024-08-26T10:18:55,13,0,0,13
2024-08-26T10:35:04,13,0,0,13
2024-08-26T10:51:12,13,0,0,13
2024-08-26T11:07:29,13,0,0,13
2024-08-26T11:23:37,13,0,0,13
2024-08-26T11:39:45,13,0,0,13
2024-08-26T11:55:59,13,0,0,13
2024-08-26T12:12:20,13,0,0,13
2024-08-26T12:28:51,13,0,0,13
2024-08-26T12:45:12,13,0,0,13
2024-08-26T13:01:33,13,0,0,13
2024-08-26T13:17:54,13,0,0,13
2024-08-26T13:34:17,13,0,0,13
2024-08-26T13:50:47,13,0,0,13
2024-08-26T14:07:08,13,0,0,13
2024-08-26T14:23:28,13,0,0,13
2024-08-26T14:39:49,13,0,0,13
2024-08-26T14:56:10,13,0,0,13
2024-08-26T15:12:30,13,0,0,13
2024-08-26T15:28:51,13,0,0,13
2024-08-26T15:45:22,13,0,0,13
2024-08-26T16:01:43,13,0,0,13
2024-08-26T16:18:04,13,0,0,13
2024-08-26T16:34:25,13,0,0,13
2024-08-26T16:50:46,13,0,0,13
2024-08-26T17:07:16,13,1,0,14
2024-08-26T17:23:38,13,1,0,14
2024-08-26T17:39:59,13,1,0,14
2024-08-26T17:56:20,13,1,0,14
2024-08-26T18:12:42,13,1,0,14
2024-08-26T18:29:03,13,1,0,14
2024-08-26T18:45:34,13,1,0,14
2024-08-26T19:01:55,13,1,0,14
2024-08-26T19:18:17,13,1,0,14
2024-08-26T19:34:41,13,1,0,14
2024-08-26T19:51:17,13,1,0,14
2024-08-26T20:21:30,13,1,0,14
2024-08-26T20:40:10,13,1,0,14
2024-08-26T20:56:33,13,1,0,14
2024-08-26T21:23:47,13,1,0,14
2024-08-26T21:52:18,13,1,0,14
2024-08-26T22:08:44,13,1,0,14
2024-08-26T22:39:02,13,1,0,14
2024-08-26T22:55:35,13,1,0,14
2024-08-26T23:11:57,13,1,0,14
2024-08-26T23:28:19,13,1,0,14
2024-08-26T23:44:41,13,1,0,14
2024-08-27T00:01:14,13,1,0,14
2024-08-27T00:17:37,13,1,0,14
2024-08-27T00:34:10,13,1,0,14
2024-08-27T00:50:41,13,1,0,14
2024-08-27T01:07:13,13,1,0,14
2024-08-27T01:23:41,13,1,0,14
2024-08-27T01:40:19,13,1,0,14
2024-08-27T01:56:44,13,1,0,14
2024-08-27T02:13:08,13,1,0,14
2024-08-27T02:29:30,13,1,0,14
2024-08-27T02:45:53,13,1,0,14
2024-08-27T03:02:15,13,1,0,14
2024-08-27T03:18:44,13,1,0,14
2024-08-27T03:35:08,13,1,0,14
2024-08-27T03:51:32,13,1,0,14
2024-08-27T04:07:57,13,1,0,14
2024-08-27T04:25:46,13,1,0,14
2024-08-27T04:42:14,13,1,0,14
2024-08-27T04:58:40,13,1,0,14
2024-08-27T05:15:05,13,1,0,14
2024-08-27T05:31:27,13,1,0,14
2024-08-27T05:47:49,13,1,0,14
2024-08-27T06:04:15,13,1,0,14
2024-08-27T06:21:15,13,1,0,14
2024-08-27T06:37:41,13,1,0,14
2024-08-27T06:54:06,13,1,0,14
2024-08-27T07:10:32,13,1,0,14
2024-08-27T07:27:01,13,1,0,14
2024-08-27T07:43:24,13,1,0,14
2024-08-27T07:59:47,13,1,0,14
2024-08-27T08:16:14,13,1,0,14
2024-08-27T08:32:46,13,1,0,14
2024-08-27T08:49:10,13,1,0,14
2024-08-27T09:05:34,13,1,0,14
2024-08-27T09:21:57,13,1,0,14
2024-08-27T09:38:21,13,1,0,14
2024-08-27T09:54:46,13,1,0,14
2024-08-27T10:11:09,13,1,0,14
2024-08-27T10:27:46,13,1,0,14
2024-08-27T10:44:10,13,1,0,14
2024-08-27T11:00:34,13,1,0,14
2024-08-27T11:16:56,13,1,0,14
2024-08-27T11:33:23,13,1,0,14
2024-08-27T11:49:56,13,1,0,14
2024-08-27T12:06:19,13,1,0,14
2024-08-27T12:22:43,13,1,0,14
2024-08-27T12:39:06,13,1,0,14
2024-08-27T12:55:28,13,1,0,14
2024-08-27T13:12:05,13,1,0,14
2024-08-27T13:28:27,13,1,0,14
2024-08-27T13:44:49,13,1,0,14
2024-08-27T14:01:12,13,1,0,14
2024-08-27T14:17:35,13,1,0,14
2024-08-27T14:34:08,14,0,0,14
2024-08-27T14:50:31,14,0,0,14
2024-08-27T15:06:53,14,0,0,14
2024-08-27T15:23:14,14,0,0,14
2024-08-27T15:39:38,14,0,0,14
2024-08-27T15:56:10,14,0,0,14
2024-08-27T16:12:32,14,0,0,14
2024-08-27T16:28:54,14,0,0,14
2024-08-27T16:45:18,14,0,0,14
2024-08-27T17:01:40,14,0,0,14
2024-08-27T17:18:12,14,0,0,14
2024-08-27T17:34:34,14,0,0,14
2024-08-27T17:50:57,14,0,0,14
2024-08-27T18:07:18,14,0,0,14
2024-08-27T18:23:40,14,0,0,14
2024-08-27T18:40:03,14,0,0,14
2024-08-27T18:56:35,14,0,0,14
2024-08-27T19:12:56,14,0,0,14
2024-08-27T19:29:18,14,0,0,14
2024-08-27T19:45:44,14,0,0,14
2024-08-27T20:02:09,14,0,0,14
2024-08-27T20:18:31,14,0,0,14
2024-08-27T20:34:55,14,0,0,14
2024-08-27T20:51:34,14,0,0,14
2024-08-27T21:07:55,14,0,0,14
2024-08-27T21:24:18,14,0,0,14
2024-08-27T21:40:39,14,0,0,14
2024-08-27T21:57:07,14,0,0,14
2024-08-27T22:13:29,14,0,0,14
2024-08-27T22:29:51,14,0,0,14
2024-08-27T22:46:23,14,0,0,14
2024-08-27T23:02:45,14,0,0,14
2024-08-27T23:19:12,14,0,0,14
2024-08-27T23:35:34,14,0,0,14
2024-08-27T23:51:56,14,0,0,14
2024-08-28T00:08:21,14,0,0,14
2024-08-28T00:24:58,14,0,0,14
2024-08-28T00:41:26,14,0,0,14
2024-08-28T00:58:08,14,0,0,14
2024-08-28T01:14:39,14,0,0,14
2024-08-28T01:31:07,14,0,0,14
2024-08-28T01:47:33,14,0,0,14
2024-08-28T02:03:59,14,0,0,14
2024-08-28T02:20:24,14,0,0,14
2024-08-28T02:36:52,14,0,0,14
2024-08-28T02:53:19,14,0,0,14
2024-08-28T03:10:05,14,0,0,14
2024-08-28T03:26:37,14,0,0,14
2024-08-28T03:43:03,14,0,0,14
2024-08-28T03:59:29,14,0,0,14
2024-08-28T04:17:08,14,0,0,14
2024-08-28T04:33:36,14,0,0,14
2024-08-28T04:50:04,14,0,0,14
2024-08-28T05:06:34,14,0,0,14
2024-08-28T05:23:00,14,0,0,14
2024-08-28T05:39:25,14,0,0,14
2024-08-28T05:55:52,14,0,0,14
2024-08-28T06:12:18,14,0,0,14
2024-08-28T06:28:44,14,0,0,14
2024-08-28T06:45:11,14,0,0,14
2024-08-28T07:01:36,14,0,0,14
2024-08-28T07:18:03,14,0,0,14
2024-08-28T07:34:29,14,0,0,14
2024-08-28T07:50:56,14,0,0,14
2024-08-28T08:07:24,14,0,0,14
2024-08-28T08:23:51,14,0,0,14
2024-08-28T08:40:13,14,0,0,14
2024-08-28T08:56:34,14,0,0,14
2024-08-28T09:12:57,14,0,0,14
2024-08-28T09:29:29,14,0,0,14
2024-08-28T09:45:51,14,0,0,14
2024-08-28T10:02:12,14,0,0,14
2024-08-28T10:18:33,14,0,0,14
2024-08-28T10:34:59,14,0,0,14
2024-08-28T10:51:22,14,0,0,14
2024-08-28T11:07:43,14,0,0,14
2024-08-28T11:24:15,14,0,0,14
2024-08-28T11:40:37,14,0,0,14
2024-08-28T11:56:59,14,0,0,14
2024-08-28T12:13:21,14,0,0,14
2024-08-28T12:29:43,14,0,0,14
2024-08-28T12:46:05,14,0,0,14
2024-08-28T13:02:27,14,0,0,14
2024-08-28T13:18:59,14,0,0,14
2024-08-28T13:35:21,14,0,0,14
2024-08-28T13:51:46,14,0,0,14
2024-08-28T14:08:08,14,0,0,14
2024-08-28T14:24:31,14,0,0,14
2024-08-28T14:41:05,14,0,0,14
2024-08-28T14:57:29,14,0,0,14
2024-08-28T15:13:56,14,0,0,14
2024-08-28T15:30:20,14,0,0,14
2024-08-28T15:46:44,14,0,0,14
2024-08-28T16:03:17,14,0,0,14
2024-08-28T16:19:42,14,0,0,14
2024-08-28T16:36:05,14,0,0,14
2024-08-28T16:52:30,14,0,0,14
2024-08-28T17:08:54,14,0,0,14
2024-08-28T17:25:17,14,0,0,14
2024-08-28T17:41:50,14,0,0,14
2024-08-28T17:58:14,14,0,0,14
2024-08-28T18:14:37,14,0,0,14
2024-08-28T18:31:01,14,0,0,14
2024-08-28T18:47:24,14,0,0,14
2024-08-28T19:03:49,14,0,0,14
2024-08-28T19:20:21,14,0,0,14
2024-08-28T19:36:45,14,0,0,14
2024-08-28T19:53:08,14,0,0,14
2024-08-28T20:09:33,14,0,0,14
2024-08-28T20:25:57,14,0,0,14
2024-08-28T20:42:21,14,0,0,14
2024-08-28T20:58:55,14,0,0,14
2024-08-28T21:15:18,14,0,0,14
2024-08-28T21:31:42,14,0,0,14
2024-08-28T21:48:10,14,0,0,14
2024-08-28T22:04:40,14,0,0,14
2024-08-28T22:21:04,14,0,0,14
2024-08-28T22:37:28,14,0,0,14
2024-08-28T22:54:01,14,0,0,14
2024-08-28T23:10:26,14,0,0,14
2024-08-28T23:26:50,14,0,0,14
2024-08-28T23:43:14,14,0,0,14
2024-08-28T23:59:39,14,0,0,14
2024-08-29T00:16:14,14,0,0,14
2024-08-29T00:32:46,14,0,0,14
2024-08-29T00:49:16,14,0,0,14
2024-08-29T01:05:52,14,0,0,14
2024-08-29T01:22:22,14,0,0,14
2024-08-29T01:38:49,14,0,0,14
2024-08-29T01:55:31,14,0,0,14
2024-08-29T02:11:57,14,0,0,14
2024-08-29T02:28:24,14,0,0,14
2024-08-29T02:44:50,14,0,0,14
2024-08-29T03:01:19,14,0,0,14
2024-08-29T03:17:46,14,0,0,14
2024-08-29T03:34:12,14,0,0,14
2024-08-29T03:50:37,14,0,0,14
2024-08-29T04:07:05,14,0,0,14
2024-08-29T04:28:54,14,0,0,14
2024-08-29T04:45:23,14,0,0,14
2024-08-29T05:01:50,14,0,0,14
2024-08-29T05:18:32,14,0,0,14
2024-08-29T05:35:20,14,0,0,14
2024-08-29T05:51:52,14,0,0,14
2024-08-29T06:08:34,14,0,0,14
2024-08-29T06:25:01,14,0,0,14
2024-08-29T06:41:29,14,0,0,14
2024-08-29T06:57:58,14,0,0,14
2024-08-29T07:14:32,14,0,0,14
2024-08-29T07:30:59,14,0,0,14
2024-08-29T07:47:26,14,0,0,14
2024-08-29T08:03:52,14,0,0,14
2024-08-29T08:20:19,14,0,0,14
2024-08-29T08:36:46,14,0,0,14
2024-08-29T08:53:12,14,0,0,14
2024-08-29T09:09:42,14,0,0,14
2024-08-29T09:26:16,14,0,0,14
2024-08-29T09:42:42,14,0,0,14
2024-08-29T09:59:12,14,0,0,14
2024-08-29T10:15:39,14,0,0,14
2024-08-29T10:32:04,14,0,0,14
2024-08-29T10:48:28,14,0,0,14
2024-08-29T11:04:51,14,0,0,14
2024-08-29T11:21:24,14,0,0,14
2024-08-29T11:37:47,14,0,0,14
2024-08-29T11:54:12,14,0,0,14
2024-08-29T12:10:35,14,0,0,14
2024-08-29T12:26:57,14,0,0,14
2024-08-29T12:43:30,14,0,0,14
2024-08-29T12:59:52,14,0,0,14
2024-08-29T13:16:14,14,0,0,14
2024-08-29T13:32:37,14,0,0,14
2024-08-29T13:49:01,14,0,0,14
2024-08-29T14:05:33,14,0,0,14
2024-08-29T14:21:55,14,0,0,14
2024-08-29T14:38:18,14,0,0,14
2024-08-29T14:54:45,14,0,0,14
2024-08-29T15:11:07,14,0,0,14
2024-08-29T15:27:31,14,0,0,14
2024-08-29T15:44:04,14,0,0,14
2024-08-29T16:00:28,14,0,0,14
2024-08-29T16:16:52,14,0,0,14
2024-08-29T16:33:16,14,0,0,14
2024-08-29T16:49:40,14,0,0,14
2024-08-29T17:06:04,14,0,0,14
2024-08-29T17:22:28,14,0,0,14
2024-08-29T17:39:02,14,0,0,14
2024-08-29T17:55:27,14,0,0,14
2024-08-29T18:11:50,14,0,0,14
2024-08-29T18:28:15,14,0,0,14
2024-08-29T18:44:39,14,0,0,14
2024-08-29T19:01:05,14,0,0,14
2024-08-29T19:17:29,14,0,0,14
2024-08-29T19:33:57,14,0,0,14
2024-08-29T19:50:32,14,0,0,14
2024-08-29T20:06:56,14,0,0,14
2024-08-29T20:23:19,14,0,0,14
2024-08-29T20:39:43,14,0,0,14
2024-08-29T20:56:07,14,0,0,14
2024-08-29T21:12:30,14,0,0,14
2024-08-29T21:28:55,14,0,0,14
2024-08-29T21:45:32,14,0,0,14
2024-08-29T22:01:56,14,0,0,14
2024-08-29T22:18:20,14,0,0,14
2024-08-29T22:34:45,14,0,0,14
2024-08-29T22:51:10,14,0,0,14
2024-08-29T23:07:36,14,0,0,14
2024-08-29T23:24:00,14,0,0,14
2024-08-29T23:40:24,14,0,0,14
2024-08-29T23:56:49,14,0,0,14
2024-08-30T00:13:30,14,0,0,14
2024-08-30T00:30:01,14,0,0,14
2024-08-30T00:46:32,14,0,0,14
2024-08-30T01:03:09,14,0,0,14
2024-08-30T01:19:41,14,0,0,14
2024-08-30T01:36:09,14,0,0,14
2024-08-30T01:52:56,14,0,0,14
2024-08-30T02:10:34,14,0,0,14
2024-08-30T02:27:02,14,0,0,14
2024-08-30T02:43:32,14,0,0,14
2024-08-30T03:00:00,14,0,0,14
2024-08-30T03:16:28,14,0,0,14
2024-08-30T03:33:02,14,0,0,14
2024-08-30T03:49:31,14,0,0,14
2024-08-30T04:16:56,14,0,0,14
2024-08-30T04:33:29,14,0,0,14
2024-08-30T04:49:59,14,0,0,14
2024-08-30T05:06:25,14,0,0,14
2024-08-30T05:22:54,14,0,0,14
2024-08-30T05:39:23,14,0,0,14
2024-08-30T05:55:51,14,0,0,14
2024-08-30T06:12:16,14,0,0,14
2024-08-30T06:28:42,14,0,0,14
2024-08-30T06:45:09,14,0,0,14
2024-08-30T07:01:39,14,0,0,14
2024-08-30T07:18:08,14,0,0,14
2024-08-30T07:34:46,14,0,0,14
2024-08-30T07:51:12,14,0,0,14
2024-08-30T08:07:43,14,0,0,14
2024-08-30T08:24:10,14,0,0,14
2024-08-30T08:40:37,14,0,0,14
2024-08-30T08:57:13,14,0,0,14
2024-08-30T09:13:40,14,0,0,14
2024-08-30T09:30:07,14,0,0,14
2024-08-30T09:46:33,14,0,0,14
2024-08-30T10:02:59,14,0,0,14
2024-08-30T10:19:25,14,0,0,14
2024-08-30T10:35:51,14,0,0,14
2024-08-30T10:52:16,14,0,0,14
2024-08-30T11:08:53,14,0,0,14
2024-08-30T11:25:20,14,0,0,14
2024-08-30T11:41:45,14,0,0,14
2024-08-30T11:58:12,14,0,0,14
2024-08-30T12:14:40,14,0,0,14
2024-08-30T12:31:07,14,0,0,14
2024-08-30T12:47:40,14,0,0,14
2024-08-30T13:04:04,14,0,0,14
2024-08-30T13:20:28,14,0,0,14
2024-08-30T13:36:52,14,0,0,14
2024-08-30T13:53:15,14,0,0,14
2024-08-30T14:09:39,14,0,0,14
2024-08-30T14:26:14,14,0,0,14
2024-08-30T14:42:39,14,0,0,14
2024-08-30T14:59:07,14,0,0,14
2024-08-30T15:15:31,14,0,0,14
2024-08-30T15:31:54,14,0,0,14
2024-08-30T15:48:28,14,0,0,14
2024-08-30T16:04:52,14,0,0,14
2024-08-30T16:21:20,14,0,0,14
2024-08-30T16:37:44,14,0,0,14
2024-08-30T16:54:08,14,0,0,14
2024-08-30T17:10:32,14,0,0,14
2024-08-30T17:26:56,14,0,0,14
2024-08-30T17:43:20,14,0,0,14
2024-08-30T17:59:52,14,0,0,14
2024-08-30T18:16:16,14,0,0,14
2024-08-30T18:32:40,14,0,0,14
2024-08-30T18:49:03,14,0,0,14
2024-08-30T19:05:27,14,0,0,14
2024-08-30T19:21:50,14,0,0,14
2024-08-30T19:38:24,14,0,0,14
2024-08-30T19:54:48,14,0,0,14
2024-08-30T20:11:12,14,0,0,14
2024-08-30T20:27:40,14,0,0,14
2024-08-30T20:44:04,14,0,0,14
2024-08-30T21:00:28,14,0,0,14
2024-08-30T21:16:51,14,0,0,14
2024-08-30T21:33:27,14,0,0,14
2024-08-30T21:49:51,14,0,0,14
2024-08-30T22:06:20,14,0,0,14
2024-08-30T22:22:44,14,0,0,14
2024-08-30T22:39:07,14,0,0,14
2024-08-30T22:55:34,14,0,0,14
2024-08-30T23:12:02,14,0,0,14
2024-08-30T23:28:27,14,0,0,14
2024-08-30T23:45:01,14,0,0,14
2024-08-31T00:01:25,14,0,0,14
2024-08-31T00:17:57,14,0,0,14
2024-08-31T00:34:26,14,0,0,14
2024-08-31T00:51:01,14,0,0,14
2024-08-31T01:07:31,14,0,0,14
2024-08-31T01:23:59,14,0,0,14
2024-08-31T01:40:26,14,0,0,14
2024-08-31T01:57:01,14,0,0,14
2024-08-31T02:13:25,14,0,0,14
2024-08-31T02:29:49,14,0,0,14
2024-08-31T02:46:14,14,0,0,14
2024-08-31T03:02:38,14,0,0,14
2024-08-31T03:19:04,14,0,0,14
2024-08-31T03:35:29,14,0,0,14
2024-08-31T03:51:59,14,0,0,14
2024-08-31T04:08:34,14,0,0,14
2024-08-31T04:28:25,14,0,0,14
2024-08-31T04:44:57,14,0,0,14
2024-08-31T05:01:26,14,0,0,14
2024-08-31T05:17:58,14,0,0,14
2024-08-31T05:34:25,14,0,0,14
2024-08-31T05:50:53,14,0,0,14
2024-08-31T06:07:18,14,0,0,14
2024-08-31T06:23:42,14,0,0,14
2024-08-31T06:40:05,14,0,0,14
2024-08-31T06:56:29,14,0,0,14
2024-08-31T07:12:54,14,0,0,14
2024-08-31T07:29:21,14,0,0,14
2024-08-31T07:45:45,14,0,0,14
2024-08-31T08:02:08,14,0,0,14
2024-08-31T08:18:53,14,0,0,14
2024-08-31T08:36:52,14,0,0,14
2024-08-31T08:53:19,14,0,0,14
2024-08-31T09:09:46,14,0,0,14
2024-08-31T09:26:13,14,0,0,14
2024-08-31T09:42:41,14,0,0,14
2024-08-31T09:59:07,14,0,0,14
2024-08-31T10:15:33,14,0,0,14
2024-08-31T10:32:10,14,0,0,14
2024-08-31T10:48:37,14,0,0,14
2024-08-31T11:05:04,14,0,0,14
2024-08-31T11:21:31,14,0,0,14
2024-08-31T11:37:58,14,0,0,14
2024-08-31T11:54:28,14,0,0,14
2024-08-31T12:10:55,14,0,0,14
2024-08-31T12:27:31,14,0,0,14
2024-08-31T12:43:58,14,0,0,14
2024-08-31T13:00:25,14,0,0,14
2024-08-31T13:16:52,14,0,0,14
2024-08-31T13:33:19,14,0,0,14
2024-08-31T13:49:45,14,0,0,14
2024-08-31T14:06:11,14,0,0,14
2024-08-31T14:22:37,14,0,0,14
2024-08-31T14:39:03,14,0,0,14
2024-08-31T14:55:28,14,0,0,14
2024-08-31T15:12:04,14,0,0,14
2024-08-31T15:28:30,14,0,0,14
2024-08-31T15:44:55,14,0,0,14
2024-08-31T16:01:21,14,0,0,14
2024-08-31T16:17:48,14,0,0,14
2024-08-31T16:34:12,14,0,0,14
2024-08-31T16:50:35,14,0,0,14
2024-08-31T17:06:59,14,0,0,14
2024-08-31T17:23:24,14,0,0,14
2024-08-31T17:39:55,14,0,0,14
2024-08-31T17:56:18,14,0,0,14
2024-08-31T18:12:42,14,0,0,14
2024-08-31T18:29:05,14,0,0,14
2024-08-31T18:45:28,14,0,0,14
2024-08-31T19:01:52,14,0,0,14
2024-08-31T19:18:16,14,0,0,14
2024-08-31T19:34:40,14,0,0,14
2024-08-31T19:51:03,14,0,0,14
2024-08-31T20:07:26,14,0,0,14
2024-08-31T20:23:50,14,0,0,14
2024-08-31T20:40:13,14,0,0,14
2024-08-31T20:56:47,14,0,0,14
2024-08-31T21:13:10,14,0,0,14
2024-08-31T21:29:35,14,0,0,14
2024-08-31T21:45:58,14,0,0,14
2024-08-31T22:02:22,14,0,0,14
2024-08-31T22:18:45,14,0,0,14
2024-08-31T22:35:08,14,0,0,14
2024-08-31T22:51:33,14,0,0,14
2024-08-31T23:07:57,14,0,0,14
2024-08-31T23:24:22,14,0,0,14
2024-08-31T23:40:46,14,0,0,14
2024-08-31T23:57:20,14,0,0,14
2024-09-01T00:13:46,14,0,0,14
2024-09-01T00:30:19,14,0,0,14
2024-09-01T00:46:47,14,0,0,14
2024-09-01T01:03:15,14,0,0,14
2024-09-01T01:19:41,14,0,0,14
2024-09-01T01:36:07,14,0,0,14
2024-09-01T01:52:33,14,0,0,14
2024-09-01T02:08:59,14,0,0,14
2024-09-01T02:25:25,14,0,0,14
2024-09-01T02:41:52,14,0,0,14
2024-09-01T02:58:17,14,0,0,14
2024-09-01T03:14:40,14,0,0,14
2024-09-01T03:31:04,14,0,0,14
2024-09-01T03:47:28,14,0,0,14
2024-09-01T04:03:51,14,0,0,14
2024-09-01T04:17:14,14,0,0,14
2024-09-01T04:33:40,14,0,0,14
2024-09-01T04:50:06,14,0,0,14
2024-09-01T05:06:31,14,0,0,14
2024-09-01T05:22:56,14,0,0,14
2024-09-01T05:39:20,14,0,0,14
2024-09-01T05:55:44,14,0,0,14
2024-09-01T06:12:08,14,0,0,14
2024-09-01T06:28:31,14,0,0,14
2024-09-01T06:44:56,14,0,0,14
2024-09-01T07:01:22,14,0,0,14
2024-09-01T07:17:49,14,0,0,14
2024-09-01T07:34:13,14,0,0,14
2024-09-01T07:50:39,14,0,0,14
2024-09-01T08:07:03,14,0,0,14
2024-09-01T08:23:26,14,0,0,14
2024-09-01T08:39:54,14,0,0,14
2024-09-01T08:56:51,14,0,0,14
2024-09-01T09:13:20,14,0,0,14
2024-09-01T09:29:58,14,0,0,14
2024-09-01T09:46:28,14,0,0,14
2024-09-01T10:02:56,14,0,0,14
2024-09-01T10:19:24,14,0,0,14
2024-09-01T10:35:54,14,0,0,14
2024-09-01T10:52:25,14,0,0,14
2024-09-01T11:08:54,14,0,0,14
2024-09-01T11:25:25,14,0,0,14
2024-09-01T11:41:56,14,0,0,14
2024-09-01T11:58:36,14,0,0,14
2024-09-01T12:15:04,14,0,0,14
2024-09-01T12:31:30,14,0,0,14
2024-09-01T12:47:58,14,0,0,14
2024-09-01T13:04:29,14,0,0,14
2024-09-01T13:20:56,14,0,0,14
2024-09-01T13:37:22,14,0,0,14
2024-09-01T13:53:45,14,0,0,14
2024-09-01T14:10:10,14,0,0,14
2024-09-01T14:26:44,14,0,0,14
2024-09-01T14:43:07,14,0,0,14
2024-09-01T14:59:32,14,0,0,14
2024-09-01T15:15:56,14,0,0,14
2024-09-01T15:32:19,14,0,0,14
2024-09-01T15:48:44,14,0,0,14
2024-09-01T16:05:08,14,0,0,14
2024-09-01T16:21:33,14,0,0,14
2024-09-01T16:37:58,14,0,0,14
2024-09-01T16:54:22,14,0,0,14
2024-09-01T17:10:55,14,0,0,14
2024-09-01T17:27:19,14,0,0,14
2024-09-01T17:43:43,14,0,0,14
2024-09-01T18:00:07,14,0,0,14
2024-09-01T18:16:30,14,0,0,14
2024-09-01T18:32:54,14,0,0,14
2024-09-01T18:49:18,14,0,0,14
2024-09-01T19:05:43,14,0,0,14
2024-09-01T19:22:09,14,0,0,14
2024-09-01T19:38:33,14,0,0,14
2024-09-01T19:55:06,14,0,0,14
2024-09-01T20:11:29,14,0,0,14
2024-09-01T20:27:54,14,0,0,14
2024-09-01T20:44:18,14,0,0,14
2024-09-01T21:00:41,14,0,0,14
2024-09-01T21:17:06,14,0,0,14
2024-09-01T21:33:33,14,0,0,14
2024-09-01T21:50:00,14,0,0,14
2024-09-01T22:06:24,14,0,0,14
2024-09-01T22:22:48,14,0,0,14
2024-09-01T22:39:12,14,0,0,14
2024-09-01T22:55:45,14,0,0,14
2024-09-01T23:12:10,14,0,0,14
2024-09-01T23:28:36,14,0,0,14
2024-09-01T23:45:00,14,0,0,14
2024-09-02T00:01:25,14,0,0,14
2024-09-02T00:17:53,14,0,0,14
2024-09-02T00:34:27,14,0,0,14
2024-09-02T00:51:02,14,0,0,14
2024-09-02T01:07:46,14,0,0,14
2024-09-02T01:24:24,14,0,0,14
2024-09-02T01:40:53,14,0,0,14
2024-09-02T01:57:21,14,0,0,14
2024-09-02T02:14:00,14,0,0,14
2024-09-02T02:30:35,14,0,0,14
2024-09-02T02:47:01,14,0,0,14
2024-09-02T03:03:27,14,0,0,14
2024-09-02T03:19:55,14,0,0,14
2024-09-02T03:36:21,14,0,0,14
2024-09-02T03:52:49,14,0,0,14
2024-09-02T04:09:22,14,0,0,14
2024-09-02T04:25:39,14,0,0,14
2024-09-02T04:42:10,14,0,0,14
2024-09-02T04:58:40,14,0,0,14
2024-09-02T05:15:14,14,0,0,14
2024-09-02T05:31:43,14,0,0,14
2024-09-02T05:48:12,14,0,0,14
2024-09-02T06:04:40,14,0,0,14
2024-09-02T06:21:09,14,0,0,14
2024-09-02T06:37:37,14,0,0,14
2024-09-02T06:54:04,14,0,0,14
2024-09-02T07:10:31,14,0,0,14
2024-09-02T07:26:57,14,0,0,14
2024-09-02T07:43:22,14,0,0,14
2024-09-02T07:59:46,14,0,0,14
2024-09-02T08:16:10,14,0,0,14
2024-09-02T08:32:38,14,0,0,14
2024-09-02T08:49:03,14,0,0,14
2024-09-02T09:05:28,14,0,0,14
2024-09-02T09:21:52,14,0,0,14
2024-09-02T09:38:24,14,0,0,14
2024-09-02T09:54:48,14,0,0,14
2024-09-02T10:11:12,14,0,0,14
2024-09-02T10:27:36,14,0,0,14
2024-09-02T10:44:01,14,0,0,14
2024-09-02T11:00:25,14,0,0,14
2024-09-02T11:16:49,14,0,0,14
2024-09-02T11:33:14,14,0,0,14
2024-09-02T11:49:38,14,0,0,14
2024-09-02T12:06:02,14,0,0,14
2024-09-02T12:22:27,14,0,0,14
2024-09-02T12:38:53,14,0,0,14
2024-09-02T12:55:27,14,0,0,14
2024-09-02T13:11:51,14,0,0,14
2024-09-02T13:28:16,14,0,0,14
2024-09-02T13:44:42,14,0,0,14
2024-09-02T14:01:06,14,0,0,14
2024-09-02T14:17:30,14,0,0,14
2024-09-02T14:33:54,14,0,0,14
2024-09-02T14:50:27,14,0,0,14
2024-09-02T15:06:51,14,0,0,14
2024-09-02T15:23:15,14,0,0,14
2024-09-02T15:39:39,14,0,0,14
2024-09-02T15:56:02,14,0,0,14
2024-09-02T16:12:27,14,0,0,14
2024-09-02T16:28:51,14,0,0,14
2024-09-02T16:45:16,14,0,0,14
2024-09-02T17:01:40,14,0,0,14
2024-09-02T17:18:15,14,0,0,14
2024-09-02T17:34:40,14,0,0,14
2024-09-02T17:51:03,14,0,0,14
2024-09-02T18:07:27,14,0,0,14
2024-09-02T18:23:50,14,0,0,14
2024-09-02T18:40:13,14,0,0,14
2024-09-02T18:56:37,14,0,0,14
2024-09-02T19:13:01,14,0,0,14
2024-09-02T19:29:24,14,0,0,14
2024-09-02T19:45:55,14,0,0,14
2024-09-02T20:02:19,14,0,0,14
2024-09-02T20:18:42,14,0,0,14
2024-09-02T20:35:05,14,0,0,14
2024-09-02T20:51:29,14,0,0,14
2024-09-02T21:07:52,14,0,0,14
2024-09-02T21:24:18,14,0,0,14
2024-09-02T21:40:42,14,0,0,14
2024-09-02T21:57:08,14,0,0,14
2024-09-02T22:13:41,14,0,0,14
2024-09-02T22:30:05,14,0,0,14
2024-09-02T22:46:29,14,0,0,14
2024-09-02T23:02:55,14,0,0,14
2024-09-02T23:19:20,14,0,0,14
2024-09-02T23:35:45,14,0,0,14
2024-09-02T23:52:09,14,0,0,14
2024-09-03T00:08:35,14,0,0,14
2024-09-03T00:25:10,14,0,0,14
2024-09-03T00:41:43,14,0,0,14
2024-09-03T00:58:29,14,0,0,14
2024-09-03T01:15:02,14,0,0,14
2024-09-03T01:31:32,14,0,0,14
2024-09-03T01:48:04,14,0,0,14
2024-09-03T02:04:33,14,0,0,14
2024-09-03T02:20:59,14,0,0,14
2024-09-03T02:37:26,14,0,0,14
2024-09-03T02:53:52,14,0,0,14
2024-09-03T03:10:17,14,0,0,14
2024-09-03T03:26:43,14,0,0,14
2024-09-03T03:43:10,14,0,0,14
2024-09-03T03:59:38,14,0,0,14
2024-09-03T04:16:05,14,0,0,14
2024-09-03T04:28:32,14,0,0,14
2024-09-03T04:45:03,14,0,0,14
2024-09-03T05:01:31,14,0,0,14
2024-09-03T05:17:59,14,0,0,14
2024-09-03T05:34:26,14,0,0,14
2024-09-03T05:50:53,14,0,0,14
2024-09-03T06:07:21,14,0,0,14
2024-09-03T06:23:49,14,0,0,14
2024-09-03T06:40:17,14,0,0,14
2024-09-03T06:56:43,14,0,0,14
2024-09-03T07:13:10,14,0,0,14
2024-09-03T07:29:38,14,0,0,14
2024-09-03T07:46:03,14,0,0,14
2024-09-03T08:02:28,14,0,0,14
2024-09-03T08:18:55,14,0,0,14
2024-09-03T08:35:22,14,0,0,14
2024-09-03T08:51:57,14,0,0,14
2024-09-03T09:08:23,14,0,0,14
2024-09-03T09:24:48,14,0,0,14
2024-09-03T09:41:11,14,0,0,14
2024-09-03T09:57:35,14,0,0,14
2024-09-03T10:13:59,14,0,0,14
2024-09-03T10:30:23,14,0,0,14
2024-09-03T10:46:49,14,0,0,14
2024-09-03T11:03:16,14,0,0,14
2024-09-03T11:19:53,14,0,0,14
2024-09-03T11:36:19,14,0,0,14
2024-09-03T11:52:47,14,0,0,14
2024-09-03T12:09:12,14,0,0,14
2024-09-03T12:25:38,14,0,0,14
2024-09-03T12:42:12,14,0,0,14
2024-09-03T12:58:37,14,0,0,14
2024-09-03T13:15:02,14,0,0,14
2024-09-03T13:31:27,14,0,0,14
2024-09-03T13:47:52,14,0,0,14
2024-09-03T14:04:27,14,0,0,14
2024-09-03T14:20:52,14,0,0,14
2024-09-03T14:37:17,14,0,0,14
2024-09-03T14:53:42,14,0,0,14
2024-09-03T15:10:08,14,0,0,14
2024-09-03T15:26:44,14,0,0,14
2024-09-03T15:43:09,14,0,0,14
2024-09-03T15:59:34,14,0,0,14
2024-09-03T16:16:00,14,0,0,14
2024-09-03T16:32:35,14,0,0,14
2024-09-03T16:49:01,14,0,0,14
2024-09-03T17:05:28,14,0,0,14
2024-09-03T17:21:56,14,0,0,14
2024-09-03T17:38:31,14,0,0,14
2024-09-03T17:54:56,14,0,0,14
2024-09-03T18:11:22,14,0,0,14
2024-09-03T18:27:46,14,0,0,14
2024-09-03T18:44:10,14,0,0,14
2024-09-03T19:00:35,14,0,0,14
2024-09-03T19:17:10,14,0,0,14
2024-09-03T19:33:35,14,0,0,14
2024-09-03T19:50:00,14,0,0,14
2024-09-03T20:06:25,14,0,0,14
2024-09-03T20:22:49,14,0,0,14
2024-09-03T20:39:14,14,0,0,14
2024-09-03T20:55:49,14,0,0,14
2024-09-03T21:12:13,14,0,0,14
2024-09-03T21:28:39,14,0,0,14
2024-09-03T21:45:05,14,0,0,14
2024-09-03T22:01:30,14,0,0,14
2024-09-03T22:17:55,14,0,0,14
2024-09-03T22:34:20,14,0,0,14
2024-09-03T22:50:45,14,0,0,14
2024-09-03T23:07:21,14,0,0,14
2024-09-03T23:23:47,14,0,0,14
2024-09-03T23:40:13,14,0,0,14
2024-09-03T23:56:38,14,0,0,14
2024-09-04T00:13:05,14,0,0,14
2024-09-04T00:29:38,14,0,0,14
2024-09-04T00:46:16,14,0,0,14
2024-09-04T01:02:53,14,0,0,14
2024-09-04T01:19:37,14,0,0,14
2024-09-04T01:36:08,14,0,0,14
2024-09-04T01:52:39,14,0,0,14
2024-09-04T02:09:11,14,0,0,14
2024-09-04T02:25:39,14,0,0,14
2024-09-04T02:42:08,14,0,0,14
2024-09-04T02:58:45,14,0,0,14
2024-09-04T03:15:16,14,0,0,14
2024-09-04T03:31:44,14,0,0,14
2024-09-04T03:48:12,14,0,0,14
2024-09-04T04:04:41,14,0,0,14
2024-09-04T04:19:06,14,0,0,14
2024-09-04T04:35:40,14,0,0,14
2024-09-04T04:52:21,14,0,0,14
2024-09-04T05:08:51,14,0,0,14
2024-09-04T05:25:20,14,0,0,14
2024-09-04T05:41:50,14,0,0,14
2024-09-04T05:58:19,14,0,0,14
2024-09-04T06:14:48,14,0,0,14
2024-09-04T06:31:17,14,0,0,14
2024-09-04T06:47:46,14,0,0,14
2024-09-04T07:04:14,14,0,0,14
2024-09-04T07:20:46,14,0,0,14
2024-09-04T07:37:14,14,0,0,14
2024-09-04T07:53:43,14,0,0,14
2024-09-04T08:10:11,14,0,0,14
2024-09-04T08:26:40,14,0,0,14
2024-09-04T08:43:17,14,0,0,14
2024-09-04T08:59:45,14,0,0,14
2024-09-04T09:16:13,14,0,0,14
2024-09-04T09:32:42,14,0,0,14
2024-09-04T09:49:09,14,0,0,14
2024-09-04T10:05:34,14,0,0,14
2024-09-04T10:22:01,14,0,0,14
2024-09-04T10:38:36,14,0,0,14
2024-09-04T10:55:03,14,0,0,14
2024-09-04T11:11:29,14,0,0,14
2024-09-04T11:27:55,14,0,0,14
2024-09-04T11:44:23,14,0,0,14
2024-09-04T12:00:57,14,0,0,14
2024-09-04T12:17:23,14,0,0,14
2024-09-04T12:33:49,14,0,0,14
2024-09-04T12:50:14,14,0,0,14
2024-09-04T13:06:40,14,0,0,14
2024-09-04T13:23:06,14,0,0,14
2024-09-04T13:39:42,14,0,0,14
2024-09-04T13:56:09,14,0,0,14
2024-09-04T14:12:34,14,0,0,14
2024-09-04T14:29:00,14,0,0,14
2024-09-04T14:45:26,14,0,0,14
2024-09-04T15:02:05,14,0,0,14
2024-09-04T15:18:35,14,0,0,14
2024-09-04T15:35:02,14,0,0,14
2024-09-04T15:51:31,14,0,0,14
2024-09-04T16:07:58,14,0,0,14
2024-09-04T16:24:33,14,0,0,14
2024-09-04T16:41:00,14,0,0,14
2024-09-04T16:57:28,14,0,0,14
2024-09-04T17:13:56,14,0,0,14
2024-09-04T17:30:33,14,0,0,14
2024-09-04T17:47:00,14,0,0,14
2024-09-04T18:03:26,14,0,0,14
2024-09-04T18:19:52,14,0,0,14
2024-09-04T18:36:20,14,0,0,14
2024-09-04T18:52:47,14,0,0,14
2024-09-04T19:09:25,14,0,0,14
2024-09-04T19:25:52,14,0,0,14
2024-09-04T19:42:20,14,0,0,14
2024-09-04T19:58:46,14,0,0,14
2024-09-04T20:15:12,14,0,0,14
2024-09-04T20:31:39,14,0,0,14
2024-09-04T20:48:05,14,0,0,14
2024-09-04T21:04:42,14,0,0,14
2024-09-04T21:21:09,14,0,0,14
2024-09-04T21:37:36,14,0,0,14
2024-09-04T21:54:03,14,0,0,14
2024-09-04T22:10:30,14,0,0,14
2024-09-04T22:26:57,14,0,0,14
2024-09-04T22:43:27,14,0,0,14
2024-09-04T23:00:04,14,0,0,14
2024-09-04T23:16:31,14,0,0,14
2024-09-04T23:32:58,14,0,0,14
2024-09-04T23:49:24,14,0,0,14
2024-09-05T00:05:52,14,0,0,14
2024-09-05T00:22:22,14,0,0,14
2024-09-05T00:38:52,14,0,0,14
2024-09-05T00:55:42,14,0,0,14
2024-09-05T01:12:26,14,0,0,14
2024-09-05T01:28:58,14,0,0,14
2024-09-05T01:45:29,14,0,0,14
2024-09-05T02:02:00,14,0,0,14
2024-09-05T02:18:29,14,0,0,14
2024-09-05T02:35:00,14,0,0,14
2024-09-05T02:51:28,14,0,0,14
2024-09-05T03:07:57,14,0,0,14
2024-09-05T03:24:27,14,0,0,14
2024-09-05T03:40:54,14,0,0,14
2024-09-05T03:57:23,14,0,0,14
2024-09-05T04:24:02,14,0,0,14
2024-09-05T04:40:35,14,0,0,14
2024-09-05T04:57:05,14,0,0,14
2024-09-05T05:13:37,14,0,0,14
2024-09-05T05:30:07,14,0,0,14
2024-09-05T05:46:38,14,0,0,14
2024-09-05T06:03:08,14,0,0,14
2024-09-05T06:19:37,14,0,0,14
2024-09-05T06:36:09,14,0,0,14
2024-09-05T06:52:52,14,0,0,14
2024-09-05T07:09:31,14,0,0,14
2024-09-05T07:26:09,14,0,0,14
2024-09-05T07:42:45,14,0,0,14
2024-09-05T07:59:21,14,0,0,14
2024-09-05T08:16:00,14,0,0,14
2024-09-05T08:32:38,14,0,0,14
2024-09-05T08:49:10,14,0,0,14
2024-09-05T09:05:41,14,0,0,14
2024-09-05T09:22:13,14,0,0,14
2024-09-05T09:38:43,14,0,0,14
2024-09-05T09:55:15,14,0,0,14
2024-09-05T10:11:57,14,0,0,14
2024-09-05T10:28:27,14,0,0,14
2024-09-05T10:44:58,14,0,0,14
2024-09-05T11:01:41,14,0,0,14
2024-09-05T11:18:16,14,0,0,14
2024-09-05T11:34:49,14,0,0,14
2024-09-05T11:51:30,14,0,0,14
2024-09-05T12:08:01,14,0,0,14
2024-09-05T12:24:42,14,0,0,14
2024-09-05T12:41:13,14,0,0,14
2024-09-05T12:57:43,14,0,0,14
2024-09-05T13:14:13,14,0,0,14
2024-09-05T13:30:51,14,0,0,14
2024-09-05T13:47:20,14,0,0,14
2024-09-05T14:03:48,14,0,0,14
2024-09-05T14:20:26,14,0,0,14
2024-09-05T14:36:54,14,0,0,14
2024-09-05T14:53:23,14,0,0,14
2024-09-05T15:09:55,14,0,0,14
2024-09-05T15:26:35,14,0,0,14
2024-09-05T15:43:03,14,0,0,14
2024-09-05T15:59:32,14,0,0,14
2024-09-05T16:16:01,14,0,0,14
2024-09-05T16:32:38,14,0,0,14
2024-09-05T16:49:07,14,0,0,14
2024-09-05T17:05:37,14,0,0,14
2024-09-05T17:22:05,14,0,0,14
2024-09-05T17:38:33,14,0,0,14
2024-09-05T17:55:12,14,0,0,14
2024-09-05T18:11:39,14,0,0,14
2024-09-05T18:28:08,14,0,0,14
2024-09-05T18:44:37,14,0,0,14
2024-09-05T19:01:04,14,0,0,14
2024-09-05T19:17:44,14,0,0,14
2024-09-05T19:34:12,14,0,0,14
2024-09-05T19:50:40,14,0,0,14
2024-09-05T20:07:06,14,0,0,14
2024-09-05T20:23:34,14,0,0,14
2024-09-05T20:40:01,14,0,0,14
2024-09-05T20:56:38,14,0,0,14
2024-09-05T21:13:05,14,0,0,14
2024-09-05T21:29:33,14,0,0,14
2024-09-05T21:46:01,14,0,0,14
2024-09-05T22:02:29,14,0,0,14
2024-09-05T22:18:56,14,0,0,14
2024-09-05T22:35:34,14,0,0,14
2024-09-05T22:52:01,14,0,0,14
2024-09-05T23:08:29,14,0,0,14
2024-09-05T23:24:56,14,0,0,14
2024-09-05T23:41:23,14,0,0,14
2024-09-05T23:57:50,14,0,0,14
2024-09-06T00:14:20,14,0,0,14
2024-09-06T00:31:03,14,0,0,14
2024-09-06T00:47:36,14,0,0,14
2024-09-06T01:04:14,14,0,0,14
2024-09-06T01:20:47,14,0,0,14
2024-09-06T01:37:19,14,0,0,14
2024-09-06T01:53:50,14,0,0,14
2024-09-06T02:10:21,14,0,0,14
2024-09-06T02:26:56,14,0,0,14
2024-09-06T02:43:28,14,0,0,14
2024-09-06T02:59:58,14,0,0,14
2024-09-06T03:16:30,14,0,0,14
2024-09-06T03:33:00,14,0,0,14
2024-09-06T03:49:30,14,0,0,14
2024-09-06T04:06:00,14,0,0,14
2024-09-06T04:27:07,14,0,0,14
2024-09-06T04:43:42,14,0,0,14
2024-09-06T05:00:14,14,0,0,14
2024-09-06T05:16:47,14,0,0,14
2024-09-06T05:33:18,14,0,0,14
2024-09-06T05:49:49,14,0,0,14
2024-09-06T06:06:19,14,0,0,14
2024-09-06T06:22:49,14,0,0,14
2024-09-06T06:39:19,14,0,0,14
2024-09-06T06:55:50,14,0,0,14
2024-09-06T07:12:22,14,0,0,14
2024-09-06T07:28:52,14,0,0,14
2024-09-06T07:45:20,14,0,0,14
2024-09-06T08:01:48,14,0,0,14
2024-09-06T08:18:18,14,0,0,14
2024-09-06T08:34:58,14,0,0,14
2024-09-06T08:51:29,14,0,0,14
2024-09-06T09:07:59,14,0,0,14
2024-09-06T09:24:28,14,0,0,14
2024-09-06T09:40:55,14,0,0,14
2024-09-06T09:57:23,14,0,0,14
2024-09-06T10:13:50,14,0,0,14
2024-09-06T10:30:28,14,0,0,14
2024-09-06T10:46:56,14,0,0,14
2024-09-06T11:03:25,14,0,0,14
2024-09-06T11:19:55,14,0,0,14
2024-09-06T11:36:22,14,0,0,14
2024-09-06T11:53:00,14,0,0,14
2024-09-06T12:09:29,14,0,0,14
2024-09-06T12:25:56,14,0,0,14
2024-09-06T12:42:23,14,0,0,14
2024-09-06T12:58:52,14,0,0,14
2024-09-06T13:15:19,14,0,0,14
2024-09-06T13:31:54,14,0,0,14
2024-09-06T13:48:22,14,0,0,14
2024-09-06T14:04:50,14,0,0,14
2024-09-06T14:21:18,14,0,0,14
2024-09-06T14:37:45,14,0,0,14
2024-09-06T14:54:22,14,0,0,14
2024-09-06T15:10:49,14,0,0,14
2024-09-06T15:27:17,14,0,0,14
2024-09-06T15:43:44,14,0,0,14
2024-09-06T16:00:11,14,0,0,14
2024-09-06T16:16:48,14,0,0,14
2024-09-06T16:33:15,14,0,0,14
2024-09-06T16:49:42,14,0,0,14
2024-09-06T17:06:10,14,0,0,14
2024-09-06T17:22:38,14,0,0,14
2024-09-06T17:39:05,14,0,0,14
2024-09-06T17:55:41,14,0,0,14
2024-09-06T18:12:07,14,0,0,14
2024-09-06T18:28:35,14,0,0,14
2024-09-06T18:45:01,14,0,0,14
2024-09-06T19:01:28,14,0,0,14
2024-09-06T19:17:55,14,0,0,14
2024-09-06T19:34:22,14,0,0,14
2024-09-06T19:50:49,14,0,0,14
2024-09-06T20:07:26,14,0,0,14
2024-09-06T20:23:53,14,0,0,14
2024-09-06T20:40:20,14,0,0,14
2024-09-06T20:56:47,14,0,0,14
2024-09-06T21:13:15,14,0,0,14
2024-09-06T21:29:42,14,0,0,14
2024-09-06T21:46:10,14,0,0,14
2024-09-06T22:02:47,14,0,0,14
2024-09-06T22:19:14,14,0,0,14
2024-09-06T22:35:41,14,0,0,14
2024-09-06T22:52:08,14,0,0,14
2024-09-06T23:08:39,14,0,0,14
2024-09-06T23:25:06,14,0,0,14
2024-09-06T23:41:44,14,0,0,14
2024-09-06T23:58:11,14,0,0,14
2024-09-07T00:14:40,14,0,0,14
2024-09-07T00:31:14,14,0,0,14
2024-09-07T00:47:48,14,0,0,14
2024-09-07T01:04:21,14,0,0,14
2024-09-07T01:20:52,14,0,0,14
2024-09-07T01:37:23,14,0,0,14
2024-09-07T01:53:55,14,0,0,14
2024-09-07T02:10:25,14,0,0,14
2024-09-07T02:27:07,14,0,0,14
2024-09-07T02:43:37,14,0,0,14
2024-09-07T03:00:04,14,0,0,14
2024-09-07T03:16:32,14,0,0,14
2024-09-07T03:33:01,14,0,0,14
2024-09-07T03:49:30,14,0,0,14
2024-09-07T04:05:59,14,0,0,14
2024-09-07T04:28:18,14,0,0,14
2024-09-07T04:44:52,14,0,0,14
2024-09-07T05:01:22,14,0,0,14
2024-09-07T05:17:50,14,0,0,14
2024-09-07T05:34:17,14,0,0,14
2024-09-07T05:50:45,14,0,0,14
2024-09-07T06:07:12,14,0,0,14
2024-09-07T06:23:40,14,0,0,14
2024-09-07T06:40:06,14,0,0,14
2024-09-07T06:56:36,14,0,0,14
2024-09-07T07:13:07,14,0,0,14
2024-09-07T07:29:36,14,0,0,14
2024-09-07T07:46:12,14,0,0,14
2024-09-07T08:02:42,14,0,0,14
2024-09-07T08:20:11,14,0,0,14
2024-09-07T08:36:42,14,0,0,14
2024-09-07T08:53:12,14,0,0,14
2024-09-07T09:09:43,14,0,0,14
2024-09-07T09:26:14,14,0,0,14
2024-09-07T09:42:44,14,0,0,14
2024-09-07T09:59:14,14,0,0,14
2024-09-07T10:15:54,14,0,0,14
2024-09-07T10:32:25,14,0,0,14
2024-09-07T10:48:56,14,0,0,14
2024-09-07T11:05:27,14,0,0,14
2024-09-07T11:21:56,14,0,0,14
2024-09-07T11:38:27,14,0,0,14
2024-09-07T11:54:57,14,0,0,14
2024-09-07T12:11:38,14,0,0,14
2024-09-07T12:28:08,14,0,0,14
2024-09-07T12:44:38,14,0,0,14
2024-09-07T13:01:08,14,0,0,14
2024-09-07T13:17:39,14,0,0,14
2024-09-07T13:34:09,14,0,0,14
2024-09-07T13:50:38,14,0,0,14
2024-09-07T14:07:09,14,0,0,14
2024-09-07T14:23:37,14,0,0,14
2024-09-07T14:40:16,14,0,0,14
2024-09-07T14:56:44,14,0,0,14
2024-09-07T15:13:12,14,0,0,14
2024-09-07T15:29:39,14,0,0,14
2024-09-07T15:46:07,14,0,0,14
2024-09-07T16:02:35,14,0,0,14
2024-09-07T16:19:03,14,0,0,14
2024-09-07T16:35:31,14,0,0,14
2024-09-07T16:52:08,14,0,0,14
2024-09-07T17:08:36,14,0,0,14
2024-09-07T17:25:04,14,0,0,14
2024-09-07T17:41:32,14,0,0,14
2024-09-07T17:57:59,14,0,0,14
2024-09-07T18:14:27,14,0,0,14
2024-09-07T18:30:55,14,0,0,14
2024-09-07T18:47:22,14,0,0,14
2024-09-07T19:03:50,14,0,0,14
2024-09-07T19:20:28,14,0,0,14
2024-09-07T19:36:55,14,0,0,14
2024-09-07T19:53:23,14,0,0,14
2024-09-07T20:09:50,14,0,0,14
2024-09-07T20:26:17,14,0,0,14
2024-09-07T20:42:44,14,0,0,14
2024-09-07T20:59:11,14,0,0,14
2024-09-07T21:15:39,14,0,0,14
2024-09-07T21:32:18,14,0,0,14
2024-09-07T21:48:46,14,0,0,14
2024-09-07T22:05:13,14,0,0,14
2024-09-07T22:21:40,14,0,0,14
2024-09-07T22:38:07,14,0,0,14
2024-09-07T22:54:35,14,0,0,14
2024-09-07T23:11:05,14,0,0,14
2024-09-07T23:27:34,14,0,0,14
2024-09-07T23:44:01,14,0,0,14
2024-09-08T00:00:29,14,0,0,14
2024-09-08T00:17:11,14,0,0,14
2024-09-08T00:33:43,14,0,0,14
2024-09-08T00:50:12,14,0,0,14
2024-09-08T01:06:41,14,0,0,14
2024-09-08T01:23:09,14,0,0,14
2024-09-08T01:39:35,14,0,0,14
2024-09-08T01:56:04,14,0,0,14
2024-09-08T02:12:37,14,0,0,14
2024-09-08T02:29:09,14,0,0,14
2024-09-08T02:45:43,14,0,0,14
2024-09-08T03:02:14,14,0,0,14
2024-09-08T03:18:55,14,0,0,14
2024-09-08T03:35:28,14,0,0,14
2024-09-08T03:52:00,14,0,0,14
2024-09-08T04:08:34,14,0,0,14
2024-09-08T04:29:15,14,0,0,14
2024-09-08T04:45:52,14,0,0,14
2024-09-08T05:02:28,14,0,0,14
2024-09-08T05:19:02,14,0,0,14
2024-09-08T05:35:34,14,0,0,14
2024-09-08T05:52:07,14,0,0,14
2024-09-08T06:08:39,14,0,0,14
2024-09-08T06:25:11,14,0,0,14
2024-09-08T06:41:41,14,0,0,14
2024-09-08T06:58:13,14,0,0,14
2024-09-08T07:14:46,14,0,0,14
2024-09-08T07:31:22,14,0,0,14
2024-09-08T07:47:53,14,0,0,14
2024-09-08T08:04:21,14,0,0,14
2024-09-08T08:20:49,14,0,0,14
2024-09-08T08:37:22,14,0,0,14
2024-09-08T08:53:53,14,0,0,14
2024-09-08T09:10:25,14,0,0,14
2024-09-08T09:27:00,14,0,0,14
2024-09-08T09:43:43,14,0,0,14
2024-09-08T10:00:16,14,0,0,14
2024-09-08T10:16:47,14,0,0,14
2024-09-08T10:33:21,14,0,0,14
2024-09-08T10:49:50,14,0,0,14
2024-09-08T11:06:17,14,0,0,14
2024-09-08T11:22:45,14,0,0,14
2024-09-08T11:39:11,14,0,0,14
2024-09-08T11:55:39,14,0,0,14
2024-09-08T12:12:06,14,0,0,14
2024-09-08T12:28:45,14,0,0,14
2024-09-08T12:45:12,14,0,0,14
2024-09-08T13:01:39,14,0,0,14
2024-09-08T13:18:07,14,0,0,14
2024-09-08T13:34:37,14,0,0,14
2024-09-08T13:51:05,14,0,0,14
2024-09-08T14:07:35,14,0,0,14
2024-09-08T14:24:13,14,0,0,14
2024-09-08T14:40:40,14,0,0,14
2024-09-08T14:57:07,14,0,0,14
2024-09-08T15:13:33,14,0,0,14
2024-09-08T15:29:59,14,0,0,14
2024-09-08T15:46:27,14,0,0,14
2024-09-08T16:02:54,14,0,0,14
2024-09-08T16:19:32,14,0,0,14
2024-09-08T16:36:01,14,0,0,14
2024-09-08T16:52:30,14,0,0,14
2024-09-08T17:08:57,14,0,0,14
2024-09-08T17:25:25,14,0,0,14
2024-09-08T17:41:52,14,0,0,14
2024-09-08T17:58:20,14,0,0,14
2024-09-08T18:14:47,14,0,0,14
2024-09-08T18:31:14,14,0,0,14
2024-09-08T18:47:51,14,0,0,14
2024-09-08T19:04:19,14,0,0,14
2024-09-08T19:20:50,14,0,0,14
2024-09-08T19:37:19,14,0,0,14
2024-09-08T19:53:48,14,0,0,14
2024-09-08T20:10:17,14,0,0,14
2024-09-08T20:26:45,14,0,0,14
2024-09-08T20:43:13,14,0,0,14
2024-09-08T20:59:42,14,0,0,14
2024-09-08T21:16:23,14,0,0,14
2024-09-08T21:32:53,14,0,0,14
2024-09-08T21:49:24,14,0,0,14
2024-09-08T22:05:52,14,0,0,14
2024-09-08T22:22:21,14,0,0,14
2024-09-08T22:38:49,14,0,0,14
2024-09-08T22:55:17,14,0,0,14
2024-09-08T23:11:46,14,0,0,14
2024-09-08T23:28:15,14,0,0,14
2024-09-08T23:44:43,14,0,0,14
2024-09-09T00:01:23,14,0,0,14
2024-09-09T00:17:57,14,0,0,14
2024-09-09T00:34:37,14,0,0,14
2024-09-09T00:51:20,14,0,0,14
2024-09-09T01:07:59,14,0,0,14
2024-09-09T01:24:42,14,0,0,14
2024-09-09T01:41:14,14,0,0,14
2024-09-09T01:57:47,14,0,0,14
2024-09-09T02:14:19,14,0,0,14
2024-09-09T02:30:50,14,0,0,14
2024-09-09T02:47:22,14,0,0,14
2024-09-09T03:04:04,14,0,0,14
2024-09-09T03:20:38,14,0,0,14
2024-09-09T03:37:09,14,0,0,14
2024-09-09T03:53:41,14,0,0,14
2024-09-09T04:16:47,14,0,0,14
2024-09-09T04:33:24,14,0,0,14
2024-09-09T04:50:00,14,0,0,14
2024-09-09T05:06:36,14,0,0,14
2024-09-09T05:23:10,14,0,0,14
2024-09-09T05:39:43,14,0,0,14
2024-09-09T05:56:16,14,0,0,14
2024-09-09T06:12:51,14,0,0,14
2024-09-09T06:29:31,14,0,0,14
2024-09-09T06:46:08,14,0,0,14
2024-09-09T07:02:42,14,0,0,14
2024-09-09T07:19:13,14,0,0,14
2024-09-09T07:35:45,14,0,0,14
2024-09-09T07:52:15,14,0,0,14
2024-09-09T08:08:51,14,0,0,14
2024-09-09T08:25:32,14,0,0,14
2024-09-09T08:42:07,14,0,0,14
2024-09-09T08:58:35,14,0,0,14
2024-09-09T09:15:03,14,0,0,14
2024-09-09T09:31:31,14,0,0,14
2024-09-09T09:47:59,14,0,0,14
2024-09-09T10:04:41,14,0,0,14
2024-09-09T10:21:11,14,0,0,14
2024-09-09T10:37:40,14,0,0,14
2024-09-09T10:54:08,14,0,0,14
2024-09-09T11:10:38,14,0,0,14
2024-09-09T11:27:18,14,0,0,14
2024-09-09T11:43:47,14,0,0,14
2024-09-09T12:00:20,14,0,0,14
2024-09-09T12:16:50,14,0,0,14
2024-09-09T12:33:32,14,0,0,14
2024-09-09T12:50:01,14,0,0,14
2024-09-09T13:06:31,14,0,0,14
2024-09-09T13:23:01,14,0,0,14
2024-09-09T13:39:31,14,0,0,14
2024-09-09T13:56:12,14,0,0,14
2024-09-09T14:12:42,14,0,0,14
2024-09-09T14:29:11,14,0,0,14
2024-09-09T14:45:42,14,0,0,14
2024-09-09T15:02:24,14,0,0,14
2024-09-09T15:18:55,14,0,0,14
2024-09-09T15:35:27,14,0,0,14
2024-09-09T15:51:57,14,0,0,14
2024-09-09T16:08:42,14,0,0,14
2024-09-09T16:25:14,14,0,0,14
2024-09-09T16:41:46,14,0,0,14
2024-09-09T16:58:17,14,0,0,14
2024-09-09T17:14:50,14,0,0,14
2024-09-09T17:31:32,14,0,0,14
2024-09-09T17:48:03,14,0,0,14
2024-09-09T18:04:35,14,0,0,14
2024-09-09T18:21:07,14,0,0,14
2024-09-09T18:37:38,14,0,0,14
2024-09-09T18:54:19,14,0,0,14
2024-09-09T19:10:52,14,0,0,14
2024-09-09T19:27:24,14,0,0,14
2024-09-09T19:43:55,14,0,0,14
2024-09-09T20:00:26,14,0,0,14
2024-09-09T20:17:06,14,0,0,14
2024-09-09T20:33:37,14,0,0,14
2024-09-09T20:50:08,14,0,0,14
2024-09-09T21:06:38,14,0,0,14
2024-09-09T21:23:12,14,0,0,14
2024-09-09T21:39:44,14,0,0,14
2024-09-09T21:56:17,14,0,0,14
2024-09-09T22:13:00,14,0,0,14
2024-09-09T22:29:33,14,0,0,14
2024-09-09T22:46:04,14,0,0,14
2024-09-09T23:02:35,14,0,0,14
2024-09-09T23:19:08,14,0,0,14
2024-09-09T23:35:40,14,0,0,14
2024-09-09T23:52:23,14,0,0,14
2024-09-10T00:08:56,14,0,0,14
2024-09-10T00:26:00,14,0,0,14
2024-09-10T00:42:38,14,0,0,14
2024-09-10T00:59:24,14,0,0,14
2024-09-10T01:16:05,14,0,0,14
2024-09-10T01:32:41,14,0,0,14
2024-09-10T01:49:16,14,0,0,14
2024-09-10T02:05:51,14,0,0,14
2024-09-10T02:22:25,14,0,0,14
2024-09-10T02:38:59,14,0,0,14
2024-09-10T02:55:43,14,0,0,14
2024-09-10T03:12:16,14,0,0,14
2024-09-10T03:28:56,14,0,0,14
2024-09-10T03:45:31,14,0,0,14
2024-09-10T04:02:05,14,0,0,14
2024-09-10T04:18:39,14,0,0,14
2024-09-10T04:30:53,14,0,0,14
2024-09-10T04:47:31,14,0,0,14
2024-09-10T05:04:07,14,0,0,14
2024-09-10T05:20:44,14,0,0,14
2024-09-10T05:37:19,14,0,0,14
2024-09-10T05:53:52,14,0,0,14
2024-09-10T06:10:26,14,0,0,14
2024-09-10T06:26:59,14,0,0,14
2024-09-10T06:43:42,14,0,0,14
2024-09-10T07:00:46,14,0,0,14
2024-09-10T07:17:23,14,0,0,14
2024-09-10T07:33:59,14,0,0,14
2024-09-10T07:50:33,14,0,0,14
2024-09-10T08:07:09,14,0,0,14
2024-09-10T08:23:52,14,0,0,14
2024-09-10T08:40:29,14,0,0,14
2024-09-10T08:57:03,14,0,0,14
2024-09-10T09:13:43,14,0,0,14
2024-09-10T09:30:16,14,0,0,14
2024-09-10T09:46:50,14,0,0,14
2024-09-10T10:03:24,14,0,0,14
2024-09-10T10:20:09,14,0,0,14
2024-09-10T10:36:43,14,0,0,14
2024-09-10T10:53:18,14,0,0,14
2024-09-10T11:09:55,14,0,0,14
2024-09-10T11:26:31,14,0,0,14
2024-09-10T11:43:16,14,0,0,14
2024-09-10T11:59:50,14,0,0,14
2024-09-10T12:16:26,14,0,0,14
2024-09-10T12:33:01,14,0,0,14
2024-09-10T12:49:33,14,0,0,14
2024-09-10T13:06:16,14,0,0,14
2024-09-10T13:22:48,14,0,0,14
2024-09-10T13:39:19,14,0,0,14
2024-09-10T13:55:52,14,0,0,14
2024-09-10T14:12:38,14,0,0,14
2024-09-10T14:29:12,14,0,0,14
2024-09-10T14:45:45,14,0,0,14
2024-09-10T15:02:22,14,0,0,14
2024-09-10T15:18:59,14,0,0,14
2024-09-10T15:35:46,14,0,0,14
2024-09-10T15:52:21,14,0,0,14
2024-09-10T16:08:57,14,0,0,14
2024-09-10T16:25:31,14,0,0,14
2024-09-10T16:42:15,14,0,0,14
2024-09-10T16:58:48,14,0,0,14
2024-09-10T17:15:23,14,0,0,14
2024-09-10T17:31:57,14,0,0,14
2024-09-10T17:48:41,14,0,0,14
2024-09-10T18:05:14,14,0,0,14
2024-09-10T18:21:48,14,0,0,14
2024-09-10T18:38:21,14,0,0,14
2024-09-10T18:54:54,14,0,0,14
2024-09-10T19:11:27,14,0,0,14
2024-09-10T19:28:01,14,0,0,14
2024-09-10T19:44:45,14,0,0,14
2024-09-10T20:01:18,14,0,0,14
2024-09-10T20:17:51,14,0,0,14
2024-09-10T20:34:23,14,0,0,14
2024-09-10T20:50:56,14,0,0,14
2024-09-10T21:07:29,14,0,0,14
2024-09-10T21:24:03,14,0,0,14
2024-09-10T21:40:50,14,0,0,14
2024-09-10T21:57:24,14,0,0,14
2024-09-10T22:13:58,14,0,0,14
2024-09-10T22:30:31,14,0,0,14
2024-09-10T22:47:04,14,0,0,14
2024-09-10T23:03:37,14,0,0,14
2024-09-10T23:20:21,14,0,0,14
2024-09-10T23:36:55,14,0,0,14
2024-09-10T23:53:29,14,0,0,14
2024-09-11T00:10:04,14,0,0,14
2024-09-11T00:26:47,14,0,0,14
2024-09-11T00:43:24,14,0,0,14
2024-09-11T01:00:12,14,0,0,14
2024-09-11T01:16:53,14,0,0,14
2024-09-11T01:33:42,14,0,0,14
2024-09-11T01:50:40,14,0,0,14
2024-09-11T02:07:21,14,0,0,14
2024-09-11T02:23:59,14,0,0,14
2024-09-11T02:40:34,14,0,0,14
2024-09-11T02:57:10,14,0,0,14
2024-09-11T03:13:46,14,0,0,14
2024-09-11T03:30:24,14,0,0,14
2024-09-11T03:47:02,14,0,0,14
2024-09-11T04:03:40,14,0,0,14
2024-09-11T04:19:54,14,0,0,14
2024-09-11T04:36:34,14,0,0,14
2024-09-11T04:53:13,14,0,0,14
2024-09-11T05:09:51,14,0,0,14
2024-09-11T05:26:30,14,0,0,14
2024-09-11T05:43:08,14,0,0,14
2024-09-11T05:59:44,14,0,0,14
2024-09-11T06:16:20,14,0,0,14
2024-09-11T06:32:59,14,0,0,14
2024-09-11T06:49:39,14,0,0,14
2024-09-11T07:06:18,14,0,0,14
2024-09-11T07:22:56,14,0,0,14
2024-09-11T07:39:33,14,0,0,14
2024-09-11T07:56:16,14,0,0,14
2024-09-11T08:12:55,14,0,0,14
2024-09-11T08:29:31,14,0,0,14
2024-09-11T08:46:07,14,0,0,14
2024-09-11T09:02:44,14,0,0,14
2024-09-11T09:19:19,14,0,0,14
2024-09-11T09:35:58,14,0,0,14
2024-09-11T09:52:33,14,0,0,14
2024-09-11T10:09:21,14,0,0,14
2024-09-11T10:25:58,14,0,0,14
2024-09-11T10:42:34,14,0,0,14
2024-09-11T10:59:08,14,0,0,14
2024-09-11T11:15:43,14,0,0,14
2024-09-11T11:32:18,14,0,0,14
2024-09-11T11:49:04,14,0,0,14
2024-09-11T12:05:39,14,0,0,14
2024-09-11T12:22:13,14,0,0,14
2024-09-11T12:38:47,14,0,0,14
2024-09-11T12:55:22,14,0,0,14
2024-09-11T13:12:06,14,0,0,14
2024-09-11T13:28:42,14,0,0,14
2024-09-11T13:45:17,14,0,0,14
2024-09-11T14:01:51,14,0,0,14
2024-09-11T14:18:25,14,0,0,14
2024-09-11T14:35:01,14,0,0,14
2024-09-11T14:51:45,14,0,0,14
2024-09-11T15:08:19,14,0,0,14
2024-09-11T15:24:54,14,0,0,14
2024-09-11T15:41:30,14,0,0,14
2024-09-11T15:58:05,14,0,0,14
2024-09-11T16:14:52,14,0,0,14
2024-09-11T16:31:27,14,0,0,14
2024-09-11T16:48:02,14,0,0,14
2024-09-11T17:04:37,14,0,0,14
2024-09-11T17:21:13,14,0,0,14
2024-09-11T17:37:57,14,0,0,14
2024-09-11T17:54:31,14,0,0,14
2024-09-11T18:11:06,14,0,0,14
2024-09-11T18:27:41,14,0,0,14
2024-09-11T18:44:15,14,0,0,14
2024-09-11T19:00:50,14,0,0,14
2024-09-11T19:17:25,14,0,0,14
2024-09-11T19:34:07,14,0,0,14
2024-09-11T19:50:41,14,0,0,14
2024-09-11T20:07:15,14,0,0,14
2024-09-11T20:23:49,14,0,0,14
2024-09-11T20:40:23,14,0,0,14
2024-09-11T20:56:56,14,0,0,14
2024-09-11T21:13:41,14,0,0,14
2024-09-11T21:30:15,14,0,0,14
2024-09-11T21:46:50,14,0,0,14
2024-09-11T22:03:27,14,0,0,14
2024-09-11T22:20:02,14,0,0,14
2024-09-11T22:36:36,14,0,0,14
2024-09-11T22:53:10,14,0,0,14
2024-09-11T23:09:45,14,0,0,14
2024-09-11T23:26:29,14,0,0,14
2024-09-11T23:43:04,14,0,0,14
2024-09-11T23:59:39,14,0,0,14
2024-09-12T00:16:17,14,0,0,14
2024-09-12T00:32:59,14,0,0,14
2024-09-12T00:49:41,14,0,0,14
2024-09-12T01:06:29,14,0,0,14
2024-09-12T01:23:10,14,0,0,14
2024-09-12T01:39:50,14,0,0,14
2024-09-12T01:56:28,14,0,0,14
2024-09-12T02:13:06,14,0,0,14
2024-09-12T02:29:53,14,0,0,14
2024-09-12T02:46:30,14,0,0,14
2024-09-12T03:03:06,14,0,0,14
2024-09-12T03:19:43,14,0,0,14
2024-09-12T03:36:21,14,0,0,14
2024-09-12T03:52:59,14,0,0,14
2024-09-12T04:09:36,14,0,0,14
2024-09-12T18:54:29,14,0,0,14
2024-09-12T19:26:58,14,0,0,14
2024-09-12T19:59:18,14,0,0,14
2024-09-12T20:31:38,14,0,0,14
2024-09-12T21:04:08,14,0,0,14
2024-09-12T21:36:29,14,0,0,14
2024-09-12T22:08:53,14,0,0,14
2024-09-12T22:41:22,14,0,0,14
2024-09-12T23:13:43,14,0,0,14
2024-09-12T23:46:03,14,0,0,14
2024-09-13T00:18:28,14,0,0,14
2024-09-13T00:51:07,14,0,0,14
2024-09-13T01:23:37,14,0,0,14
2024-09-13T01:56:02,14,0,0,14
2024-09-13T02:28:26,14,0,0,14
2024-09-13T03:00:50,14,0,0,14
2024-09-13T03:33:13,14,0,0,14
2024-09-13T04:05:36,14,0,0,14
2024-09-13T04:22:55,14,0,0,14
2024-09-13T04:55:23,14,0,0,14
2024-09-13T05:27:50,14,0,0,14
2024-09-13T06:00:14,14,0,0,14
2024-09-13T06:32:39,14,0,0,14
2024-09-13T07:05:04,14,0,0,14
2024-09-13T07:37:29,14,0,0,14
2024-09-13T08:09:58,14,0,0,14
2024-09-13T08:42:20,14,0,0,14
2024-09-13T09:14:43,14,0,0,14
2024-09-13T09:47:56,14,0,0,14
2024-09-13T10:20:29,14,0,0,14
2024-09-13T10:52:49,14,0,0,14
2024-09-13T11:25:20,14,0,0,14
2024-09-13T11:57:50,14,0,0,14
2024-09-13T12:30:22,14,0,0,14
2024-09-13T13:05:26,14,0,0,14
2024-09-13T13:37:47,14,0,0,14
2024-09-13T14:10:19,14,0,0,14
2024-09-13T14:42:39,14,0,0,14
2024-09-13T15:15:09,14,0,0,14
2024-09-13T15:47:31,14,0,0,14
2024-09-13T16:20:01,14,0,0,14
2024-09-13T16:52:23,14,0,0,14
2024-09-13T17:24:46,14,0,0,14
2024-09-13T17:57:17,14,0,0,14
2024-09-13T18:29:40,14,0,0,14
2024-09-13T19:02:06,14,0,0,14
2024-09-13T19:34:37,14,0,0,14
2024-09-13T20:07:00,14,0,0,14
2024-09-13T20:39:23,14,0,0,14
2024-09-13T21:11:46,14,0,0,14
2024-09-13T21:44:20,14,0,0,14
2024-09-13T22:16:48,14,0,0,14
2024-09-13T22:49:10,14,0,0,14
2024-09-13T23:21:42,14,0,0,14
2024-09-13T23:54:05,14,0,0,14
2024-09-14T00:26:38,14,0,0,14
2024-09-14T00:59:08,14,0,0,14
2024-09-14T01:31:37,14,0,0,14
2024-09-14T02:04:19,14,0,0,14
2024-09-14T02:36:45,14,0,0,14
2024-09-14T03:09:10,14,0,0,14
2024-09-14T03:41:35,14,0,0,14
2024-09-14T04:16:14,14,0,0,14
2024-09-14T04:29:18,14,0,0,14
2024-09-14T05:02:06,14,0,0,14
2024-09-14T05:34:30,14,0,0,14
2024-09-14T06:06:53,14,0,0,14
2024-09-14T06:39:18,14,0,0,14
2024-09-14T07:11:41,14,0,0,14
2024-09-14T07:45:12,14,0,0,14
2024-09-14T08:17:38,14,0,0,14
2024-09-14T08:50:12,14,0,0,14
2024-09-14T09:22:38,14,0,0,14
2024-09-14T09:55:04,14,0,0,14
2024-09-14T10:27:40,14,0,0,14
2024-09-14T11:00:05,14,0,0,14
2024-09-14T11:32:38,14,0,0,14
2024-09-14T12:05:04,14,0,0,14
2024-09-14T12:37:38,14,0,0,14
2024-09-14T13:10:02,14,0,0,14
2024-09-14T13:42:27,14,0,0,14
2024-09-14T14:14:51,14,0,0,14
2024-09-14T14:47:16,14,0,0,14
2024-09-14T15:19:48,14,0,0,14
2024-09-14T15:52:11,14,0,0,14
2024-09-14T16:24:33,14,0,0,14
2024-09-14T16:57:03,14,0,0,14
2024-09-14T17:29:26,14,0,0,14
2024-09-14T18:01:48,14,0,0,14
2024-09-14T18:34:10,14,0,0,14
2024-09-14T19:06:40,14,0,0,14
2024-09-14T19:39:03,14,0,0,14
2024-09-14T20:11:25,14,0,0,14
2024-09-14T20:43:48,14,0,0,14
2024-09-14T21:16:16,14,0,0,14
2024-09-14T21:48:39,14,0,0,14
2024-09-14T22:21:03,14,0,0,14
2024-09-14T22:53:25,14,0,0,14
2024-09-14T23:25:56,14,0,0,14
2024-09-14T23:58:18,14,0,0,14
2024-09-15T00:30:41,14,0,0,14
2024-09-15T01:09:03,14,0,0,14
2024-09-15T01:41:29,14,0,0,14
2024-09-15T02:13:57,14,0,0,14
2024-09-15T02:47:09,14,0,0,14
2024-09-15T03:19:39,14,0,0,14
2024-09-15T03:52:07,14,0,0,14
2024-09-15T04:17:34,14,0,0,14
2024-09-15T04:50:22,14,0,0,14
2024-09-15T05:22:52,14,0,0,14
2024-09-15T05:55:19,14,0,0,14
2024-09-15T06:27:47,14,0,0,14
2024-09-15T07:00:14,14,0,0,14
2024-09-15T07:32:47,14,0,0,14
2024-09-15T08:05:12,14,0,0,14
2024-09-15T08:37:45,14,0,0,14
2024-09-15T09:10:16,14,0,0,14
2024-09-15T09:42:48,14,0,0,14
2024-09-15T10:15:22,14,0,0,14
2024-09-15T10:47:48,14,0,0,14
2024-09-15T11:20:21,14,0,0,14
2024-09-15T11:52:44,14,0,0,14
2024-09-15T12:25:08,14,0,0,14
2024-09-15T12:57:32,14,0,0,14
2024-09-15T13:30:06,14,0,0,14
2024-09-15T14:02:30,14,0,0,14
2024-09-15T14:34:54,14,0,0,14
2024-09-15T15:07:18,14,0,0,14
2024-09-15T15:39:51,14,0,0,14
2024-09-15T16:12:15,14,0,0,14
2024-09-15T16:44:39,14,0,0,14
2024-09-15T17:17:11,14,0,0,14
2024-09-15T17:49:34,14,0,0,14
2024-09-15T18:21:58,14,0,0,14
2024-09-15T18:54:23,14,0,0,14
2024-09-15T19:27:00,14,0,0,14
2024-09-15T19:59:29,14,0,0,14
2024-09-15T20:31:57,14,0,0,14
2024-09-15T21:04:29,14,0,0,14
2024-09-15T21:36:59,14,0,0,14
2024-09-15T22:09:25,14,0,0,14
2024-09-15T22:41:49,14,0,0,14
2024-09-15T23:14:23,14,0,0,14
2024-09-15T23:46:48,14,0,0,14
2024-09-16T00:19:20,14,0,0,14
2024-09-16T00:51:56,14,0,0,14
2024-09-16T01:24:44,14,0,0,14
2024-09-16T01:57:12,14,0,0,14
2024-09-16T02:29:39,14,0,0,14
2024-09-16T03:02:25,14,0,0,14
2024-09-16T03:34:53,14,0,0,14
2024-09-16T04:16:20,14,0,0,14
2024-09-16T04:49:13,14,0,0,14
2024-09-16T05:21:47,14,0,0,14
2024-09-16T05:54:19,14,0,0,14
2024-09-16T06:26:47,14,0,0,14
2024-09-16T06:59:15,14,0,0,14
2024-09-16T07:31:45,14,0,0,14
2024-09-16T08:04:08,14,0,0,14
2024-09-16T08:36:36,14,0,0,14
2024-09-16T09:09:10,14,0,0,14
2024-09-16T09:41:34,14,0,0,14
2024-09-16T10:13:59,14,0,0,14
2024-09-16T10:46:34,14,0,0,14
2024-09-16T11:18:58,14,0,0,14
2024-09-16T11:51:23,14,0,0,14
2024-09-16T12:24:02,14,0,0,14
2024-09-16T12:56:26,14,0,0,14
2024-09-16T13:29:00,14,0,0,14
2024-09-16T14:01:24,14,0,0,14
2024-09-16T14:33:57,14,0,0,14
2024-09-16T15:06:21,14,0,0,14
2024-09-16T15:38:57,14,0,0,14
2024-09-16T16:11:21,14,0,0,14
2024-09-16T16:43:56,14,0,0,14
2024-09-16T17:16:23,14,0,0,14
2024-09-16T17:48:49,14,0,0,14
2024-09-16T18:22:33,14,0,0,14
2024-09-16T18:54:58,14,0,0,14
2024-09-16T19:27:25,14,0,0,14
2024-09-16T19:59:59,14,0,0,14
2024-09-16T20:32:25,14,0,0,14
2024-09-16T21:04:50,14,0,0,14
2024-09-16T21:37:25,14,0,0,14
2024-09-16T22:09:50,14,0,0,14
2024-09-16T22:42:15,14,0,0,14
2024-09-16T23:14:51,14,0,0,14
2024-09-16T23:47:17,14,0,0,14
2024-09-17T00:19:46,14,0,0,14
2024-09-17T00:52:21,14,0,0,14
2024-09-17T01:24:56,14,0,0,14
2024-09-17T01:57:30,14,0,0,14
2024-09-17T02:30:09,14,0,0,14
2024-09-17T03:02:37,14,0,0,14
2024-09-17T03:35:09,14,0,0,14
2024-09-17T04:07:37,14,0,0,14
2024-09-17T04:24:24,14,0,0,14
2024-09-17T04:57:22,14,0,0,14
2024-09-17T05:29:55,14,0,0,14
2024-09-17T06:02:23,14,0,0,14
2024-09-17T06:34:49,14,0,0,14
2024-09-17T07:07:17,14,0,0,14
2024-09-17T07:39:44,14,0,0,14
2024-09-17T08:12:15,14,0,0,14
2024-09-17T08:45:12,14,0,0,14
2024-09-17T09:17:42,14,0,0,14
2024-09-17T09:50:12,14,0,0,14
2024-09-17T10:22:51,14,0,0,14
2024-09-17T10:55:20,14,0,0,14
2024-09-17T11:27:49,14,0,0,14
2024-09-17T12:00:28,14,0,0,14
2024-09-17T12:33:06,14,0,0,14
2024-09-17T13:05:34,14,0,0,14
2024-09-17T13:38:01,14,0,0,14
2024-09-17T14:10:37,14,0,0,14
2024-09-17T14:43:02,14,0,0,14
2024-09-17T15:15:36,14,0,0,14
2024-09-17T15:48:01,14,0,0,14
2024-09-17T16:20:37,14,0,0,14
2024-09-17T16:53:03,14,0,0,14
2024-09-17T17:25:30,14,0,0,14
2024-09-17T17:58:07,14,0,0,14
2024-09-17T18:30:32,14,0,0,14
2024-09-17T19:02:57,14,0,0,14
2024-09-17T19:35:33,14,0,0,14
2024-09-17T20:08:00,14,0,0,14
2024-09-17T20:40:25,14,0,0,14
2024-09-17T21:12:51,14,0,0,14
2024-09-17T21:45:29,14,0,0,14
2024-09-17T22:17:55,14,0,0,14
2024-09-17T22:50:21,14,0,0,14
2024-09-17T23:22:59,14,0,0,14
2024-09-17T23:55:26,14,0,0,14
2024-09-18T00:27:57,14,0,0,14
2024-09-18T01:00:31,14,0,0,14
2024-09-18T01:33:09,14,0,0,14
2024-09-18T02:05:50,14,0,0,14
2024-09-18T02:38:21,14,0,0,14
2024-09-18T03:10:56,14,0,0,14
2024-09-18T03:43:28,14,0,0,14
2024-09-18T04:17:12,14,0,0,14
2024-09-18T04:50:09,14,0,0,14
2024-09-18T05:22:42,14,0,0,14
2024-09-18T05:57:47,14,0,0,14
2024-09-18T06:30:17,14,0,0,14
2024-09-18T07:02:52,14,0,0,14
2024-09-18T07:35:25,14,0,0,14
2024-09-18T08:07:55,14,0,0,14
2024-09-18T08:40:35,14,0,0,14
2024-09-18T09:13:05,14,0,0,14
2024-09-18T09:45:33,14,0,0,14
2024-09-18T10:18:02,14,0,0,14
2024-09-18T10:50:43,14,0,0,14
2024-09-18T11:23:11,14,0,0,14
2024-09-18T11:55:47,14,0,0,14
2024-09-18T12:28:14,14,0,0,14
2024-09-18T13:00:40,14,0,0,14
2024-09-18T13:33:16,14,0,0,14
2024-09-18T14:05:44,14,0,0,14
2024-09-18T14:38:21,14,0,0,14
2024-09-18T15:10:49,14,0,0,14
2024-09-18T15:43:28,14,0,0,14
2024-09-18T16:15:59,14,0,0,14
2024-09-18T16:48:37,14,0,0,14
2024-09-18T17:21:07,14,0,0,14
2024-09-18T17:53:37,14,0,0,14
2024-09-18T18:26:17,14,0,0,14
2024-09-18T18:58:47,14,0,0,14
2024-09-18T19:31:16,14,0,0,14
2024-09-18T20:03:58,14,0,0,14
2024-09-18T20:36:27,14,0,0,14
2024-09-18T21:08:57,14,0,0,14
2024-09-18T21:41:26,14,0,0,14
2024-09-18T22:14:08,14,0,0,14
2024-09-18T22:46:37,14,0,0,14
2024-09-18T23:19:07,14,0,0,14
2024-09-18T23:51:45,14,0,0,14
2024-09-19T00:24:20,14,0,0,14
2024-09-19T00:57:00,14,0,0,14
2024-09-19T01:29:41,14,0,0,14
2024-09-19T02:02:13,14,0,0,14
2024-09-19T02:34:45,14,0,0,14
2024-09-19T03:07:25,14,0,0,14
2024-09-19T03:40:00,14,0,0,14
2024-09-19T04:12:33,14,0,0,14
2024-09-19T04:28:59,14,0,0,14
2024-09-19T05:03:05,14,0,0,14
2024-09-19T05:35:43,14,0,0,14
2024-09-19T06:08:15,14,0,0,14
2024-09-19T06:41:12,14,0,0,14
2024-09-19T07:13:46,14,0,0,14
2024-09-19T07:46:18,14,0,0,14
2024-09-19T08:19:00,14,0,0,14
2024-09-19T08:51:31,14,0,0,14
2024-09-19T09:24:03,14,0,0,14
2024-09-19T09:56:34,14,0,0,14
2024-09-19T10:29:15,14,0,0,14
2024-09-19T11:01:45,14,0,0,14
2024-09-19T11:34:16,14,0,0,14
2024-09-19T12:06:57,14,0,0,14
2024-09-19T12:39:25,13,1,0,14
2024-09-19T13:12:04,13,1,0,14
2024-09-19T13:44:36,13,1,0,14
2024-09-19T14:17:13,13,1,0,14
2024-09-19T14:49:43,14,0,0,14
2024-09-19T15:22:23,13,1,0,14
2024-09-19T15:54:52,13,1,0,14
2024-09-19T16:27:21,13,1,0,14
2024-09-19T16:59:58,13,1,0,14
2024-09-19T17:32:27,13,1,0,14
2024-09-19T18:04:55,13,1,0,14
2024-09-19T18:37:33,13,1,0,14
2024-09-19T19:10:01,13,1,0,14
2024-09-19T19:42:29,13,1,0,14
2024-09-19T20:15:08,13,1,0,14
2024-09-19T20:47:37,13,1,0,14
2024-09-19T21:20:06,13,1,0,14
2024-09-19T21:52:47,13,1,0,14
2024-09-19T22:25:14,13,1,0,14
2024-09-19T22:57:44,13,1,0,14
2024-09-19T23:30:16,13,1,0,14
2024-09-20T00:02:54,13,1,0,14
2024-09-20T00:35:30,13,1,0,14
2024-09-20T01:08:09,13,1,0,14
2024-09-20T01:40:47,13,1,0,14
2024-09-20T02:13:20,13,1,0,14
2024-09-20T02:45:54,13,1,0,14
2024-09-20T03:18:25,13,1,0,14
2024-09-20T03:50:59,13,1,0,14
2024-09-20T04:22:58,13,1,0,14
2024-09-20T04:57:05,13,1,0,14
2024-09-20T05:29:42,13,1,0,14
2024-09-20T06:02:17,13,1,0,14
2024-09-20T06:34:54,13,1,0,14
2024-09-20T07:07:28,13,1,0,14
2024-09-20T07:40:01,13,1,0,14
2024-09-20T08:12:31,13,1,0,14
2024-09-20T08:45:09,13,1,0,14
2024-09-20T09:17:42,13,1,0,14
2024-09-20T09:50:09,13,1,0,14
2024-09-20T10:22:47,13,1,0,14
2024-09-20T10:55:15,13,1,0,14
2024-09-20T11:27:44,13,1,0,14
2024-09-20T12:00:20,13,1,0,14
2024-09-20T12:33:01,13,1,0,14
2024-09-20T13:05:31,13,1,0,14
2024-09-20T13:38:11,13,1,0,14
2024-09-20T14:10:41,13,1,0,14
2024-09-20T14:43:12,13,1,0,14
2024-09-20T15:15:51,13,1,0,14
2024-09-20T15:48:22,13,1,0,14
2024-09-20T16:21:02,13,1,0,14
2024-09-20T16:53:32,13,1,0,14
2024-09-20T17:26:03,13,1,0,14
2024-09-20T17:58:41,13,1,0,14
2024-09-20T18:31:11,13,1,0,14
2024-09-20T19:03:51,13,1,0,14
2024-09-20T19:36:22,13,1,0,14
2024-09-20T20:08:51,13,1,0,14
2024-09-20T20:41:31,13,1,0,14
2024-09-20T21:14:02,13,1,0,14
2024-09-20T21:46:33,13,1,0,14
2024-09-20T22:19:16,13,1,0,14
2024-09-20T22:51:47,13,1,0,14
2024-09-20T23:24:27,13,1,0,14
2024-09-20T23:56:58,13,1,0,14
2024-09-21T00:29:35,13,1,0,14
2024-09-21T01:02:10,13,1,0,14
2024-09-21T01:34:55,13,1,0,14
2024-09-21T02:07:31,13,1,0,14
2024-09-21T02:40:04,13,1,0,14
2024-09-21T03:12:36,13,1,0,14
2024-09-21T03:45:10,13,1,0,14
2024-09-21T04:25:39,13,1,0,14
2024-09-21T04:58:29,13,1,0,14
2024-09-21T05:31:03,13,1,0,14
2024-09-21T06:03:37,13,1,0,14
2024-09-21T06:36:07,13,1,0,14
2024-09-21T07:08:38,13,1,0,14
2024-09-21T07:43:00,13,1,0,14
2024-09-21T08:15:34,13,1,0,14
2024-09-21T08:48:08,13,1,0,14
2024-09-21T09:20:48,13,1,0,14
2024-09-21T09:53:22,13,1,0,14
2024-09-21T10:25:56,13,1,0,14
2024-09-21T10:58:37,13,1,0,14
2024-09-21T11:31:10,13,1,0,14
2024-09-21T12:03:44,13,1,0,14
2024-09-21T12:36:26,13,1,0,14
2024-09-21T13:08:57,13,1,0,14
2024-09-21T13:41:30,13,1,0,14
2024-09-21T14:14:10,13,1,0,14
2024-09-21T14:46:42,13,1,0,14
2024-09-21T15:19:14,13,1,0,14
2024-09-21T15:51:53,13,1,0,14
2024-09-21T16:24:23,13,1,0,14
2024-09-21T16:56:52,13,1,0,14
2024-09-21T17:29:23,13,1,0,14
2024-09-21T18:02:02,13,1,0,14
2024-09-21T18:34:31,13,1,0,14
2024-09-21T19:07:03,13,1,0,14
2024-09-21T19:39:40,13,1,0,14
2024-09-21T20:12:09,13,1,0,14
2024-09-21T20:44:39,13,1,0,14
2024-09-21T21:17:09,13,1,0,14
2024-09-21T21:49:47,13,1,0,14
2024-09-21T22:22:20,13,1,0,14
2024-09-21T22:54:49,13,1,0,14
2024-09-21T23:27:19,13,1,0,14
2024-09-21T23:59:50,13,1,0,14
2024-09-22T00:32:33,13,1,0,14
2024-09-22T01:05:09,13,1,0,14
2024-09-22T01:37:40,13,1,0,14
2024-09-22T02:10:14,13,1,0,14
2024-09-22T02:42:47,13,1,0,14
2024-09-22T03:15:20,13,1,0,14
2024-09-22T03:47:59,13,1,0,14
2024-09-22T04:27:34,13,1,0,14
2024-09-22T05:02:41,13,1,0,14
2024-09-22T05:35:46,13,1,0,14
2024-09-22T06:08:24,13,1,0,14
2024-09-22T06:41:09,13,1,0,14
2024-09-22T07:13:47,13,1,0,14
2024-09-22T07:46:25,13,1,0,14
2024-09-22T08:19:02,13,1,0,14
2024-09-22T08:51:37,13,1,0,14
2024-09-22T09:24:15,13,1,0,14
2024-09-22T09:56:54,13,1,0,14
2024-09-22T10:29:30,13,1,0,14
2024-09-22T11:02:06,13,1,0,14
2024-09-22T11:34:46,13,1,0,14
2024-09-22T12:07:17,13,1,0,14
2024-09-22T12:39:57,13,1,0,14
2024-09-22T13:12:30,13,1,0,14
2024-09-22T13:45:01,13,1,0,14
2024-09-22T14:17:34,13,1,0,14
2024-09-22T14:50:12,13,1,0,14
2024-09-22T15:22:43,13,1,0,14
2024-09-22T15:55:22,13,1,0,14
2024-09-22T16:27:53,13,1,0,14
2024-09-22T17:00:25,13,1,0,14
2024-09-22T17:33:03,13,1,0,14
2024-09-22T18:05:34,13,1,0,14
2024-09-22T18:38:05,13,1,0,14
2024-09-22T19:10:39,13,1,0,14
2024-09-22T19:43:18,13,1,0,14
2024-09-22T20:15:49,13,1,0,14
2024-09-22T20:48:19,13,1,0,14
2024-09-22T21:20:56,13,1,0,14
2024-09-22T21:53:28,14,0,0,14
2024-09-22T22:25:59,14,0,0,14
2024-09-22T22:58:37,14,0,0,14
2024-09-22T23:31:09,14,0,0,14
2024-09-23T00:03:42,14,0,0,14
2024-09-23T00:36:24,14,0,0,14
2024-09-23T01:09:14,14,0,0,14
2024-09-23T01:41:57,14,0,0,14
2024-09-23T02:14:34,14,0,0,14
2024-09-23T02:47:19,14,0,0,14
2024-09-23T03:19:56,14,0,0,14
2024-09-23T03:52:31,14,0,0,14
2024-09-23T04:28:05,14,0,0,14
2024-09-23T05:01:02,14,0,0,14
2024-09-23T05:33:41,14,0,0,14
2024-09-23T06:06:20,14,0,0,14
2024-09-23T06:38:59,14,0,0,14
2024-09-23T07:11:35,14,0,0,14
2024-09-23T07:44:08,14,0,0,14
2024-09-23T08:16:43,14,0,0,14
2024-09-23T08:49:23,14,0,0,14
2024-09-23T09:21:54,14,0,0,14
2024-09-23T09:54:34,14,0,0,14
2024-09-23T10:27:07,14,0,0,14
2024-09-23T10:59:48,14,0,0,14
2024-09-23T11:32:36,14,0,0,14
2024-09-23T12:05:11,14,0,0,14
2024-09-23T12:37:54,14,0,0,14
2024-09-23T13:10:42,14,0,0,14
2024-09-23T13:43:16,14,0,0,14
2024-09-23T14:16:01,14,0,0,14
2024-09-23T14:48:49,14,0,0,14
2024-09-23T15:21:24,14,0,0,14
2024-09-23T15:54:09,14,0,0,14
2024-09-23T16:26:53,14,0,0,14
2024-09-23T16:59:40,14,0,0,14
2024-09-23T17:32:14,14,0,0,14
2024-09-23T18:04:57,14,0,0,14
2024-09-23T18:37:28,14,0,0,14
2024-09-23T19:10:07,14,0,0,14
2024-09-23T19:42:35,14,0,0,14
2024-09-23T20:15:10,14,0,0,14
2024-09-23T20:47:38,14,0,0,14
2024-09-23T21:20:20,14,0,0,14
2024-09-23T21:52:56,14,0,0,14
2024-09-23T22:25:35,14,0,0,14
2024-09-23T22:58:08,14,0,0,14
2024-09-23T23:30:40,14,0,0,14
2024-09-24T00:03:22,14,0,0,14
2024-09-24T00:36:05,14,0,0,14
2024-09-24T01:08:47,14,0,0,14
2024-09-24T01:41:45,14,0,0,14
2024-09-24T02:14:22,14,0,0,14
2024-09-24T02:46:57,14,0,0,14
2024-09-24T03:19:33,14,0,0,14
2024-09-24T03:52:17,14,0,0,14
2024-09-24T04:24:26,14,0,0,14
2024-09-24T04:57:22,14,0,0,14
2024-09-24T05:30:00,14,0,0,14
2024-09-24T06:02:37,14,0,0,14
2024-09-24T06:35:45,14,0,0,14
2024-09-24T07:08:28,14,0,0,14
2024-09-24T07:41:05,14,0,0,14
2024-09-24T08:13:42,14,0,0,14
2024-09-24T08:46:27,14,0,0,14
2024-09-24T09:19:05,14,0,0,14
2024-09-24T09:51:41,14,0,0,14
2024-09-24T10:24:26,14,0,0,14
2024-09-24T10:57:02,14,0,0,14
2024-09-24T11:29:46,14,0,0,14
2024-09-24T12:02:29,14,0,0,14
2024-09-24T12:35:13,14,0,0,14
2024-09-24T13:07:48,14,0,0,14
2024-09-24T13:40:29,14,0,0,14
2024-09-24T14:13:03,14,0,0,14
2024-09-24T14:45:45,14,0,0,14
2024-09-24T15:18:28,14,0,0,14
2024-09-24T15:51:12,14,0,0,14
2024-09-24T16:23:46,14,0,0,14
2024-09-24T16:56:28,14,0,0,14
2024-09-24T17:29:02,14,0,0,14
2024-09-24T18:01:46,14,0,0,14
2024-09-24T18:34:20,14,0,0,14
2024-09-24T19:07:02,14,0,0,14
2024-09-24T19:39:35,14,0,0,14
2024-09-24T20:12:17,14,0,0,14
2024-09-24T20:44:50,14,0,0,14
2024-09-24T21:17:25,14,0,0,14
2024-09-24T21:50:08,14,0,0,14
2024-09-24T22:22:43,14,0,0,14
2024-09-24T22:55:24,14,0,0,14
2024-09-24T23:27:57,14,0,0,14
2024-09-25T00:00:31,14,0,0,14
2024-09-25T00:33:24,14,0,0,14
2024-09-25T01:06:09,14,0,0,14
2024-09-25T01:38:50,14,0,0,14
2024-09-25T02:11:37,14,0,0,14
2024-09-25T02:44:13,14,0,0,14
2024-09-25T03:16:58,14,0,0,14
2024-09-25T03:49:39,14,0,0,14
2024-09-25T04:25:25,14,0,0,14
2024-09-25T04:58:24,14,0,0,14
2024-09-25T05:31:05,14,0,0,14
2024-09-25T06:03:47,14,0,0,14
2024-09-25T06:36:38,14,0,0,14
2024-09-25T07:09:21,14,0,0,14
2024-09-25T07:42:00,14,0,0,14
2024-09-25T08:14:37,14,0,0,14
2024-09-25T08:47:19,14,0,0,14
2024-09-25T09:19:56,14,0,0,14
2024-09-25T09:52:40,14,0,0,14
2024-09-25T10:25:15,14,0,0,14
2024-09-25T10:57:59,14,0,0,14
2024-09-25T11:30:47,14,0,0,14
2024-09-25T12:03:22,14,0,0,14
2024-09-25T12:36:05,14,0,0,14
2024-09-25T13:08:46,14,0,0,14
2024-09-25T13:41:31,14,0,0,14
2024-09-25T14:14:14,14,0,0,14
2024-09-25T14:46:59,14,0,0,14
2024-09-25T15:19:44,14,0,0,14
2024-09-25T15:54:00,14,0,0,14
2024-09-25T16:26:43,14,0,0,14
2024-09-25T16:59:28,14,0,0,14
2024-09-25T17:32:13,14,0,0,14
2024-09-25T18:04:48,14,0,0,14
2024-09-25T18:37:30,14,0,0,14
2024-09-25T19:10:12,14,0,0,14
2024-09-25T19:42:54,14,0,0,14
2024-09-25T20:15:34,14,0,0,14
2024-09-25T20:48:16,14,0,0,14
2024-09-25T21:21:00,14,0,0,14
2024-09-25T21:53:43,14,0,0,14
2024-09-25T22:26:27,14,0,0,14
2024-09-25T22:59:10,14,0,0,14
2024-09-25T23:31:51,14,0,0,14
2024-09-26T00:04:36,14,0,0,14
2024-09-26T00:37:21,14,0,0,14
2024-09-26T01:10:11,14,0,0,14
2024-09-26T01:42:50,14,0,0,14
2024-09-26T02:15:35,14,0,0,14
2024-09-26T02:48:10,14,0,0,14
2024-09-26T03:20:51,14,0,0,14
2024-09-26T03:53:28,14,0,0,14
2024-09-26T04:28:53,14,0,0,14
2024-09-26T05:01:50,14,0,0,14
2024-09-26T05:34:33,14,0,0,14
2024-09-26T06:07:15,14,0,0,14
2024-09-26T06:39:53,14,0,0,14
2024-09-26T07:12:31,14,0,0,14
2024-09-26T07:45:17,14,0,0,14
2024-09-26T08:18:08,14,0,0,14
2024-09-26T08:50:56,14,0,0,14
2024-09-26T09:23:44,14,0,0,14
2024-09-26T09:56:44,14,0,0,14
2024-09-26T10:29:45,14,0,0,14
2024-09-26T11:02:45,14,0,0,14
2024-09-26T11:35:43,14,0,0,14
2024-09-26T12:08:31,14,0,0,14
2024-09-26T12:41:33,14,0,0,14
2024-09-26T13:14:32,14,0,0,14
2024-09-26T13:47:31,14,0,0,14
2024-09-26T14:20:19,14,0,0,14
2024-09-26T14:53:19,14,0,0,14
2024-09-26T15:26:06,14,0,0,14
2024-09-26T15:59:05,14,0,0,14
2024-09-26T16:31:52,14,0,0,14
2024-09-26T17:04:42,14,0,0,14
2024-09-26T17:37:29,14,0,0,14
2024-09-26T18:10:15,14,0,0,14
2024-09-26T18:43:02,14,0,0,14
2024-09-26T19:15:49,14,0,0,14
2024-09-26T19:48:26,14,0,0,14
2024-09-26T20:21:12,14,0,0,14
2024-09-26T20:53:58,14,0,0,14
2024-09-26T21:26:33,14,0,0,14
2024-09-26T21:59:20,14,0,0,14
2024-09-26T22:32:06,14,0,0,14
2024-09-26T23:04:41,14,0,0,14
2024-09-26T23:37:29,14,0,0,14
2024-09-27T00:10:17,14,0,0,14
2024-09-27T00:42:59,14,0,0,14
2024-09-27T01:15:47,14,0,0,14
2024-09-27T01:48:28,14,0,0,14
2024-09-27T02:21:20,14,0,0,14
2024-09-27T02:53:59,14,0,0,14
2024-09-27T03:26:41,14,0,0,14
2024-09-27T03:59:21,14,0,0,14
2024-09-27T04:23:58,14,0,0,14
2024-09-27T04:57:07,14,0,0,14
2024-09-27T05:29:48,14,0,0,14
2024-09-27T06:02:29,14,0,0,14
2024-09-27T06:35:12,14,0,0,14
2024-09-27T07:07:51,14,0,0,14
2024-09-27T07:40:31,14,0,0,14
2024-09-27T08:13:16,14,0,0,14
2024-09-27T08:46:14,14,0,0,14
2024-09-27T09:19:03,14,0,0,14
2024-09-27T09:52:01,14,0,0,14
2024-09-27T10:24:49,14,0,0,14
2024-09-27T10:57:44,14,0,0,14
2024-09-27T11:30:46,14,0,0,14
2024-09-27T12:03:31,14,0,0,14
2024-09-27T12:36:34,14,0,0,14
2024-09-27T13:09:20,14,0,0,14
2024-09-27T13:42:14,14,0,0,14
2024-09-27T14:14:59,14,0,0,14
2024-09-27T14:47:45,14,0,0,14
2024-09-27T15:20:32,14,0,0,14
2024-09-27T15:53:18,14,0,0,14
2024-09-27T16:26:03,14,0,0,14
2024-09-27T16:59:01,14,0,0,14
2024-09-27T17:31:36,14,0,0,14
2024-09-27T18:04:22,14,0,0,14
2024-09-27T18:36:57,14,0,0,14
2024-09-27T19:09:45,14,0,0,14
2024-09-27T19:42:20,14,0,0,14
2024-09-27T20:14:55,14,0,0,14
2024-09-27T20:47:41,14,0,0,14
2024-09-27T21:20:16,14,0,0,14
2024-09-27T21:52:51,14,0,0,14
2024-09-27T22:25:29,14,0,0,14
2024-09-27T22:58:14,14,0,0,14
2024-09-27T23:30:50,14,0,0,14
2024-09-28T00:03:27,14,0,0,14
2024-09-28T00:36:11,14,0,0,14
2024-09-28T01:09:04,14,0,0,14
2024-09-28T01:41:43,14,0,0,14
2024-09-28T02:14:23,14,0,0,14
2024-09-28T02:47:00,14,0,0,14
2024-09-28T03:19:37,14,0,0,14
2024-09-28T03:52:15,14,0,0,14
2024-09-28T04:24:47,14,0,0,14
2024-09-28T04:57:50,14,0,0,14
2024-09-28T05:30:27,14,0,0,14
2024-09-28T06:03:03,14,0,0,14
2024-09-28T06:35:44,14,0,0,14
2024-09-28T07:09:04,14,0,0,14
2024-09-28T07:41:44,14,0,0,14
2024-09-28T08:14:23,14,0,0,14
2024-09-28T08:47:18,14,0,0,14
2024-09-28T09:19:57,14,0,0,14
2024-09-28T09:52:36,14,0,0,14
2024-09-28T10:25:14,14,0,0,14
2024-09-28T10:58:04,14,0,0,14
2024-09-28T11:30:42,14,0,0,14
2024-09-28T12:03:29,14,0,0,14
2024-09-28T12:36:06,14,0,0,14
2024-09-28T13:08:43,14,0,0,14
2024-09-28T13:41:29,14,0,0,14
2024-09-28T14:14:06,14,0,0,14
2024-09-28T14:46:41,14,0,0,14
2024-09-28T15:19:35,14,0,0,14
2024-09-28T15:52:09,14,0,0,14
2024-09-28T16:24:44,14,0,0,14
2024-09-28T16:57:18,14,0,0,14
2024-09-28T17:30:04,14,0,0,14
2024-09-28T18:02:39,14,0,0,14
2024-09-28T18:35:13,14,0,0,14
2024-09-28T19:07:58,14,0,0,14
2024-09-28T19:40:33,14,0,0,14
2024-09-28T20:13:08,14,0,0,14
2024-09-28T20:45:43,14,0,0,14
2024-09-28T21:18:35,14,0,0,14
2024-09-28T21:51:10,14,0,0,14
2024-09-28T22:23:47,14,0,0,14
2024-09-28T22:56:22,14,0,0,14
2024-09-28T23:29:15,14,0,0,14
2024-09-29T00:01:51,14,0,0,14
2024-09-29T00:34:32,14,0,0,14
2024-09-29T01:07:13,14,0,0,14
2024-09-29T01:39:52,14,0,0,14
2024-09-29T02:12:49,14,0,0,14
2024-09-29T02:45:28,14,0,0,14
2024-09-29T03:18:09,14,0,0,14
2024-09-29T03:50:49,14,0,0,14
2024-09-29T04:22:31,14,0,0,14
2024-09-29T04:56:53,14,0,0,14
2024-09-29T05:29:35,14,0,0,14
2024-09-29T06:02:17,14,0,0,14
2024-09-29T06:34:58,14,0,0,14
2024-09-29T07:07:39,14,0,0,14
2024-09-29T07:40:18,14,0,0,14
2024-09-29T08:12:54,14,0,0,14
2024-09-29T08:45:36,14,0,0,14
2024-09-29T09:18:17,14,0,0,14
2024-09-29T09:51:09,14,0,0,14
2024-09-29T10:23:52,14,0,0,14
2024-09-29T10:56:29,14,0,0,14
2024-09-29T11:29:06,14,0,0,14
2024-09-29T12:01:51,14,0,0,14
2024-09-29T12:34:31,14,0,0,14
2024-09-29T13:07:14,14,0,0,14
2024-09-29T13:39:49,14,0,0,14
2024-09-29T14:12:24,14,0,0,14
2024-09-29T14:45:08,14,0,0,14
2024-09-29T15:17:43,14,0,0,14
2024-09-29T15:50:27,14,0,0,14
2024-09-29T16:23:03,14,0,0,14
2024-09-29T16:55:49,14,0,0,14
2024-09-29T17:28:26,14,0,0,14
2024-09-29T18:01:11,14,0,0,14
2024-09-29T18:33:45,14,0,0,14
2024-09-29T19:06:23,14,0,0,14
2024-09-29T19:39:08,14,0,0,14
2024-09-29T20:11:46,14,0,0,14
2024-09-29T20:44:31,14,0,0,14
2024-09-29T21:17:09,14,0,0,14
2024-09-29T21:49:54,14,0,0,14
2024-09-29T22:22:40,14,0,0,14
2024-09-29T22:55:15,14,0,0,14
2024-09-29T23:28:02,14,0,0,14
2024-09-30T00:00:37,14,0,0,14
2024-09-30T00:33:31,14,0,0,14
2024-09-30T01:06:17,14,0,0,14
2024-09-30T01:39:03,14,0,0,14
2024-09-30T02:11:44,14,0,0,14
2024-09-30T02:44:41,14,0,0,14
2024-09-30T03:17:21,14,0,0,14
2024-09-30T03:50:00,14,0,0,14
2024-09-30T04:20:52,14,0,0,14
2024-09-30T04:54:03,14,0,0,14
2024-09-30T05:26:46,14,0,0,14
2024-09-30T05:59:28,14,0,0,14
2024-09-30T06:32:11,14,0,0,14
2024-09-30T07:04:50,14,0,0,14
2024-09-30T07:37:35,14,0,0,14
2024-09-30T08:10:11,14,0,0,14
2024-09-30T08:42:56,14,0,0,14
2024-09-30T09:15:32,14,0,0,14
2024-09-30T09:48:17,14,0,0,14
2024-09-30T10:21:05,14,0,0,14
2024-09-30T10:53:51,14,0,0,14
2024-09-30T11:26:52,14,0,0,14
2024-09-30T11:59:38,14,0,0,14
2024-09-30T12:32:25,14,0,0,14
2024-09-30T13:05:10,14,0,0,14
2024-09-30T13:37:58,14,0,0,14
2024-09-30T14:10:46,14,0,0,14
2024-09-30T14:43:34,14,0,0,14
2024-09-30T15:16:23,14,0,0,14
2024-09-30T15:49:11,14,0,0,14
2024-09-30T16:21:57,14,0,0,14
2024-09-30T16:54:45,14,0,0,14
2024-09-30T17:27:33,14,0,0,14
2024-09-30T18:00:20,14,0,0,14
2024-09-30T18:32:58,14,0,0,14
2024-09-30T19:05:43,14,0,0,14
2024-09-30T19:38:30,14,0,0,14
2024-09-30T20:11:06,14,0,0,14
2024-09-30T20:43:52,14,0,0,14
2024-09-30T21:16:28,14,0,0,14
2024-09-30T21:49:14,14,0,0,14
2024-09-30T22:21:51,14,0,0,14
2024-09-30T22:54:36,14,0,0,14
2024-09-30T23:27:13,14,0,0,14
2024-10-01T00:00:01,14,0,0,14
2024-10-01T00:32:46,14,0,0,14
2024-10-01T01:05:34,14,0,0,14
2024-10-01T01:38:28,14,0,0,14
2024-10-01T02:11:09,14,0,0,14
2024-10-01T02:43:49,14,0,0,14
2024-10-01T03:16:28,14,0,0,14
2024-10-01T03:49:06,14,0,0,14
2024-10-01T04:20:46,14,0,0,14
2024-10-01T04:53:53,14,0,0,14
2024-10-01T05:26:59,14,0,0,14
2024-10-01T06:01:03,14,0,0,14
2024-10-01T06:33:50,14,0,0,14
2024-10-01T07:06:30,14,0,0,14
2024-10-01T07:39:09,14,0,0,14
2024-10-01T08:11:56,14,0,0,14
2024-10-01T08:44:34,14,0,0,14
2024-10-01T09:17:20,14,0,0,14
2024-10-01T09:49:58,14,0,0,14
2024-10-01T10:22:46,14,0,0,14
2024-10-01T10:55:33,14,0,0,14
2024-10-01T11:28:23,14,0,0,14
2024-10-01T12:01:11,14,0,0,14
2024-10-01T12:33:57,14,0,0,14
2024-10-01T13:06:44,14,0,0,14
2024-10-01T13:39:30,14,0,0,14
2024-10-01T14:12:17,14,0,0,14
2024-10-01T14:45:05,14,0,0,14
2024-10-01T15:17:41,14,0,0,14
2024-10-01T15:50:43,14,0,0,14
2024-10-01T16:23:20,14,0,0,14
2024-10-01T16:56:09,14,0,0,14
2024-10-01T17:28:56,14,0,0,14
2024-10-01T18:01:42,14,0,0,14
2024-10-01T18:34:17,14,0,0,14
2024-10-01T19:07:03,14,0,0,14
2024-10-01T19:39:39,14,0,0,14
2024-10-01T20:12:24,14,0,0,14
2024-10-01T20:45:00,14,0,0,14
2024-10-01T21:17:46,14,0,0,14
2024-10-01T21:50:23,14,0,0,14
2024-10-01T22:23:09,14,0,0,14
2024-10-01T22:55:44,14,0,0,14
2024-10-01T23:28:32,14,0,0,14
2024-10-02T00:01:09,14,0,0,14
2024-10-02T00:33:51,14,0,0,14
2024-10-02T01:06:48,14,0,0,14
2024-10-02T01:39:32,14,0,0,14
2024-10-02T02:12:14,14,0,0,14
2024-10-02T02:44:54,14,0,0,14
2024-10-02T03:17:35,14,0,0,14
2024-10-02T03:50:15,14,0,0,14
2024-10-02T04:29:36,14,0,0,14
2024-10-02T05:02:42,14,0,0,14
2024-10-02T05:35:26,14,0,0,14
2024-10-02T06:08:09,14,0,0,14
2024-10-02T06:40:58,14,0,0,14
2024-10-02T07:13:59,14,0,0,14
2024-10-02T07:46:42,14,0,0,14
2024-10-02T08:19:30,14,0,0,14
2024-10-02T08:52:11,14,0,0,14
2024-10-02T09:24:59,14,0,0,14
2024-10-02T09:57:38,14,0,0,14
2024-10-02T10:30:25,14,0,0,14
2024-10-02T11:12:27,14,0,0,14
2024-10-02T11:45:16,14,0,0,14
2024-10-02T12:00:45,14,0,0,14
2024-10-02T12:34:16,14,0,0,14
2024-10-02T13:07:07,14,0,0,14
2024-10-02T13:39:47,14,0,0,14
2024-10-02T14:12:35,14,0,0,14
2024-10-02T14:45:25,14,0,0,14
2024-10-02T15:18:13,14,0,0,14
2024-10-02T15:51:04,14,0,0,14
2024-10-02T16:23:54,14,0,0,14
2024-10-02T16:56:33,14,0,0,14
2024-10-02T17:29:23,14,0,0,14
2024-10-02T18:02:12,14,0,0,14
2024-10-02T18:34:49,14,0,0,14
2024-10-02T19:07:37,14,0,0,14
2024-10-02T19:40:14,14,0,0,14
2024-10-02T20:13:02,14,0,0,14
2024-10-02T20:45:40,14,0,0,14
2024-10-02T21:18:18,14,0,0,14
2024-10-02T21:51:08,14,0,0,14
2024-10-02T22:23:46,14,0,0,14
2024-10-02T22:56:36,14,0,0,14
2024-10-02T23:29:14,14,0,0,14
2024-10-03T00:01:53,14,0,0,14
2024-10-03T00:34:48,14,0,0,14
2024-10-03T01:07:36,14,0,0,14
2024-10-03T01:40:21,14,0,0,14
2024-10-03T02:13:05,14,0,0,14
2024-10-03T02:45:45,14,0,0,14
2024-10-03T03:18:32,14,0,0,14
2024-10-03T03:51:29,14,0,0,14
2024-10-03T04:19:15,14,0,0,14
2024-10-03T04:53:50,14,0,0,14
2024-10-03T05:26:37,14,0,0,14
2024-10-03T05:59:22,14,0,0,14
2024-10-03T06:32:08,14,0,0,14
2024-10-03T07:04:53,14,0,0,14
2024-10-03T07:37:35,14,0,0,14
2024-10-03T08:10:15,14,0,0,14
2024-10-03T08:43:07,14,0,0,14
2024-10-03T09:15:47,14,0,0,14
2024-10-03T09:48:27,14,0,0,14
2024-10-03T10:21:15,14,0,0,14
2024-10-03T10:53:54,14,0,0,14
2024-10-03T11:26:45,14,0,0,14
2024-10-03T11:59:34,14,0,0,14
2024-10-03T12:32:16,14,0,0,14
2024-10-03T13:05:06,14,0,0,14
2024-10-03T13:37:55,14,0,0,14
2024-10-03T14:10:34,14,0,0,14
2024-10-03T14:43:27,14,0,0,14
2024-10-03T15:16:19,14,0,0,14
2024-10-03T15:48:58,14,0,0,14
2024-10-03T16:21:49,14,0,0,14
2024-10-03T16:54:30,14,0,0,14
2024-10-03T17:27:22,14,0,0,14
2024-10-03T18:00:02,14,0,0,14
2024-10-03T18:32:54,14,0,0,14
2024-10-03T19:05:35,14,0,0,14
2024-10-03T19:38:26,14,0,0,14
2024-10-03T20:11:06,14,0,0,14
2024-10-03T20:43:46,14,0,0,14
2024-10-03T21:16:38,14,0,0,14
2024-10-03T21:49:19,14,0,0,14
2024-10-03T22:22:00,14,0,0,14
2024-10-03T22:54:52,14,0,0,14
2024-10-03T23:27:33,14,0,0,14
2024-10-04T00:00:14,14,0,0,14
2024-10-04T00:33:04,14,0,0,14
2024-10-04T01:06:07,14,0,0,14
2024-10-04T01:38:55,14,0,0,14
2024-10-04T02:11:42,14,0,0,14
2024-10-04T02:44:27,14,0,0,14
2024-10-04T03:17:22,14,0,0,14
2024-10-04T03:50:09,14,0,0,14
2024-10-04T04:27:44,14,0,0,14
2024-10-04T05:00:34,14,0,0,14
2024-10-04T05:33:26,14,0,0,14
2024-10-04T06:06:14,14,0,0,14
2024-10-04T06:38:59,14,0,0,14
2024-10-04T07:11:45,14,0,0,14
2024-10-04T07:44:28,14,0,0,14
2024-10-04T08:17:20,14,0,0,14
2024-10-04T08:50:02,14,0,0,14
2024-10-04T09:22:41,14,0,0,14
2024-10-04T09:55:31,14,0,0,14
2024-10-04T10:28:11,14,0,0,14
2024-10-04T11:00:54,14,0,0,14
2024-10-04T11:33:44,14,0,0,14
2024-10-04T12:06:23,14,0,0,14
2024-10-04T12:39:12,14,0,0,14
2024-10-04T12:45:27,14,0,0,14
2024-10-04T13:18:17,14,0,0,14
2024-10-04T13:50:57,14,0,0,14
2024-10-04T14:23:36,14,0,0,14
2024-10-04T14:56:24,14,0,0,14
2024-10-04T15:29:14,14,0,0,14
2024-10-04T16:01:53,14,0,0,14
2024-10-04T16:34:33,14,0,0,14
2024-10-04T17:07:22,14,0,0,14
2024-10-04T17:40:02,14,0,0,14
2024-10-04T18:12:52,14,0,0,14
2024-10-04T18:45:32,14,0,0,14
2024-10-04T19:18:12,14,0,0,14
2024-10-04T19:50:52,14,0,0,14
2024-10-04T20:23:42,14,0,0,14
2024-10-04T20:56:21,14,0,0,14
2024-10-04T21:29:01,14,0,0,14
2024-10-04T22:01:43,14,0,0,14
2024-10-04T22:34:22,14,0,0,14
2024-10-04T23:07:12,14,0,0,14
2024-10-04T23:39:53,14,0,0,14
2024-10-05T00:12:35,14,0,0,14
2024-10-05T00:45:24,14,0,0,14
2024-10-05T01:18:23,14,0,0,14
2024-10-05T01:51:10,14,0,0,14
2024-10-05T02:23:54,14,0,0,14
2024-10-05T02:56:37,14,0,0,14
2024-10-05T03:29:19,14,0,0,14
2024-10-05T04:02:04,14,0,0,14
2024-10-05T04:28:59,14,0,0,14
2024-10-05T05:01:48,14,0,0,14
2024-10-05T05:34:32,14,0,0,14
2024-10-05T06:08:35,14,0,0,14
2024-10-05T06:41:24,14,0,0,14
2024-10-05T07:14:13,14,0,0,14
2024-10-05T07:47:00,14,0,0,14
2024-10-05T08:19:54,14,0,0,14
2024-10-05T08:52:38,14,0,0,14
2024-10-05T09:25:24,14,0,0,14
2024-10-05T09:58:10,14,0,0,14
2024-10-05T10:31:06,14,0,0,14
2024-10-05T11:03:50,14,0,0,14
2024-10-05T11:36:34,14,0,0,14
2024-10-05T12:09:18,14,0,0,14
2024-10-05T12:42:09,14,0,0,14
2024-10-05T13:14:50,14,0,0,14
2024-10-05T13:47:32,14,0,0,14
2024-10-05T14:20:22,14,0,0,14
2024-10-05T14:53:03,14,0,0,14
2024-10-05T15:25:46,14,0,0,14
2024-10-05T15:58:28,14,0,0,14
2024-10-05T16:31:18,14,0,0,14
2024-10-05T17:03:59,14,0,0,14
2024-10-05T17:36:41,14,0,0,14
2024-10-05T18:09:22,14,0,0,14
2024-10-05T18:42:04,14,0,0,14
2024-10-05T19:14:47,14,0,0,14
2024-10-05T19:47:38,14,0,0,14
2024-10-05T20:20:19,14,0,0,14
2024-10-05T20:53:01,14,0,0,14
2024-10-05T21:25:43,14,0,0,14
2024-10-05T21:58:25,14,0,0,14
2024-10-05T22:31:08,14,0,0,14
2024-10-05T23:03:52,14,0,0,14
2024-10-05T23:36:44,14,0,0,14
2024-10-06T00:09:26,14,0,0,14
2024-10-06T00:42:14,14,0,0,14
2024-10-06T01:15:01,14,0,0,14
2024-10-06T01:47:46,14,0,0,14
2024-10-06T02:20:32,14,0,0,14
2024-10-06T02:53:16,14,0,0,14
2024-10-06T03:25:59,14,0,0,14
2024-10-06T03:58:44,14,0,0,14
2024-10-06T04:33:34,14,0,0,14
2024-10-06T05:06:22,14,0,0,14
2024-10-06T05:39:05,14,0,0,14
2024-10-06T06:11:48,14,0,0,14
2024-10-06T06:44:30,14,0,0,14
2024-10-06T07:17:13,14,0,0,14
2024-10-06T07:49:59,14,0,0,14
2024-10-06T08:22:47,14,0,0,14
2024-10-06T08:55:35,14,0,0,14
2024-10-06T09:28:25,14,0,0,14
2024-10-06T10:01:15,14,0,0,14
2024-10-06T10:34:05,14,0,0,14
2024-10-06T11:07:08,14,0,0,14
2024-10-06T11:39:57,14,0,0,14
2024-10-06T12:12:42,14,0,0,14
2024-10-06T12:45:29,14,0,0,14
2024-10-06T13:18:23,14,0,0,14
2024-10-06T13:51:04,14,0,0,14
2024-10-06T14:23:45,14,0,0,14
2024-10-06T14:56:26,14,0,0,14
2024-10-06T15:29:15,14,0,0,14
2024-10-06T16:01:55,14,0,0,14
2024-10-06T16:34:36,14,0,0,14
2024-10-06T17:07:17,14,0,0,14
2024-10-06T17:40:05,14,0,0,14
2024-10-06T18:12:45,14,0,0,14
2024-10-06T18:45:27,14,0,0,14
2024-10-06T19:18:10,14,0,0,14
2024-10-06T19:51:03,14,0,0,14
2024-10-06T20:23:43,14,0,0,14
2024-10-06T20:56:23,14,0,0,14
2024-10-06T21:29:13,14,0,0,14
2024-10-06T22:01:56,14,0,0,14
2024-10-06T22:34:39,14,0,0,14
2024-10-06T23:07:38,14,0,0,14
2024-10-06T23:40:19,14,0,0,14
2024-10-07T00:13:01,14,0,0,14
2024-10-07T00:45:51,14,0,0,14
2024-10-07T01:19:05,14,0,0,14
2024-10-07T01:52:03,14,0,0,14
2024-10-07T02:24:49,14,0,0,14
2024-10-07T02:57:35,14,0,0,14
2024-10-07T03:30:20,14,0,0,14
2024-10-07T04:03:08,14,0,0,14
2024-10-07T04:20:13,14,0,0,14
2024-10-07T04:54:30,14,0,0,14
2024-10-07T05:27:23,14,0,0,14
2024-10-07T06:00:13,14,0,0,14
2024-10-07T06:33:01,14,0,0,14
2024-10-07T07:05:46,14,0,0,14
2024-10-07T07:38:31,14,0,0,14
2024-10-07T08:11:13,14,0,0,14
2024-10-07T08:44:05,14,0,0,14
2024-10-07T09:16:46,14,0,0,14
2024-10-07T09:49:26,14,0,0,14
2024-10-07T10:22:17,14,0,0,14
2024-10-07T10:55:01,14,0,0,14
2024-10-07T11:27:51,14,0,0,14
2024-10-07T12:00:41,14,0,0,14
2024-10-07T12:33:20,14,0,0,14
2024-10-07T13:06:11,14,0,0,14
2024-10-07T13:38:51,14,0,0,14
2024-10-07T14:11:44,14,0,0,14
2024-10-07T14:44:38,14,0,0,14
2024-10-07T15:17:21,14,0,0,14
2024-10-07T15:50:16,14,0,0,14
2024-10-07T16:22:58,14,0,0,14
2024-10-07T16:55:50,14,0,0,14
2024-10-07T17:28:33,14,0,0,14
2024-10-07T18:01:27,14,0,0,14
2024-10-07T18:34:10,14,0,0,14
2024-10-07T19:06:54,14,0,0,14
2024-10-07T19:39:47,14,0,0,14
2024-10-07T20:12:30,14,0,0,14
2024-10-07T20:45:13,14,0,0,14
2024-10-07T21:18:07,14,0,0,14
2024-10-07T21:50:51,14,0,0,14
2024-10-07T22:23:34,14,0,0,14
2024-10-07T22:56:19,14,0,0,14
2024-10-07T23:29:12,14,0,0,14
2024-10-08T00:01:58,14,0,0,14
2024-10-08T00:34:48,14,0,0,14
2024-10-08T01:07:47,14,0,0,14
2024-10-08T01:40:49,14,0,0,14
2024-10-08T02:13:37,14,0,0,14
2024-10-08T02:46:32,14,0,0,14
2024-10-08T03:19:18,14,0,0,14
2024-10-08T03:52:07,14,0,0,14
2024-10-08T04:29:20,14,0,0,14
2024-10-08T05:02:33,14,0,0,14
2024-10-08T05:35:24,14,0,0,14
2024-10-08T06:08:12,14,0,0,14
2024-10-08T06:41:02,14,0,0,14
2024-10-08T07:13:52,14,0,0,14
2024-10-08T07:46:39,14,0,0,14
2024-10-08T08:19:28,14,0,0,14
2024-10-08T08:52:27,14,0,0,14
2024-10-08T09:25:12,14,0,0,14
2024-10-08T09:57:59,14,0,0,14
2024-10-08T10:30:51,14,0,0,14
2024-10-08T11:03:35,14,0,0,14
2024-10-08T11:36:39,14,0,0,14
2024-10-08T12:09:35,14,0,0,14
2024-10-08T12:42:18,14,0,0,14
2024-10-08T13:15:21,14,0,0,14
2024-10-08T13:48:05,14,0,0,14
2024-10-08T14:20:59,14,0,0,14
2024-10-08T14:53:44,14,0,0,14
2024-10-08T15:26:41,14,0,0,14
2024-10-08T15:59:38,14,0,0,14
2024-10-08T16:32:24,14,0,0,14
2024-10-08T17:05:09,14,0,0,14
2024-10-08T17:38:06,14,0,0,14
2024-10-08T18:10:51,14,0,0,14
2024-10-08T18:43:45,14,0,0,14
2024-10-08T19:16:30,14,0,0,14
2024-10-08T19:49:15,14,0,0,14
2024-10-08T20:22:19,14,0,0,14
2024-10-08T20:55:03,14,0,0,14
2024-10-08T21:27:47,14,0,0,14
2024-10-08T22:00:43,14,0,0,14
2024-10-08T22:33:27,14,0,0,14
2024-10-08T23:06:12,14,0,0,14
2024-10-08T23:39:18,14,0,0,14
2024-10-09T00:12:03,14,0,0,14
2024-10-09T00:44:55,14,0,0,14
2024-10-09T01:17:53,14,0,0,14
2024-10-09T01:50:42,14,0,0,14
2024-10-09T02:23:40,14,0,0,14
2024-10-09T02:56:28,14,0,0,14
2024-10-09T03:29:14,14,0,0,14
2024-10-09T04:02:07,14,0,0,14
2024-10-09T04:22:38,14,0,0,14
2024-10-09T04:55:52,14,0,0,14
2024-10-09T05:28:48,14,0,0,14
2024-10-09T06:01:39,14,0,0,14
2024-10-09T06:34:30,14,0,0,14
2024-10-09T07:07:21,14,0,0,14
2024-10-09T07:40:09,14,0,0,14
2024-10-09T08:12:58,14,0,0,14
2024-10-09T08:45:54,14,0,0,14
2024-10-09T09:18:42,14,0,0,14
2024-10-09T09:51:25,14,0,0,14
2024-10-09T10:24:31,14,0,0,14
2024-10-09T10:57:14,14,0,0,14
2024-10-09T11:30:11,14,0,0,14
2024-10-09T12:02:55,14,0,0,14
2024-10-09T12:35:58,14,0,0,14
2024-10-09T13:08:43,14,0,0,14
2024-10-09T13:41:38,14,0,0,14
2024-10-09T14:14:22,14,0,0,14
2024-10-09T14:47:29,14,0,0,14
2024-10-09T15:20:16,14,0,0,14
2024-10-09T15:53:10,14,0,0,14
2024-10-09T16:26:13,14,0,0,14
2024-10-09T16:58:57,14,0,0,14
2024-10-09T17:31:54,14,0,0,14
2024-10-09T18:04:38,14,0,0,14
2024-10-09T18:37:23,14,0,0,14
2024-10-09T19:10:18,14,0,0,14
2024-10-09T19:43:02,14,0,0,14
2024-10-09T20:15:46,14,0,0,14
2024-10-09T20:48:41,14,0,0,14
2024-10-09T21:21:26,14,0,0,14
2024-10-09T21:54:10,14,0,0,14
2024-10-09T22:27:03,14,0,0,14
2024-10-09T22:59:51,14,0,0,14
2024-10-09T23:32:35,14,0,0,14
2024-10-10T00:05:21,14,0,0,14
2024-10-10T00:38:33,14,0,0,14
2024-10-10T01:11:27,14,0,0,14
2024-10-10T01:44:14,14,0,0,14
2024-10-10T02:17:00,14,0,0,14
2024-10-10T02:49:47,14,0,0,14
2024-10-10T03:22:46,14,0,0,14
2024-10-10T03:55:33,14,0,0,14
2024-10-10T04:26:31,14,0,0,14
2024-10-10T05:00:58,14,0,0,14
2024-10-10T05:33:59,14,0,0,14
2024-10-10T06:06:50,14,0,0,14
2024-10-10T06:44:25,14,0,0,14
2024-10-10T07:17:18,14,0,0,14
2024-10-10T07:50:04,14,0,0,14
2024-10-10T08:22:53,14,0,0,14
2024-10-10T08:55:52,14,0,0,14
2024-10-10T09:28:39,14,0,0,14
2024-10-10T10:01:36,14,0,0,14
2024-10-10T10:34:24,14,0,0,14
2024-10-10T11:07:21,14,0,0,14
2024-10-10T11:40:07,14,0,0,14
2024-10-10T12:12:55,14,0,0,14
2024-10-10T12:45:53,14,0,0,14
2024-10-10T13:18:48,14,0,0,14
2024-10-10T13:51:35,14,0,0,14
2024-10-10T14:24:30,14,0,0,14
2024-10-10T14:57:16,14,0,0,14
2024-10-10T15:30:13,14,0,0,14
2024-10-10T16:03:01,14,0,0,14
2024-10-10T16:35:58,14,0,0,14
2024-10-10T17:08:46,14,0,0,14
2024-10-10T17:41:34,14,0,0,14
2024-10-10T18:14:33,14,0,0,14
2024-10-10T18:47:20,14,0,0,14
2024-10-10T19:20:18,14,0,0,14
2024-10-10T19:53:06,14,0,0,14
2024-10-10T20:25:53,14,0,0,14
2024-10-10T20:58:41,14,0,0,14
2024-10-10T21:31:39,14,0,0,14
2024-10-10T22:04:29,14,0,0,14
2024-10-10T22:37:19,14,0,0,14
2024-10-10T23:10:19,14,0,0,14
2024-10-10T23:43:07,14,0,0,14
2024-10-11T00:16:10,14,0,0,14
2024-10-11T00:49:10,14,0,0,14
2024-10-11T01:22:10,14,0,0,14
2024-10-11T01:55:06,14,0,0,14
2024-10-11T02:28:12,14,0,0,14
2024-10-11T03:01:06,14,0,0,14
2024-10-11T03:33:57,14,0,0,14
2024-10-11T04:06:53,14,0,0,14
2024-10-11T04:20:04,14,0,0,14
2024-10-11T04:53:17,14,0,0,14
2024-10-11T05:26:13,14,0,0,14
2024-10-11T05:59:06,14,0,0,14
2024-10-11T06:32:01,14,0,0,14
2024-10-11T07:04:54,14,0,0,14
2024-10-11T07:37:54,14,0,0,14
2024-10-11T08:10:45,14,0,0,14
2024-10-11T08:43:34,14,0,0,14
2024-10-11T09:16:24,14,0,0,14
2024-10-11T09:49:22,14,0,0,14
2024-10-11T10:22:09,14,0,0,14
2024-10-11T10:54:58,14,0,0,14
2024-10-11T11:27:54,14,0,0,14
2024-10-11T12:00:52,14,0,0,14
2024-10-11T12:33:39,14,0,0,14
2024-10-11T13:06:35,14,0,0,14
2024-10-11T13:39:22,14,0,0,14
2024-10-11T14:12:19,14,0,0,14
2024-10-11T14:45:06,14,0,0,14
2024-10-11T15:17:54,14,0,0,14
2024-10-11T15:50:50,14,0,0,14
2024-10-11T16:23:47,14,0,0,14
2024-10-11T16:56:35,14,0,0,14
2024-10-11T17:29:26,14,0,0,14
2024-10-11T18:02:14,14,0,0,14
2024-10-11T18:35:13,14,0,0,14
2024-10-11T19:08:01,14,0,0,14
2024-10-11T19:40:49,14,0,0,14
2024-10-11T20:13:46,14,0,0,14
2024-10-11T20:46:33,14,0,0,14
2024-10-11T21:19:21,14,0,0,14
2024-10-11T21:52:08,14,0,0,14
2024-10-11T22:24:56,14,0,0,14
2024-10-11T22:57:43,14,0,0,14
2024-10-11T23:30:41,14,0,0,14
2024-10-12T00:03:30,14,0,0,14
2024-10-12T00:36:25,14,0,0,14
2024-10-12T01:09:20,14,0,0,14
2024-10-12T01:42:14,14,0,0,14
2024-10-12T02:15:08,14,0,0,14
2024-10-12T02:47:57,14,0,0,14
2024-10-12T03:20:49,14,0,0,14
2024-10-12T03:53:41,14,0,0,14
2024-10-12T04:26:58,14,0,0,14
2024-10-12T05:01:18,14,0,0,14
2024-10-12T05:34:07,14,0,0,14
2024-10-12T06:06:57,14,0,0,14
2024-10-12T06:39:45,14,0,0,14
2024-10-12T07:14:22,14,0,0,14
2024-10-12T07:47:15,14,0,0,14
2024-10-12T08:20:08,14,0,0,14
2024-10-12T08:53:08,14,0,0,14
2024-10-12T09:26:01,14,0,0,14
2024-10-12T09:58:53,14,0,0,14
2024-10-12T10:31:45,14,0,0,14
2024-10-12T11:04:36,14,0,0,14
2024-10-12T11:37:36,14,0,0,14
2024-10-12T12:10:28,14,0,0,14
2024-10-12T12:43:21,14,0,0,14
2024-10-12T13:16:23,14,0,0,14
2024-10-12T13:49:16,14,0,0,14
2024-10-12T14:22:06,14,0,0,14
2024-10-12T14:54:56,14,0,0,14
2024-10-12T15:27:43,14,0,0,14
2024-10-12T16:00:41,14,0,0,14
2024-10-12T16:33:29,14,0,0,14
2024-10-12T17:06:16,14,0,0,14
2024-10-12T17:39:04,14,0,0,14
2024-10-12T18:11:52,14,0,0,14
2024-10-12T18:44:39,14,0,0,14
2024-10-12T19:17:37,14,0,0,14
2024-10-12T19:50:24,14,0,0,14
2024-10-12T20:23:11,14,0,0,14
2024-10-12T20:55:59,14,0,0,14
2024-10-12T21:28:48,14,0,0,14
2024-10-12T22:01:44,14,0,0,14
2024-10-12T22:34:33,14,0,0,14
2024-10-12T23:07:22,14,0,0,14
2024-10-12T23:40:10,14,0,0,14
2024-10-13T00:12:58,14,0,0,14
2024-10-13T00:45:49,14,0,0,14
2024-10-13T01:18:48,14,0,0,14
2024-10-13T01:51:37,14,0,0,14
2024-10-13T02:24:32,14,0,0,14
2024-10-13T02:57:26,14,0,0,14
2024-10-13T03:30:19,14,0,0,14
2024-10-13T04:05:18,14,0,0,14
2024-10-13T04:28:19,14,0,0,14
2024-10-13T05:01:38,14,0,0,14
2024-10-13T05:34:31,14,0,0,14
2024-10-13T06:07:24,14,0,0,14
2024-10-13T06:40:16,14,0,0,14
2024-10-13T07:13:10,14,0,0,14
2024-10-13T07:46:08,14,0,0,14
2024-10-13T08:19:02,14,0,0,14
2024-10-13T08:51:55,14,0,0,14
2024-10-13T09:24:45,14,0,0,14
2024-10-13T09:57:39,14,0,0,14
2024-10-13T10:30:39,14,0,0,14
2024-10-13T11:03:33,14,0,0,14
2024-10-13T11:36:26,14,0,0,14
2024-10-13T12:09:20,14,0,0,14
2024-10-13T12:42:13,14,0,0,14
2024-10-13T13:15:14,14,0,0,14
2024-10-13T13:48:03,14,0,0,14
2024-10-13T14:20:49,14,0,0,14
2024-10-13T14:53:34,14,0,0,14
2024-10-13T15:26:18,14,0,0,14
2024-10-13T15:59:02,14,0,0,14
2024-10-13T16:31:57,14,0,0,14
2024-10-13T17:04:42,14,0,0,14
2024-10-13T17:37:30,14,0,0,14
2024-10-13T18:10:17,14,0,0,14
2024-10-13T18:43:02,14,0,0,14
2024-10-13T19:15:56,14,0,0,14
2024-10-13T19:48:41,14,0,0,14
2024-10-13T20:21:24,14,0,0,14
2024-10-13T20:54:18,14,0,0,14
2024-10-13T21:27:02,14,0,0,14
2024-10-13T21:59:46,14,0,0,14
2024-10-13T22:32:38,14,0,0,14
2024-10-13T23:05:24,14,0,0,14
2024-10-13T23:38:10,14,0,0,14
2024-10-14T00:10:57,14,0,0,14
2024-10-14T00:43:49,14,0,0,14
2024-10-14T01:16:45,14,0,0,14
2024-10-14T01:49:47,14,0,0,14
2024-10-14T02:22:38,14,0,0,14
2024-10-14T02:55:54,14,0,0,14
2024-10-14T03:28:44,14,0,0,14
2024-10-14T04:01:33,14,0,0,14
2024-10-14T04:20:52,14,0,0,14
2024-10-14T04:55:19,14,0,0,14
2024-10-14T05:28:17,14,0,0,14
2024-10-14T06:01:13,14,0,0,14
2024-10-14T06:34:08,14,0,0,14
2024-10-14T07:07:02,14,0,0,14
2024-10-14T07:39:53,14,0,0,14
2024-10-14T08:12:42,14,0,0,14
2024-10-14T08:45:31,14,0,0,14
2024-10-14T09:18:30,14,0,0,14
2024-10-14T09:51:18,14,0,0,14
2024-10-14T10:24:07,14,0,0,14
2024-10-14T10:56:56,14,0,0,14
2024-10-14T11:29:58,14,0,0,14
2024-10-14T12:02:46,14,0,0,14
2024-10-14T12:35:44,14,0,0,14
2024-10-14T13:08:34,14,0,0,14
2024-10-14T13:41:30,14,0,0,14
2024-10-14T14:14:19,14,0,0,14
2024-10-14T14:47:09,14,0,0,14
2024-10-14T15:20:08,14,0,0,14
2024-10-14T15:52:58,14,0,0,14
2024-10-14T16:25:57,14,0,0,14
2024-10-14T16:58:46,14,0,0,14
2024-10-14T17:31:36,14,0,0,14
2024-10-14T18:04:24,14,0,0,14
2024-10-14T18:37:32,14,0,0,14
2024-10-14T19:10:21,14,0,0,14
2024-10-14T19:43:10,14,0,0,14
2024-10-14T20:15:58,14,0,0,14
2024-10-14T20:48:56,14,0,0,14
2024-10-14T21:21:45,14,0,0,14
2024-10-14T21:54:33,14,0,0,14
2024-10-14T22:27:21,14,0,0,14
2024-10-14T23:00:28,14,0,0,14
2024-10-14T23:33:17,14,0,0,14
2024-10-15T00:06:06,14,0,0,14
2024-10-15T00:39:03,14,0,0,14
2024-10-15T01:12:02,14,0,0,14
2024-10-15T01:45:07,14,0,0,14
2024-10-15T02:18:01,14,0,0,14
2024-10-15T02:50:54,14,0,0,14
2024-10-15T03:23:45,14,0,0,14
2024-10-15T03:56:36,14,0,0,14
2024-10-15T04:18:31,14,0,0,14
2024-10-15T04:53:10,14,0,0,14
2024-10-15T05:26:08,14,0,0,14
2024-10-15T05:59:03,14,0,0,14
2024-10-15T06:31:58,14,0,0,14
2024-10-15T07:04:55,14,0,0,14
2024-10-15T07:37:49,14,0,0,14
2024-10-15T08:10:42,14,0,0,14
2024-10-15T08:43:34,14,0,0,14
2024-10-15T09:16:37,14,0,0,14
2024-10-15T09:49:26,14,0,0,14
2024-10-15T10:22:16,14,0,0,14
2024-10-15T10:55:30,14,0,0,14
2024-10-15T11:28:18,14,0,0,14
2024-10-15T12:01:09,14,0,0,14
2024-10-15T12:34:08,14,0,0,14
2024-10-15T13:06:57,14,0,0,14
2024-10-15T13:40:11,14,0,0,14
2024-10-15T14:13:02,14,0,0,14
2024-10-15T14:45:52,14,0,0,14
2024-10-15T15:18:52,14,0,0,14
2024-10-15T15:51:41,14,0,0,14
2024-10-15T16:24:33,14,0,0,14
2024-10-15T16:57:33,14,0,0,14
2024-10-15T17:30:21,14,0,0,14
2024-10-15T18:03:10,14,0,0,14
2024-10-15T18:36:17,14,0,0,14
2024-10-15T19:09:06,14,0,0,14
2024-10-15T19:41:55,14,0,0,14
2024-10-15T20:14:53,14,0,0,14
2024-10-15T20:47:41,14,0,0,14
2024-10-15T21:20:30,14,0,0,14
2024-10-15T21:53:19,14,0,0,14
2024-10-15T22:26:18,14,0,0,14
2024-10-15T22:59:08,14,0,0,14
2024-10-15T23:31:57,14,0,0,14
2024-10-16T00:04:57,14,0,0,14
2024-10-16T00:40:07,14,0,0,14
2024-10-16T01:14:19,14,0,0,14
2024-10-16T01:47:44,14,0,0,14
2024-10-16T02:10:30,14,0,0,14
2024-10-16T02:43:24,14,0,0,14
2024-10-16T03:16:16,14,0,0,14
2024-10-16T03:49:12,14,0,0,14
2024-10-16T04:26:26,14,0,0,14
2024-10-16T04:59:44,14,0,0,14
2024-10-16T05:32:42,14,0,0,14
2024-10-16T06:05:36,14,0,0,14
2024-10-16T06:38:37,14,0,0,14
2024-10-16T07:11:37,14,0,0,14
2024-10-16T07:44:31,14,0,0,14
2024-10-16T08:17:23,14,0,0,14
2024-10-16T08:50:27,14,0,0,14
2024-10-16T09:23:16,14,0,0,14
2024-10-16T09:56:05,14,0,0,14
2024-10-16T10:28:54,14,0,0,14
2024-10-16T11:01:54,14,0,0,14
2024-10-16T11:34:42,14,0,0,14
2024-10-16T12:07:31,14,0,0,14
2024-10-16T12:40:30,14,0,0,14
2024-10-16T13:13:20,14,0,0,14
2024-10-16T13:46:09,14,0,0,14
2024-10-16T14:19:08,14,0,0,14
2024-10-16T14:51:58,14,0,0,14
2024-10-16T15:24:50,14,0,0,14
2024-10-16T15:57:51,14,0,0,14
2024-10-16T16:30:40,14,0,0,14
2024-10-16T17:03:29,14,0,0,14
2024-10-16T17:36:19,14,0,0,14
2024-10-16T18:09:19,14,0,0,14
2024-10-16T18:42:08,14,0,0,14
2024-10-16T19:14:57,14,0,0,14
2024-10-16T19:47:46,14,0,0,14
2024-10-16T20:20:34,14,0,0,14
2024-10-16T20:53:33,14,0,0,14
2024-10-16T21:26:22,14,0,0,14
2024-10-16T21:59:10,14,0,0,14
2024-10-16T22:33:28,14,0,0,14
2024-10-16T23:06:17,14,0,0,14
2024-10-16T23:39:18,14,0,0,14
2024-10-17T00:12:09,14,0,0,14
2024-10-17T00:45:07,14,0,0,14
2024-10-17T01:18:05,14,0,0,14
2024-10-17T01:51:01,14,0,0,14
2024-10-17T02:23:57,14,0,0,14
2024-10-17T02:56:48,14,0,0,14
2024-10-17T03:29:40,14,0,0,14
2024-10-17T04:02:33,14,0,0,14
2024-10-17T04:30:56,14,0,0,14
2024-10-17T05:05:19,14,0,0,14
2024-10-17T05:38:15,14,0,0,14
2024-10-17T06:11:10,14,0,0,14
2024-10-17T06:44:06,14,0,0,14
2024-10-17T07:17:00,14,0,0,14
2024-10-17T07:49:53,14,0,0,14
2024-10-17T08:22:48,14,0,0,14
2024-10-17T08:55:42,14,0,0,14
2024-10-17T09:28:32,14,0,0,14
2024-10-17T10:01:29,14,0,0,14
2024-10-17T10:34:19,14,0,0,14
2024-10-17T11:07:08,14,0,0,14
2024-10-17T11:39:56,14,0,0,14
2024-10-17T12:12:54,14,0,0,14
2024-10-17T12:45:43,14,0,0,14
2024-10-17T13:18:31,14,0,0,14
2024-10-17T13:51:21,14,0,0,14
2024-10-17T14:24:21,14,0,0,14
2024-10-17T14:57:10,14,0,0,14
2024-10-17T15:30:00,14,0,0,14
2024-10-17T16:02:59,14,0,0,14
2024-10-17T16:35:48,14,0,0,14
2024-10-17T17:08:39,14,0,0,14
2024-10-17T17:41:29,14,0,0,14
2024-10-17T18:14:19,14,0,0,14
2024-10-17T18:47:17,14,0,0,14
2024-10-17T19:20:06,14,0,0,14
2024-10-17T19:52:55,14,0,0,14
2024-10-17T20:25:44,14,0,0,14
2024-10-17T20:58:44,14,0,0,14
2024-10-17T21:31:34,14,0,0,14
2024-10-17T22:04:22,14,0,0,14
2024-10-17T22:37:12,14,0,0,14
2024-10-17T23:10:03,14,0,0,14
2024-10-17T23:43:03,14,0,0,14
2024-10-18T00:15:54,14,0,0,14
2024-10-18T00:48:53,14,0,0,14
2024-10-18T01:21:52,14,0,0,14
2024-10-18T01:54:51,14,0,0,14
2024-10-18T02:28:00,14,0,0,14
2024-10-18T03:00:54,14,0,0,14
2024-10-18T03:33:49,14,0,0,14
2024-10-18T04:17:19,14,0,0,14
2024-10-18T04:50:37,14,0,0,14
2024-10-18T05:23:34,14,0,0,14
2024-10-18T05:56:37,14,0,0,14
2024-10-18T06:29:33,14,0,0,14
2024-10-18T07:02:35,14,0,0,14
2024-10-18T07:35:34,14,0,0,14
2024-10-18T08:08:26,14,0,0,14
2024-10-18T08:41:18,14,0,0,14
2024-10-18T09:14:12,14,0,0,14
2024-10-18T09:47:11,14,0,0,14
2024-10-18T10:20:00,14,0,0,14
2024-10-18T10:52:50,14,0,0,14
2024-10-18T11:25:48,14,0,0,14
2024-10-18T11:58:42,14,0,0,14
2024-10-18T12:31:31,14,0,0,14
2024-10-18T13:04:28,14,0,0,14
2024-10-18T13:37:17,14,0,0,14
2024-10-18T14:10:06,14,0,0,14
2024-10-18T14:42:55,14,0,0,14
2024-10-18T15:15:54,14,0,0,14
2024-10-18T15:48:44,14,0,0,14
2024-10-18T16:21:34,14,0,0,14
2024-10-18T16:54:24,14,0,0,14
2024-10-18T17:27:24,14,0,0,14
2024-10-18T18:00:13,14,0,0,14
2024-10-18T18:33:02,14,0,0,14
2024-10-18T19:05:51,14,0,0,14
2024-10-18T19:38:41,14,0,0,14
2024-10-18T20:11:40,14,0,0,14
2024-10-18T20:44:30,14,0,0,14
2024-10-18T21:17:20,14,0,0,14
2024-10-18T21:50:10,14,0,0,14
2024-10-18T22:23:01,14,0,0,14
2024-10-18T22:55:50,14,0,0,14
2024-10-18T23:28:50,14,0,0,14
2024-10-19T00:01:40,14,0,0,14
2024-10-19T00:34:37,14,0,0,14
2024-10-19T01:07:34,14,0,0,14
2024-10-19T01:40:31,14,0,0,14
2024-10-19T02:13:29,14,0,0,14
2024-10-19T02:46:28,14,0,0,14
2024-10-19T03:19:21,14,0,0,14
2024-10-19T03:52:14,14,0,0,14
2024-10-19T04:20:25,14,0,0,14
2024-10-19T04:54:49,14,0,0,14
2024-10-19T05:27:40,14,0,0,14
2024-10-19T06:00:30,14,0,0,14
2024-10-19T06:33:26,14,0,0,14
2024-10-19T07:06:21,14,0,0,14
2024-10-19T07:39:17,14,0,0,14
2024-10-19T08:12:11,14,0,0,14
2024-10-19T08:45:11,14,0,0,14
2024-10-19T09:18:02,14,0,0,14
2024-10-19T09:50:51,14,0,0,14
2024-10-19T10:23:41,14,0,0,14
2024-10-19T10:56:31,14,0,0,14
2024-10-19T11:29:21,14,0,0,14
2024-10-19T12:02:19,14,0,0,14
2024-10-19T12:35:08,14,0,0,14
2024-10-19T13:07:56,14,0,0,14
2024-10-19T13:40:43,14,0,0,14
2024-10-19T14:13:32,14,0,0,14
2024-10-19T14:46:25,14,0,0,14
2024-10-19T15:19:10,14,0,0,14
2024-10-19T15:51:56,14,0,0,14
2024-10-19T16:24:40,14,0,0,14
2024-10-19T16:57:27,14,0,0,14
2024-10-19T17:30:21,14,0,0,14
2024-10-19T18:03:06,14,0,0,14
2024-10-19T18:35:52,14,0,0,14
2024-10-19T19:08:36,14,0,0,14
2024-10-19T19:41:22,14,0,0,14
2024-10-19T20:14:06,14,0,0,14
2024-10-19T20:46:51,14,0,0,14
2024-10-19T21:20:21,14,0,0,14
2024-10-19T21:53:14,14,0,0,14
2024-10-19T22:25:59,14,0,0,14
2024-10-19T22:58:47,14,0,0,14
2024-10-19T23:31:34,14,0,0,14
2024-10-20T00:04:21,14,0,0,14
2024-10-27T00:45:02,14,0,0,14
2024-10-27T01:17:58,14,0,0,14
2024-10-27T01:50:51,14,0,0,14
2024-10-27T02:23:48,14,0,0,14
2024-10-27T02:56:44,14,0,0,14
2024-10-27T03:29:39,14,0,0,14
2024-10-27T04:04:39,14,0,0,14
2024-10-27T04:22:50,14,0,0,14
2024-10-27T04:56:13,14,0,0,14
2024-10-27T05:29:13,14,0,0,14
2024-10-27T06:02:14,14,0,0,14
2024-10-27T06:35:13,14,0,0,14
2024-10-27T07:08:09,14,0,0,14
2024-10-27T07:41:09,14,0,0,14
2024-10-27T08:14:00,14,0,0,14
2024-10-27T08:46:56,14,0,0,14
2024-10-27T09:19:52,14,0,0,14
2024-10-27T09:53:03,14,0,0,14
2024-10-27T10:25:56,14,0,0,14
2024-10-27T10:58:45,14,0,0,14
2024-10-27T11:31:35,14,0,0,14
2024-10-27T12:04:26,14,0,0,14
2024-10-27T12:37:24,14,0,0,14
2024-10-27T13:10:13,14,0,0,14
2024-10-27T13:43:03,14,0,0,14
2024-10-27T14:15:52,14,0,0,14
2024-10-27T14:48:42,14,0,0,14
2024-10-27T15:21:45,14,0,0,14
2024-10-27T15:54:36,14,0,0,14
2024-10-27T16:27:25,14,0,0,14
2024-10-27T17:00:17,14,0,0,14
2024-10-27T17:33:17,14,0,0,14
2024-10-27T18:06:08,14,0,0,14
2024-10-27T18:38:59,14,0,0,14
2024-10-27T19:11:49,14,0,0,14
2024-10-27T19:44:41,14,0,0,14
2024-10-27T20:17:30,14,0,0,14
2024-10-27T20:50:35,14,0,0,14
2024-10-27T21:23:25,14,0,0,14
2024-10-27T21:56:19,14,0,0,14
2024-10-27T22:29:08,14,0,0,14
2024-10-27T23:01:59,14,0,0,14
2024-10-27T23:34:49,14,0,0,14
2024-10-28T00:07:40,14,0,0,14
2024-10-28T00:41:46,14,0,0,14
2024-10-28T01:14:45,14,0,0,14
2024-10-28T01:47:50,14,0,0,14
2024-10-28T02:20:44,14,0,0,14
2024-10-28T02:53:38,14,0,0,14
2024-10-28T03:26:31,14,0,0,14
2024-10-28T03:59:23,14,0,0,14
2024-10-28T04:20:40,14,0,0,14
2024-10-28T04:55:16,14,0,0,14
2024-10-28T05:28:14,14,0,0,14
2024-10-28T06:01:10,14,0,0,14
2024-10-28T06:34:17,14,0,0,14
2024-10-28T07:07:23,14,0,0,14
2024-10-28T07:40:16,14,0,0,14
2024-10-28T08:13:09,14,0,0,14
2024-10-28T08:46:00,14,0,0,14
2024-10-28T09:18:50,14,0,0,14
2024-10-28T09:51:51,14,0,0,14
2024-10-28T10:24:45,14,0,0,14
2024-10-28T10:57:34,14,0,0,14
2024-10-28T11:30:23,14,0,0,14
2024-10-28T12:03:12,14,0,0,14
2024-10-28T12:36:12,14,0,0,14
2024-10-28T13:09:02,14,0,0,14
2024-10-28T13:42:00,14,0,0,14
2024-10-28T14:14:48,14,0,0,14
2024-10-28T14:47:37,14,0,0,14
2024-10-28T15:20:37,14,0,0,14
2024-10-28T15:53:26,14,0,0,14
2024-10-28T16:26:15,14,0,0,14
2024-10-28T16:59:14,14,0,0,14
2024-10-28T17:32:03,14,0,0,14
2024-10-28T18:04:51,14,0,0,14
2024-10-28T18:37:39,14,0,0,14
2024-10-28T19:10:27,14,0,0,14
2024-10-28T19:43:26,14,0,0,14
2024-10-28T20:16:14,14,0,0,14
2024-10-28T20:49:02,14,0,0,14
2024-10-28T21:21:50,14,0,0,14
2024-10-28T21:54:47,14,0,0,14
2024-10-28T22:27:38,14,0,0,14
2024-10-28T23:00:37,14,0,0,14
2024-10-28T23:33:28,14,0,0,14
2024-10-29T00:06:19,14,0,0,14
2024-10-29T00:39:18,14,0,0,14
2024-10-29T01:12:16,14,0,0,14
2024-10-29T01:45:11,14,0,0,14
2024-10-29T02:18:03,14,0,0,14
2024-10-29T02:51:03,14,0,0,14
2024-10-29T03:23:59,14,0,0,14
2024-10-29T03:58:59,14,0,0,14
2024-10-29T04:25:04,14,0,0,14
2024-10-29T04:58:37,14,0,0,14
2024-10-29T05:31:33,14,0,0,14
2024-10-29T06:04:30,14,0,0,14
2024-10-29T06:37:24,14,0,0,14
2024-10-29T07:10:17,14,0,0,14
2024-10-29T07:43:10,14,0,0,14
2024-10-29T08:16:03,14,0,0,14
2024-10-29T08:49:03,14,0,0,14
2024-10-29T09:21:55,14,0,0,14
2024-10-29T09:54:45,14,0,0,14
2024-10-29T10:27:34,14,0,0,14
2024-10-29T11:00:23,14,0,0,14
2024-10-29T11:33:23,14,0,0,14
2024-10-29T12:06:12,14,0,0,14
2024-10-29T12:39:01,14,0,0,14
2024-10-29T13:12:00,14,0,0,14
2024-10-29T13:44:48,14,0,0,14
2024-10-29T14:17:37,14,0,0,14
2024-10-29T14:50:27,14,0,0,14
2024-10-29T15:23:28,14,0,0,14
2024-10-29T15:56:19,14,0,0,14
2024-10-29T16:29:07,14,0,0,14
2024-10-29T17:01:58,13,1,0,14
2024-10-29T17:34:59,13,1,0,14
2024-10-29T18:07:48,13,1,0,14
2024-10-29T18:40:38,13,1,0,14
2024-10-29T19:13:26,13,1,0,14
2024-10-29T19:46:16,13,1,0,14
2024-10-29T20:19:15,13,1,0,14
2024-10-29T20:52:04,13,1,0,14
2024-10-29T21:24:53,13,1,0,14
2024-10-29T21:57:47,13,1,0,14
2024-10-29T22:30:37,13,1,0,14
2024-10-29T23:03:26,13,1,0,14
2024-10-29T23:36:26,13,1,0,14
2024-10-30T00:09:15,13,1,0,14
2024-10-30T00:43:30,13,1,0,14
2024-10-30T01:16:30,13,1,0,14
2024-10-30T01:49:27,13,1,0,14
2024-10-30T02:22:22,13,1,0,14
2024-10-30T02:55:16,13,1,0,14
2024-10-30T03:28:12,13,1,0,14
2024-10-30T04:03:11,13,1,0,14
2024-10-30T04:17:34,13,1,0,14
2024-10-30T04:50:59,13,1,0,14
2024-10-30T05:23:53,13,1,0,14
2024-10-30T05:56:47,13,1,0,14
2024-10-30T06:29:41,13,1,0,14
2024-10-30T07:02:35,13,1,0,14
2024-10-30T07:35:27,13,1,0,14
2024-10-30T08:08:20,13,1,0,14
2024-10-30T08:41:19,13,1,0,14
2024-10-30T09:14:12,13,1,0,14
2024-10-30T09:47:02,13,1,0,14
2024-10-30T10:19:52,13,1,0,14
2024-10-30T10:52:43,13,1,0,14
2024-10-30T11:25:46,13,1,0,14
2024-10-30T11:58:35,13,1,0,14
2024-10-30T12:31:24,13,1,0,14
2024-10-30T13:04:23,13,1,0,14
2024-10-30T13:37:12,13,1,0,14
2024-10-30T14:10:01,13,1,0,14
2024-10-30T14:42:50,13,1,0,14
2024-10-30T15:15:53,13,1,0,14
2024-10-30T15:48:44,13,1,0,14
2024-10-30T16:21:34,13,1,0,14
2024-10-30T16:54:24,13,1,0,14
2024-10-30T17:27:25,13,1,0,14
2024-10-30T18:00:14,13,1,0,14
2024-10-30T18:33:04,13,1,0,14
2024-10-30T19:05:53,13,1,0,14
2024-10-30T19:38:42,13,1,0,14
2024-10-30T20:11:43,13,1,0,14
2024-10-30T20:44:34,13,1,0,14
2024-10-30T21:17:24,13,1,0,14
2024-10-30T21:50:14,13,1,0,14
2024-10-30T22:23:08,13,1,0,14
2024-10-30T22:56:07,13,1,0,14
2024-10-30T23:28:57,13,1,0,14
2024-10-31T00:01:48,13,1,0,14
2024-10-31T00:34:45,13,1,0,14
2024-10-31T01:07:42,13,1,0,14
2024-10-31T01:40:38,13,1,0,14
2024-10-31T02:13:48,13,1,0,14
2024-10-31T02:46:32,13,1,0,14
2024-10-31T03:19:17,13,1,0,14
2024-10-31T03:52:11,13,1,0,14
2024-10-31T04:26:47,13,1,0,14
2024-10-31T05:00:07,13,1,0,14
2024-10-31T05:34:29,13,1,0,14
2024-10-31T06:07:43,13,1,0,14
2024-10-31T06:40:38,13,1,0,14
2024-10-31T07:13:33,13,1,0,14
2024-10-31T07:46:29,13,1,0,14
2024-10-31T08:19:22,13,1,0,14
2024-10-31T08:52:17,13,1,0,14
2024-10-31T09:25:17,13,1,0,14
2024-10-31T09:58:08,13,1,0,14
2024-10-31T10:30:58,13,1,0,14
2024-10-31T11:03:48,13,1,0,14
2024-10-31T11:36:39,13,1,0,14
2024-10-31T12:09:42,13,1,0,14
2024-10-31T12:42:34,13,1,0,14
2024-10-31T13:15:23,13,1,0,14
2024-10-31T13:48:26,13,1,0,14
2024-10-31T14:21:14,13,1,0,14
2024-10-31T14:54:03,13,1,0,14
2024-10-31T15:27:03,13,1,0,14
2024-10-31T15:59:51,13,1,0,14
2024-10-31T16:32:39,13,1,0,14
2024-10-31T17:05:28,13,1,0,14
2024-10-31T17:38:26,13,1,0,14
2024-10-31T18:11:15,13,1,0,14
2024-10-31T18:44:03,13,1,0,14
2024-10-31T19:16:52,13,1,0,14
2024-10-31T19:49:40,13,1,0,14
2024-10-31T20:22:31,13,1,0,14
2024-10-31T20:55:28,13,1,0,14
2024-10-31T21:28:17,13,1,0,14
2024-10-31T22:01:07,13,1,0,14
2024-10-31T22:33:56,13,1,0,14
2024-10-31T23:06:45,13,1,0,14
2024-10-31T23:39:37,13,1,0,14
2024-11-01T00:12:28,13,1,0,14
2024-11-01T00:45:35,13,1,0,14
2024-11-01T01:18:33,13,1,0,14
2024-11-01T01:51:36,13,1,0,14
2024-11-01T02:24:36,13,1,0,14
2024-11-01T02:57:31,13,1,0,14
2024-11-01T03:30:27,13,1,0,14
2024-11-01T04:03:22,13,1,0,14
2024-11-01T04:27:42,13,1,0,14
2024-11-01T05:01:01,13,1,0,14
2024-11-01T05:33:56,13,1,0,14
2024-11-01T06:06:50,13,1,0,14
2024-11-01T06:39:46,13,1,0,14
2024-11-01T07:12:41,13,1,0,14
2024-11-01T07:45:37,13,1,0,14
2024-11-01T08:18:31,13,1,0,14
2024-11-01T08:51:33,13,1,0,14
2024-11-01T09:24:24,13,1,0,14
2024-11-01T09:57:14,13,1,0,14
2024-11-01T10:30:03,13,1,0,14
2024-11-01T11:02:55,13,1,0,14
2024-11-01T11:35:57,13,1,0,14
2024-11-01T12:08:47,13,1,0,14
2024-11-01T12:41:38,13,1,0,14
2024-11-01T13:14:30,13,1,0,14
2024-11-01T13:47:29,13,1,0,14
2024-11-01T14:20:18,13,1,0,14
2024-11-01T14:53:07,13,1,0,14
2024-11-01T15:26:01,13,1,0,14
2024-11-01T15:59:00,13,1,0,14
2024-11-01T16:31:50,13,1,0,14
2024-11-01T17:04:39,13,1,0,14
2024-11-01T17:37:29,13,1,0,14
2024-11-01T18:10:26,13,1,0,14
2024-11-01T18:43:14,13,1,0,14
2024-11-01T19:16:04,13,1,0,14
2024-11-01T19:48:54,13,1,0,14
2024-11-01T20:21:43,13,1,0,14
2024-11-01T20:54:32,13,1,0,14
2024-11-01T21:27:32,13,1,0,14
2024-11-01T22:00:24,13,1,0,14
2024-11-01T22:33:14,13,1,0,14
2024-11-01T23:06:06,13,1,0,14
2024-11-01T23:38:56,13,1,0,14
2024-11-02T00:11:48,13,1,0,14
2024-11-02T00:44:46,13,1,0,14
2024-11-02T01:17:41,13,1,0,14
2024-11-02T01:50:46,13,1,0,14
2024-11-02T02:23:40,13,1,0,14
2024-11-02T02:56:31,13,1,0,14
2024-11-02T03:29:23,13,1,0,14
2024-11-02T04:02:17,13,1,0,14
2024-11-02T04:25:58,13,1,0,14
2024-11-02T04:59:15,13,1,0,14
2024-11-02T05:32:07,13,1,0,14
2024-11-02T06:04:58,13,1,0,14
2024-11-02T06:38:52,13,1,0,14
2024-11-02T07:11:47,13,1,0,14
2024-11-02T07:44:43,13,1,0,14
2024-11-02T08:17:44,13,1,0,14
2024-11-02T08:50:39,13,1,0,14
2024-11-02T09:23:35,13,1,0,14
2024-11-02T09:56:31,13,1,0,14
2024-11-02T10:29:26,13,1,0,14
2024-11-02T11:02:19,13,1,0,14
2024-11-02T11:35:14,13,1,0,14
2024-11-02T12:08:17,13,1,0,14
2024-11-02T12:41:12,13,1,0,14
2024-11-02T13:14:06,13,1,0,14
2024-11-02T13:46:59,13,1,0,14
2024-11-02T14:19:51,13,1,0,14
2024-11-02T14:52:46,13,1,0,14
2024-11-02T15:25:48,13,1,0,14
2024-11-02T15:58:39,13,1,0,14
2024-11-02T16:31:28,13,1,0,14
2024-11-02T17:04:18,13,1,0,14
2024-11-02T17:37:09,13,1,0,14
2024-11-02T18:10:05,13,1,0,14
2024-11-02T18:43:04,13,1,0,14
2024-11-02T19:15:55,13,1,0,14
2024-11-02T19:48:50,13,1,0,14
2024-11-02T20:21:39,13,1,0,14
2024-11-02T20:54:30,13,1,0,14
2024-11-02T21:27:19,13,1,0,14
2024-11-02T22:00:08,13,1,0,14
2024-11-02T22:33:07,13,1,0,14
2024-11-02T23:05:57,13,1,0,14
2024-11-02T23:38:47,13,1,0,14
2024-11-03T00:11:37,13,1,0,14
2024-11-03T00:44:31,13,1,0,14
2024-11-03T01:17:23,13,1,0,14
2024-11-03T01:50:14,13,1,0,14
2024-11-03T01:23:05,13,1,0,14
2024-11-03T01:56:03,13,1,0,14
2024-11-03T02:29:00,13,1,0,14
2024-11-03T03:01:54,13,1,0,14
2024-11-03T03:34:51,13,1,0,14
2024-11-03T04:10:08,13,1,0,14
2024-11-03T04:28:53,13,1,0,14
2024-11-03T05:02:13,13,1,0,14
2024-11-03T05:35:09,13,1,0,14
2024-11-03T06:08:05,13,1,0,14
2024-11-03T06:41:01,13,1,0,14
2024-11-03T07:13:54,13,1,0,14
2024-11-03T07:46:53,13,1,0,14
2024-11-03T08:19:44,13,1,0,14
2024-11-03T08:52:40,13,1,0,14
2024-11-03T09:25:54,13,1,0,14
2024-11-03T09:58:52,13,1,0,14
2024-11-03T10:31:52,13,1,0,14
2024-11-03T11:04:53,13,1,0,14
2024-11-03T11:37:47,13,1,0,14
2024-11-03T12:10:47,13,1,0,14
2024-11-03T12:43:37,13,1,0,14
2024-11-03T13:16:29,13,1,0,14
2024-11-03T13:49:18,13,1,0,14
2024-11-03T14:22:09,13,1,0,14
2024-11-03T14:54:58,13,1,0,14
2024-11-03T15:27:57,13,1,0,14
2024-11-03T16:00:48,13,1,0,14
2024-11-03T16:33:39,13,1,0,14
2024-11-03T17:06:31,13,1,0,14
2024-11-03T17:39:20,13,1,0,14
2024-11-03T18:12:09,13,1,0,14
2024-11-03T18:45:11,13,1,0,14
2024-11-03T19:18:05,13,1,0,14
2024-11-03T19:50:58,13,1,0,14
2024-11-03T20:23:47,13,1,0,14
2024-11-03T20:56:44,13,1,0,14
2024-11-03T21:29:35,13,1,0,14
2024-11-03T22:02:28,13,1,0,14
2024-11-03T22:35:18,13,1,0,14
2024-11-03T23:08:08,13,1,0,14
2024-11-03T23:41:07,13,1,0,14
2024-11-04T00:14:01,13,1,0,14
2024-11-04T00:47:07,13,1,0,14
2024-11-04T01:20:11,13,1,0,14
2024-11-04T01:53:09,13,1,0,14
2024-11-04T02:26:08,13,1,0,14
2024-11-04T02:59:00,13,1,0,14
2024-11-04T03:31:55,13,1,0,14
2024-11-04T04:07:14,13,1,0,14
2024-11-04T04:28:10,13,1,0,14
2024-11-04T05:01:29,13,1,0,14
2024-11-04T05:34:31,13,1,0,14
2024-11-04T06:07:26,13,1,0,14
2024-11-04T06:40:23,13,1,0,14
2024-11-04T07:13:17,13,1,0,14
2024-11-04T07:46:06,13,1,0,14
2024-11-04T08:18:59,13,1,0,14
2024-11-04T08:51:50,13,1,0,14
2024-11-04T09:24:44,13,1,0,14
2024-11-04T09:57:52,13,1,0,14
2024-11-04T10:30:42,13,1,0,14
2024-11-04T11:03:32,13,1,0,14
2024-11-04T11:36:32,13,1,0,14
2024-11-04T12:09:22,13,1,0,14
2024-11-04T12:42:31,13,1,0,14
2024-11-04T13:15:21,13,1,0,14
2024-11-04T13:48:11,13,1,0,14
2024-11-04T14:21:11,13,1,0,14
2024-11-04T14:54:00,13,1,0,14
2024-11-04T15:26:49,13,1,0,14
2024-11-04T15:59:59,13,1,0,14
2024-11-04T16:32:50,13,1,0,14
2024-11-04T17:05:40,13,1,0,14
2024-11-04T17:38:29,13,1,0,14
2024-11-04T18:11:31,13,1,0,14
2024-11-04T18:44:21,13,1,0,14
2024-11-04T19:17:10,13,1,0,14
2024-11-04T19:49:59,13,1,0,14
2024-11-04T20:23:05,13,1,0,14
2024-11-04T20:55:54,13,1,0,14
2024-11-04T21:28:44,13,1,0,14
2024-11-04T22:01:35,13,1,0,14
2024-11-04T22:34:34,13,1,0,14
2024-11-04T23:07:24,13,1,0,14
2024-11-04T23:40:14,13,1,0,14
2024-11-05T00:13:05,13,1,0,14
2024-11-05T00:46:03,13,1,0,14
2024-11-05T01:19:02,13,1,0,14
2024-11-05T01:51:58,13,1,0,14
2024-11-05T02:25:17,13,1,0,14
2024-11-05T02:58:09,13,1,0,14
2024-11-05T03:31:03,13,1,0,14
2024-11-05T04:03:56,13,1,0,14
2024-11-05T04:23:19,13,1,0,14
2024-11-05T04:57:55,13,1,0,14
2024-11-05T05:30:49,13,1,0,14
2024-11-05T06:03:45,13,1,0,14
2024-11-05T06:36:41,13,1,0,14
2024-11-05T07:09:38,13,1,0,14
2024-11-05T07:42:30,13,1,0,14
2024-11-05T08:15:23,13,1,0,14
2024-11-05T08:48:13,13,1,0,14
2024-11-05T09:21:11,13,1,0,14
2024-11-05T09:54:02,13,1,0,14
2024-11-05T10:26:53,13,1,0,14
2024-11-05T10:59:43,13,1,0,14
2024-11-05T11:32:45,13,1,0,14
2024-11-05T12:05:35,13,1,0,14
2024-11-05T12:38:37,13,1,0,14
2024-11-05T13:11:27,13,1,0,14
2024-11-05T13:44:17,13,1,0,14
2024-11-05T14:17:17,13,1,0,14
2024-11-05T14:50:08,13,1,0,14
2024-11-05T15:22:58,13,1,0,14
2024-11-05T15:55:58,13,1,0,14
2024-11-05T16:28:49,13,1,0,14
2024-11-05T17:01:39,13,1,0,14
2024-11-05T17:34:29,13,1,0,14
2024-11-05T18:07:27,13,1,0,14
2024-11-05T18:40:16,13,1,0,14
2024-11-05T19:13:05,13,1,0,14
2024-11-05T19:45:56,13,1,0,14
2024-11-05T20:18:45,13,1,0,14
2024-11-05T20:51:43,13,1,0,14
2024-11-05T21:24:33,13,1,0,14
2024-11-05T21:57:23,13,1,0,14
2024-11-05T22:30:49,13,1,0,14
2024-11-05T23:03:38,13,1,0,14
2024-11-05T23:36:28,13,1,0,14
2024-11-06T00:09:18,13,1,0,14
2024-11-06T00:42:19,13,1,0,14
2024-11-06T01:15:26,13,1,0,14
2024-11-06T01:48:26,13,1,0,14
2024-11-06T02:21:26,13,1,0,14
2024-11-06T02:54:21,13,1,0,14
2024-11-06T03:27:18,13,1,0,14
2024-11-06T04:00:12,13,1,0,14
2024-11-06T04:30:11,13,1,0,14
2024-11-06T05:04:42,13,1,0,14
2024-11-06T05:37:37,13,1,0,14
2024-11-06T06:10:34,13,1,0,14
2024-11-06T06:43:29,13,1,0,14
2024-11-06T07:16:24,13,1,0,14
2024-11-06T07:49:17,13,1,0,14
2024-11-06T08:22:13,13,1,0,14
2024-11-06T08:55:22,13,1,0,14
2024-11-06T09:28:43,13,1,0,14
2024-11-06T10:01:34,13,1,0,14
2024-11-06T10:37:04,13,1,0,14
2024-11-06T11:11:53,13,1,0,14
2024-11-06T11:45:38,13,1,0,14
2024-11-06T12:19:04,13,1,0,14
2024-11-06T12:52:24,13,1,0,14
2024-11-06T13:25:31,13,1,0,14
2024-11-06T13:58:36,13,1,0,14
2024-11-06T14:31:55,13,1,0,14
2024-11-06T15:05:02,13,1,0,14
2024-11-06T15:38:05,13,1,0,14
2024-11-06T16:11:08,13,1,0,14
2024-11-06T16:44:08,13,1,0,14
2024-11-06T17:16:58,13,1,0,14
2024-11-06T17:50:01,13,1,0,14
2024-11-06T18:23:02,13,1,0,14
2024-11-06T18:55:53,13,1,0,14
2024-11-06T19:28:55,13,1,0,14
2024-11-06T20:01:56,13,1,0,14
2024-11-06T20:34:46,13,1,0,14
2024-11-06T21:07:49,13,1,0,14
2024-11-06T21:40:39,13,1,0,14
2024-11-06T22:13:40,13,1,0,14
2024-11-06T22:46:29,13,1,0,14
2024-11-06T23:19:32,13,1,0,14
2024-11-06T23:52:21,13,1,0,14
2024-11-07T00:25:19,13,1,0,14
2024-11-07T00:58:29,13,1,0,14
2024-11-07T01:31:25,13,1,0,14
2024-11-07T02:04:26,13,1,0,14
2024-11-07T02:37:21,13,1,0,14
2024-11-07T03:10:13,13,1,0,14
2024-11-07T03:43:07,13,1,0,14
2024-11-07T04:29:48,13,1,0,14
2024-11-07T05:03:09,13,1,0,14
2024-11-07T05:36:06,13,1,0,14
2024-11-07T06:09:01,13,1,0,14
2024-11-07T06:41:55,13,1,0,14
2024-11-07T07:14:50,13,1,0,14
2024-11-07T07:47:46,13,1,0,14
2024-11-07T08:20:39,13,1,0,14
2024-11-07T08:53:39,13,1,0,14
2024-11-07T09:26:27,13,1,0,14
2024-11-07T09:59:31,13,1,0,14
2024-11-07T10:32:25,13,1,0,14
2024-11-07T11:05:25,13,1,0,14
2024-11-07T11:38:30,13,1,0,14
2024-11-07T12:11:21,13,1,0,14
2024-11-07T12:44:22,13,1,0,14
2024-11-07T13:17:13,13,1,0,14
2024-11-07T13:50:14,13,1,0,14
2024-11-07T14:23:16,13,1,0,14
2024-11-07T14:56:20,13,1,0,14
2024-11-07T15:29:10,13,1,0,14
2024-11-07T16:02:10,13,1,0,14
2024-11-07T16:35:11,13,1,0,14
2024-11-07T17:08:04,13,1,0,14
2024-11-07T17:41:06,13,1,0,14
2024-11-07T18:13:55,13,1,0,14
2024-11-07T18:46:54,13,1,0,14
2024-11-07T19:19:43,13,1,0,14
2024-11-07T19:52:43,13,1,0,14
2024-11-07T20:25:32,13,1,0,14
2024-11-07T20:58:34,13,1,0,14
2024-11-07T21:31:26,13,1,0,14
2024-11-07T22:04:28,13,1,0,14
2024-11-07T22:37:18,13,1,0,14
2024-11-07T23:10:08,13,1,0,14
2024-11-07T23:43:10,13,1,0,14
2024-11-08T00:16:01,13,1,0,14
2024-11-08T00:48:59,13,1,0,14
2024-11-08T01:22:08,13,1,0,14
2024-11-08T01:55:10,13,1,0,14
2024-11-08T02:28:07,13,1,0,14
2024-11-08T03:01:02,13,1,0,14
2024-11-08T03:33:57,13,1,0,14
2024-11-08T04:06:52,13,1,0,14
2024-11-08T04:22:44,13,1,0,14
2024-11-08T04:57:21,13,1,0,14
2024-11-08T05:30:21,13,1,0,14
2024-11-08T06:03:15,13,1,0,14
2024-11-08T06:36:10,13,1,0,14
2024-11-08T07:09:19,13,1,0,14
2024-11-08T07:42:12,13,1,0,14
2024-11-08T08:15:04,13,1,0,14
2024-11-08T08:47:55,13,1,0,14
2024-11-08T09:20:45,13,1,0,14
2024-11-08T09:53:46,13,1,0,14
2024-11-08T10:26:35,13,1,0,14
2024-11-08T10:59:43,13,1,0,14
2024-11-08T11:32:33,13,1,0,14
2024-11-08T12:05:33,13,1,0,14
2024-11-08T12:38:21,13,1,0,14
2024-11-08T13:11:29,13,1,0,14
2024-11-08T13:44:17,13,1,0,14
2024-11-08T14:17:18,13,1,0,14
2024-11-08T14:50:21,13,1,0,14
2024-11-08T15:23:10,13,1,0,14
2024-11-08T15:56:18,13,1,0,14
2024-11-08T16:29:07,13,1,0,14
2024-11-08T17:01:56,13,1,0,14
2024-11-08T17:34:56,13,1,0,14
2024-11-08T18:07:44,13,1,0,14
2024-11-08T18:40:52,13,1,0,14
2024-11-08T19:13:41,13,1,0,14
2024-11-08T19:46:30,13,1,0,14
2024-11-08T20:19:19,13,1,0,14
2024-11-08T20:52:17,13,1,0,14
2024-11-08T21:25:07,13,1,0,14
2024-11-08T21:57:59,13,1,0,14
2024-11-08T22:31:09,13,1,0,14
2024-11-08T23:03:57,13,1,0,14
2024-11-08T23:36:48,13,1,0,14
2024-11-09T00:09:38,13,1,0,14
2024-11-09T00:42:47,13,1,0,14
2024-11-09T01:15:43,13,1,0,14
2024-11-09T01:48:39,13,1,0,14
2024-11-09T02:21:33,13,1,0,14
2024-11-09T02:54:24,13,1,0,14
2024-11-09T03:27:39,13,1,0,14
2024-11-09T04:00:33,13,1,0,14
2024-11-09T04:24:51,13,1,0,14
2024-11-09T04:58:09,13,1,0,14
2024-11-09T05:31:10,13,1,0,14
2024-11-09T06:04:05,13,1,0,14
2024-11-09T06:36:59,13,1,0,14
2024-11-09T07:09:54,13,1,0,14
2024-11-09T07:42:57,13,1,0,14
2024-11-09T08:15:52,13,1,0,14
2024-11-09T08:48:46,13,1,0,14
2024-11-09T09:21:40,13,1,0,14
2024-11-09T09:54:42,13,1,0,14
2024-11-09T10:27:36,13,1,0,14
2024-11-09T11:00:29,13,1,0,14
2024-11-09T11:33:20,13,1,0,14
2024-11-09T12:06:22,13,1,0,14
2024-11-09T12:39:14,13,1,0,14
2024-11-09T13:12:04,13,1,0,14
2024-11-09T13:44:52,13,1,0,14
2024-11-09T14:17:54,13,1,0,14
2024-11-09T14:50:43,13,1,0,14
2024-11-09T15:23:35,13,1,0,14
2024-11-09T15:56:34,13,1,0,14
2024-11-09T16:29:23,13,1,0,14
2024-11-09T17:02:12,13,1,0,14
2024-11-09T17:35:02,13,1,0,14
2024-11-09T18:08:01,13,1,0,14
2024-11-09T18:40:50,13,1,0,14
2024-11-09T19:13:40,13,1,0,14
2024-11-09T19:46:29,13,1,0,14
2024-11-09T20:19:19,13,1,0,14
2024-11-09T20:52:17,13,1,0,14
2024-11-09T21:25:08,13,1,0,14
2024-11-09T21:57:57,13,1,0,14
2024-11-09T22:30:45,13,1,0,14
2024-11-09T23:03:44,13,1,0,14
2024-11-09T23:36:33,13,1,0,14
2024-11-10T00:09:23,13,1,0,14
2024-11-10T00:42:16,13,1,0,14
2024-11-10T01:15:07,13,1,0,14
2024-11-10T01:48:05,13,1,0,14
2024-11-10T02:20:57,13,1,0,14
2024-11-10T02:53:48,13,1,0,14
2024-11-10T03:26:40,13,1,0,14
2024-11-10T03:59:38,13,1,0,14
2024-11-10T04:33:18,13,1,0,14
2024-11-10T05:06:27,13,1,0,14
2024-11-10T05:39:25,13,1,0,14
2024-11-10T06:12:30,13,1,0,14
2024-11-10T06:45:28,13,1,0,14
2024-11-10T07:18:28,13,1,0,14
2024-11-10T07:51:33,13,1,0,14
2024-11-10T08:24:42,13,1,0,14
2024-11-10T08:57:40,13,1,0,14
2024-11-10T09:27:15,13,1,0,14
2024-11-10T10:00:13,13,1,0,14
2024-11-10T10:33:17,13,1,0,14
2024-11-10T11:06:06,13,1,0,14
2024-11-10T11:38:59,13,1,0,14
2024-11-10T12:12:01,13,1,0,14
2024-11-10T12:44:51,13,1,0,14
2024-11-10T13:17:42,13,1,0,14
2024-11-10T13:50:33,13,1,0,14
2024-11-10T14:23:33,13,1,0,14
2024-11-10T14:56:23,13,1,0,14
2024-11-10T15:29:17,13,1,0,14
2024-11-10T16:02:18,13,1,0,14
2024-11-10T16:35:10,13,1,0,14
2024-11-10T17:08:00,13,1,0,14
2024-11-10T17:41:03,13,1,0,14
2024-11-10T18:13:55,13,1,0,14
2024-11-10T18:46:47,13,1,0,14
2024-11-10T19:19:38,13,1,0,14
2024-11-10T19:52:38,13,1,0,14
2024-11-10T20:25:28,13,1,0,14
2024-11-10T20:58:18,13,1,0,14
2024-11-10T21:31:22,13,1,0,14
2024-11-10T22:04:13,13,1,0,14
2024-11-10T22:37:03,13,1,0,14
2024-11-10T23:10:06,13,1,0,14
2024-11-10T23:42:55,13,1,0,14
2024-11-11T00:15:50,13,1,0,14
2024-11-11T00:48:50,13,1,0,14
2024-11-11T01:21:57,13,1,0,14
2024-11-11T01:55:05,13,1,0,14
2024-11-11T02:28:00,13,1,0,14
2024-11-11T03:00:54,13,1,0,14
2024-11-11T03:33:49,13,1,0,14
2024-11-11T04:32:39,13,1,0,14
2024-11-11T05:05:33,13,1,0,14
2024-11-11T05:38:32,13,1,0,14
2024-11-11T06:11:29,13,1,0,14
2024-11-11T06:44:24,13,1,0,14
2024-11-11T07:17:20,13,1,0,14
2024-11-11T07:50:18,13,1,0,14
2024-11-11T08:23:09,13,1,0,14
2024-11-11T08:55:58,13,1,0,14
2024-11-11T09:28:54,13,1,0,14
2024-11-11T10:01:43,13,1,0,14
2024-11-11T10:34:33,13,1,0,14
2024-11-11T11:07:22,13,1,0,14
2024-11-11T11:40:20,13,1,0,14
2024-11-11T12:13:08,13,1,0,14
2024-11-11T12:46:06,13,1,0,14
2024-11-11T13:18:55,13,1,0,14
2024-11-11T13:51:44,13,1,0,14
2024-11-11T14:24:44,13,1,0,14
2024-11-11T14:57:33,13,1,0,14
2024-11-11T15:30:23,13,1,0,14
2024-11-11T16:03:24,13,1,0,14
2024-11-11T16:36:13,13,1,0,14
2024-11-11T17:09:05,13,1,0,14
2024-11-11T17:42:03,13,1,0,14
2024-11-11T18:14:53,13,1,0,14
2024-11-11T18:47:53,13,1,0,14
2024-11-11T19:20:42,13,1,0,14
2024-11-11T19:53:30,13,1,0,14
2024-11-11T20:26:30,13,1,0,14
2024-11-11T20:59:20,13,1,0,14
2024-11-11T21:32:21,13,1,0,14
2024-11-11T22:05:11,13,1,0,14
2024-11-11T22:38:12,13,1,0,14
2024-11-11T23:11:01,13,1,0,14
2024-11-11T23:44:01,13,1,0,14
2024-11-12T00:19:49,13,1,0,14
2024-11-12T00:52:59,13,1,0,14
2024-11-12T01:25:59,13,1,0,14
2024-11-12T01:59:05,13,1,0,14
2024-11-12T02:32:12,13,1,0,14
2024-11-12T03:05:04,13,1,0,14
2024-11-12T03:38:07,13,1,0,14
2024-11-12T04:19:11,13,1,0,14
2024-11-12T04:53:50,13,1,0,14
2024-11-12T05:26:45,13,1,0,14
2024-11-12T05:59:42,13,1,0,14
2024-11-12T06:32:37,13,1,0,14
2024-11-12T07:05:32,13,1,0,14
2024-11-12T07:38:23,13,1,0,14
2024-11-12T08:11:22,13,1,0,14
2024-11-12T08:44:16,13,1,0,14
2024-11-12T09:17:09,13,1,0,14
2024-11-12T09:50:12,13,1,0,14
2024-11-12T10:23:15,13,1,0,14
2024-11-12T10:56:17,13,1,0,14
2024-11-12T11:29:32,13,1,0,14
2024-11-12T12:02:37,13,1,0,14
2024-11-12T12:35:41,13,1,0,14
2024-11-12T13:08:48,13,1,0,14
2024-11-12T13:41:54,13,1,0,14
2024-11-12T14:15:02,13,1,0,14
2024-11-12T14:48:06,13,1,0,14
2024-11-12T15:21:09,13,1,0,14
2024-11-12T15:54:13,13,1,0,14
2024-11-12T16:27:16,13,1,0,14
2024-11-12T17:00:17,13,1,0,14
2024-11-12T17:33:18,13,1,0,14
2024-11-12T18:06:18,13,1,0,14
2024-11-12T18:39:08,13,1,0,14
2024-11-12T19:12:08,13,1,0,14
2024-11-12T19:45:09,13,1,0,14
2024-11-12T20:18:10,13,1,0,14
2024-11-12T20:51:00,13,1,0,14
2024-11-12T21:24:03,13,1,0,14
2024-11-12T21:57:04,13,1,0,14
2024-11-12T22:29:54,13,1,0,14
2024-11-12T23:02:55,13,1,0,14
2024-11-12T23:35:55,13,1,0,14
2024-11-13T00:08:48,13,1,0,14
2024-11-13T00:41:48,13,1,0,14
2024-11-13T01:15:01,13,1,0,14
2024-11-13T01:47:58,13,1,0,14
2024-11-13T02:21:06,13,1,0,14
2024-11-13T02:54:03,13,1,0,14
2024-11-13T03:27:11,13,1,0,14
2024-11-13T04:00:06,13,1,0,14
2024-11-13T04:26:23,13,1,0,14
2024-11-13T04:59:44,13,1,0,14
2024-11-13T05:34:31,13,1,0,14
2024-11-13T06:07:24,13,1,0,14
2024-11-13T06:40:15,13,1,0,14
2024-11-13T09:37:04,13,1,0,14
2024-11-13T10:10:07,13,1,0,14
2024-11-13T10:43:06,13,1,0,14
2024-11-13T11:16:06,13,1,0,14
2024-11-13T11:49:06,13,1,0,14
2024-11-13T12:22:17,13,1,0,14
2024-11-13T12:55:16,13,1,0,14
2024-11-13T13:28:15,13,1,0,14
2024-11-13T14:01:16,13,1,0,14
2024-11-13T14:34:27,13,1,0,14
2024-11-13T15:07:29,13,1,0,14
2024-11-13T15:40:33,13,1,0,14
2024-11-13T16:13:25,13,1,0,14
2024-11-13T16:46:27,13,1,0,14
2024-11-13T17:19:29,13,1,0,14
2024-11-13T17:52:30,13,1,0,14
2024-11-13T18:25:30,13,1,0,14
2024-11-13T18:58:31,13,1,0,14
2024-11-13T19:31:32,13,1,0,14
2024-11-13T20:04:22,13,1,0,14
2024-11-13T20:37:21,13,1,0,14
2024-11-13T21:10:22,13,1,0,14
2024-11-13T21:44:00,13,1,0,14
2024-11-13T22:16:59,13,1,0,14
2024-11-13T22:49:48,13,1,0,14
2024-11-13T23:22:48,13,1,0,14
2024-11-13T23:55:48,13,1,0,14
2024-11-14T00:28:44,13,1,0,14
2024-11-14T01:01:50,13,1,0,14
2024-11-14T01:34:46,13,1,0,14
2024-11-14T02:07:51,13,1,0,14
2024-11-14T02:40:44,13,1,0,14
2024-11-14T03:13:34,13,1,0,14
2024-11-14T03:46:39,13,1,0,14
2024-11-14T04:19:32,13,1,0,14
2024-11-14T07:05:40,13,1,0,14
2024-11-14T07:38:39,13,1,0,14
2024-11-14T08:11:30,13,1,0,14
2024-11-14T08:44:23,13,1,0,14
2024-11-14T09:17:24,13,1,0,14
2024-11-14T09:50:18,13,1,0,14
2024-11-14T10:23:23,13,1,0,14
2024-11-14T10:56:27,13,1,0,14
2024-11-14T11:29:30,13,1,0,14
2024-11-14T12:02:36,13,1,0,14
2024-11-14T12:35:41,13,1,0,14
2024-11-14T13:08:44,13,1,0,14
2024-11-14T13:41:48,13,1,0,14
2024-11-14T14:14:55,13,1,0,14
2024-11-14T14:48:09,13,1,0,14
2024-11-14T15:21:15,13,1,0,14
2024-11-14T15:54:21,13,1,0,14
2024-11-14T16:27:25,13,1,0,14
2024-11-14T17:00:27,13,1,0,14
2024-11-14T17:33:32,13,1,0,14
2024-11-14T18:06:25,13,1,0,14
2024-11-14T18:39:29,13,1,0,14
2024-11-14T19:12:32,13,1,0,14
2024-11-14T19:45:37,13,1,0,14
2024-11-14T20:18:29,13,1,0,14
2024-11-14T20:51:30,13,1,0,14
2024-11-14T21:25:32,13,1,0,14
2024-11-14T21:58:43,13,1,0,14
2024-11-14T22:31:44,13,1,0,14
2024-11-14T23:04:34,13,1,0,14
2024-11-14T23:37:38,13,1,0,14
2024-11-15T00:10:29,13,1,0,14
2024-11-15T00:43:40,13,1,0,14
2024-11-15T01:16:39,13,1,0,14
2024-11-15T01:49:37,13,1,0,14
2024-11-15T02:22:48,13,1,0,14
2024-11-15T02:55:41,13,1,0,14
2024-11-15T03:28:37,13,1,0,14
2024-11-15T04:01:31,13,1,0,14
2024-11-15T04:32:47,13,1,0,14
2024-11-15T05:06:01,13,1,0,14
2024-11-15T05:38:55,13,1,0,14
2024-11-15T06:11:48,13,1,0,14
2024-11-15T06:44:41,13,1,0,14
2024-11-15T07:17:40,13,1,0,14
2024-11-15T07:50:33,13,1,0,14
2024-11-15T08:23:39,13,1,0,14
2024-11-15T08:56:33,13,1,0,14
2024-11-15T09:29:27,13,1,0,14
2024-11-15T10:02:33,13,1,0,14
2024-11-15T10:35:38,13,1,0,14
2024-11-15T11:08:48,13,1,0,14
2024-11-15T11:41:53,13,1,0,14
2024-11-15T12:14:57,13,1,0,14
2024-11-15T12:47:51,13,1,0,14
2024-11-15T13:20:56,13,1,0,14
2024-11-15T13:53:59,13,1,0,14
2024-11-15T14:27:04,13,1,0,14
2024-11-15T15:00:07,13,1,0,14
2024-11-15T15:33:10,13,1,0,14
2024-11-15T16:06:15,13,1,0,14
2024-11-15T16:39:20,13,1,0,14
2024-11-15T17:12:27,13,1,0,14
2024-11-15T17:45:20,13,1,0,14
2024-11-15T18:18:25,13,1,0,14
2024-11-15T18:51:31,13,1,0,14
2024-11-15T19:24:35,13,1,0,14
2024-11-15T19:57:27,13,1,0,14
2024-11-15T20:30:34,13,1,0,14
2024-11-15T21:03:37,13,1,0,14
2024-11-15T21:37:32,13,1,0,14
2024-11-15T22:10:31,13,1,0,14
2024-11-15T22:43:20,13,1,0,14
2024-11-15T23:16:22,13,1,0,14
2024-11-15T23:49:12,13,1,0,14
2024-11-16T00:22:08,13,1,0,14
2024-11-16T00:55:18,13,1,0,14
2024-11-16T01:28:10,13,1,0,14
2024-11-16T02:01:07,13,1,0,14
2024-11-16T02:34:10,13,1,0,14
2024-11-16T03:07:01,13,1,0,14
2024-11-16T03:39:54,13,1,0,14
2024-11-16T04:12:46,13,1,0,14
2024-11-16T04:35:43,13,1,0,14
2024-11-16T05:08:56,13,1,0,14
2024-11-16T05:41:51,13,1,0,14
2024-11-16T06:14:44,13,1,0,14
2024-11-16T06:47:38,13,1,0,14
2024-11-16T07:20:34,13,1,0,14
2024-11-16T07:53:35,13,1,0,14
2024-11-16T08:26:29,13,1,0,14
2024-11-16T08:59:23,13,1,0,14
2024-11-16T09:32:28,13,1,0,14
2024-11-16T10:05:23,13,1,0,14
2024-11-16T10:38:35,13,1,0,14
2024-11-16T11:11:31,13,1,0,14
2024-11-16T11:44:35,13,1,0,14
2024-11-16T12:17:44,13,1,0,14
2024-11-16T12:50:50,13,1,0,14
2024-11-16T13:23:45,13,1,0,14
2024-11-16T13:56:48,13,1,0,14
2024-11-16T14:29:58,13,1,0,14
2024-11-16T15:02:59,13,1,0,14
2024-11-16T15:36:10,13,1,0,14
2024-11-16T16:09:15,13,1,0,14
2024-11-16T16:42:11,13,1,0,14
2024-11-16T17:15:13,13,1,0,14
2024-11-16T17:48:22,13,1,0,14
2024-11-16T18:21:17,13,1,0,14
2024-11-16T18:54:22,13,1,0,14
2024-11-16T19:27:28,13,1,0,14
2024-11-16T20:00:18,13,1,0,14
2024-11-16T20:33:17,13,1,0,14
2024-11-16T21:06:06,13,1,0,14
2024-11-16T21:39:41,13,1,0,14
2024-11-16T22:12:39,13,1,0,14
2024-11-16T22:45:27,13,1,0,14
2024-11-16T23:18:17,13,1,0,14
2024-11-16T23:51:15,13,1,0,14
2024-11-17T00:24:08,13,1,0,14
2024-11-17T00:48:57,13,1,0,14
2024-11-17T01:22:04,13,1,0,14
2024-11-17T01:55:02,13,1,0,14
2024-11-17T02:28:00,13,1,0,14
2024-11-17T03:00:54,13,1,0,14
2024-11-17T03:33:51,13,1,0,14
2024-11-17T04:06:49,13,1,0,14
2024-11-17T04:33:29,13,1,0,14
2024-11-17T05:08:12,13,1,0,14
2024-11-17T05:41:07,13,1,0,14
2024-11-17T06:14:01,13,1,0,14
2024-11-17T06:46:55,13,1,0,14
2024-11-17T07:19:52,13,1,0,14
2024-11-17T07:52:42,13,1,0,14
2024-11-17T08:25:33,13,1,0,14
2024-11-17T08:58:26,13,1,0,14
2024-11-17T09:31:17,13,1,0,14
2024-11-17T10:04:17,13,1,0,14
2024-11-17T10:37:10,13,1,0,14
2024-11-17T11:10:04,13,1,0,14
2024-11-17T11:42:57,13,1,0,14
2024-11-17T12:15:55,13,1,0,14
2024-11-17T12:48:45,13,1,0,14
2024-11-17T13:21:35,13,1,0,14
2024-11-17T13:54:33,13,1,0,14
2024-11-17T14:27:22,13,1,0,14
2024-11-17T15:00:20,13,1,0,14
2024-11-17T15:33:11,13,1,0,14
2024-11-17T16:06:01,13,1,0,14
2024-11-17T16:38:59,13,1,0,14
2024-11-17T17:11:49,13,1,0,14
2024-11-17T17:44:41,13,1,0,14
2024-11-17T18:17:40,13,1,0,14
2024-11-17T18:50:31,13,1,0,14
2024-11-17T19:23:32,13,1,0,14
2024-11-17T19:56:25,13,1,0,14
2024-11-17T20:29:16,13,1,0,14
2024-11-17T21:02:22,13,1,0,14
2024-11-17T21:35:35,13,1,0,14
2024-11-17T22:08:33,13,1,0,14
2024-11-17T22:41:32,13,1,0,14
2024-11-17T23:14:22,13,1,0,14
2024-11-17T23:47:13,13,1,0,14
2024-11-18T00:20:23,13,1,0,14
2024-11-18T00:53:25,13,1,0,14
2024-11-18T01:26:25,13,1,0,14
2024-11-18T01:59:22,13,1,0,14
2024-11-18T02:32:17,13,1,0,14
2024-11-18T03:05:10,13,1,0,14
2024-11-18T03:38:12,13,1,0,14
2024-11-18T04:12:47,13,1,0,14
2024-11-18T04:25:53,13,1,0,14
2024-11-18T04:59:14,13,1,0,14
2024-11-18T05:32:10,13,1,0,14
2024-11-18T06:05:09,13,1,0,14
2024-11-18T06:38:03,13,1,0,14
2024-11-18T07:10:56,13,1,0,14
2024-11-18T07:44:02,13,1,0,14
2024-11-18T08:16:53,13,1,0,14
2024-11-18T08:49:45,13,1,0,14
2024-11-18T09:22:37,13,1,0,14
2024-11-18T09:55:47,13,1,0,14
2024-11-18T10:28:38,13,1,0,14
2024-11-18T11:01:37,13,1,0,14
2024-11-18T11:34:45,13,1,0,14
2024-11-18T12:07:57,13,1,0,14
2024-11-18T12:40:47,13,1,0,14
2024-11-18T13:13:49,13,1,0,14
2024-11-18T13:46:42,13,1,0,14
2024-11-18T14:19:42,13,1,0,14
2024-11-18T14:52:42,13,1,0,14
2024-11-18T15:25:54,13,1,0,14
2024-11-18T15:58:45,13,1,0,14
2024-11-18T16:31:46,13,1,0,14
2024-11-18T17:04:46,13,1,0,14
2024-11-18T17:37:36,13,1,0,14
2024-11-18T18:10:37,13,1,0,14
2024-11-18T18:43:36,13,1,0,14
2024-11-18T19:16:26,13,1,0,14
2024-11-18T19:49:36,13,1,0,14
2024-11-18T20:22:25,13,1,0,14
2024-11-18T20:55:42,13,1,0,14
2024-11-18T21:29:55,13,1,0,14
2024-11-18T22:02:45,13,1,0,14
2024-11-18T22:35:47,13,1,0,14
2024-11-18T23:08:37,13,1,0,14
2024-11-18T23:41:45,13,1,0,14
2024-11-19T00:17:17,13,1,0,14
2024-11-19T00:50:16,13,1,0,14
2024-11-19T01:23:25,13,1,0,14
2024-11-19T01:56:23,13,1,0,14
2024-11-19T02:29:34,13,1,0,14
2024-11-19T03:02:31,13,1,0,14
2024-11-19T03:35:26,13,1,0,14
2024-11-19T04:08:21,13,1,0,14
2024-11-19T04:23:09,13,1,0,14
2024-11-19T04:57:40,13,1,0,14
2024-11-19T05:30:37,13,1,0,14
2024-11-19T06:03:31,13,1,0,14
2024-11-19T06:36:25,13,1,0,14
2024-11-19T07:09:22,13,1,0,14
2024-11-19T07:42:20,13,1,0,14
2024-11-19T08:15:27,13,1,0,14
2024-11-19T08:48:21,13,1,0,14
2024-11-19T09:21:13,13,1,0,14
2024-11-19T09:54:14,13,1,0,14
2024-11-19T10:27:23,13,1,0,14
2024-11-19T11:00:15,13,1,0,14
2024-11-19T11:33:53,13,1,0,14
2024-11-19T12:07:02,13,1,0,14
2024-11-19T12:41:36,13,1,0,14
2024-11-19T13:17:47,13,1,0,14
2024-11-19T13:53:14,13,1,0,14
2024-11-19T14:29:50,13,1,0,14
2024-11-19T15:02:58,13,1,0,14
2024-11-19T15:46:33,13,1,0,14
2024-11-19T16:19:56,13,1,0,14
2024-11-19T16:52:59,13,1,0,14
2024-11-19T17:26:09,13,1,0,14
2024-11-19T17:59:00,13,1,0,14
2024-11-19T18:32:01,13,1,0,14
2024-11-19T19:05:01,13,1,0,14
2024-11-19T19:37:53,13,1,0,14
2024-11-19T20:10:55,13,1,0,14
2024-11-19T20:43:46,13,1,0,14
2024-11-19T21:16:47,13,1,0,14
2024-11-19T21:50:37,13,1,0,14
2024-11-19T22:23:37,13,1,0,14
2024-11-19T22:56:27,13,1,0,14
2024-11-19T23:29:31,13,1,0,14
2024-11-20T00:02:29,13,1,0,14
2024-11-20T00:35:25,13,1,0,14
2024-11-20T01:08:34,13,1,0,14
2024-11-20T01:41:31,13,1,0,14
2024-11-20T02:14:29,13,1,0,14
2024-11-20T02:47:25,13,1,0,14
2024-11-20T03:20:23,13,1,0,14
2024-11-20T03:53:18,13,1,0,14
2024-11-20T04:34:22,13,1,0,14
2024-11-20T05:07:42,13,1,0,14
2024-11-20T05:40:37,13,1,0,14
2024-11-20T06:13:32,13,1,0,14
2024-11-20T06:46:26,13,1,0,14
2024-11-20T07:19:22,13,1,0,14
2024-11-20T07:52:19,13,1,0,14
2024-11-20T08:25:25,13,1,0,14
2024-11-20T08:58:17,13,1,0,14
2024-11-20T09:31:11,13,1,0,14
2024-11-20T10:04:13,13,1,0,14
2024-11-20T10:37:17,13,1,0,14
2024-11-20T11:10:12,13,1,0,14
2024-11-20T11:43:14,13,1,0,14
2024-11-20T12:16:18,13,1,0,14
2024-11-20T12:49:17,13,1,0,14
2024-11-20T13:22:13,13,1,0,14
2024-11-20T13:55:16,13,1,0,14
2024-11-20T14:28:20,13,1,0,14
2024-11-20T15:01:24,13,1,0,14
2024-11-20T15:34:16,13,1,0,14
2024-11-20T16:07:18,13,1,0,14
2024-11-20T16:40:23,13,1,0,14
2024-11-20T17:13:16,13,1,0,14
2024-11-20T17:46:18,13,1,0,14
2024-11-20T18:19:20,13,1,0,14
2024-11-20T18:52:10,13,1,0,14
2024-11-20T19:25:11,13,1,0,14
2024-11-20T19:58:04,13,1,0,14
2024-11-20T20:31:06,13,1,0,14
2024-11-20T21:03:56,13,1,0,14
2024-11-20T21:37:36,13,1,0,14
2024-11-20T22:10:27,13,1,0,14
2024-11-20T22:43:30,13,1,0,14
2024-11-20T23:16:21,13,1,0,14
2024-11-20T23:49:20,13,1,0,14
2024-11-21T00:22:15,13,1,0,14
2024-11-21T00:55:13,13,1,0,14
2024-11-21T01:28:11,13,1,0,14
2024-11-21T02:01:14,13,1,0,14
2024-11-21T02:34:20,13,1,0,14
2024-11-21T03:07:15,13,1,0,14
2024-11-21T03:40:10,13,1,0,14
2024-11-21T04:15:27,13,1,0,14
2024-11-21T04:32:41,13,1,0,14
2024-11-21T05:05:39,13,1,0,14
2024-11-21T05:38:36,13,1,0,14
2024-11-21T06:11:30,13,1,0,14
2024-11-21T06:44:23,13,1,0,14
2024-11-21T07:17:27,13,1,0,14
2024-11-21T07:50:20,13,1,0,14
2024-11-21T08:23:14,13,1,0,14
2024-11-21T08:56:08,13,1,0,14
2024-11-21T09:29:15,13,1,0,14
2024-11-21T10:02:19,13,1,0,14
2024-11-21T10:35:10,13,1,0,14
2024-11-21T11:08:12,13,1,0,14
2024-11-21T11:41:13,13,1,0,14
2024-11-21T12:14:14,13,1,0,14
2024-11-21T12:47:06,13,1,0,14
2024-11-21T13:20:11,13,1,0,14
2024-11-21T13:53:13,13,1,0,14
2024-11-21T14:26:18,13,1,0,14
2024-11-21T14:59:27,13,1,0,14
2024-11-21T15:32:36,13,1,0,14
2024-11-21T16:05:41,13,1,0,14
2024-11-21T16:38:33,13,1,0,14
2024-11-21T17:11:35,13,1,0,14
2024-11-21T17:44:38,13,1,0,14
2024-11-21T18:17:29,13,1,0,14
2024-11-21T18:50:32,13,1,0,14
2024-11-21T19:23:23,13,1,0,14
2024-11-21T19:56:25,13,1,0,14
2024-11-21T20:29:28,13,1,0,14
2024-11-21T21:02:18,13,1,0,14
2024-11-21T21:35:19,13,1,0,14
2024-11-21T22:08:21,13,1,0,14
2024-11-21T22:41:10,13,1,0,14
2024-11-21T23:14:13,13,1,0,14
2024-11-21T23:47:05,13,1,0,14
2024-11-22T00:20:19,13,1,0,14
2024-11-22T00:53:15,13,1,0,14
2024-11-22T01:26:14,13,1,0,14
2024-11-22T01:59:21,13,1,0,14
2024-11-22T02:32:21,13,1,0,14
2024-11-22T03:05:28,13,1,0,14
2024-11-22T03:38:21,13,1,0,14
2024-11-22T04:13:33,13,1,0,14
2024-11-22T04:29:42,13,1,0,14
2024-11-22T05:03:03,13,1,0,14
2024-11-22T05:35:57,13,1,0,14
2024-11-22T06:08:51,13,1,0,14
2024-11-22T06:41:44,13,1,0,14
2024-11-22T07:14:40,13,1,0,14
2024-11-22T07:47:35,13,1,0,14
2024-11-22T08:20:27,13,1,0,14
2024-11-22T08:53:27,13,1,0,14
2024-11-22T09:26:20,13,1,0,14
2024-11-22T09:59:24,13,1,0,14
2024-11-22T10:32:15,13,1,0,14
2024-11-22T11:05:16,13,1,0,14
2024-11-22T11:38:18,13,1,0,14
2024-11-22T12:11:20,13,1,0,14
2024-11-22T12:44:11,13,1,0,14
2024-11-22T13:17:13,13,1,0,14
2024-11-22T13:50:14,13,1,0,14
2024-11-22T14:23:13,13,1,0,14
2024-11-22T14:56:15,13,1,0,14
2024-11-22T15:29:10,13,1,0,14
2024-11-22T16:02:10,13,1,0,14
2024-11-22T16:35:12,13,1,0,14
2024-11-22T17:08:13,13,1,0,14
2024-11-22T17:41:16,13,1,0,14
2024-11-22T18:14:07,13,1,0,14
2024-11-22T18:47:08,13,1,0,14
2024-11-22T19:19:59,13,1,0,14
2024-11-22T19:52:58,13,1,0,14
2024-11-22T20:26:00,13,1,0,14
2024-11-22T20:58:51,13,1,0,14
2024-11-22T21:31:51,13,1,0,14
2024-11-22T22:04:42,13,1,0,14
2024-11-22T22:37:32,13,1,0,14
2024-11-22T23:10:33,13,1,0,14
2024-11-22T23:43:24,13,1,0,14
2024-11-23T00:16:26,13,1,0,14
2024-11-23T00:49:27,13,1,0,14
2024-11-23T01:22:22,13,1,0,14
2024-11-23T01:55:28,13,1,0,14
2024-11-23T02:28:22,13,1,0,14
2024-11-23T03:01:14,13,1,0,14
2024-11-23T03:34:07,13,1,0,14
2024-11-23T04:07:01,13,1,0,14
2024-11-23T04:32:21,13,1,0,14
2024-11-23T05:07:12,13,1,0,14
2024-11-23T05:40:07,13,1,0,14
2024-11-23T06:13:01,13,1,0,14
2024-11-23T06:45:57,13,1,0,14
2024-11-23T07:18:52,13,1,0,14
2024-11-23T07:51:45,13,1,0,14
2024-11-23T08:24:47,13,1,0,14
2024-11-23T08:57:41,13,1,0,14
2024-11-23T09:30:35,13,1,0,14
2024-11-23T10:03:37,13,1,0,14
2024-11-23T10:36:31,13,1,0,14
2024-11-23T11:09:34,13,1,0,14
2024-11-23T11:42:31,13,1,0,14
2024-11-23T12:15:33,13,1,0,14
2024-11-23T12:48:35,13,1,0,14
2024-11-23T13:21:30,13,1,0,14
2024-11-23T13:54:31,13,1,0,14
2024-11-23T14:27:24,13,1,0,14
2024-11-23T15:00:23,13,1,0,14
2024-11-23T15:33:28,13,1,0,14
2024-11-23T16:06:19,13,1,0,14
2024-11-23T16:39:19,13,1,0,14
2024-11-23T17:12:21,13,1,0,14
2024-11-23T17:45:15,13,1,0,14
2024-11-23T18:18:15,13,1,0,14
2024-11-23T18:51:16,13,1,0,14
2024-11-23T19:24:08,13,1,0,14
2024-11-23T19:57:05,13,1,0,14
2024-11-23T20:29:55,13,1,0,14
2024-11-23T21:02:56,13,1,0,14
2024-11-23T21:35:47,13,1,0,14
2024-11-23T22:08:47,13,1,0,14
2024-11-23T22:41:37,13,1,0,14
2024-11-23T23:14:28,13,1,0,14
2024-11-23T23:47:20,13,1,0,14
2024-11-24T00:20:21,13,1,0,14
2024-11-24T00:53:13,13,1,0,14
2024-11-24T01:26:10,13,1,0,14
2024-11-24T01:59:02,13,1,0,14
2024-11-24T02:32:02,13,1,0,14
2024-11-24T03:04:56,13,1,0,14
2024-11-24T03:38:20,13,1,0,14
2024-11-24T04:22:10,13,1,0,14
2024-11-24T04:55:33,13,1,0,14
2024-11-24T05:28:30,13,1,0,14
2024-11-24T06:01:26,13,1,0,14
2024-11-24T06:34:24,13,1,0,14
2024-11-24T07:07:20,13,1,0,14
2024-11-24T07:40:19,13,1,0,14
2024-11-24T08:13:16,13,1,0,14
2024-11-24T08:46:15,13,1,0,14
2024-11-24T09:19:23,13,1,0,14
2024-11-24T09:52:14,13,1,0,14
2024-11-24T10:25:10,13,1,0,14
2024-11-24T10:58:08,13,1,0,14
2024-11-24T11:31:03,13,1,0,14
2024-11-24T12:04:11,13,1,0,14
2024-11-24T12:37:02,13,1,0,14
2024-11-24T13:09:54,13,1,0,14
2024-11-24T13:42:53,13,1,0,14
2024-11-24T14:15:44,13,1,0,14
2024-11-24T14:48:35,13,1,0,14
2024-11-24T15:21:37,13,1,0,14
2024-11-24T15:54:52,13,1,0,14
2024-11-24T16:27:55,13,1,0,14
2024-11-24T17:00:47,13,1,0,14
2024-11-24T17:33:47,13,1,0,14
2024-11-24T18:06:37,13,1,0,14
2024-11-24T18:39:28,13,1,0,14
2024-11-24T19:12:29,13,1,0,14
2024-11-24T19:45:21,13,1,0,14
2024-11-24T20:18:12,13,1,0,14
2024-11-24T20:51:12,13,1,0,14
2024-11-24T21:24:04,13,1,0,14
2024-11-24T21:56:53,13,1,0,14
