time,enrolled,available,waitlisted,total
2024-05-21T23:31:10,0,0,0,0
2024-05-21T23:37:15,0,0,0,0
2024-05-21T23:52:03,0,0,0,0
2024-05-22T00:06:52,0,0,0,0
2024-05-22T00:21:45,0,0,0,0
2024-05-22T00:36:38,0,0,0,0
2024-05-22T00:51:30,0,0,0,0
2024-05-22T01:06:21,0,0,0,0
2024-05-22T01:21:14,0,0,0,0
2024-05-22T01:36:16,0,0,0,0
2024-05-22T01:51:08,0,0,0,0
2024-05-22T02:06:00,0,0,0,0
2024-05-22T02:20:51,0,0,0,0
2024-05-22T02:35:41,0,0,0,0
2024-05-22T02:50:31,0,0,0,0
2024-05-22T03:05:21,0,0,0,0
2024-05-22T03:20:12,0,0,0,0
2024-05-22T03:35:03,0,0,0,0
2024-05-22T03:50:03,0,0,0,0
2024-05-22T04:04:57,0,0,0,0
2024-05-22T04:31:25,0,0,0,0
2024-05-22T04:46:18,0,0,0,0
2024-05-22T05:01:10,0,0,0,0
2024-05-22T05:16:09,0,0,0,0
2024-05-22T05:32:45,0,0,0,0
2024-05-22T05:47:36,0,0,0,0
2024-05-22T06:02:27,0,0,0,0
2024-05-22T06:17:20,0,0,0,0
2024-05-22T06:32:12,0,0,0,0
2024-05-22T06:47:01,0,0,0,0
2024-05-22T07:01:53,0,0,0,0
2024-05-22T07:16:46,0,0,0,0
2024-05-22T07:31:36,0,0,0,0
2024-05-22T07:46:25,0,0,0,0
2024-05-22T08:01:16,0,0,0,0
2024-05-22T08:16:06,0,0,0,0
2024-05-22T08:31:07,0,0,0,0
2024-05-22T08:45:56,0,0,0,0
2024-05-22T09:00:45,0,0,0,0
2024-05-22T09:15:35,0,0,0,0
2024-05-22T09:30:24,0,0,0,0
2024-05-22T09:45:14,0,0,0,0
2024-05-22T10:00:02,0,0,0,0
2024-05-22T10:14:50,0,0,0,0
2024-05-22T10:29:51,0,0,0,0
2024-05-22T10:44:38,0,0,0,0
2024-05-22T10:59:28,0,0,0,0
2024-05-22T11:14:17,0,0,0,0
2024-05-22T11:29:17,0,0,0,0
2024-05-22T11:44:05,0,0,0,0
2024-05-22T11:58:53,0,0,0,0
2024-05-22T12:13:53,0,0,0,0
2024-05-22T12:28:42,0,0,0,0
2024-05-22T12:43:40,0,0,0,0
2024-05-22T12:58:28,0,0,0,0
2024-05-22T13:13:17,0,0,0,0
2024-05-22T13:28:08,0,0,0,0
2024-05-22T13:43:09,0,0,0,0
2024-05-22T13:57:57,0,0,0,0
2024-05-22T14:12:47,0,0,0,0
2024-05-22T14:27:35,0,0,0,0
2024-05-22T14:42:34,0,0,0,0
2024-05-22T14:57:24,0,0,0,0
2024-05-22T15:12:15,0,0,0,0
2024-05-22T15:27:14,0,0,0,0
2024-05-22T15:42:04,0,0,0,0
2024-05-22T15:56:54,0,0,0,0
2024-05-22T16:11:44,0,0,0,0
2024-05-22T16:26:44,0,0,0,0
2024-05-22T16:41:33,0,0,0,0
2024-05-22T16:56:21,0,0,0,0
2024-05-22T17:11:11,0,0,0,0
2024-05-22T17:26:12,0,0,0,0
2024-05-22T17:41:02,0,0,0,0
2024-05-22T17:55:52,0,0,0,0
2024-05-22T18:10:42,0,0,0,0
2024-05-22T18:25:31,0,0,0,0
2024-05-22T18:40:30,0,0,0,0
2024-05-22T18:55:19,0,0,0,0
2024-05-22T19:10:08,0,0,0,0
2024-05-22T19:24:57,0,0,0,0
2024-05-22T19:39:46,0,0,0,0
2024-05-22T19:54:36,0,0,0,0
2024-05-22T20:09:25,0,0,0,0
2024-05-22T20:24:24,0,0,0,0
2024-05-22T20:39:13,0,0,0,0
2024-05-22T20:54:02,0,0,0,0
2024-05-22T21:08:52,0,0,0,0
2024-05-22T21:23:49,0,0,0,0
2024-05-22T21:38:39,0,0,0,0
2024-05-22T21:53:39,0,0,0,0
2024-05-22T22:08:29,0,0,0,0
2024-05-22T22:23:19,0,0,0,0
2024-05-22T22:38:09,0,0,0,0
2024-05-22T22:52:59,0,0,0,0
2024-05-22T23:07:49,0,0,0,0
2024-05-22T23:22:51,0,0,0,0
2024-05-22T23:37:40,0,0,0,0
2024-05-22T23:52:29,0,0,0,0
2024-05-23T00:07:21,0,0,0,0
2024-05-23T00:22:21,0,0,0,0
2024-05-23T00:37:16,0,0,0,0
2024-05-23T00:52:11,0,0,0,0
2024-05-23T01:07:04,0,0,0,0
2024-05-23T01:21:55,0,0,0,0
2024-05-23T01:36:49,0,0,0,0
2024-05-23T01:51:52,0,0,0,0
2024-05-23T02:06:43,0,0,0,0
2024-05-23T02:21:33,0,0,0,0
2024-05-23T02:36:24,0,0,0,0
2024-05-23T02:51:15,0,0,0,0
2024-05-23T03:06:06,0,0,0,0
2024-05-23T03:21:07,0,0,0,0
2024-05-23T03:35:59,0,0,0,0
2024-05-23T03:50:52,0,0,0,0
2024-05-23T04:05:48,0,0,0,0
2024-05-23T04:30:18,0,0,0,0
2024-05-23T04:45:45,0,0,0,0
2024-05-23T05:01:54,0,0,0,0
2024-05-23T05:17:00,0,0,0,0
2024-05-23T05:31:54,0,0,0,0
2024-05-23T05:46:46,0,0,0,0
2024-05-23T06:01:38,0,0,0,0
2024-05-23T06:16:30,0,0,0,0
2024-05-23T06:31:22,0,0,0,0
2024-05-23T06:46:15,0,0,0,0
2024-05-23T07:01:08,0,0,0,0
2024-05-23T07:16:02,0,0,0,0
2024-05-23T07:30:54,0,0,0,0
2024-05-23T07:45:45,0,0,0,0
2024-05-23T08:00:36,0,0,0,0
2024-05-23T08:15:30,0,0,0,0
2024-05-23T08:30:21,0,0,0,0
2024-05-23T08:45:11,0,0,0,0
2024-05-23T09:00:10,0,0,0,0
2024-05-23T09:15:01,0,0,0,0
2024-05-23T09:29:53,0,0,0,0
2024-05-23T09:44:45,0,0,0,0
2024-05-23T09:59:38,0,0,0,0
2024-05-23T10:14:31,0,0,0,0
2024-05-23T10:29:24,0,0,0,0
2024-05-23T10:44:26,0,0,0,0
2024-05-23T10:59:18,0,0,0,0
2024-05-23T11:14:09,0,0,0,0
2024-05-23T11:29:01,0,0,0,0
2024-05-23T11:43:53,0,0,0,0
2024-05-23T11:58:45,0,0,0,0
2024-05-23T12:13:46,0,0,0,0
2024-05-23T12:28:38,0,0,0,0
2024-05-23T12:43:33,0,0,0,0
2024-05-23T12:58:25,0,0,0,0
2024-05-23T13:13:17,0,0,0,0
2024-05-23T13:28:20,0,0,0,0
2024-05-23T13:43:21,0,0,0,0
2024-05-23T13:58:19,0,0,0,0
2024-05-23T14:13:12,0,0,0,0
2024-05-23T14:28:15,0,0,0,0
2024-05-23T14:43:08,0,0,0,0
2024-05-23T14:58:00,0,0,0,0
2024-05-23T15:12:53,0,0,0,0
2024-05-23T15:27:56,0,0,0,0
2024-05-23T15:42:49,0,0,0,0
2024-05-23T15:57:41,0,0,0,0
2024-05-23T16:12:33,0,0,0,0
2024-05-23T16:27:36,0,0,0,0
2024-05-23T16:42:28,0,0,0,0
2024-05-23T16:57:20,0,0,0,0
2024-05-23T17:12:13,0,0,0,0
2024-05-23T17:27:17,0,0,0,0
2024-05-23T17:42:12,0,0,0,0
2024-05-23T17:57:05,0,0,0,0
2024-05-23T18:11:57,0,0,0,0
2024-05-23T18:26:49,0,0,0,0
2024-05-23T18:41:43,0,0,0,0
2024-05-23T18:56:47,0,0,0,0
2024-05-23T19:11:40,0,0,0,0
2024-05-23T19:26:33,0,0,0,0
2024-05-23T19:41:28,0,0,0,0
2024-05-23T19:56:21,0,0,0,0
2024-05-23T20:11:14,0,0,0,0
2024-05-23T20:26:18,0,0,0,0
2024-05-23T20:41:11,0,0,0,0
2024-05-23T20:56:06,0,0,0,0
2024-05-23T21:10:59,0,0,0,0
2024-05-23T21:25:53,0,0,0,0
2024-05-23T21:40:47,0,0,0,0
2024-05-23T21:55:40,0,0,0,0
2024-05-23T22:10:46,0,0,0,0
2024-05-23T22:25:39,0,0,0,0
2024-05-23T22:40:32,0,0,0,0
2024-05-23T22:55:27,0,0,0,0
2024-05-23T23:10:21,0,0,0,0
2024-05-23T23:25:14,0,0,0,0
2024-05-23T23:40:08,0,0,0,0
2024-05-23T23:55:12,0,0,0,0
2024-05-24T00:10:12,0,0,0,0
2024-05-24T00:25:09,0,0,0,0
2024-05-24T00:40:05,0,0,0,0
2024-05-24T00:55:01,0,0,0,0
2024-05-24T01:09:57,0,0,0,0
2024-05-24T01:24:54,0,0,0,0
2024-05-24T01:39:53,0,0,0,0
2024-05-24T01:55:14,0,0,0,0
2024-05-24T02:10:10,0,0,0,0
2024-05-24T02:25:06,0,0,0,0
2024-05-24T02:40:01,0,0,0,0
2024-05-24T02:54:58,0,0,0,0
2024-05-24T03:09:58,0,0,0,0
2024-05-24T03:24:54,0,0,0,0
2024-05-24T03:39:50,0,0,0,0
2024-05-24T03:54:51,0,0,0,0
2024-05-24T04:09:59,0,0,0,0
2024-05-24T04:27:22,0,0,0,0
2024-05-24T04:42:18,0,0,0,0
2024-05-24T04:58:53,0,0,0,0
2024-05-24T05:13:55,0,0,0,0
2024-05-24T05:28:51,0,0,0,0
2024-05-24T05:43:48,0,0,0,0
2024-05-24T05:58:44,0,0,0,0
2024-05-24T06:13:40,0,0,0,0
2024-05-24T06:28:39,0,0,0,0
2024-05-24T06:43:35,0,0,0,0
2024-05-24T06:58:30,0,0,0,0
2024-05-24T07:13:28,0,0,0,0
2024-05-24T07:28:24,0,0,0,0
2024-05-24T07:43:21,0,0,0,0
2024-05-24T07:58:24,0,0,0,0
2024-05-24T08:13:20,0,0,0,0
2024-05-24T08:28:15,0,0,0,0
2024-05-24T08:43:10,0,0,0,0
2024-05-24T08:58:05,0,0,0,0
2024-05-24T09:13:00,0,0,0,0
2024-05-24T09:27:54,0,0,0,0
2024-05-24T09:42:48,0,0,0,0
2024-05-24T09:57:54,0,0,0,0
2024-05-24T10:12:48,0,0,0,0
2024-05-24T10:27:41,0,40,0,40
2024-05-24T10:42:35,0,40,0,40
2024-05-24T10:57:30,0,40,0,40
2024-05-24T11:12:32,0,40,0,40
2024-05-24T11:27:25,0,40,0,40
2024-05-24T11:42:19,0,40,0,40
2024-05-24T11:57:13,0,40,0,40
2024-05-24T12:12:17,0,40,0,40
2024-05-24T12:27:10,0,40,0,40
2024-05-24T12:42:02,0,40,0,40
2024-05-24T12:56:57,0,40,0,40
2024-05-24T13:11:51,0,40,0,40
2024-05-24T13:26:54,0,40,0,40
2024-05-24T13:41:48,0,40,0,40
2024-05-24T13:56:42,0,40,0,40
2024-05-24T14:11:36,0,40,0,40
2024-05-24T14:26:40,0,40,0,40
2024-05-24T14:41:40,0,40,0,40
2024-05-24T14:56:32,0,40,0,40
2024-05-24T15:11:27,0,40,0,40
2024-05-24T15:26:30,0,40,0,40
2024-05-24T15:41:24,0,40,0,40
2024-05-24T15:56:18,0,40,0,40
2024-05-24T16:11:11,0,40,0,40
2024-05-24T16:26:06,0,40,0,40
2024-05-24T16:41:00,0,40,0,40
2024-05-24T16:56:11,0,40,0,40
2024-05-24T17:11:06,0,40,0,40
2024-05-24T17:26:02,0,40,0,40
2024-05-24T17:40:56,0,40,0,40
2024-05-24T17:55:51,0,40,0,40
2024-05-24T18:10:46,0,40,0,40
2024-05-24T18:25:51,0,40,0,40
2024-05-24T18:40:45,0,40,0,40
2024-05-24T18:55:39,0,40,0,40
2024-05-24T19:10:34,0,40,0,40
2024-05-24T19:25:29,0,40,0,40
2024-05-24T19:40:24,0,40,0,40
2024-05-24T19:55:18,0,40,0,40
2024-05-24T20:10:13,0,40,0,40
2024-05-24T20:25:08,0,40,0,40
2024-05-24T20:40:12,0,40,0,40
2024-05-24T20:55:06,1,39,0,40
2024-05-24T21:10:01,1,39,0,40
2024-05-24T21:24:57,1,39,0,40
2024-05-24T21:39:52,1,39,0,40
2024-05-24T21:54:48,1,39,0,40
2024-05-24T22:09:43,1,39,0,40
2024-05-24T22:24:38,1,39,0,40
2024-05-24T22:39:31,1,39,0,40
2024-05-24T22:54:35,1,39,0,40
2024-05-24T23:09:30,1,39,0,40
2024-05-24T23:24:25,1,39,0,40
2024-05-24T23:39:21,1,39,0,40
2024-05-24T23:54:16,1,39,0,40
2024-05-25T00:09:15,1,39,0,40
2024-05-25T00:24:18,1,39,0,40
2024-05-25T00:39:19,1,39,0,40
2024-05-25T00:54:19,1,39,0,40
2024-05-25T01:09:25,1,39,0,40
2024-05-25T01:24:22,1,39,0,40
2024-05-25T01:39:20,1,39,0,40
2024-05-25T01:54:17,1,39,0,40
2024-05-25T02:09:14,1,39,0,40
2024-05-25T02:24:10,1,39,0,40
2024-05-25T02:39:06,1,39,0,40
2024-05-25T02:54:02,1,39,0,40
2024-05-25T03:08:59,1,39,0,40
2024-05-25T03:23:55,1,39,0,40
2024-05-25T03:38:51,1,39,0,40
2024-05-25T03:53:50,1,39,0,40
2024-05-25T04:08:46,1,39,0,40
2024-05-25T04:25:37,1,39,0,40
2024-05-25T04:41:36,1,39,0,40
2024-05-25T04:57:02,1,39,0,40
2024-05-25T05:11:57,1,39,0,40
2024-05-25T05:26:56,1,39,0,40
2024-05-25T05:41:53,1,39,0,40
2024-05-25T05:56:51,1,39,0,40
2024-05-25T06:11:49,1,39,0,40
2024-05-25T06:26:46,1,39,0,40
2024-05-25T06:41:42,1,39,0,40
2024-05-25T06:56:38,1,39,0,40
2024-05-25T07:11:35,1,39,0,40
2024-05-25T07:26:32,1,39,0,40
2024-05-25T07:41:28,1,39,0,40
2024-05-25T07:56:27,1,39,0,40
2024-05-25T08:11:31,1,39,0,40
2024-05-25T08:26:27,1,39,0,40
2024-05-25T08:41:22,1,39,0,40
2024-05-25T08:56:17,1,39,0,40
2024-05-25T09:11:13,1,39,0,40
2024-05-25T09:26:08,1,39,0,40
2024-05-25T09:41:03,1,39,0,40
2024-05-25T09:55:58,1,39,0,40
2024-05-25T10:10:55,1,39,0,40
2024-05-25T10:25:50,1,39,0,40
2024-05-25T10:40:45,1,39,0,40
2024-05-25T10:55:51,1,39,0,40
2024-05-25T11:10:45,1,39,0,40
2024-05-25T11:25:39,1,39,0,40
2024-05-25T11:40:32,1,39,0,40
2024-05-25T11:55:26,1,39,0,40
2024-05-25T12:10:22,1,39,0,40
2024-05-25T12:25:28,1,39,0,40
2024-05-25T12:40:22,1,39,0,40
2024-05-25T12:55:15,1,39,0,40
2024-05-25T13:10:09,1,39,0,40
2024-05-25T13:25:03,1,39,0,40
2024-05-25T13:39:57,1,39,0,40
2024-05-25T13:54:51,1,39,0,40
2024-05-25T14:09:44,1,39,0,40
2024-05-25T14:24:46,1,39,0,40
2024-05-25T14:39:39,1,39,0,40
2024-05-25T14:54:31,2,38,0,40
2024-05-25T15:09:24,3,37,0,40
2024-05-25T15:24:18,3,37,0,40
2024-05-25T15:39:21,3,37,0,40
2024-05-25T15:54:15,3,37,0,40
2024-05-25T16:09:08,3,37,0,40
2024-05-25T16:24:01,3,37,0,40
2024-05-25T16:38:54,3,37,0,40
2024-05-25T16:53:46,4,36,0,40
2024-05-25T17:08:40,4,36,0,40
2024-05-25T17:23:43,6,34,0,40
2024-05-25T17:38:36,7,33,0,40
2024-05-25T17:53:30,7,33,0,40
2024-05-25T18:08:23,7,33,0,40
2024-05-25T18:23:17,7,33,0,40
2024-05-25T18:38:11,7,33,0,40
2024-05-25T18:53:04,7,33,0,40
2024-05-25T19:07:57,7,33,0,40
2024-05-25T19:23:00,7,33,0,40
2024-05-25T19:37:54,7,33,0,40
2024-05-25T19:52:48,7,33,0,40
2024-05-25T20:07:41,7,33,0,40
2024-05-25T20:22:34,7,33,0,40
2024-05-25T20:37:28,7,33,0,40
2024-05-25T20:52:30,8,32,0,40
2024-05-25T21:07:25,8,32,0,40
2024-05-25T21:22:19,8,32,0,40
2024-05-25T21:37:13,8,32,0,40
2024-05-25T21:52:08,8,32,0,40
2024-05-25T22:07:11,8,32,0,40
2024-05-25T22:22:04,8,32,0,40
2024-05-25T22:36:57,8,32,0,40
2024-05-25T22:51:53,8,32,0,40
2024-05-25T23:06:47,8,32,0,40
2024-05-25T23:21:41,8,32,0,40
2024-05-25T23:36:34,8,32,0,40
2024-05-25T23:51:27,8,32,0,40
2024-05-26T00:06:22,8,32,0,40
2024-05-26T00:21:31,8,32,0,40
2024-05-26T00:36:29,8,32,0,40
2024-05-26T00:51:25,8,32,0,40
2024-05-26T01:06:22,8,32,0,40
2024-05-26T01:21:18,8,32,0,40
2024-05-26T01:36:12,8,32,0,40
2024-05-26T01:51:10,8,32,0,40
2024-05-26T02:06:07,8,32,0,40
2024-05-26T02:21:02,8,32,0,40
2024-05-26T02:36:00,8,32,0,40
2024-05-26T02:51:01,8,32,0,40
2024-05-26T03:06:04,8,32,0,40
2024-05-26T03:21:07,8,32,0,40
2024-05-26T03:36:04,8,32,0,40
2024-05-26T03:51:04,8,32,0,40
2024-05-26T04:06:14,8,32,0,40
2024-05-26T04:28:50,8,32,0,40
2024-05-26T04:44:30,8,32,0,40
2024-05-26T04:59:29,8,32,0,40
2024-05-26T05:14:34,8,32,0,40
2024-05-26T05:29:31,8,32,0,40
2024-05-26T05:44:29,8,32,0,40
2024-05-26T05:59:28,8,32,0,40
2024-05-26T06:14:26,8,32,0,40
2024-05-26T06:29:26,8,32,0,40
2024-05-26T06:44:22,8,32,0,40
2024-05-26T06:59:18,8,32,0,40
2024-05-26T07:14:16,8,32,0,40
2024-05-26T07:29:15,8,32,0,40
2024-05-26T07:44:16,8,32,0,40
2024-05-26T07:59:13,8,32,0,40
2024-05-26T08:14:09,8,32,0,40
2024-05-26T08:29:07,8,32,0,40
2024-05-26T08:44:04,8,32,0,40
2024-05-26T08:58:59,8,32,0,40
2024-05-26T09:13:57,8,32,0,40
2024-05-26T09:28:52,8,32,0,40
2024-05-26T09:43:56,8,32,0,40
2024-05-26T09:58:51,8,32,0,40
2024-05-26T10:13:45,8,32,0,40
2024-05-26T10:28:42,8,32,0,40
2024-05-26T10:43:38,8,32,0,40
2024-05-26T10:58:35,8,32,0,40
2024-05-26T11:13:33,8,32,0,40
2024-05-26T11:28:31,8,32,0,40
2024-05-26T11:43:26,8,32,0,40
2024-05-26T11:58:23,8,32,0,40
2024-05-26T12:13:19,8,32,0,40
2024-05-26T12:28:25,8,32,0,40
2024-05-26T12:43:20,8,32,0,40
2024-05-26T12:58:13,8,32,0,40
2024-05-26T13:13:08,8,32,0,40
2024-05-26T13:28:01,8,32,0,40
2024-05-26T13:42:54,8,32,0,40
2024-05-26T13:57:48,8,32,0,40
2024-05-26T14:12:51,8,32,0,40
2024-05-26T14:27:45,8,32,0,40
2024-05-26T14:42:39,8,32,0,40
2024-05-26T14:57:33,8,32,0,40
2024-05-26T15:12:26,8,32,0,40
2024-05-26T15:27:20,8,32,0,40
2024-05-26T15:42:14,8,32,0,40
2024-05-26T15:57:08,8,32,0,40
2024-05-26T16:12:12,8,32,0,40
2024-05-26T16:27:07,8,32,0,40
2024-05-26T16:42:02,8,32,0,40
2024-05-26T16:56:57,8,32,0,40
2024-05-26T17:11:51,8,32,0,40
2024-05-26T17:26:46,8,32,0,40
2024-05-26T17:41:40,8,32,0,40
2024-05-26T17:56:34,8,32,0,40
2024-05-26T18:11:28,8,32,0,40
2024-05-26T18:26:33,8,32,0,40
2024-05-26T18:41:27,8,32,0,40
2024-05-26T18:56:22,8,32,0,40
2024-05-26T19:11:20,8,32,0,40
2024-05-26T19:26:14,8,32,0,40
2024-05-26T19:41:08,8,32,0,40
2024-05-26T19:56:02,8,32,0,40
2024-05-26T20:10:56,8,32,0,40
2024-05-26T20:25:59,8,32,0,40
2024-05-26T20:40:53,8,32,0,40
2024-05-26T20:55:47,8,32,0,40
2024-05-26T21:10:42,8,32,0,40
2024-05-26T21:25:36,8,32,0,40
2024-05-26T21:40:32,8,32,0,40
2024-05-26T21:55:36,8,32,0,40
2024-05-26T22:10:30,8,32,0,40
2024-05-26T22:25:23,8,32,0,40
2024-05-26T22:40:19,8,32,0,40
2024-05-26T22:55:14,8,32,0,40
2024-05-26T23:10:17,8,32,0,40
2024-05-26T23:25:11,8,32,0,40
2024-05-26T23:40:07,8,32,0,40
2024-05-26T23:55:01,8,32,0,40
2024-05-27T00:09:59,8,32,0,40
2024-05-27T00:24:57,8,32,0,40
2024-05-27T00:39:57,8,32,0,40
2024-05-27T00:55:03,8,32,0,40
2024-05-27T01:10:10,8,32,0,40
2024-05-27T01:25:10,8,32,0,40
2024-05-27T01:40:07,8,32,0,40
2024-05-27T01:55:03,8,32,0,40
2024-05-27T02:10:00,8,32,0,40
2024-05-27T02:25:13,8,32,0,40
2024-05-27T02:40:10,8,32,0,40
2024-05-27T02:55:06,8,32,0,40
2024-05-27T03:10:03,8,32,0,40
2024-05-27T03:24:59,8,32,0,40
2024-05-27T03:39:55,8,32,0,40
2024-05-27T03:54:50,8,32,0,40
2024-05-27T04:11:45,8,32,0,40
2024-05-27T04:34:51,8,32,0,40
2024-05-27T04:49:50,8,32,0,40
2024-05-27T05:04:54,8,32,0,40
2024-05-27T05:19:52,8,32,0,40
2024-05-27T05:34:49,8,32,0,40
2024-05-27T05:49:45,8,32,0,40
2024-05-27T06:04:41,8,32,0,40
2024-05-27T06:19:38,8,32,0,40
2024-05-27T06:34:35,8,32,0,40
2024-05-27T06:49:31,8,32,0,40
2024-05-27T07:04:28,8,32,0,40
2024-05-27T07:19:25,8,32,0,40
2024-05-27T07:34:20,8,32,0,40
2024-05-27T07:49:14,8,32,0,40
2024-05-27T08:04:09,8,32,0,40
2024-05-27T08:19:04,8,32,0,40
2024-05-27T08:33:58,8,32,0,40
2024-05-27T08:49:00,8,32,0,40
2024-05-27T09:03:54,8,32,0,40
2024-05-27T09:18:48,8,32,0,40
2024-05-27T09:33:42,8,32,0,40
2024-05-27T09:48:35,8,32,0,40
2024-05-27T10:03:29,8,32,0,40
2024-05-27T10:18:23,8,32,0,40
2024-05-27T10:33:16,8,32,0,40
2024-05-27T10:48:12,8,32,0,40
2024-05-27T11:03:14,8,32,0,40
2024-05-27T11:18:08,8,32,0,40
2024-05-27T11:33:02,8,32,0,40
2024-05-27T11:47:56,8,32,0,40
2024-05-27T12:02:50,9,31,0,40
2024-05-27T12:17:45,9,31,0,40
2024-05-27T12:32:46,9,31,0,40
2024-05-27T12:47:39,9,31,0,40
2024-05-27T13:02:34,9,31,0,40
2024-05-27T13:17:28,9,31,0,40
2024-05-27T13:32:32,9,31,0,40
2024-05-27T13:47:26,9,31,0,40
2024-05-27T14:02:20,9,31,0,40
2024-05-27T14:17:25,9,31,0,40
2024-05-27T14:32:18,9,31,0,40
2024-05-27T14:47:13,9,31,0,40
2024-05-27T15:02:09,9,31,0,40
2024-05-27T15:17:03,9,31,0,40
2024-05-27T15:32:09,9,31,0,40
2024-05-27T15:47:02,9,31,0,40
2024-05-27T16:01:57,9,31,0,40
2024-05-27T16:17:03,9,31,0,40
2024-05-27T16:31:56,9,31,0,40
2024-05-27T16:46:50,10,30,0,40
2024-05-27T17:01:45,10,30,0,40
2024-05-27T17:16:42,10,30,0,40
2024-05-27T17:31:46,10,30,0,40
2024-05-27T17:46:43,11,29,0,40
2024-05-27T18:01:38,11,29,0,40
2024-05-27T18:16:43,11,29,0,40
2024-05-27T18:31:38,11,29,0,40
2024-05-27T18:46:32,11,29,0,40
2024-05-27T19:01:26,11,29,0,40
2024-05-27T19:16:31,11,29,0,40
2024-05-27T19:31:30,11,29,0,40
2024-05-27T19:46:24,11,29,0,40
2024-05-27T20:01:34,11,29,0,40
2024-05-27T20:16:29,11,29,0,40
2024-05-27T20:31:23,11,29,0,40
2024-05-27T20:46:17,11,29,0,40
2024-05-27T21:01:22,11,29,0,40
2024-05-27T21:16:17,11,29,0,40
2024-05-27T21:31:11,12,28,0,40
2024-05-27T21:46:06,12,28,0,40
2024-05-27T22:01:10,12,28,0,40
2024-05-27T22:16:04,12,28,0,40
2024-05-27T22:30:57,12,28,0,40
2024-05-27T22:45:50,12,28,0,40
2024-05-27T23:00:54,12,28,0,40
2024-05-27T23:15:47,13,27,0,40
2024-05-27T23:30:42,13,27,0,40
2024-05-27T23:45:36,13,27,0,40
2024-05-28T00:00:30,13,27,0,40
2024-05-28T00:15:45,13,27,0,40
2024-05-28T00:30:46,13,27,0,40
2024-05-28T00:45:44,13,27,0,40
2024-05-28T01:00:42,13,27,0,40
2024-05-28T01:15:49,13,27,0,40
2024-05-28T01:30:47,13,27,0,40
2024-05-28T01:45:43,13,27,0,40
2024-05-28T02:00:38,13,27,0,40
2024-05-28T02:15:51,13,27,0,40
2024-05-28T02:30:48,13,27,0,40
2024-05-28T02:45:42,13,27,0,40
2024-05-28T03:00:46,13,27,0,40
2024-05-28T03:15:43,13,27,0,40
2024-05-28T03:30:40,13,27,0,40
2024-05-28T03:45:36,13,27,0,40
2024-05-28T04:00:32,13,27,0,40
2024-05-28T04:27:19,13,27,0,40
2024-05-28T04:42:20,13,27,0,40
2024-05-28T04:57:19,13,27,0,40
2024-05-28T05:12:18,13,27,0,40
2024-05-28T05:27:14,13,27,0,40
2024-05-28T05:42:12,13,27,0,40
2024-05-28T05:57:08,13,27,0,40
2024-05-28T06:12:05,13,27,0,40
2024-05-28T06:27:05,13,27,0,40
2024-05-28T06:42:02,13,27,0,40
2024-05-28T06:56:58,13,27,0,40
2024-05-28T07:11:58,13,27,0,40
2024-05-28T07:26:55,13,27,0,40
2024-05-28T07:41:48,13,27,0,40
2024-05-28T07:56:42,13,27,0,40
2024-05-28T08:11:45,13,27,0,40
2024-05-28T08:26:47,13,27,0,40
2024-05-28T08:41:43,13,27,0,40
2024-05-28T08:56:38,13,27,0,40
2024-05-28T09:11:32,13,27,0,40
2024-05-28T09:26:27,13,27,0,40
2024-05-28T09:41:24,14,26,0,40
2024-05-28T09:56:31,14,26,0,40
2024-05-28T10:11:29,14,26,0,40
2024-05-28T10:26:26,14,26,0,40
2024-05-28T10:41:34,14,26,0,40
2024-05-28T10:56:30,14,26,0,40
2024-05-28T11:11:31,14,26,0,40
2024-05-28T11:26:39,14,26,0,40
2024-05-28T11:41:40,14,26,0,40
2024-05-28T11:56:38,14,26,0,40
2024-05-28T12:11:49,14,26,0,40
2024-05-28T12:26:45,14,26,0,40
2024-05-28T12:41:54,15,25,0,40
2024-05-28T12:56:50,15,25,0,40
2024-05-28T13:11:50,15,25,0,40
2024-05-28T13:26:58,15,25,0,40
2024-05-28T13:41:59,15,25,0,40
2024-05-28T13:57:08,15,25,0,40
2024-05-28T14:12:13,15,25,0,40
2024-05-28T14:27:12,15,25,0,40
2024-05-28T14:42:27,15,25,0,40
2024-05-28T14:57:25,15,25,0,40
2024-05-28T15:12:39,15,25,0,40
2024-05-28T15:27:37,14,26,0,40
2024-05-28T15:42:52,14,26,0,40
2024-05-28T15:57:51,14,26,0,40
2024-05-28T16:13:01,14,26,0,40
2024-05-28T16:27:58,14,26,0,40
2024-05-28T16:43:00,14,26,0,40
2024-05-28T16:58:08,14,26,0,40
2024-05-28T17:13:13,14,26,0,40
2024-05-28T17:28:14,15,25,0,40
2024-05-28T17:43:30,15,25,0,40
2024-05-28T17:58:28,15,25,0,40
2024-05-28T18:13:35,15,25,0,40
2024-05-28T18:28:46,15,25,0,40
2024-05-28T18:43:48,15,25,0,40
2024-05-28T18:58:44,15,25,0,40
2024-05-28T19:13:55,15,25,0,40
2024-05-28T19:28:55,15,25,0,40
2024-05-28T19:43:54,15,25,0,40
2024-05-28T19:59:01,15,25,0,40
2024-05-28T20:14:00,15,25,0,40
2024-05-28T20:28:58,15,25,0,40
2024-05-28T20:44:13,15,25,0,40
2024-05-28T20:59:10,15,25,0,40
2024-05-28T21:14:10,15,25,0,40
2024-05-28T21:29:10,15,25,0,40
2024-05-28T21:44:21,15,25,0,40
2024-05-28T21:59:20,15,25,0,40
2024-05-28T22:14:15,15,25,0,40
2024-05-28T22:29:22,15,25,0,40
2024-05-28T22:44:18,15,25,0,40
2024-05-28T22:59:15,15,25,0,40
2024-05-28T23:14:13,15,25,0,40
2024-05-28T23:29:10,15,25,0,40
2024-05-28T23:44:17,15,25,0,40
2024-05-28T23:59:14,15,25,0,40
2024-05-29T00:14:18,15,25,0,40
2024-05-29T00:29:24,15,25,0,40
2024-05-29T00:44:26,15,25,0,40
2024-05-29T00:59:33,15,25,0,40
2024-05-29T01:14:31,15,25,0,40
2024-05-29T01:29:29,15,25,0,40
2024-05-29T01:44:28,15,25,0,40
2024-05-29T01:59:29,15,25,0,40
2024-05-29T02:14:28,15,25,0,40
2024-05-29T02:29:25,15,25,0,40
2024-05-29T02:44:33,15,25,0,40
2024-05-29T02:59:31,15,25,0,40
2024-05-29T03:14:29,15,25,0,40
2024-05-29T03:29:28,15,25,0,40
2024-05-29T03:44:25,15,25,0,40
2024-05-29T03:59:25,15,25,0,40
2024-05-29T04:28:53,15,25,0,40
2024-05-29T04:45:17,15,25,0,40
2024-05-29T05:00:17,15,25,0,40
2024-05-29T05:15:31,15,25,0,40
2024-05-29T05:30:30,15,25,0,40
2024-05-29T05:45:28,15,25,0,40
2024-05-29T06:00:26,15,25,0,40
2024-05-29T06:15:24,15,25,0,40
2024-05-29T06:30:23,15,25,0,40
2024-05-29T06:45:21,15,25,0,40
2024-05-29T07:00:20,15,25,0,40
2024-05-29T07:15:23,15,25,0,40
2024-05-29T07:30:30,15,25,0,40
2024-05-29T07:45:28,15,25,0,40
2024-05-29T08:00:25,15,25,0,40
2024-05-29T08:15:29,15,25,0,40
2024-05-29T08:30:27,15,25,0,40
2024-05-29T08:45:25,15,25,0,40
2024-05-29T09:00:25,15,25,0,40
2024-05-29T09:15:25,15,25,0,40
2024-05-29T09:30:34,15,25,0,40
2024-05-29T09:45:35,15,25,0,40
2024-05-29T10:00:36,15,25,0,40
2024-05-29T10:15:45,15,25,0,40
2024-05-29T10:30:56,15,25,0,40
2024-05-29T10:45:59,15,25,0,40
2024-05-29T11:01:11,15,25,0,40
2024-05-29T11:16:25,15,25,0,40
2024-05-29T11:31:25,15,25,0,40
2024-05-29T11:46:35,15,25,0,40
2024-05-29T12:01:37,15,25,0,40
2024-05-29T12:16:51,15,25,0,40
2024-05-29T12:31:50,15,25,0,40
2024-05-29T12:46:57,15,25,0,40
2024-05-29T13:01:55,15,25,0,40
2024-05-29T13:16:53,15,25,0,40
2024-05-29T13:32:00,15,25,0,40
2024-05-29T13:46:58,15,25,0,40
2024-05-29T14:01:55,15,25,0,40
2024-05-29T14:17:01,15,25,0,40
2024-05-29T14:31:57,15,25,0,40
2024-05-29T14:46:54,15,25,0,40
2024-05-29T15:02:01,15,25,0,40
2024-05-29T15:16:59,15,25,0,40
2024-05-29T15:32:09,15,25,0,40
2024-05-29T15:47:06,15,25,0,40
2024-05-29T16:02:05,15,25,0,40
2024-05-29T16:17:03,15,25,0,40
2024-05-29T16:32:09,15,25,0,40
2024-05-29T16:47:05,15,25,0,40
2024-05-29T17:02:00,15,25,0,40
2024-05-29T17:16:57,15,25,0,40
2024-05-29T17:32:05,15,25,0,40
2024-05-29T17:47:01,15,25,0,40
2024-05-29T18:01:56,15,25,0,40
2024-05-29T18:16:52,15,25,0,40
2024-05-29T18:31:48,15,25,0,40
2024-05-29T18:46:55,15,25,0,40
2024-05-29T19:01:51,15,25,0,40
2024-05-29T19:16:47,15,25,0,40
2024-05-29T19:31:42,15,25,0,40
2024-05-29T19:46:38,15,25,0,40
2024-05-29T20:01:42,15,25,0,40
2024-05-29T20:16:38,15,25,0,40
2024-05-29T20:31:33,15,25,0,40
2024-05-29T20:46:29,15,25,0,40
2024-05-29T21:01:34,15,25,0,40
2024-05-29T21:16:30,15,25,0,40
2024-05-29T21:31:26,15,25,0,40
2024-05-29T21:46:22,15,25,0,40
2024-05-29T22:01:18,15,25,0,40
2024-05-29T22:16:14,15,25,0,40
2024-05-29T22:31:09,15,25,0,40
2024-05-29T22:46:14,15,25,0,40
2024-05-29T23:01:09,15,25,0,40
2024-05-29T23:16:05,15,25,0,40
2024-05-29T23:31:02,15,25,0,40
2024-05-29T23:45:58,15,25,0,40
2024-05-30T00:00:54,15,25,0,40
2024-05-30T00:16:02,15,25,0,40
2024-05-30T00:31:00,15,25,0,40
2024-05-30T00:46:02,15,25,0,40
2024-05-30T01:01:03,15,25,0,40
2024-05-30T01:16:01,15,25,0,40
2024-05-30T01:30:59,15,25,0,40
2024-05-30T01:45:58,15,25,0,40
2024-05-30T02:00:58,15,25,0,40
2024-05-30T02:15:54,15,25,0,40
2024-05-30T02:30:52,15,25,0,40
2024-05-30T02:45:49,15,25,0,40
2024-05-30T03:00:46,15,25,0,40
2024-05-30T03:15:53,15,25,0,40
2024-05-30T03:30:51,15,25,0,40
2024-05-30T03:45:49,15,25,0,40
2024-05-30T04:00:47,15,25,0,40
2024-05-30T04:15:47,15,25,0,40
2024-05-30T04:35:54,15,25,0,40
2024-05-30T04:52:40,15,25,0,40
2024-05-30T05:07:42,15,25,0,40
2024-05-30T05:22:42,15,25,0,40
2024-05-30T05:37:41,15,25,0,40
2024-05-30T05:52:41,15,25,0,40
2024-05-30T06:07:39,15,25,0,40
2024-05-30T06:22:42,15,25,0,40
2024-05-30T06:37:41,15,25,0,40
2024-05-30T06:52:41,15,25,0,40
2024-05-30T07:07:41,15,25,0,40
2024-05-30T07:22:40,15,25,0,40
2024-05-30T07:37:37,15,25,0,40
2024-05-30T07:52:34,15,25,0,40
2024-05-30T08:07:30,15,25,0,40
2024-05-30T08:22:28,15,25,0,40
2024-05-30T08:37:36,15,25,0,40
2024-05-30T08:52:34,15,25,0,40
2024-05-30T09:07:37,15,25,0,40
2024-05-30T09:22:36,15,25,0,40
2024-05-30T09:37:32,15,25,0,40
2024-05-30T09:52:28,15,25,0,40
2024-05-30T10:07:23,15,25,0,40
2024-05-30T10:22:18,15,25,0,40
2024-05-30T10:37:14,15,25,0,40
2024-05-30T10:52:09,15,25,0,40
2024-05-30T11:07:16,15,25,0,40
2024-05-30T11:22:14,15,25,0,40
2024-05-30T11:37:11,15,25,0,40
2024-05-30T11:52:08,15,25,0,40
2024-05-30T12:07:05,15,25,0,40
2024-05-30T12:22:12,15,25,0,40
2024-05-30T12:37:11,15,25,0,40
2024-05-30T12:52:09,15,25,0,40
2024-05-30T13:07:08,15,25,0,40
2024-05-30T13:38:54,15,25,0,40
2024-05-30T13:53:51,15,25,0,40
2024-05-30T14:08:49,15,25,0,40
2024-05-30T14:23:47,15,25,0,40
2024-05-30T14:38:49,15,25,0,40
2024-05-30T14:53:54,15,25,0,40
2024-05-30T15:08:52,15,25,0,40
2024-05-30T15:23:50,15,25,0,40
2024-05-30T15:38:48,15,25,0,40
2024-05-30T15:53:56,15,25,0,40
2024-05-30T16:08:54,15,25,0,40
2024-05-30T16:23:52,15,25,0,40
2024-05-30T16:38:49,15,25,0,40
2024-05-30T16:53:46,15,25,0,40
2024-05-30T17:08:45,15,25,0,40
2024-05-30T17:23:55,15,25,0,40
2024-05-30T17:38:52,15,25,0,40
2024-05-30T17:53:50,15,25,0,40
2024-05-30T18:08:47,15,25,0,40
2024-05-30T18:23:45,15,25,0,40
2024-05-30T18:38:43,15,25,0,40
2024-05-30T18:53:50,15,25,0,40
2024-05-30T19:08:48,15,25,0,40
2024-05-30T19:23:46,15,25,0,40
2024-05-30T19:38:44,15,25,0,40
2024-05-30T19:53:42,15,25,0,40
2024-05-30T20:08:39,15,25,0,40
2024-05-30T20:23:37,15,25,0,40
2024-05-30T20:38:35,15,25,0,40
2024-05-30T20:53:42,15,25,0,40
2024-05-30T21:08:39,15,25,0,40
2024-05-30T21:23:36,15,25,0,40
2024-05-30T21:38:35,15,25,0,40
2024-05-30T21:53:34,15,25,0,40
2024-05-30T22:08:31,15,25,0,40
2024-05-30T22:23:28,15,25,0,40
2024-05-30T22:38:36,15,25,0,40
2024-05-30T22:53:36,15,25,0,40
2024-05-30T23:08:34,15,25,0,40
2024-05-30T23:23:32,15,25,0,40
2024-05-30T23:38:30,15,25,0,40
2024-05-30T23:53:29,15,25,0,40
2024-05-31T00:08:29,15,25,0,40
2024-05-31T00:23:32,15,25,0,40
2024-05-31T00:38:34,15,25,0,40
2024-05-31T00:53:37,15,25,0,40
2024-05-31T01:08:54,15,25,0,40
2024-05-31T01:23:57,15,25,0,40
2024-05-31T01:39:02,15,25,0,40
2024-05-31T01:54:05,15,25,0,40
2024-05-31T02:09:07,15,25,0,40
2024-05-31T02:24:10,15,25,0,40
2024-05-31T02:39:13,15,25,0,40
2024-05-31T02:54:13,15,25,0,40
2024-05-31T03:09:16,15,25,0,40
2024-05-31T03:24:15,15,25,0,40
2024-05-31T03:39:14,15,25,0,40
2024-05-31T03:54:15,15,25,0,40
2024-05-31T04:23:36,15,25,0,40
2024-05-31T04:38:41,15,25,0,40
2024-05-31T04:53:46,15,25,0,40
2024-05-31T05:08:50,15,25,0,40
2024-05-31T05:23:53,15,25,0,40
2024-05-31T05:38:55,15,25,0,40
2024-05-31T05:53:57,15,25,0,40
2024-05-31T06:08:59,15,25,0,40
2024-05-31T06:24:39,15,25,0,40
2024-05-31T06:39:40,15,25,0,40
2024-05-31T06:54:42,15,25,0,40
2024-05-31T07:09:50,15,25,0,40
2024-05-31T07:24:51,15,25,0,40
2024-05-31T07:39:50,15,25,0,40
2024-05-31T07:54:48,15,25,0,40
2024-05-31T08:09:47,15,25,0,40
2024-05-31T08:24:46,15,25,0,40
2024-05-31T08:39:48,15,25,0,40
2024-05-31T08:54:57,15,25,0,40
2024-05-31T09:09:57,15,25,0,40
2024-05-31T09:24:55,15,25,0,40
2024-05-31T09:39:53,15,25,0,40
2024-05-31T09:54:52,15,25,0,40
2024-05-31T10:09:50,15,25,0,40
2024-05-31T10:24:48,15,25,0,40
2024-05-31T10:39:45,15,25,0,40
2024-05-31T10:54:54,15,25,0,40
2024-05-31T11:09:52,15,25,0,40
2024-05-31T11:24:50,15,25,0,40
2024-05-31T11:39:48,15,25,0,40
2024-05-31T11:54:46,15,25,0,40
2024-05-31T12:09:44,15,25,0,40
2024-05-31T12:24:57,15,25,0,40
2024-05-31T12:39:55,15,25,0,40
2024-05-31T12:54:52,15,25,0,40
2024-05-31T13:09:51,15,25,0,40
2024-05-31T13:25:01,15,25,0,40
2024-05-31T13:40:01,15,25,0,40
2024-05-31T13:55:01,15,25,0,40
2024-05-31T14:10:01,15,25,0,40
2024-05-31T14:25:02,15,25,0,40
2024-05-31T14:40:03,15,25,0,40
2024-05-31T14:55:04,15,25,0,40
2024-05-31T15:10:15,15,25,0,40
2024-05-31T15:25:17,15,25,0,40
2024-05-31T15:40:18,15,25,0,40
2024-05-31T15:55:19,15,25,0,40
2024-05-31T16:10:28,15,25,0,40
2024-05-31T16:25:28,15,25,0,40
2024-05-31T16:40:29,15,25,0,40
2024-05-31T16:55:30,15,25,0,40
2024-05-31T17:10:32,15,25,0,40
2024-05-31T17:25:34,15,25,0,40
2024-05-31T17:40:35,15,25,0,40
2024-05-31T17:55:36,15,25,0,40
2024-05-31T18:10:46,15,25,0,40
2024-05-31T18:25:47,15,25,0,40
2024-05-31T18:40:48,15,25,0,40
2024-05-31T18:55:49,15,25,0,40
2024-05-31T19:10:50,15,25,0,40
2024-05-31T19:25:51,15,25,0,40
2024-05-31T19:40:51,15,25,0,40
2024-05-31T19:55:53,15,25,0,40
2024-05-31T20:10:54,15,25,0,40
2024-05-31T20:26:05,15,25,0,40
2024-05-31T20:41:06,15,25,0,40
2024-05-31T20:56:06,15,25,0,40
2024-05-31T21:11:07,15,25,0,40
2024-05-31T21:26:10,15,25,0,40
2024-05-31T21:41:12,15,25,0,40
2024-05-31T21:56:15,15,25,0,40
2024-05-31T22:11:15,15,25,0,40
2024-05-31T22:26:16,15,25,0,40
2024-05-31T22:41:28,15,25,0,40
2024-05-31T22:56:29,15,25,0,40
2024-05-31T23:11:31,15,25,0,40
2024-05-31T23:26:33,15,25,0,40
2024-05-31T23:41:34,15,25,0,40
2024-05-31T23:56:36,15,25,0,40
2024-06-01T00:12:23,15,25,0,40
2024-06-01T00:27:28,15,25,0,40
2024-06-01T00:42:44,15,25,0,40
2024-06-01T00:57:49,15,25,0,40
2024-06-01T01:12:52,15,25,0,40
2024-06-01T01:27:58,15,25,0,40
2024-06-01T01:43:05,15,25,0,40
2024-06-01T01:58:09,15,25,0,40
2024-06-01T02:13:14,15,25,0,40
2024-06-01T02:28:17,15,25,0,40
2024-06-01T02:43:20,15,25,0,40
2024-06-01T02:58:21,15,25,0,40
2024-06-01T03:13:27,15,25,0,40
2024-06-01T03:28:32,15,25,0,40
2024-06-01T03:43:37,15,25,0,40
2024-06-01T03:58:43,15,25,0,40
2024-06-01T04:13:47,15,25,0,40
2024-06-01T04:34:25,15,25,0,40
2024-06-01T04:50:30,15,25,0,40
2024-06-01T05:05:36,15,25,0,40
2024-06-01T05:20:37,15,25,0,40
2024-06-01T05:35:38,15,25,0,40
2024-06-01T05:50:43,15,25,0,40
2024-06-01T06:06:17,15,25,0,40
2024-06-01T06:21:23,15,25,0,40
2024-06-01T06:36:29,15,25,0,40
2024-06-01T06:51:33,15,25,0,40
2024-06-01T07:06:38,15,25,0,40
2024-06-01T07:21:44,15,25,0,40
2024-06-01T07:36:47,15,25,0,40
2024-06-01T07:52:02,15,25,0,40
2024-06-01T08:07:06,15,25,0,40
2024-06-01T08:22:10,15,25,0,40
2024-06-01T08:37:15,15,25,0,40
2024-06-01T08:52:19,16,24,0,40
2024-06-01T09:07:24,16,24,0,40
2024-06-01T09:22:28,16,24,0,40
2024-06-01T09:37:31,16,24,0,40
2024-06-01T09:52:35,16,24,0,40
2024-06-01T10:07:39,16,24,0,40
2024-06-01T10:22:52,16,24,0,40
2024-06-01T10:37:55,16,24,0,40
2024-06-01T10:52:58,16,24,0,40
2024-06-01T11:08:02,16,24,0,40
2024-06-01T11:23:06,16,24,0,40
2024-06-01T11:38:10,16,24,0,40
2024-06-01T11:53:12,16,24,0,40
2024-06-01T12:08:14,16,24,0,40
2024-06-01T12:23:36,16,24,0,40
2024-06-01T12:38:38,16,24,0,40
2024-06-01T12:53:40,16,24,0,40
2024-06-01T13:08:43,16,24,0,40
2024-06-01T13:23:46,16,24,0,40
2024-06-01T13:38:49,16,24,0,40
2024-06-01T13:53:51,16,24,0,40
2024-06-01T14:09:02,16,24,0,40
2024-06-01T14:24:04,16,24,0,40
2024-06-01T14:39:06,16,24,0,40
2024-06-01T14:54:06,16,24,0,40
2024-06-01T15:09:07,16,24,0,40
2024-06-01T15:24:07,16,24,0,40
2024-06-01T15:39:17,16,24,0,40
2024-06-01T15:54:17,16,24,0,40
2024-06-01T16:09:18,16,24,0,40
2024-06-01T16:24:18,16,24,0,40
2024-06-01T16:39:18,16,24,0,40
2024-06-01T16:54:18,16,24,0,40
2024-06-01T17:09:20,16,24,0,40
2024-06-01T17:24:39,16,24,0,40
2024-06-01T17:39:40,16,24,0,40
2024-06-01T17:54:40,16,24,0,40
2024-06-01T18:09:42,16,24,0,40
2024-06-01T18:24:42,16,24,0,40
2024-06-01T18:39:43,16,24,0,40
2024-06-01T18:54:43,16,24,0,40
2024-06-01T19:09:44,16,24,0,40
2024-06-01T19:24:56,16,24,0,40
2024-06-01T19:39:57,16,24,0,40
2024-06-01T19:54:58,16,24,0,40
2024-06-01T20:09:59,16,24,0,40
2024-06-01T20:24:59,16,24,0,40
2024-06-01T20:39:59,16,24,0,40
2024-06-01T20:55:00,16,24,0,40
2024-06-01T21:10:18,16,24,0,40
2024-06-01T21:25:19,16,24,0,40
2024-06-01T21:40:22,16,24,0,40
2024-06-01T21:55:30,16,24,0,40
2024-06-01T22:10:32,16,24,0,40
2024-06-01T22:25:33,16,24,0,40
2024-06-01T22:40:33,16,24,0,40
2024-06-01T22:55:33,16,24,0,40
2024-06-01T23:10:35,16,24,0,40
2024-06-01T23:25:35,16,24,0,40
2024-06-01T23:40:50,16,24,0,40
2024-06-01T23:55:51,16,24,0,40
2024-06-02T00:10:52,16,24,0,40
2024-06-02T00:25:55,16,24,0,40
2024-06-02T00:40:58,16,24,0,40
2024-06-02T00:56:02,16,24,0,40
2024-06-02T01:11:04,16,24,0,40
2024-06-02T01:26:07,16,24,0,40
2024-06-02T01:41:13,16,24,0,40
2024-06-02T01:56:17,16,24,0,40
2024-06-02T02:11:20,16,24,0,40
2024-06-02T02:26:42,16,24,0,40
2024-06-02T02:41:47,16,24,0,40
2024-06-02T02:56:51,16,24,0,40
2024-06-02T03:12:06,16,24,0,40
2024-06-02T03:27:10,16,24,0,40
2024-06-02T03:42:12,16,24,0,40
2024-06-02T03:57:16,16,24,0,40
2024-06-02T04:12:21,16,24,0,40
2024-06-02T04:34:41,16,24,0,40
2024-06-02T04:49:52,16,24,0,40
2024-06-02T05:04:58,16,24,0,40
2024-06-02T05:20:02,16,24,0,40
2024-06-02T05:35:04,16,24,0,40
2024-06-02T05:51:49,16,24,0,40
2024-06-02T06:06:53,16,24,0,40
2024-06-02T06:21:57,16,24,0,40
2024-06-02T06:37:01,16,24,0,40
2024-06-02T06:52:04,16,24,0,40
2024-06-02T07:07:07,16,24,0,40
2024-06-02T07:22:11,16,24,0,40
2024-06-02T07:37:15,16,24,0,40
2024-06-02T07:52:16,16,24,0,40
2024-06-02T08:07:17,16,24,0,40
2024-06-02T08:22:22,16,24,0,40
2024-06-02T08:37:33,16,24,0,40
2024-06-02T08:52:36,16,24,0,40
2024-06-02T09:07:38,16,24,0,40
2024-06-02T09:22:40,16,24,0,40
2024-06-02T09:37:43,16,24,0,40
2024-06-02T09:52:55,16,24,0,40
2024-06-02T10:07:58,16,24,0,40
2024-06-02T10:22:59,16,24,0,40
2024-06-02T10:37:59,16,24,0,40
2024-06-02T10:53:00,16,24,0,40
2024-06-02T11:08:00,16,24,0,40
2024-06-02T11:23:00,16,24,0,40
2024-06-02T11:38:01,16,24,0,40
2024-06-02T11:53:03,16,24,0,40
2024-06-02T12:08:04,16,24,0,40
2024-06-02T12:23:05,16,24,0,40
2024-06-02T12:38:06,16,24,0,40
2024-06-02T12:53:16,16,24,0,40
2024-06-02T13:08:16,16,24,0,40
2024-06-02T13:23:16,16,24,0,40
2024-06-02T13:38:16,16,24,0,40
2024-06-02T13:53:16,16,24,0,40
2024-06-02T14:08:16,16,24,0,40
2024-06-02T14:23:16,16,24,0,40
2024-06-02T14:38:17,16,24,0,40
2024-06-02T14:53:17,16,24,0,40
2024-06-02T15:08:17,16,24,0,40
2024-06-02T15:23:28,16,24,0,40
2024-06-02T15:38:27,16,24,0,40
2024-06-02T15:53:27,16,24,0,40
2024-06-02T16:08:29,16,24,0,40
2024-06-02T16:23:34,16,24,0,40
2024-06-02T16:38:46,16,24,0,40
2024-06-02T16:53:47,16,24,0,40
2024-06-02T17:08:48,16,24,0,40
2024-06-02T17:23:49,16,24,0,40
2024-06-02T17:38:50,16,24,0,40
2024-06-02T17:53:50,16,24,0,40
2024-06-02T18:08:51,16,24,0,40
2024-06-02T18:23:56,17,23,0,40
2024-06-02T18:38:58,17,23,0,40
2024-06-02T18:54:08,17,23,0,40
2024-06-02T19:09:11,17,23,0,40
2024-06-02T19:24:14,17,23,0,40
2024-06-02T19:39:15,17,23,0,40
2024-06-02T19:54:16,17,23,0,40
2024-06-02T20:09:18,17,23,0,40
2024-06-02T20:24:20,17,23,0,40
2024-06-02T20:39:30,17,23,0,40
2024-06-02T20:54:32,17,23,0,40
2024-06-02T21:09:33,17,23,0,40
2024-06-02T21:24:36,17,23,0,40
2024-06-02T21:39:42,17,23,0,40
2024-06-02T21:54:51,17,23,0,40
2024-06-02T22:10:07,17,23,0,40
2024-06-02T22:25:09,17,23,0,40
2024-06-02T22:40:14,17,23,0,40
2024-06-02T22:55:16,17,23,0,40
2024-06-02T23:10:20,17,23,0,40
2024-06-02T23:25:23,17,23,0,40
2024-06-02T23:40:26,17,23,0,40
2024-06-02T23:55:38,17,23,0,40
2024-06-03T00:10:50,17,23,0,40
2024-06-03T00:25:59,17,23,0,40
2024-06-03T00:41:06,17,23,0,40
2024-06-03T00:56:11,17,23,0,40
2024-06-03T01:11:15,17,23,0,40
2024-06-03T01:26:17,17,23,0,40
2024-06-03T01:41:20,17,23,0,40
2024-06-03T01:56:46,17,23,0,40
2024-06-03T02:11:53,17,23,0,40
2024-06-03T02:27:07,17,23,0,40
2024-06-03T02:42:13,17,23,0,40
2024-06-03T02:57:16,17,23,0,40
2024-06-03T03:12:21,17,23,0,40
2024-06-03T03:27:51,17,23,0,40
2024-06-03T03:42:56,17,23,0,40
2024-06-03T03:58:00,17,23,0,40
2024-06-03T04:13:03,17,23,0,40
2024-06-03T04:30:07,17,23,0,40
2024-06-03T04:45:15,17,23,0,40
2024-06-03T05:00:25,17,23,0,40
2024-06-03T05:15:39,17,23,0,40
2024-06-03T05:30:43,17,23,0,40
2024-06-03T05:45:48,17,23,0,40
2024-06-03T06:00:53,17,23,0,40
2024-06-03T06:16:02,17,23,0,40
2024-06-03T06:31:07,17,23,0,40
2024-06-03T06:46:12,17,23,0,40
2024-06-03T07:01:15,17,23,0,40
2024-06-03T07:16:22,17,23,0,40
2024-06-03T07:31:26,17,23,0,40
2024-06-03T07:46:34,17,23,0,40
2024-06-03T08:01:40,17,23,0,40
2024-06-03T08:16:42,17,23,0,40
2024-06-03T08:31:43,17,23,0,40
2024-06-03T08:46:44,17,23,0,40
2024-06-03T09:01:45,17,23,0,40
2024-06-03T09:16:58,17,23,0,40
2024-06-03T09:31:59,17,23,0,40
2024-06-03T09:46:59,17,23,0,40
2024-06-03T10:02:00,17,23,0,40
2024-06-03T10:17:02,17,23,0,40
2024-06-03T10:32:05,17,23,0,40
2024-06-03T10:47:20,17,23,0,40
2024-06-03T11:02:20,17,23,0,40
2024-06-03T11:17:22,17,23,0,40
2024-06-03T11:32:23,17,23,0,40
2024-06-03T11:47:25,17,23,0,40
2024-06-03T12:02:39,17,23,0,40
2024-06-03T12:17:42,17,23,0,40
2024-06-03T12:32:45,17,23,0,40
2024-06-03T12:48:02,17,23,0,40
2024-06-03T13:03:04,17,23,0,40
2024-06-03T13:18:07,17,23,0,40
2024-06-03T13:33:10,17,23,0,40
2024-06-03T13:48:21,17,23,0,40
2024-06-03T14:03:24,17,23,0,40
2024-06-03T14:18:28,17,23,0,40
2024-06-03T14:33:42,17,23,0,40
2024-06-03T14:48:45,17,23,0,40
2024-06-03T15:03:47,17,23,0,40
2024-06-03T15:18:50,17,23,0,40
2024-06-03T15:34:03,17,23,0,40
2024-06-03T15:49:06,17,23,0,40
2024-06-03T16:04:08,17,23,0,40
2024-06-03T16:19:11,17,23,0,40
2024-06-03T16:34:25,17,23,0,40
2024-06-03T16:49:29,18,22,0,40
2024-06-03T17:04:33,18,22,0,40
2024-06-03T17:19:37,18,22,0,40
2024-06-03T17:34:51,18,22,0,40
2024-06-03T17:49:55,18,22,0,40
2024-06-03T18:04:57,18,22,0,40
2024-06-03T18:19:59,18,22,0,40
2024-06-03T18:35:11,18,22,0,40
2024-06-03T18:50:12,18,22,0,40
2024-06-03T19:05:14,18,22,0,40
2024-06-03T19:20:16,18,22,0,40
2024-06-03T19:35:18,18,22,0,40
2024-06-03T19:50:32,18,22,0,40
2024-06-03T20:05:34,18,22,0,40
2024-06-03T20:20:36,18,22,0,40
2024-06-03T20:35:38,18,22,0,40
2024-06-03T20:50:40,18,22,0,40
2024-06-03T21:05:41,18,22,0,40
2024-06-03T21:20:55,18,22,0,40
2024-06-03T21:35:57,18,22,0,40
2024-06-03T21:51:04,19,21,0,40
2024-06-03T22:06:06,19,21,0,40
2024-06-03T22:21:08,19,21,0,40
2024-06-03T22:36:25,19,21,0,40
2024-06-03T22:51:28,19,21,0,40
2024-06-03T23:06:32,19,21,0,40
2024-06-03T23:21:35,19,21,0,40
2024-06-03T23:36:37,19,21,0,40
2024-06-03T23:51:40,18,22,0,40
2024-06-04T00:06:53,18,22,0,40
2024-06-04T00:21:58,18,22,0,40
2024-06-04T00:37:03,18,22,0,40
2024-06-04T00:52:11,18,22,0,40
2024-06-04T01:07:16,18,22,0,40
2024-06-04T01:22:19,18,22,0,40
2024-06-04T01:37:24,18,22,0,40
2024-06-04T01:52:35,18,22,0,40
2024-06-04T02:07:39,18,22,0,40
2024-06-04T02:22:52,18,22,0,40
2024-06-04T02:37:58,18,22,0,40
2024-06-04T02:53:01,18,22,0,40
2024-06-04T03:08:07,18,22,0,40
2024-06-04T03:23:18,18,22,0,40
2024-06-04T03:38:26,18,22,0,40
2024-06-04T03:53:29,18,22,0,40
2024-06-04T04:08:33,18,22,0,40
2024-06-04T04:36:02,18,22,0,40
2024-06-04T04:51:13,18,22,0,40
2024-06-04T05:06:32,18,22,0,40
2024-06-04T05:21:38,18,22,0,40
2024-06-04T05:36:43,18,22,0,40
2024-06-04T05:51:48,18,22,0,40
2024-06-04T06:06:55,18,22,0,40
2024-06-04T06:22:01,18,22,0,40
2024-06-04T06:37:06,18,22,0,40
2024-06-04T06:52:12,18,22,0,40
2024-06-04T07:07:21,18,22,0,40
2024-06-04T07:22:26,18,22,0,40
2024-06-04T07:37:29,18,22,0,40
2024-06-04T07:52:31,18,22,0,40
2024-06-04T08:07:36,18,22,0,40
2024-06-04T08:22:48,18,22,0,40
2024-06-04T08:37:53,18,22,0,40
2024-06-04T08:52:57,18,22,0,40
2024-06-04T09:08:01,18,22,0,40
2024-06-04T09:23:05,18,22,0,40
2024-06-04T09:38:12,19,21,0,40
2024-06-05T04:33:45,24,16,0,40
2024-06-05T04:49:22,24,16,0,40
2024-06-05T05:04:36,24,16,0,40
2024-06-05T05:19:50,24,16,0,40
2024-06-05T05:35:02,24,16,0,40
2024-06-05T05:50:14,24,16,0,40
2024-06-05T06:05:26,24,16,0,40
2024-06-05T06:20:37,24,16,0,40
2024-06-05T06:35:49,24,16,0,40
2024-06-05T06:51:00,24,16,0,40
2024-06-05T07:06:18,24,16,0,40
2024-06-05T07:21:42,24,16,0,40
2024-06-05T07:37:05,24,16,0,40
2024-06-05T07:52:20,24,16,0,40
2024-06-05T08:07:32,24,16,0,40
2024-06-05T08:22:44,24,16,0,40
2024-06-05T08:37:56,24,16,0,40
2024-06-05T08:53:37,24,16,0,40
2024-06-05T09:09:15,24,16,0,40
2024-06-05T09:24:43,24,16,0,40
2024-06-05T09:40:21,24,16,0,40
2024-06-05T09:55:56,24,16,0,40
2024-06-05T10:11:25,24,16,0,40
2024-06-05T10:27:03,24,16,0,40
2024-06-05T10:42:33,24,16,0,40
2024-06-05T10:58:02,24,16,0,40
2024-06-05T11:13:35,24,16,0,40
2024-06-05T11:29:15,25,15,0,40
2024-06-05T11:44:48,25,15,0,40
2024-06-05T12:00:29,25,15,0,40
2024-06-05T12:16:08,25,15,0,40
2024-06-05T12:31:55,25,15,0,40
2024-06-05T12:47:41,25,15,0,40
2024-06-05T13:03:25,25,15,0,40
2024-06-05T13:19:03,24,16,0,40
2024-06-05T13:34:51,24,16,0,40
2024-06-05T13:50:28,24,16,0,40
2024-06-05T14:06:19,24,16,0,40
2024-06-05T14:22:10,24,16,0,40
2024-06-05T14:37:48,24,16,0,40
2024-06-05T14:53:30,24,16,0,40
2024-06-05T15:09:06,24,16,0,40
2024-06-05T15:24:56,24,16,0,40
2024-06-05T15:40:41,24,16,0,40
2024-06-05T15:56:19,24,16,0,40
2024-06-05T16:12:05,24,16,0,40
2024-06-05T16:27:51,24,16,0,40
2024-06-05T16:43:28,24,16,0,40
2024-06-05T16:59:06,24,16,0,40
2024-06-05T17:15:01,24,16,0,40
2024-06-05T17:30:39,24,16,0,40
2024-06-05T17:46:20,24,16,0,40
2024-06-05T18:01:40,24,16,0,40
2024-06-05T18:17:02,24,16,0,40
2024-06-05T18:32:11,24,16,0,40
2024-06-05T18:47:20,24,16,0,40
2024-06-05T19:02:29,24,16,0,40
2024-06-05T19:17:50,24,16,0,40
2024-06-05T19:32:59,24,16,0,40
2024-06-05T19:48:08,24,16,0,40
2024-06-05T20:03:28,24,16,0,40
2024-06-05T20:18:37,24,16,0,40
2024-06-05T20:33:46,24,16,0,40
2024-06-05T20:48:55,24,16,0,40
2024-06-05T21:04:13,24,16,0,40
2024-06-05T21:19:24,24,16,0,40
2024-06-05T21:34:33,24,16,0,40
2024-06-05T21:49:42,24,16,0,40
2024-06-05T22:05:02,24,16,0,40
2024-06-05T22:20:12,24,16,0,40
2024-06-05T22:35:21,24,16,0,40
2024-06-05T22:50:29,24,16,0,40
2024-06-05T23:05:39,24,16,0,40
2024-06-05T23:21:00,24,16,0,40
2024-06-05T23:36:09,24,16,0,40
2024-06-05T23:51:18,24,16,0,40
2024-06-06T00:06:30,24,16,0,40
2024-06-06T00:21:48,24,16,0,40
2024-06-06T00:37:03,24,16,0,40
2024-06-06T00:52:26,24,16,0,40
2024-06-06T01:07:39,24,16,0,40
2024-06-06T01:22:51,24,16,0,40
2024-06-06T01:38:03,24,16,0,40
2024-06-06T01:53:18,24,16,0,40
2024-06-06T02:08:32,24,16,0,40
2024-06-06T02:23:43,24,16,0,40
2024-06-06T02:38:54,24,16,0,40
2024-06-06T02:54:05,24,16,0,40
2024-06-06T03:09:15,24,16,0,40
2024-06-06T03:24:30,24,16,0,40
2024-06-06T03:39:42,24,16,0,40
2024-06-06T03:55:03,24,16,0,40
2024-06-06T04:10:15,24,16,0,40
2024-06-06T04:34:13,24,16,0,40
2024-06-06T04:51:34,24,16,0,40
2024-06-06T05:06:52,24,16,0,40
2024-06-06T05:22:07,24,16,0,40
2024-06-06T05:37:19,24,16,0,40
2024-06-06T05:52:31,24,16,0,40
2024-06-06T06:07:45,24,16,0,40
2024-06-06T06:22:57,24,16,0,40
2024-06-06T06:38:10,24,16,0,40
2024-06-06T06:54:16,24,16,0,40
2024-06-06T07:09:29,24,16,0,40
2024-06-06T07:24:41,24,16,0,40
2024-06-06T07:39:52,24,16,0,40
2024-06-06T07:55:03,24,16,0,40
2024-06-06T08:10:15,24,16,0,40
2024-06-06T08:25:29,24,16,0,40
2024-06-06T08:40:46,24,16,0,40
2024-06-06T08:56:07,24,16,0,40
2024-06-06T09:11:19,24,16,0,40
2024-06-06T09:26:34,24,16,0,40
2024-06-06T09:41:56,24,16,0,40
2024-06-06T09:57:11,24,16,0,40
2024-06-06T10:12:24,24,16,0,40
2024-06-06T10:27:50,24,16,0,40
2024-06-06T10:43:04,24,16,0,40
2024-06-06T10:58:17,24,16,0,40
2024-06-06T11:13:30,24,16,0,40
2024-06-06T11:28:53,24,16,0,40
2024-06-06T11:44:07,24,16,0,40
2024-06-06T11:59:18,24,16,0,40
2024-06-06T12:14:30,24,16,0,40
2024-06-06T12:30:00,24,16,0,40
2024-06-06T12:45:11,24,16,0,40
2024-06-06T13:00:21,24,16,0,40
2024-06-06T13:15:43,24,16,0,40
2024-06-06T13:30:52,24,16,0,40
2024-06-06T13:46:02,24,16,0,40
2024-06-06T14:01:23,24,16,0,40
2024-06-06T14:16:33,24,16,0,40
2024-06-06T14:31:44,24,16,0,40
2024-06-06T14:46:55,24,16,0,40
2024-06-06T15:02:15,24,16,0,40
2024-06-06T15:17:26,24,16,0,40
2024-06-06T15:32:40,24,16,0,40
2024-06-06T15:48:00,24,16,0,40
2024-06-06T16:03:10,24,16,0,40
2024-06-06T16:18:20,24,16,0,40
2024-06-06T16:33:30,24,16,0,40
2024-06-06T16:48:40,24,16,0,40
2024-06-06T17:04:00,24,16,0,40
2024-06-06T17:19:11,24,16,0,40
2024-06-06T17:34:22,24,16,0,40
2024-06-06T17:49:32,24,16,0,40
2024-06-06T18:04:42,24,16,0,40
2024-06-06T18:20:03,24,16,0,40
2024-06-06T18:35:13,24,16,0,40
2024-06-06T18:50:23,24,16,0,40
2024-06-06T19:05:34,24,16,0,40
2024-06-06T19:20:44,24,16,0,40
2024-06-06T19:35:54,24,16,0,40
2024-06-06T19:51:14,24,16,0,40
2024-06-06T20:06:25,24,16,0,40
2024-06-06T20:21:35,24,16,0,40
2024-06-06T20:36:45,24,16,0,40
2024-06-06T20:51:56,24,16,0,40
2024-06-06T21:07:05,24,16,0,40
2024-06-06T21:22:17,24,16,0,40
2024-06-06T21:37:39,24,16,0,40
2024-06-06T21:52:50,24,16,0,40
2024-06-06T22:08:01,24,16,0,40
2024-06-06T22:23:12,24,16,0,40
2024-06-06T22:38:22,24,16,0,40
2024-06-06T22:53:32,24,16,0,40
2024-06-06T23:08:43,24,16,0,40
2024-06-06T23:24:03,24,16,0,40
2024-06-06T23:39:13,24,16,0,40
2024-06-06T23:54:24,24,16,0,40
2024-06-07T00:09:36,24,16,0,40
2024-06-07T00:24:50,24,16,0,40
2024-06-07T00:40:04,24,16,0,40
2024-06-07T00:55:19,24,16,0,40
2024-06-07T01:10:34,24,16,0,40
2024-06-07T01:25:49,24,16,0,40
2024-06-07T01:41:16,24,16,0,40
2024-06-07T01:56:33,24,16,0,40
2024-06-07T02:11:49,24,16,0,40
2024-06-07T02:27:05,24,16,0,40
2024-06-07T02:42:19,24,16,0,40
2024-06-07T02:57:33,24,16,0,40
2024-06-07T03:12:46,24,16,0,40
2024-06-07T03:27:58,24,16,0,40
2024-06-07T03:43:10,24,16,0,40
2024-06-07T03:58:30,24,16,0,40
2024-06-07T04:25:23,24,16,0,40
2024-06-07T04:41:56,24,16,0,40
2024-06-07T04:57:28,24,16,0,40
2024-06-07T05:12:49,24,16,0,40
2024-06-07T05:28:03,24,16,0,40
2024-06-07T05:43:17,24,16,0,40
2024-06-07T05:58:32,24,16,0,40
2024-06-07T06:13:47,24,16,0,40
2024-06-07T06:29:04,24,16,0,40
2024-06-07T06:44:18,24,16,0,40
2024-06-07T06:59:48,24,16,0,40
2024-06-07T07:15:03,24,16,0,40
2024-06-07T07:30:16,24,16,0,40
2024-06-07T07:45:29,24,16,0,40
2024-06-07T08:00:42,24,16,0,40
2024-06-07T08:16:05,24,16,0,40
2024-06-07T08:31:17,24,16,0,40
2024-06-07T08:46:30,24,16,0,40
2024-06-07T09:01:44,24,16,0,40
2024-06-07T09:16:56,24,16,0,40
2024-06-07T09:32:09,24,16,0,40
2024-06-07T09:47:20,24,16,0,40
2024-06-07T10:02:41,24,16,0,40
2024-06-07T10:17:54,24,16,0,40
2024-06-07T10:33:07,24,16,0,40
2024-06-07T10:48:21,24,16,0,40
2024-06-07T11:03:36,24,16,0,40
2024-06-07T11:19:02,24,16,0,40
2024-06-07T11:34:16,24,16,0,40
2024-06-07T11:49:29,24,16,0,40
2024-06-07T12:04:42,24,16,0,40
2024-06-07T12:19:54,24,16,0,40
2024-06-07T12:35:16,24,16,0,40
2024-06-07T12:50:30,24,16,0,40
2024-06-07T13:05:43,25,15,0,40
2024-06-07T13:20:55,25,15,0,40
2024-06-07T13:36:06,25,15,0,40
2024-06-07T13:51:17,25,15,0,40
2024-06-07T14:06:39,25,15,0,40
2024-06-07T14:21:50,25,15,0,40
2024-06-07T14:37:01,25,15,0,40
2024-06-07T14:52:12,25,15,0,40
2024-06-07T15:07:24,25,15,0,40
2024-06-07T15:22:47,25,15,0,40
2024-06-07T15:37:59,25,15,0,40
2024-06-07T15:53:11,25,15,0,40
2024-06-07T16:08:23,25,15,0,40
2024-06-07T16:23:44,25,15,0,40
2024-06-07T16:38:57,25,15,0,40
2024-06-07T16:54:09,25,15,0,40
2024-06-07T17:09:22,25,15,0,40
2024-06-07T17:24:35,25,15,0,40
2024-06-07T17:39:47,25,15,0,40
2024-06-07T17:55:00,25,15,0,40
2024-06-07T18:10:13,25,15,0,40
2024-06-07T18:25:34,25,15,0,40
2024-06-07T18:40:47,25,15,0,40
2024-06-07T18:56:00,25,15,0,40
2024-06-07T19:11:14,25,15,0,40
2024-06-07T19:26:26,25,15,0,40
2024-06-07T19:41:37,25,15,0,40
2024-06-07T19:56:50,25,15,0,40
2024-06-07T20:12:03,25,15,0,40
2024-06-07T20:27:25,25,15,0,40
2024-06-07T20:42:37,25,15,0,40
2024-06-07T20:57:49,25,15,0,40
2024-06-07T21:13:01,25,15,0,40
2024-06-07T21:28:16,25,15,0,40
2024-06-07T21:43:29,25,15,0,40
2024-06-07T21:58:42,25,15,0,40
2024-06-07T22:13:54,25,15,0,40
2024-06-07T22:29:15,25,15,0,40
2024-06-07T22:44:27,25,15,0,40
2024-06-07T22:59:40,25,15,0,40
2024-06-07T23:14:53,25,15,0,40
2024-06-07T23:30:06,25,15,0,40
2024-06-07T23:45:19,25,15,0,40
2024-06-08T00:00:33,25,15,0,40
2024-06-08T00:15:59,25,15,0,40
2024-06-08T00:31:14,25,15,0,40
2024-06-08T00:46:43,25,15,0,40
2024-06-08T01:02:02,25,15,0,40
2024-06-08T01:17:19,25,15,0,40
2024-06-08T01:32:36,25,15,0,40
2024-06-08T01:47:56,25,15,0,40
2024-06-08T02:03:12,25,15,0,40
2024-06-08T02:18:28,25,15,0,40
2024-06-08T02:33:43,25,15,0,40
2024-06-08T02:48:56,25,15,0,40
2024-06-08T03:04:09,25,15,0,40
2024-06-08T03:19:24,25,15,0,40
2024-06-08T03:34:38,25,15,0,40
2024-06-08T03:49:53,25,15,0,40
2024-06-08T04:05:17,25,15,0,40
2024-06-08T04:34:04,25,15,0,40
2024-06-08T04:51:01,25,15,0,40
2024-06-08T05:06:42,25,15,0,40
2024-06-08T05:21:58,25,15,0,40
2024-06-08T05:37:14,25,15,0,40
2024-06-08T05:52:31,25,15,0,40
2024-06-08T06:07:50,25,15,0,40
2024-06-08T06:23:06,25,15,0,40
2024-06-08T06:38:22,25,15,0,40
2024-06-08T06:53:37,25,15,0,40
2024-06-08T07:08:57,25,15,0,40
2024-06-08T07:24:14,25,15,0,40
2024-06-08T07:39:29,25,15,0,40
2024-06-08T07:54:44,25,15,0,40
2024-06-08T08:10:08,25,15,0,40
2024-06-08T08:25:24,25,15,0,40
2024-06-08T08:40:40,25,15,0,40
2024-06-08T08:55:56,25,15,0,40
2024-06-08T09:11:13,25,15,0,40
2024-06-08T09:26:29,25,15,0,40
2024-06-08T09:41:45,25,15,0,40
2024-06-08T09:57:00,25,15,0,40
2024-06-08T10:12:17,25,15,0,40
2024-06-08T10:27:34,25,15,0,40
2024-06-08T10:42:48,25,15,0,40
2024-06-08T10:58:13,25,15,0,40
2024-06-08T11:13:28,25,15,0,40
2024-06-08T11:28:43,25,15,0,40
2024-06-08T11:43:57,25,15,0,40
2024-06-08T11:59:12,25,15,0,40
2024-06-08T12:14:26,25,15,0,40
2024-06-08T12:29:52,25,15,0,40
2024-06-08T12:45:05,25,15,0,40
2024-06-08T13:00:20,25,15,0,40
2024-06-08T13:15:35,25,15,0,40
2024-06-08T13:30:48,25,15,0,40
2024-06-08T13:46:01,25,15,0,40
2024-06-08T14:01:13,25,15,0,40
2024-06-08T14:16:26,25,15,0,40
2024-06-08T14:31:39,25,15,0,40
2024-06-08T14:47:01,25,15,0,40
2024-06-08T15:02:14,25,15,0,40
2024-06-08T15:17:26,25,15,0,40
2024-06-08T15:32:40,25,15,0,40
2024-06-08T15:47:53,25,15,0,40
2024-06-08T16:03:05,25,15,0,40
2024-06-08T16:18:27,25,15,0,40
2024-06-08T16:33:40,25,15,0,40
2024-06-08T16:48:52,25,15,0,40
2024-06-08T17:04:05,25,15,0,40
2024-06-08T17:19:19,25,15,0,40
2024-06-08T17:34:31,25,15,0,40
2024-06-08T17:49:44,25,15,0,40
2024-06-08T18:04:56,25,15,0,40
2024-06-08T18:20:09,25,15,0,40
2024-06-08T18:35:24,25,15,0,40
2024-06-08T18:50:46,25,15,0,40
2024-06-08T19:05:59,25,15,0,40
2024-06-08T19:21:12,25,15,0,40
2024-06-08T19:36:24,25,15,0,40
2024-06-08T19:51:37,25,15,0,40
2024-06-08T20:06:50,25,15,0,40
2024-06-08T20:22:03,25,15,0,40
2024-06-08T20:37:15,25,15,0,40
2024-06-08T20:52:27,25,15,0,40
2024-06-08T21:07:40,25,15,0,40
2024-06-08T21:22:53,25,15,0,40
2024-06-08T21:38:17,25,15,0,40
2024-06-08T21:53:31,25,15,0,40
2024-06-08T22:08:45,25,15,0,40
2024-06-08T22:23:58,25,15,0,40
2024-06-08T22:39:11,25,15,0,40
2024-06-08T22:54:23,25,15,0,40
2024-06-08T23:09:39,25,15,0,40
2024-06-08T23:24:51,25,15,0,40
2024-06-08T23:40:04,25,15,0,40
2024-06-08T23:55:16,25,15,0,40
2024-06-09T00:10:36,25,15,0,40
2024-06-09T00:25:51,25,15,0,40
2024-06-09T00:41:07,25,15,0,40
2024-06-09T00:56:22,25,15,0,40
2024-06-09T01:11:36,25,15,0,40
2024-06-09T01:26:50,25,15,0,40
2024-06-09T01:42:04,25,15,0,40
2024-06-09T01:57:18,25,15,0,40
2024-06-09T02:12:34,25,15,0,40
2024-06-09T02:27:49,25,15,0,40
2024-06-09T02:43:12,25,15,0,40
2024-06-09T02:58:40,25,15,0,40
2024-06-09T03:14:13,25,15,0,40
2024-06-09T03:29:36,25,15,0,40
2024-06-09T03:44:59,25,15,0,40
2024-06-09T04:01:10,25,15,0,40
2024-06-09T04:24:52,25,15,0,40
2024-06-09T04:42:10,25,15,0,40
2024-06-09T04:57:31,25,15,0,40
2024-06-09T05:12:56,25,15,0,40
2024-06-09T05:28:14,25,15,0,40
2024-06-09T05:43:34,25,15,0,40
2024-06-09T05:58:54,25,15,0,40
2024-06-09T06:14:18,25,15,0,40
2024-06-09T06:29:38,25,15,0,40
2024-06-09T06:44:54,25,15,0,40
2024-06-09T07:00:15,25,15,0,40
2024-06-09T07:15:34,25,15,0,40
2024-06-09T07:30:53,25,15,0,40
2024-06-09T07:46:10,25,15,0,40
2024-06-09T08:01:25,25,15,0,40
2024-06-09T08:16:41,25,15,0,40
2024-06-09T08:31:59,25,15,0,40
2024-06-09T08:47:15,25,15,0,40
2024-06-09T09:02:34,25,15,0,40
2024-06-09T09:17:52,25,15,0,40
2024-06-09T09:33:18,25,15,0,40
2024-06-09T09:48:37,25,15,0,40
2024-06-09T10:03:54,25,15,0,40
2024-06-09T10:19:08,25,15,0,40
2024-06-09T10:34:24,25,15,0,40
2024-06-09T10:49:39,25,15,0,40
2024-06-09T11:04:52,25,15,0,40
2024-06-09T11:20:05,25,15,0,40
2024-06-09T11:35:18,25,15,0,40
2024-06-09T11:50:31,25,15,0,40
2024-06-09T12:05:46,25,15,0,40
2024-06-09T12:20:58,25,15,0,40
2024-06-09T12:36:21,25,15,0,40
2024-06-09T12:51:33,25,15,0,40
2024-06-09T13:06:46,25,15,0,40
2024-06-09T13:21:59,25,15,0,40
2024-06-09T13:37:11,25,15,0,40
2024-06-09T13:52:24,25,15,0,40
2024-06-09T14:07:36,25,15,0,40
2024-06-09T14:22:49,25,15,0,40
2024-06-09T14:38:01,25,15,0,40
2024-06-09T14:53:29,25,15,0,40
2024-06-09T15:08:41,25,15,0,40
2024-06-09T15:23:54,25,15,0,40
2024-06-09T15:39:06,25,15,0,40
2024-06-09T15:54:18,25,15,0,40
2024-06-09T16:09:33,25,15,0,40
2024-06-09T16:24:46,25,15,0,40
2024-06-09T16:40:09,25,15,0,40
2024-06-09T16:55:21,25,15,0,40
2024-06-09T17:10:35,25,15,0,40
2024-06-09T17:25:47,25,15,0,40
2024-06-09T17:41:00,25,15,0,40
2024-06-09T17:56:12,25,15,0,40
2024-06-09T18:11:25,25,15,0,40
2024-06-09T18:26:38,25,15,0,40
2024-06-09T18:41:50,25,15,0,40
2024-06-09T18:57:17,25,15,0,40
2024-06-09T19:12:32,25,15,0,40
2024-06-09T19:27:45,25,15,0,40
2024-06-09T19:42:57,25,15,0,40
2024-06-09T19:58:10,25,15,0,40
2024-06-09T20:13:23,25,15,0,40
2024-06-09T20:28:36,25,15,0,40
2024-06-09T20:43:48,25,15,0,40
2024-06-09T20:59:01,25,15,0,40
2024-06-09T21:14:24,25,15,0,40
2024-06-09T21:29:37,25,15,0,40
2024-06-09T21:44:51,25,15,0,40
2024-06-09T22:00:05,25,15,0,40
2024-06-09T22:15:18,25,15,0,40
2024-06-09T22:30:31,25,15,0,40
2024-06-09T22:45:44,25,15,0,40
2024-06-09T23:01:10,25,15,0,40
2024-06-09T23:16:23,25,15,0,40
2024-06-09T23:31:37,25,15,0,40
2024-06-09T23:46:50,25,15,0,40
2024-06-10T00:02:09,25,15,0,40
2024-06-10T00:17:24,25,15,0,40
2024-06-10T00:32:47,25,15,0,40
2024-06-10T00:48:33,25,15,0,40
2024-06-10T01:04:24,25,15,0,40
2024-06-10T01:19:47,25,15,0,40
2024-06-10T01:35:15,25,15,0,40
2024-06-10T01:50:32,25,15,0,40
2024-06-10T02:05:49,25,15,0,40
2024-06-10T02:21:06,25,15,0,40
2024-06-10T02:36:23,25,15,0,40
2024-06-10T02:52:30,25,15,0,40
2024-06-10T03:07:48,25,15,0,40
2024-06-10T03:23:07,25,15,0,40
2024-06-10T03:38:24,25,15,0,40
2024-06-10T03:53:41,25,15,0,40
2024-06-10T04:24:06,25,15,0,40
2024-06-10T04:41:16,25,15,0,40
2024-06-10T04:56:35,25,15,0,40
2024-06-10T05:11:54,25,15,0,40
2024-06-10T05:27:10,25,15,0,40
2024-06-10T05:42:26,25,15,0,40
2024-06-10T05:57:42,25,15,0,40
2024-06-10T06:13:01,25,15,0,40
2024-06-10T06:28:18,25,15,0,40
2024-06-10T06:43:35,25,15,0,40
2024-06-10T06:58:55,25,15,0,40
2024-06-10T07:14:13,25,15,0,40
2024-06-10T07:29:29,25,15,0,40
2024-06-10T07:44:43,25,15,0,40
2024-06-10T07:59:56,25,15,0,40
2024-06-10T08:15:20,25,15,0,40
2024-06-10T08:30:34,25,15,0,40
2024-06-10T08:45:48,25,15,0,40
2024-06-10T09:01:04,25,15,0,40
2024-06-10T09:16:19,25,15,0,40
2024-06-10T09:31:33,25,15,0,40
2024-06-10T09:46:48,25,15,0,40
2024-06-10T10:02:02,25,15,0,40
2024-06-10T10:17:16,25,15,0,40
2024-06-10T10:32:30,25,15,0,40
2024-06-10T10:47:55,25,15,0,40
2024-06-10T11:03:10,25,15,0,40
2024-06-10T11:18:25,25,15,0,40
2024-06-10T11:33:39,26,14,0,40
2024-06-10T11:48:55,26,14,0,40
2024-06-10T12:04:08,26,14,0,40
2024-06-10T12:19:36,26,14,0,40
2024-06-10T12:34:55,26,14,0,40
2024-06-10T12:50:19,26,14,0,40
2024-06-10T13:05:33,26,14,0,40
2024-06-10T13:20:46,26,14,0,40
2024-06-10T13:36:12,26,14,0,40
2024-06-10T13:51:26,26,14,0,40
2024-06-10T14:06:40,26,14,0,40
2024-06-10T14:21:55,26,14,0,40
2024-06-10T14:37:15,26,14,0,40
2024-06-10T14:52:40,26,14,0,40
2024-06-10T15:07:55,26,14,0,40
2024-06-10T15:23:09,26,14,0,40
2024-06-10T15:38:26,26,14,0,40
2024-06-10T15:53:51,26,14,0,40
2024-06-10T16:09:07,26,14,0,40
2024-06-10T16:24:25,26,14,0,40
2024-06-10T16:39:41,26,14,0,40
2024-06-10T16:54:54,26,14,0,40
2024-06-10T17:10:09,26,14,0,40
2024-06-10T17:25:33,26,14,0,40
2024-06-10T17:40:46,26,14,0,40
2024-06-10T17:55:59,26,14,0,40
2024-06-10T18:11:12,26,14,0,40
2024-06-10T18:26:28,26,14,0,40
2024-06-10T18:41:41,26,14,0,40
2024-06-10T18:57:06,26,14,0,40
2024-06-10T19:12:19,26,14,0,40
2024-06-10T19:27:32,26,14,0,40
2024-06-10T19:42:45,26,14,0,40
2024-06-10T19:57:58,26,14,0,40
2024-06-10T20:13:13,26,14,0,40
2024-06-10T20:28:37,26,14,0,40
2024-06-10T20:43:51,26,14,0,40
2024-06-10T20:59:04,26,14,0,40
2024-06-10T21:14:18,26,14,0,40
2024-06-10T21:29:31,26,14,0,40
2024-06-10T21:44:44,26,14,0,40
2024-06-10T22:00:00,26,14,0,40
2024-06-10T22:15:15,26,14,0,40
2024-06-10T22:30:40,26,14,0,40
2024-06-10T22:45:53,26,14,0,40
2024-06-10T23:01:06,26,14,0,40
2024-06-10T23:16:20,26,14,0,40
2024-06-10T23:31:34,26,14,0,40
2024-06-10T23:46:48,26,14,0,40
2024-06-11T00:02:04,26,14,0,40
2024-06-11T00:17:20,26,14,0,40
2024-06-11T00:32:49,26,14,0,40
2024-06-11T00:48:08,26,14,0,40
2024-06-11T01:03:27,26,14,0,40
2024-06-11T01:18:46,26,14,0,40
2024-06-11T01:34:05,26,14,0,40
2024-06-11T01:49:27,26,14,0,40
2024-06-11T02:04:48,26,14,0,40
2024-06-11T02:20:06,26,14,0,40
2024-06-11T02:35:22,26,14,0,40
2024-06-11T02:50:37,26,14,0,40
2024-06-11T03:05:59,26,14,0,40
2024-06-11T03:21:16,26,14,0,40
2024-06-11T03:36:34,26,14,0,40
2024-06-11T03:51:50,26,14,0,40
2024-06-11T04:07:19,26,14,0,40
2024-06-11T04:29:38,26,14,0,40
2024-06-11T04:45:26,26,14,0,40
2024-06-11T05:00:45,26,14,0,40
2024-06-11T05:16:04,26,14,0,40
2024-06-11T05:31:24,26,14,0,40
2024-06-11T05:46:42,26,14,0,40
2024-06-11T06:01:59,26,14,0,40
2024-06-11T06:17:15,26,14,0,40
2024-06-11T06:32:30,26,14,0,40
2024-06-11T06:47:46,26,14,0,40
2024-06-11T07:03:03,26,14,0,40
2024-06-11T07:18:20,26,14,0,40
2024-06-11T07:33:35,26,14,0,40
2024-06-11T07:48:49,26,14,0,40
2024-06-11T08:04:14,26,14,0,40
2024-06-11T08:19:29,26,14,0,40
2024-06-11T08:34:45,26,14,0,40
2024-06-11T08:50:00,26,14,0,40
2024-06-11T09:05:14,26,14,0,40
2024-06-11T09:20:29,26,14,0,40
2024-06-11T09:35:45,26,14,0,40
2024-06-11T09:51:01,26,14,0,40
2024-06-11T10:06:16,26,14,0,40
2024-06-11T10:21:32,26,14,0,40
2024-06-11T10:36:45,26,14,0,40
2024-06-11T10:52:10,26,14,0,40
2024-06-11T11:07:25,26,14,0,40
2024-06-11T11:22:39,26,14,0,40
2024-06-11T11:37:54,26,14,0,40
2024-06-11T11:53:07,26,14,0,40
2024-06-11T12:08:20,26,14,0,40
2024-06-11T12:23:45,26,14,0,40
2024-06-11T12:38:58,26,14,0,40
2024-06-11T12:54:11,26,14,0,40
2024-06-11T13:09:24,26,14,0,40
2024-06-11T13:24:37,26,14,0,40
2024-06-11T13:39:50,26,14,0,40
2024-06-11T13:55:04,26,14,0,40
2024-06-11T14:10:28,26,14,0,40
2024-06-11T14:25:42,26,14,0,40
2024-06-11T14:40:55,26,14,0,40
2024-06-11T14:56:09,26,14,0,40
2024-06-11T15:11:23,26,14,0,40
2024-06-11T15:26:47,26,14,0,40
2024-06-11T15:42:00,26,14,0,40
2024-06-11T15:57:14,26,14,0,40
2024-06-11T16:12:28,26,14,0,40
2024-06-11T16:27:41,26,14,0,40
2024-06-11T16:42:56,26,14,0,40
2024-06-11T16:58:08,26,14,0,40
2024-06-11T17:13:33,26,14,0,40
2024-06-11T17:28:46,26,14,0,40
2024-06-11T17:44:00,26,14,0,40
2024-06-11T17:59:15,26,14,0,40
2024-06-11T18:14:29,26,14,0,40
2024-06-11T18:29:52,26,14,0,40
2024-06-11T18:45:05,26,14,0,40
2024-06-11T19:00:18,26,14,0,40
2024-06-11T19:15:32,26,14,0,40
2024-06-11T19:30:45,26,14,0,40
2024-06-11T19:45:58,26,14,0,40
2024-06-11T20:01:12,26,14,0,40
2024-06-11T20:16:35,26,14,0,40
2024-06-11T20:31:48,26,14,0,40
2024-06-11T20:47:00,26,14,0,40
2024-06-11T21:02:13,26,14,0,40
2024-06-11T21:17:28,26,14,0,40
2024-06-11T21:32:44,26,14,0,40
2024-06-11T21:48:08,26,14,0,40
2024-06-11T22:03:21,26,14,0,40
2024-06-11T22:18:34,26,14,0,40
2024-06-11T22:33:47,26,14,0,40
2024-06-11T22:49:01,26,14,0,40
2024-06-11T23:04:17,26,14,0,40
2024-06-11T23:19:41,26,14,0,40
2024-06-11T23:34:53,26,14,0,40
2024-06-11T23:50:07,26,14,0,40
2024-06-12T00:05:21,26,14,0,40
2024-06-12T00:20:36,26,14,0,40
2024-06-12T00:35:52,26,14,0,40
2024-06-12T00:51:10,26,14,0,40
2024-06-12T01:06:28,26,14,0,40
2024-06-12T01:21:56,26,14,0,40
2024-06-12T01:37:13,26,14,0,40
2024-06-12T01:52:36,26,14,0,40
2024-06-12T02:07:55,26,14,0,40
2024-06-12T02:23:13,26,14,0,40
2024-06-12T02:38:29,26,14,0,40
2024-06-12T02:53:45,26,14,0,40
2024-06-12T03:09:01,26,14,0,40
2024-06-12T03:24:16,26,14,0,40
2024-06-12T03:39:30,26,14,0,40
2024-06-12T03:54:52,26,14,0,40
2024-06-12T04:22:53,26,14,0,40
2024-06-12T04:39:35,26,14,0,40
2024-06-12T04:55:13,26,14,0,40
2024-06-12T05:10:35,26,14,0,40
2024-06-12T05:25:52,26,14,0,40
2024-06-12T05:41:09,26,14,0,40
2024-06-12T05:56:28,26,14,0,40
2024-06-12T06:11:45,26,14,0,40
2024-06-12T06:27:06,26,14,0,40
2024-06-12T06:42:22,26,14,0,40
2024-06-12T06:57:39,26,14,0,40
2024-06-12T07:13:10,26,14,0,40
2024-06-12T07:28:29,26,14,0,40
2024-06-12T07:43:45,26,14,0,40
2024-06-12T07:58:59,26,14,0,40
2024-06-12T08:14:27,26,14,0,40
2024-06-12T08:29:44,26,14,0,40
2024-06-12T08:45:06,26,14,0,40
2024-06-12T09:00:22,26,14,0,40
2024-06-12T09:15:39,26,14,0,40
2024-06-12T09:30:54,26,14,0,40
2024-06-12T09:46:10,26,14,0,40
2024-06-12T10:01:25,26,14,0,40
2024-06-12T10:16:49,26,14,0,40
2024-06-12T10:32:04,26,14,0,40
2024-06-12T10:47:19,26,14,0,40
2024-06-12T11:02:34,26,14,0,40
2024-06-12T11:17:49,26,14,0,40
2024-06-12T11:33:03,26,14,0,40
2024-06-12T11:48:28,26,14,0,40
2024-06-12T12:03:41,26,14,0,40
2024-06-12T12:19:00,26,14,0,40
2024-06-12T12:34:17,26,14,0,40
2024-06-12T12:49:36,26,14,0,40
2024-06-12T13:05:07,26,14,0,40
2024-06-12T13:20:27,27,13,0,40
2024-06-12T13:35:48,27,13,0,40
2024-06-12T13:51:10,27,13,0,40
2024-06-12T14:06:31,27,13,0,40
2024-06-12T14:21:53,27,13,0,40
2024-06-12T14:37:23,27,13,0,40
2024-06-12T14:52:44,27,13,0,40
2024-06-12T15:08:05,27,13,0,40
2024-06-12T15:23:35,27,13,0,40
2024-06-12T15:39:17,27,13,0,40
2024-06-12T15:54:49,27,13,0,40
2024-06-12T16:10:22,27,13,0,40
2024-06-12T16:25:56,27,13,0,40
2024-06-12T16:41:32,27,13,0,40
2024-06-12T16:57:16,27,13,0,40
2024-06-12T17:12:53,27,13,0,40
2024-06-12T17:28:27,27,13,0,40
2024-06-12T17:44:02,27,13,0,40
2024-06-12T17:59:36,27,13,0,40
2024-06-12T18:15:19,27,13,0,40
2024-06-12T18:30:54,27,13,0,40
2024-06-12T18:46:28,27,13,0,40
2024-06-12T19:02:04,27,13,0,40
2024-06-12T19:17:39,27,13,0,40
2024-06-12T19:33:14,27,13,0,40
2024-06-12T19:48:58,27,13,0,40
2024-06-12T20:04:33,27,13,0,40
2024-06-12T20:20:07,27,13,0,40
2024-06-12T20:35:41,27,13,0,40
2024-06-12T20:51:15,27,13,0,40
2024-06-12T21:06:49,27,13,0,40
2024-06-12T21:22:35,27,13,0,40
2024-06-12T21:38:12,27,13,0,40
2024-06-12T21:53:47,27,13,0,40
2024-06-12T22:09:21,27,13,0,40
2024-06-12T22:24:56,27,13,0,40
2024-06-12T22:40:30,27,13,0,40
2024-06-12T22:56:05,27,13,0,40
2024-06-12T23:11:50,27,13,0,40
2024-06-12T23:27:25,27,13,0,40
2024-06-12T23:43:01,27,13,0,40
2024-06-12T23:58:36,27,13,0,40
2024-06-13T00:14:12,27,13,0,40
2024-06-13T00:29:48,27,13,0,40
2024-06-13T00:45:31,27,13,0,40
2024-06-13T01:01:11,27,13,0,40
2024-06-13T01:17:01,27,13,0,40
2024-06-13T01:32:41,27,13,0,40
2024-06-13T01:48:22,27,13,0,40
2024-06-13T02:04:11,27,13,0,40
2024-06-13T02:19:50,27,13,0,40
2024-06-13T02:35:27,27,13,0,40
2024-06-13T02:51:04,27,13,0,40
2024-06-13T03:06:42,27,13,0,40
2024-06-13T03:22:18,27,13,0,40
2024-06-13T03:37:54,27,13,0,40
2024-06-13T03:53:36,27,13,0,40
2024-06-13T04:24:21,27,13,0,40
2024-06-13T04:41:17,27,13,0,40
2024-06-13T04:57:18,27,13,0,40
2024-06-13T05:13:24,27,13,0,40
2024-06-13T05:29:03,27,13,0,40
2024-06-13T05:44:41,27,13,0,40
2024-06-13T06:00:19,27,13,0,40
2024-06-13T06:15:58,27,13,0,40
2024-06-13T06:31:37,27,13,0,40
2024-06-13T06:47:15,27,13,0,40
2024-06-13T07:02:53,27,13,0,40
2024-06-13T07:18:42,27,13,0,40
2024-06-13T07:34:18,27,13,0,40
2024-06-13T07:49:54,27,13,0,40
2024-06-13T08:05:30,27,13,0,40
2024-06-13T08:21:08,27,13,0,40
2024-06-13T08:36:45,27,13,0,40
2024-06-13T08:52:21,27,13,0,40
2024-06-13T09:07:58,27,13,0,40
2024-06-13T09:23:35,27,13,0,40
2024-06-13T09:39:12,27,13,0,40
2024-06-13T09:55:04,27,13,0,40
2024-06-13T10:10:47,27,13,0,40
2024-06-13T10:26:25,27,13,0,40
2024-06-13T10:42:02,27,13,0,40
2024-06-13T10:57:40,27,13,0,40
2024-06-13T11:13:15,27,13,0,40
2024-06-13T11:28:52,27,13,0,40
2024-06-13T11:44:39,27,13,0,40
2024-06-13T12:00:15,27,13,0,40
2024-06-13T12:15:50,27,13,0,40
2024-06-13T12:31:25,27,13,0,40
2024-06-13T12:47:10,27,13,0,40
2024-06-13T13:02:45,27,13,0,40
2024-06-13T13:18:20,27,13,0,40
2024-06-13T13:33:54,27,13,0,40
2024-06-13T13:49:35,27,13,0,40
2024-06-13T14:05:09,27,13,0,40
2024-06-13T14:20:54,27,13,0,40
2024-06-13T14:36:28,27,13,0,40
2024-06-13T14:52:02,27,13,0,40
2024-06-13T15:07:37,27,13,0,40
2024-06-13T15:23:14,27,13,0,40
2024-06-13T15:39:03,27,13,0,40
2024-06-13T15:54:39,27,13,0,40
2024-06-13T16:10:14,27,13,0,40
2024-06-13T16:25:49,27,13,0,40
2024-06-13T16:41:23,27,13,0,40
2024-06-13T16:56:58,27,13,0,40
2024-06-13T17:12:44,27,13,0,40
2024-06-13T17:28:18,27,13,0,40
2024-06-13T17:43:54,27,13,0,40
2024-06-13T17:59:28,27,13,0,40
2024-06-13T18:15:03,27,13,0,40
2024-06-13T18:30:38,27,13,0,40
2024-06-13T18:46:13,27,13,0,40
2024-06-13T19:01:58,27,13,0,40
2024-06-13T19:17:34,27,13,0,40
2024-06-13T19:33:09,27,13,0,40
2024-06-13T19:48:45,27,13,0,40
2024-06-13T20:04:21,27,13,0,40
2024-06-13T20:19:56,27,13,0,40
2024-06-13T20:35:30,27,13,0,40
2024-06-13T20:51:17,27,13,0,40
2024-06-13T21:06:51,27,13,0,40
2024-06-13T21:22:28,27,13,0,40
2024-06-13T21:38:04,27,13,0,40
2024-06-13T21:53:41,27,13,0,40
2024-06-13T22:09:16,27,13,0,40
2024-06-13T22:25:21,27,13,0,40
2024-06-13T22:41:06,27,13,0,40
2024-06-13T22:56:42,27,13,0,40
2024-06-13T23:12:18,27,13,0,40
2024-06-13T23:27:54,27,13,0,40
2024-06-13T23:43:29,27,13,0,40
2024-06-13T23:59:05,27,13,0,40
2024-06-14T00:14:43,27,13,0,40
2024-06-14T00:30:22,27,13,0,40
2024-06-14T00:46:15,27,13,0,40
2024-06-14T01:01:55,27,13,0,40
2024-06-14T01:17:35,27,13,0,40
2024-06-14T01:33:14,27,13,0,40
2024-06-14T01:48:55,27,13,0,40
2024-06-14T02:04:36,27,13,0,40
2024-06-14T02:20:17,27,13,0,40
2024-06-14T02:35:57,27,13,0,40
2024-06-14T02:51:42,27,13,0,40
2024-06-14T03:07:24,27,13,0,40
2024-06-14T03:23:29,27,13,0,40
2024-06-14T03:39:09,27,13,0,40
2024-06-14T03:54:48,27,13,0,40
2024-06-14T04:10:38,27,13,0,40
2024-06-14T04:28:24,27,13,0,40
2024-06-14T04:45:38,27,13,0,40
2024-06-14T05:01:18,27,13,0,40
2024-06-14T05:16:58,27,13,0,40
2024-06-14T05:32:34,27,13,0,40
2024-06-14T05:48:11,27,13,0,40
2024-06-14T06:03:47,27,13,0,40
2024-06-14T06:19:23,27,13,0,40
2024-06-14T06:34:58,27,13,0,40
2024-06-14T06:50:31,27,13,0,40
2024-06-14T07:06:04,27,13,0,40
2024-06-14T07:21:38,27,13,0,40
2024-06-14T07:37:09,27,13,0,40
2024-06-14T07:52:39,27,13,0,40
2024-06-14T08:08:13,27,13,0,40
2024-06-14T08:23:44,27,13,0,40
2024-06-14T08:39:17,27,13,0,40
2024-06-14T08:54:59,27,13,0,40
2024-06-14T09:10:28,27,13,0,40
2024-06-14T09:25:59,27,13,0,40
2024-06-14T09:41:32,27,13,0,40
2024-06-14T09:57:03,27,13,0,40
2024-06-14T10:12:34,27,13,0,40
2024-06-14T10:28:03,27,13,0,40
2024-06-14T10:43:34,27,13,0,40
2024-06-14T10:59:17,27,13,0,40
2024-06-14T11:14:51,27,13,0,40
2024-06-14T11:30:21,27,13,0,40
2024-06-14T11:45:53,27,13,0,40
2024-06-14T12:01:26,27,13,0,40
2024-06-14T12:17:13,27,13,0,40
2024-06-14T12:32:45,27,13,0,40
2024-06-14T12:48:15,27,13,0,40
2024-06-14T13:03:48,27,13,0,40
2024-06-14T13:19:22,27,13,0,40
2024-06-14T13:35:03,27,13,0,40
2024-06-14T13:50:34,27,13,0,40
2024-06-14T14:06:05,27,13,0,40
2024-06-14T14:21:36,27,13,0,40
2024-06-14T14:37:08,27,13,0,40
2024-06-14T14:52:49,27,13,0,40
2024-06-14T15:08:21,27,13,0,40
2024-06-14T15:23:52,27,13,0,40
2024-06-14T15:39:23,27,13,0,40
2024-06-14T15:54:55,27,13,0,40
2024-06-14T16:10:38,27,13,0,40
2024-06-14T16:26:09,27,13,0,40
2024-06-14T16:41:39,27,13,0,40
2024-06-14T16:57:11,27,13,0,40
2024-06-14T17:12:43,27,13,0,40
2024-06-14T17:28:15,27,13,0,40
2024-06-14T17:43:46,27,13,0,40
2024-06-14T17:59:27,27,13,0,40
2024-06-14T18:15:02,27,13,0,40
2024-06-14T18:30:31,27,13,0,40
2024-06-14T18:46:04,27,13,0,40
2024-06-14T19:01:35,27,13,0,40
2024-06-14T19:17:07,27,13,0,40
2024-06-14T19:32:50,27,13,0,40
2024-06-14T19:48:22,27,13,0,40
2024-06-14T20:03:53,27,13,0,40
2024-06-14T20:19:24,27,13,0,40
2024-06-14T20:34:56,27,13,0,40
2024-06-14T20:50:27,27,13,0,40
2024-06-14T21:05:58,27,13,0,40
2024-06-14T21:21:31,27,13,0,40
2024-06-14T21:37:15,27,13,0,40
2024-06-14T21:52:47,27,13,0,40
2024-06-14T22:08:19,27,13,0,40
2024-06-14T22:23:49,27,13,0,40
2024-06-14T22:39:22,27,13,0,40
2024-06-14T22:54:55,27,13,0,40
2024-06-14T23:10:28,27,13,0,40
2024-06-14T23:26:00,27,13,0,40
2024-06-14T23:41:43,27,13,0,40
2024-06-14T23:57:14,27,13,0,40
2024-06-15T00:12:47,27,13,0,40
2024-06-15T00:28:26,27,13,0,40
2024-06-15T00:44:03,27,13,0,40
2024-06-15T00:59:40,27,13,0,40
2024-06-15T01:15:15,27,13,0,40
2024-06-15T01:30:51,27,13,0,40
2024-06-15T01:46:39,27,13,0,40
2024-06-15T02:02:16,27,13,0,40
2024-06-15T02:17:52,27,13,0,40
2024-06-15T02:33:28,27,13,0,40
2024-06-15T02:49:02,27,13,0,40
2024-06-15T03:04:34,27,13,0,40
2024-06-15T03:20:08,27,13,0,40
2024-06-15T03:35:42,27,13,0,40
2024-06-15T03:51:19,27,13,0,40
2024-06-15T04:06:54,27,13,0,40
2024-06-15T04:26:57,27,13,0,40
2024-06-15T04:43:49,27,13,0,40
2024-06-15T04:59:41,27,13,0,40
2024-06-15T05:15:12,27,13,0,40
2024-06-15T05:30:57,27,13,0,40
2024-06-15T05:46:33,27,13,0,40
2024-06-15T06:02:09,27,13,0,40
2024-06-15T06:17:43,27,13,0,40
2024-06-15T06:33:17,27,13,0,40
2024-06-15T06:48:51,27,13,0,40
2024-06-15T07:04:27,27,13,0,40
2024-06-15T07:20:10,27,13,0,40
2024-06-15T07:35:45,27,13,0,40
2024-06-15T07:51:19,27,13,0,40
2024-06-15T08:06:57,27,13,0,40
2024-06-15T08:22:33,27,13,0,40
2024-06-15T08:38:08,27,13,0,40
2024-06-15T08:53:43,27,13,0,40
2024-06-15T09:09:19,27,13,0,40
2024-06-15T09:25:10,27,13,0,40
2024-06-15T09:40:55,27,13,0,40
2024-06-15T09:56:38,27,13,0,40
2024-06-15T10:12:14,27,13,0,40
2024-06-15T10:27:50,27,13,0,40
2024-06-15T10:43:26,27,13,0,40
2024-06-15T10:59:01,27,13,0,40
2024-06-15T11:14:37,27,13,0,40
2024-06-15T11:30:23,27,13,0,40
2024-06-15T11:45:59,27,13,0,40
2024-06-15T12:01:35,27,13,0,40
2024-06-15T12:17:08,27,13,0,40
2024-06-15T12:32:41,27,13,0,40
2024-06-15T12:48:13,27,13,0,40
2024-06-15T13:03:46,27,13,0,40
2024-06-15T13:19:29,27,13,0,40
2024-06-15T13:35:01,27,13,0,40
2024-06-15T13:50:34,27,13,0,40
2024-06-15T14:06:06,27,13,0,40
2024-06-15T14:21:36,27,13,0,40
2024-06-15T14:37:09,27,13,0,40
2024-06-15T14:52:41,27,13,0,40
2024-06-15T15:08:12,27,13,0,40
2024-06-15T15:23:53,27,13,0,40
2024-06-15T15:39:25,27,13,0,40
2024-06-15T15:54:57,27,13,0,40
2024-06-15T16:10:28,27,13,0,40
2024-06-15T16:25:59,27,13,0,40
2024-06-15T16:41:28,27,13,0,40
2024-06-15T16:57:00,27,13,0,40
2024-06-15T17:12:42,27,13,0,40
2024-06-15T17:28:15,27,13,0,40
2024-06-15T17:43:46,27,13,0,40
2024-06-15T17:59:18,27,13,0,40
2024-06-15T18:14:50,27,13,0,40
2024-06-15T18:30:21,27,13,0,40
2024-06-15T18:46:03,27,13,0,40
2024-06-15T19:01:34,27,13,0,40
2024-06-15T19:17:06,27,13,0,40
2024-06-15T19:32:36,27,13,0,40
2024-06-15T19:48:08,27,13,0,40
2024-06-15T20:03:40,27,13,0,40
2024-06-15T20:19:12,27,13,0,40
2024-06-15T20:34:43,27,13,0,40
2024-06-15T20:50:26,27,13,0,40
2024-06-15T21:05:57,27,13,0,40
2024-06-15T21:21:32,27,13,0,40
2024-06-15T21:37:05,27,13,0,40
2024-06-15T21:52:36,27,13,0,40
2024-06-15T22:08:07,27,13,0,40
2024-06-15T22:23:39,27,13,0,40
2024-06-15T22:39:10,27,13,0,40
2024-06-15T22:54:55,27,13,0,40
2024-06-15T23:10:27,27,13,0,40
2024-06-15T23:25:58,27,13,0,40
2024-06-15T23:41:29,27,13,0,40
2024-06-15T23:57:01,27,13,0,40
2024-06-16T00:12:33,27,13,0,40
2024-06-16T00:28:05,27,13,0,40
2024-06-16T00:48:44,27,13,0,40
2024-06-16T01:04:16,27,13,0,40
2024-06-16T01:19:47,27,13,0,40
2024-06-16T01:35:20,27,13,0,40
2024-06-16T01:50:52,27,13,0,40
2024-06-16T02:06:29,27,13,0,40
2024-06-16T02:22:05,27,13,0,40
2024-06-16T02:37:39,27,13,0,40
2024-06-16T02:53:12,27,13,0,40
2024-06-16T03:08:43,27,13,0,40
2024-06-16T03:24:14,27,13,0,40
2024-06-16T03:39:46,27,13,0,40
2024-06-16T03:55:27,27,13,0,40
2024-06-16T04:11:08,27,13,0,40
2024-06-16T04:35:35,27,13,0,40
2024-06-16T04:51:17,27,13,0,40
2024-06-16T05:07:05,27,13,0,40
2024-06-16T05:22:49,27,13,0,40
2024-06-16T05:38:28,27,13,0,40
2024-06-16T05:54:06,27,13,0,40
2024-06-16T06:09:46,27,13,0,40
2024-06-16T06:25:24,27,13,0,40
2024-06-16T06:40:59,27,13,0,40
2024-06-16T06:56:35,27,13,0,40
2024-06-16T07:12:15,27,13,0,40
2024-06-16T07:27:56,27,13,0,40
2024-06-16T07:43:33,27,13,0,40
2024-06-16T07:59:22,27,13,0,40
2024-06-16T08:14:56,27,13,0,40
2024-06-16T08:30:30,27,13,0,40
2024-06-16T08:46:05,27,13,0,40
2024-06-16T09:01:40,27,13,0,40
2024-06-16T09:17:14,27,13,0,40
2024-06-16T09:32:49,27,13,0,40
2024-06-16T09:48:23,27,13,0,40
2024-06-16T10:04:01,27,13,0,40
2024-06-16T10:19:37,27,13,0,40
2024-06-16T10:35:22,27,13,0,40
2024-06-16T10:51:01,27,13,0,40
2024-06-16T11:06:37,27,13,0,40
2024-06-16T11:22:13,27,13,0,40
2024-06-16T11:37:48,27,13,0,40
2024-06-16T11:53:21,27,13,0,40
2024-06-16T12:08:56,27,13,0,40
2024-06-16T12:24:38,27,13,0,40
2024-06-16T12:40:10,27,13,0,40
2024-06-16T12:55:41,27,13,0,40
2024-06-16T13:11:13,27,13,0,40
2024-06-16T13:26:46,27,13,0,40
2024-06-16T13:42:27,27,13,0,40
2024-06-16T13:57:57,27,13,0,40
2024-06-16T14:13:27,27,13,0,40
2024-06-16T14:28:57,27,13,0,40
2024-06-16T14:44:27,27,13,0,40
2024-06-16T14:59:58,27,13,0,40
2024-06-16T15:15:28,27,13,0,40
2024-06-16T15:31:11,27,13,0,40
2024-06-16T15:46:43,27,13,0,40
2024-06-16T16:02:13,27,13,0,40
2024-06-16T16:17:44,27,13,0,40
2024-06-16T16:33:15,27,13,0,40
2024-06-16T16:48:58,27,13,0,40
2024-06-16T17:04:29,27,13,0,40
2024-06-16T17:20:01,27,13,0,40
2024-06-16T17:35:30,27,13,0,40
2024-06-16T17:51:01,27,13,0,40
2024-06-16T18:06:31,27,13,0,40
2024-06-16T18:22:01,27,13,0,40
2024-06-16T18:37:42,27,13,0,40
2024-06-16T18:53:12,27,13,0,40
2024-06-16T19:08:43,27,13,0,40
2024-06-16T19:24:15,27,13,0,40
2024-06-16T19:39:46,27,13,0,40
2024-06-16T19:55:18,27,13,0,40
2024-06-16T20:11:00,27,13,0,40
2024-06-16T20:26:32,27,13,0,40
2024-06-16T20:42:03,27,13,0,40
2024-06-16T20:57:33,27,13,0,40
2024-06-16T21:13:04,27,13,0,40
2024-06-16T21:28:50,27,13,0,40
2024-06-16T21:44:20,27,13,0,40
2024-06-16T21:59:52,27,13,0,40
2024-06-16T22:15:23,27,13,0,40
2024-06-16T22:30:56,27,13,0,40
2024-06-16T22:46:28,27,13,0,40
2024-06-16T23:02:03,27,13,0,40
2024-06-16T23:17:48,27,13,0,40
2024-06-16T23:33:20,27,13,0,40
2024-06-16T23:48:52,27,13,0,40
2024-06-17T00:04:25,27,13,0,40
2024-06-17T00:20:03,27,13,0,40
2024-06-17T00:35:41,27,13,0,40
2024-06-17T00:51:19,27,13,0,40
2024-06-17T01:07:07,27,13,0,40
2024-06-17T01:22:47,27,13,0,40
2024-06-17T01:38:23,27,13,0,40
2024-06-17T01:54:00,27,13,0,40
2024-06-17T02:09:36,27,13,0,40
2024-06-17T02:25:14,27,13,0,40
2024-06-17T02:40:50,27,13,0,40
2024-06-17T02:56:23,27,13,0,40
2024-06-17T03:11:56,27,13,0,40
2024-06-17T03:27:31,27,13,0,40
2024-06-17T03:43:05,27,13,0,40
2024-06-17T03:58:38,27,13,0,40
2024-06-17T04:22:51,27,13,0,40
2024-06-17T04:40:08,27,13,0,40
2024-06-17T04:55:47,27,13,0,40
2024-06-17T05:11:25,27,13,0,40
2024-06-17T05:27:03,27,13,0,40
2024-06-17T05:42:39,27,13,0,40
2024-06-17T05:58:18,27,13,0,40
2024-06-17T06:13:54,27,13,0,40
2024-06-17T06:29:34,27,13,0,40
2024-06-17T06:45:12,27,13,0,40
2024-06-17T07:00:48,27,13,0,40
2024-06-17T07:16:28,27,13,0,40
2024-06-17T07:32:10,27,13,0,40
2024-06-17T07:47:42,27,13,0,40
2024-06-17T08:03:16,27,13,0,40
2024-06-17T08:18:47,27,13,0,40
2024-06-17T08:34:22,27,13,0,40
2024-06-17T08:49:55,27,13,0,40
2024-06-17T09:05:28,27,13,0,40
2024-06-17T09:21:02,27,13,0,40
2024-06-17T09:36:49,27,13,0,40
2024-06-17T09:52:21,27,13,0,40
2024-06-17T10:07:54,27,13,0,40
2024-06-17T10:23:26,27,13,0,40
2024-06-17T10:39:10,27,13,0,40
2024-06-17T10:54:42,27,13,0,40
2024-06-17T11:10:14,27,13,0,40
2024-06-17T11:25:49,27,13,0,40
2024-06-17T11:41:34,27,13,0,40
2024-06-17T11:57:09,27,13,0,40
2024-06-17T12:12:43,27,13,0,40
2024-06-17T12:28:25,27,13,0,40
2024-06-17T12:43:58,27,13,0,40
2024-06-17T12:59:32,27,13,0,40
2024-06-17T13:15:05,27,13,0,40
2024-06-17T13:30:48,27,13,0,40
2024-06-17T13:46:20,27,13,0,40
2024-06-17T14:01:51,27,13,0,40
2024-06-17T14:17:24,27,13,0,40
2024-06-17T14:33:07,27,13,0,40
2024-06-17T14:48:39,27,13,0,40
2024-06-17T15:04:11,27,13,0,40
2024-06-17T15:19:57,27,13,0,40
2024-06-17T15:35:29,27,13,0,40
2024-06-17T15:51:02,27,13,0,40
2024-06-17T16:06:46,27,13,0,40
2024-06-17T16:22:19,27,13,0,40
2024-06-17T16:37:51,27,13,0,40
2024-06-17T16:53:23,27,13,0,40
2024-06-17T17:08:57,27,13,0,40
2024-06-17T17:24:44,27,13,0,40
2024-06-17T17:40:16,27,13,0,40
2024-06-17T17:55:47,27,13,0,40
2024-06-17T18:11:19,27,13,0,40
2024-06-17T18:27:03,27,13,0,40
2024-06-17T18:42:35,27,13,0,40
2024-06-17T18:58:08,27,13,0,40
2024-06-17T19:13:45,27,13,0,40
2024-06-17T19:29:29,27,13,0,40
2024-06-17T19:45:02,27,13,0,40
2024-06-17T20:00:33,27,13,0,40
2024-06-17T20:16:05,27,13,0,40
2024-06-17T20:31:37,27,13,0,40
2024-06-17T20:47:21,27,13,0,40
2024-06-17T21:02:54,27,13,0,40
2024-06-17T21:18:28,27,13,0,40
2024-06-17T21:34:00,27,13,0,40
2024-06-17T21:49:45,27,13,0,40
2024-06-17T22:05:23,27,13,0,40
2024-06-17T22:20:56,27,13,0,40
2024-06-17T22:36:30,27,13,0,40
2024-06-17T22:52:04,27,13,0,40
2024-06-17T23:07:47,27,13,0,40
2024-06-17T23:23:20,27,13,0,40
2024-06-17T23:38:52,27,13,0,40
2024-06-17T23:54:24,27,13,0,40
2024-06-18T00:10:09,27,13,0,40
2024-06-18T00:25:45,27,13,0,40
2024-06-18T00:41:28,27,13,0,40
2024-06-18T00:57:04,27,13,0,40
2024-06-18T01:12:40,27,13,0,40
2024-06-18T01:28:16,27,13,0,40
2024-06-18T01:44:03,27,13,0,40
2024-06-18T01:59:40,27,13,0,40
2024-06-18T02:15:20,27,13,0,40
2024-06-18T02:30:57,27,13,0,40
2024-06-18T02:46:34,27,13,0,40
2024-06-18T03:02:11,27,13,0,40
2024-06-18T03:17:49,27,13,0,40
2024-06-18T03:33:28,27,13,0,40
2024-06-18T03:49:05,27,13,0,40
2024-06-18T04:04:42,27,13,0,40
2024-06-18T04:29:40,27,13,0,40
2024-06-18T04:45:21,27,13,0,40
2024-06-18T05:00:59,27,13,0,40
2024-06-18T05:16:41,27,13,0,40
2024-06-18T05:32:29,27,13,0,40
2024-06-18T05:48:11,27,13,0,40
2024-06-18T06:03:55,27,13,0,40
2024-06-18T06:19:34,27,13,0,40
2024-06-18T06:35:14,27,13,0,40
2024-06-18T06:51:04,27,13,0,40
2024-06-18T07:06:45,27,13,0,40
2024-06-18T07:22:26,27,13,0,40
2024-06-18T07:38:03,27,13,0,40
2024-06-18T07:53:40,27,13,0,40
2024-06-18T08:09:18,27,13,0,40
2024-06-18T08:24:58,27,13,0,40
2024-06-18T08:40:47,27,13,0,40
2024-06-18T08:56:26,27,13,0,40
2024-06-18T09:12:05,27,13,0,40
2024-06-18T09:27:44,27,13,0,40
2024-06-18T09:43:43,27,13,0,40
2024-06-18T09:59:35,27,13,0,40
2024-06-18T10:15:22,27,13,0,40
2024-06-18T10:31:16,27,13,0,40
2024-06-18T10:47:08,27,13,0,40
2024-06-18T11:02:47,27,13,0,40
2024-06-18T11:18:26,27,13,0,40
2024-06-18T11:34:19,27,13,0,40
2024-06-18T11:50:03,27,13,0,40
2024-06-18T12:05:40,27,13,0,40
2024-06-18T12:21:29,27,13,0,40
2024-06-18T12:37:05,27,13,0,40
2024-06-18T12:52:42,27,13,0,40
2024-06-18T13:08:28,27,13,0,40
2024-06-18T13:24:05,27,13,0,40
2024-06-18T13:39:43,27,13,0,40
2024-06-18T13:55:34,27,13,0,40
2024-06-18T14:11:12,27,13,0,40
2024-06-18T14:26:48,27,13,0,40
2024-06-18T14:42:37,27,13,0,40
2024-06-18T14:58:15,27,13,0,40
2024-06-18T15:13:52,27,13,0,40
2024-06-18T15:29:42,27,13,0,40
2024-06-18T15:45:20,27,13,0,40
2024-06-18T16:00:56,27,13,0,40
2024-06-18T16:16:42,27,13,0,40
2024-06-18T16:32:21,27,13,0,40
2024-06-18T16:47:59,27,13,0,40
2024-06-18T17:03:45,27,13,0,40
2024-06-18T17:19:24,27,13,0,40
2024-06-18T17:35:01,27,13,0,40
2024-06-18T17:50:52,27,13,0,40
2024-06-18T18:06:31,27,13,0,40
2024-06-18T18:22:09,27,13,0,40
2024-06-18T18:37:56,27,13,0,40
2024-06-18T18:53:31,27,13,0,40
2024-06-18T19:09:10,27,13,0,40
2024-06-18T19:24:47,27,13,0,40
2024-06-18T19:40:36,27,13,0,40
2024-06-18T19:56:14,27,13,0,40
2024-06-18T20:11:50,27,13,0,40
2024-06-18T20:27:29,27,13,0,40
2024-06-18T20:43:22,27,13,0,40
2024-06-18T20:59:00,27,13,0,40
2024-06-18T21:14:39,27,13,0,40
2024-06-18T21:30:32,27,13,0,40
2024-06-18T21:46:09,27,13,0,40
2024-06-18T22:01:53,27,13,0,40
2024-06-18T22:17:33,27,13,0,40
2024-06-18T22:33:22,27,13,0,40
2024-06-18T22:49:02,27,13,0,40
2024-06-18T23:04:42,27,13,0,40
2024-06-18T23:20:31,27,13,0,40
2024-06-18T23:36:14,27,13,0,40
2024-06-18T23:51:51,27,13,0,40
2024-06-19T00:07:44,27,13,0,40
2024-06-19T00:23:42,27,13,0,40
2024-06-19T00:39:31,27,13,0,40
2024-06-19T00:55:13,27,13,0,40
2024-06-19T01:10:57,27,13,0,40
2024-06-19T01:26:50,27,13,0,40
2024-06-19T01:42:33,27,13,0,40
2024-06-19T01:58:15,27,13,0,40
2024-06-19T02:13:57,27,13,0,40
2024-06-19T02:29:40,27,13,0,40
2024-06-19T02:45:25,27,13,0,40
2024-06-19T03:01:04,27,13,0,40
2024-06-19T03:17:00,27,13,0,40
2024-06-19T03:32:40,27,13,0,40
2024-06-19T03:48:22,27,13,0,40
2024-06-19T04:04:04,27,13,0,40
2024-06-19T04:26:23,27,13,0,40
2024-06-19T04:42:07,27,13,0,40
2024-06-19T04:57:50,27,13,0,40
2024-06-19T05:13:36,27,13,0,40
2024-06-19T05:29:18,27,13,0,40
2024-06-19T05:46:30,27,13,0,40
2024-06-19T06:02:48,27,13,0,40
2024-06-19T06:18:27,27,13,0,40
2024-06-19T06:34:05,27,13,0,40
2024-06-19T06:50:06,27,13,0,40
2024-06-19T07:05:49,27,13,0,40
2024-06-19T07:21:30,27,13,0,40
2024-06-19T07:37:10,27,13,0,40
2024-06-19T07:52:48,27,13,0,40
2024-06-19T08:08:28,27,13,0,40
2024-06-19T08:24:09,27,13,0,40
2024-06-19T08:40:07,27,13,0,40
2024-06-19T08:55:47,27,13,0,40
2024-06-19T09:12:02,27,13,0,40
2024-06-19T09:28:03,27,13,0,40
2024-06-19T09:43:53,27,13,0,40
2024-06-19T09:59:33,27,13,0,40
2024-06-19T10:15:12,27,13,0,40
2024-06-19T10:30:52,27,13,0,40
2024-06-19T10:46:41,27,13,0,40
2024-06-19T11:02:20,27,13,0,40
2024-06-19T11:17:58,27,13,0,40
2024-06-19T11:33:47,27,13,0,40
2024-06-19T11:49:26,27,13,0,40
2024-06-19T12:05:06,27,13,0,40
2024-06-19T12:20:47,27,13,0,40
2024-06-19T12:36:33,27,13,0,40
2024-06-19T12:52:10,27,13,0,40
2024-06-19T13:07:46,27,13,0,40
2024-06-19T13:23:31,27,13,0,40
2024-06-19T13:39:07,27,13,0,40
2024-06-19T13:54:43,27,13,0,40
2024-06-19T14:10:18,27,13,0,40
2024-06-19T14:25:53,27,13,0,40
2024-06-19T14:41:39,27,13,0,40
2024-06-19T14:57:15,27,13,0,40
2024-06-19T15:12:51,27,13,0,40
2024-06-19T15:28:38,27,13,0,40
2024-06-19T15:44:13,27,13,0,40
2024-06-19T15:59:49,27,13,0,40
2024-06-19T16:15:25,27,13,0,40
2024-06-19T16:31:00,27,13,0,40
2024-06-19T16:46:46,27,13,0,40
2024-06-19T17:02:22,27,13,0,40
2024-06-19T17:17:59,27,13,0,40
2024-06-19T17:33:35,27,13,0,40
2024-06-19T17:49:12,27,13,0,40
2024-06-19T18:04:48,27,13,0,40
2024-06-19T18:20:35,27,13,0,40
2024-06-19T18:36:11,27,13,0,40
2024-06-19T18:51:46,27,13,0,40
2024-06-19T19:07:23,27,13,0,40
2024-06-19T19:22:59,27,13,0,40
2024-06-19T19:38:46,27,13,0,40
2024-06-19T19:54:22,27,13,0,40
2024-06-19T20:09:58,27,13,0,40
2024-06-19T20:25:34,27,13,0,40
2024-06-19T20:41:10,27,13,0,40
2024-06-19T20:56:58,27,13,0,40
2024-06-19T21:12:36,27,13,0,40
2024-06-19T21:28:12,27,13,0,40
2024-06-19T21:43:50,27,13,0,40
2024-06-19T21:59:33,27,13,0,40
2024-06-19T22:15:12,27,13,0,40
2024-06-19T22:31:00,27,13,0,40
2024-06-19T22:46:37,27,13,0,40
2024-06-19T23:02:14,27,13,0,40
2024-06-19T23:17:51,27,13,0,40
2024-06-19T23:33:28,27,13,0,40
2024-06-19T23:49:03,27,13,0,40
2024-06-20T00:04:52,27,13,0,40
2024-06-20T00:20:32,27,13,0,40
2024-06-20T00:36:11,27,13,0,40
2024-06-20T00:51:50,27,13,0,40
2024-06-20T01:07:29,27,13,0,40
2024-06-20T01:23:07,27,13,0,40
2024-06-20T01:38:45,27,13,0,40
2024-06-20T01:54:24,27,13,0,40
2024-06-20T02:10:14,27,13,0,40
2024-06-20T02:25:53,27,13,0,40
2024-06-20T02:41:50,27,13,0,40
2024-06-20T02:57:29,27,13,0,40
2024-06-20T03:13:07,27,13,0,40
2024-06-20T03:28:45,27,13,0,40
2024-06-20T03:44:25,27,13,0,40
2024-06-20T04:00:03,27,13,0,40
2024-06-20T04:32:40,27,13,0,40
2024-06-20T04:48:39,27,13,0,40
2024-06-20T05:04:20,27,13,0,40
2024-06-20T05:20:01,27,13,0,40
2024-06-20T05:35:41,27,13,0,40
2024-06-20T05:51:21,27,13,0,40
2024-06-20T06:07:00,27,13,0,40
2024-06-20T06:22:40,27,13,0,40
2024-06-20T06:38:18,27,13,0,40
2024-06-20T06:53:55,27,13,0,40
2024-06-20T07:09:34,27,13,0,40
2024-06-20T07:25:14,27,13,0,40
2024-06-20T07:40:49,27,13,0,40
2024-06-20T07:56:34,27,13,0,40
2024-06-20T08:12:12,27,13,0,40
2024-06-20T08:27:48,27,13,0,40
2024-06-20T08:43:25,27,13,0,40
2024-06-20T08:59:03,27,13,0,40
2024-06-20T09:14:40,27,13,0,40
2024-06-20T09:30:18,27,13,0,40
2024-06-20T09:45:55,27,13,0,40
2024-06-20T10:01:32,27,13,0,40
2024-06-20T10:17:21,27,13,0,40
2024-06-20T10:33:00,27,13,0,40
2024-06-20T10:48:38,27,13,0,40
2024-06-20T11:04:18,27,13,0,40
2024-06-20T11:19:56,27,13,0,40
2024-06-20T11:35:42,27,13,0,40
2024-06-20T11:51:19,27,13,0,40
2024-06-20T12:06:55,27,13,0,40
2024-06-20T12:22:32,27,13,0,40
2024-06-20T12:38:18,27,13,0,40
2024-06-20T12:53:54,27,13,0,40
2024-06-20T13:09:31,27,13,0,40
2024-06-20T13:25:07,27,13,0,40
2024-06-20T13:40:54,27,13,0,40
2024-06-20T13:56:30,27,13,0,40
2024-06-20T14:12:06,27,13,0,40
2024-06-20T14:27:43,27,13,0,40
2024-06-20T14:43:28,27,13,0,40
2024-06-20T14:59:05,27,13,0,40
2024-06-20T15:14:42,27,13,0,40
2024-06-20T15:30:21,27,13,0,40
2024-06-20T15:46:08,27,13,0,40
2024-06-20T16:01:46,27,13,0,40
2024-06-20T16:17:22,27,13,0,40
2024-06-20T16:32:57,27,13,0,40
2024-06-20T16:48:33,27,13,0,40
2024-06-20T17:04:19,27,13,0,40
2024-06-20T17:19:56,27,13,0,40
2024-06-20T17:35:31,27,13,0,40
2024-06-20T17:51:08,27,13,0,40
2024-06-20T18:06:44,27,13,0,40
2024-06-20T18:22:19,27,13,0,40
2024-06-20T18:38:06,27,13,0,40
2024-06-20T18:53:41,27,13,0,40
2024-06-20T19:09:19,27,13,0,40
2024-06-20T19:24:55,27,13,0,40
2024-06-20T19:40:31,27,13,0,40
2024-06-20T19:56:06,27,13,0,40
2024-06-20T20:11:53,27,13,0,40
2024-06-20T20:27:29,27,13,0,40
2024-06-20T20:43:05,27,13,0,40
2024-06-20T20:58:40,27,13,0,40
2024-06-20T21:14:18,27,13,0,40
2024-06-20T21:29:55,27,13,0,40
2024-06-20T21:45:32,27,13,0,40
2024-06-20T22:01:20,27,13,0,40
2024-06-20T22:16:55,27,13,0,40
2024-06-20T22:32:31,27,13,0,40
2024-06-20T22:48:07,27,13,0,40
2024-06-20T23:03:43,27,13,0,40
2024-06-20T23:19:19,27,13,0,40
2024-06-20T23:35:06,27,13,0,40
2024-06-20T23:50:42,27,13,0,40
2024-06-21T00:06:21,27,13,0,40
2024-06-21T00:22:05,27,13,0,40
2024-06-21T00:37:47,27,13,0,40
2024-06-21T00:53:29,27,13,0,40
2024-06-21T01:09:09,27,13,0,40
2024-06-21T01:25:01,27,13,0,40
2024-06-21T01:40:41,27,13,0,40
2024-06-21T01:56:22,27,13,0,40
2024-06-21T02:12:05,27,13,0,40
2024-06-21T02:27:44,27,13,0,40
2024-06-21T02:43:23,27,13,0,40
2024-06-21T02:59:01,27,13,0,40
2024-06-21T03:14:40,27,13,0,40
2024-06-21T03:30:18,27,13,0,40
2024-06-21T03:45:56,27,13,0,40
2024-06-21T04:01:42,27,13,0,40
2024-06-21T04:20:56,27,13,0,40
2024-06-21T04:36:35,27,13,0,40
2024-06-21T04:54:03,27,13,0,40
2024-06-21T05:09:49,27,13,0,40
2024-06-21T05:25:28,27,13,0,40
2024-06-21T05:41:08,27,13,0,40
2024-06-21T05:56:50,27,13,0,40
2024-06-21T06:12:29,27,13,0,40
2024-06-21T06:28:07,27,13,0,40
2024-06-21T06:43:48,27,13,0,40
2024-06-21T06:59:27,27,13,0,40
2024-06-21T07:15:09,27,13,0,40
2024-06-21T07:30:46,27,13,0,40
2024-06-21T07:46:24,27,13,0,40
2024-06-21T08:02:12,27,13,0,40
2024-06-21T08:17:51,27,13,0,40
2024-06-21T08:33:29,27,13,0,40
2024-06-21T08:49:07,27,13,0,40
2024-06-21T09:04:45,27,13,0,40
2024-06-21T09:20:23,27,13,0,40
2024-06-21T09:35:59,27,13,0,40
2024-06-21T09:51:35,27,13,0,40
2024-06-21T10:07:12,27,13,0,40
2024-06-21T10:22:58,27,13,0,40
2024-06-21T10:38:34,27,13,0,40
2024-06-21T10:54:14,27,13,0,40
2024-06-21T11:09:50,27,13,0,40
2024-06-21T11:25:26,27,13,0,40
2024-06-21T11:41:03,27,13,0,40
2024-06-21T11:56:38,27,13,0,40
2024-06-21T12:12:23,27,13,0,40
2024-06-21T12:28:00,27,13,0,40
2024-06-21T12:43:35,27,13,0,40
2024-06-21T12:59:11,27,13,0,40
2024-06-21T13:14:48,27,13,0,40
2024-06-21T13:30:33,27,13,0,40
2024-06-21T13:46:09,27,13,0,40
2024-06-21T14:01:44,27,13,0,40
2024-06-21T14:17:20,27,13,0,40
2024-06-21T14:32:55,27,13,0,40
2024-06-21T14:48:31,27,13,0,40
2024-06-21T15:04:09,27,13,0,40
2024-06-21T15:19:54,27,13,0,40
2024-06-21T15:35:29,27,13,0,40
2024-06-21T15:51:04,27,13,0,40
2024-06-21T16:06:40,27,13,0,40
2024-06-21T16:22:17,27,13,0,40
2024-06-21T16:37:54,27,13,0,40
2024-06-21T16:53:39,27,13,0,40
2024-06-21T17:09:16,27,13,0,40
2024-06-21T17:24:52,27,13,0,40
2024-06-21T17:40:27,27,13,0,40
2024-06-21T17:56:03,27,13,0,40
2024-06-21T18:11:39,27,13,0,40
2024-06-21T18:27:15,27,13,0,40
2024-06-21T18:43:01,27,13,0,40
2024-06-21T18:58:36,27,13,0,40
2024-06-21T19:14:12,27,13,0,40
2024-06-21T19:29:48,27,13,0,40
2024-06-21T19:45:25,27,13,0,40
2024-06-21T20:01:02,27,13,0,40
2024-06-21T20:16:38,27,13,0,40
2024-06-21T20:32:24,27,13,0,40
2024-06-21T20:48:00,27,13,0,40
2024-06-21T21:03:36,27,13,0,40
2024-06-21T21:19:16,27,13,0,40
2024-06-21T21:34:53,27,13,0,40
2024-06-21T21:50:30,27,13,0,40
2024-06-21T22:06:08,27,13,0,40
2024-06-21T22:21:44,27,13,0,40
2024-06-21T22:37:20,27,13,0,40
2024-06-21T22:53:09,27,13,0,40
2024-06-21T23:08:46,27,13,0,40
2024-06-21T23:24:24,27,13,0,40
2024-06-21T23:40:03,27,13,0,40
2024-06-21T23:55:40,27,13,0,40
2024-06-22T00:11:18,27,13,0,40
2024-06-22T00:27:01,27,13,0,40
2024-06-22T00:42:42,27,13,0,40
2024-06-22T00:58:23,27,13,0,40
2024-06-22T01:14:12,27,13,0,40
2024-06-22T01:29:52,27,13,0,40
2024-06-22T01:45:32,27,13,0,40
2024-06-22T02:01:13,27,13,0,40
2024-06-22T02:16:52,27,13,0,40
2024-06-22T02:32:35,27,13,0,40
2024-06-22T02:48:12,27,13,0,40
2024-06-22T03:03:48,27,13,0,40
2024-06-22T03:19:27,27,13,0,40
2024-06-22T03:35:04,27,13,0,40
2024-06-22T03:50:42,27,13,0,40
2024-06-22T04:06:21,27,13,0,40
2024-06-22T04:29:01,27,13,0,40
2024-06-22T04:44:43,27,13,0,40
2024-06-22T05:00:21,27,13,0,40
2024-06-22T05:15:57,27,13,0,40
2024-06-22T05:31:35,27,13,0,40
2024-06-22T05:47:14,27,13,0,40
2024-06-22T06:03:30,27,13,0,40
2024-06-22T06:19:10,27,13,0,40
2024-06-22T06:34:49,27,13,0,40
2024-06-22T06:50:27,27,13,0,40
2024-06-22T07:06:08,27,13,0,40
2024-06-22T07:21:47,27,13,0,40
2024-06-22T07:37:25,27,13,0,40
2024-06-22T07:53:03,27,13,0,40
2024-06-22T08:08:43,27,13,0,40
2024-06-22T08:24:21,27,13,0,40
2024-06-22T08:40:08,27,13,0,40
2024-06-22T08:55:45,27,13,0,40
2024-06-22T09:11:23,27,13,0,40
2024-06-22T09:27:02,27,13,0,40
2024-06-22T09:42:40,27,13,0,40
2024-06-22T09:58:18,27,13,0,40
2024-06-22T10:13:58,27,13,0,40
2024-06-22T10:29:37,27,13,0,40
2024-06-22T10:45:15,27,13,0,40
2024-06-22T11:00:53,27,13,0,40
2024-06-22T11:16:31,27,13,0,40
2024-06-22T11:32:11,27,13,0,40
2024-06-22T11:47:59,27,13,0,40
2024-06-22T12:03:36,27,13,0,40
2024-06-22T12:19:14,27,13,0,40
2024-06-22T12:34:52,27,13,0,40
2024-06-22T12:50:29,27,13,0,40
2024-06-22T13:06:06,27,13,0,40
2024-06-22T13:21:44,27,13,0,40
2024-06-22T13:37:31,27,13,0,40
2024-06-22T13:53:07,27,13,0,40
2024-06-22T14:08:42,27,13,0,40
2024-06-22T14:24:18,27,13,0,40
2024-06-22T14:39:53,27,13,0,40
2024-06-22T14:55:29,27,13,0,40
2024-06-22T15:11:04,27,13,0,40
2024-06-22T15:26:49,27,13,0,40
2024-06-22T15:42:25,27,13,0,40
2024-06-22T15:58:00,27,13,0,40
2024-06-22T16:13:36,27,13,0,40
2024-06-22T16:29:11,27,13,0,40
2024-06-22T16:44:46,27,13,0,40
2024-06-22T17:00:22,27,13,0,40
2024-06-22T17:15:59,27,13,0,40
2024-06-22T17:31:35,27,13,0,40
2024-06-22T17:47:11,27,13,0,40
2024-06-22T18:02:46,27,13,0,40
2024-06-22T18:18:22,27,13,0,40
2024-06-22T18:34:07,27,13,0,40
2024-06-22T18:49:43,27,13,0,40
2024-06-22T19:05:21,27,13,0,40
2024-06-22T19:20:57,27,13,0,40
2024-06-22T19:36:33,27,13,0,40
2024-06-22T19:52:09,27,13,0,40
2024-06-22T20:07:46,27,13,0,40
2024-06-22T20:23:23,27,13,0,40
2024-06-22T20:38:59,27,13,0,40
2024-06-22T20:54:36,27,13,0,40
2024-06-22T21:10:21,27,13,0,40
2024-06-22T21:25:59,27,13,0,40
2024-06-22T21:41:35,27,13,0,40
2024-06-22T21:57:11,27,13,0,40
2024-06-22T22:12:47,27,13,0,40
2024-06-22T22:28:24,27,13,0,40
2024-06-22T22:44:00,27,13,0,40
2024-06-22T22:59:40,27,13,0,40
2024-06-22T23:15:18,27,13,0,40
2024-06-22T23:30:54,27,13,0,40
2024-06-22T23:46:30,27,13,0,40
2024-06-23T00:02:06,27,13,0,40
2024-06-23T00:17:52,27,13,0,40
2024-06-23T00:33:28,27,13,0,40
2024-06-23T00:49:04,27,13,0,40
2024-06-23T01:04:40,27,13,0,40
2024-06-23T01:20:15,27,13,0,40
2024-06-23T01:35:50,27,13,0,40
2024-06-23T01:51:26,27,13,0,40
2024-06-23T02:07:01,27,13,0,40
2024-06-23T02:22:36,27,13,0,40
2024-06-23T02:38:12,27,13,0,40
2024-06-23T02:53:52,27,13,0,40
2024-06-23T03:09:33,27,13,0,40
2024-06-23T03:25:43,27,13,0,40
2024-06-23T03:42:39,27,13,0,40
2024-06-23T03:58:20,27,13,0,40
2024-06-23T04:14:00,27,13,0,40
2024-06-23T04:34:10,27,13,0,40
2024-06-23T04:50:10,27,13,0,40
2024-06-23T05:05:51,27,13,0,40
2024-06-23T05:21:32,27,13,0,40
2024-06-23T05:37:11,27,13,0,40
2024-06-23T05:52:50,27,13,0,40
2024-06-23T06:08:28,27,13,0,40
2024-06-23T06:24:06,27,13,0,40
2024-06-23T06:39:45,27,13,0,40
2024-06-23T06:55:24,27,13,0,40
2024-06-23T07:11:02,27,13,0,40
2024-06-23T07:26:41,27,13,0,40
2024-06-23T07:42:19,27,13,0,40
2024-06-23T07:57:59,27,13,0,40
2024-06-23T08:13:37,27,13,0,40
2024-06-23T08:29:23,27,13,0,40
2024-06-23T08:45:01,27,13,0,40
2024-06-23T09:00:39,27,13,0,40
2024-06-23T09:16:15,27,13,0,40
2024-06-23T09:31:56,27,13,0,40
2024-06-23T09:47:34,27,13,0,40
2024-06-23T10:03:10,27,13,0,40
2024-06-23T10:18:49,27,13,0,40
2024-06-23T10:34:33,27,13,0,40
2024-06-23T10:50:16,27,13,0,40
2024-06-23T11:05:58,27,13,0,40
2024-06-23T11:21:37,27,13,0,40
2024-06-23T11:37:25,27,13,0,40
2024-06-23T11:53:16,27,13,0,40
2024-06-23T12:08:51,27,13,0,40
2024-06-23T12:24:31,27,13,0,40
2024-06-23T12:40:08,27,13,0,40
2024-06-23T12:55:44,27,13,0,40
2024-06-23T13:11:19,27,13,0,40
2024-06-23T13:26:57,27,13,0,40
2024-06-23T13:42:32,27,13,0,40
2024-06-23T13:58:17,27,13,0,40
2024-06-23T14:13:53,27,13,0,40
2024-06-23T14:29:28,27,13,0,40
2024-06-23T14:45:05,27,13,0,40
2024-06-23T15:00:40,27,13,0,40
2024-06-23T15:16:17,27,13,0,40
2024-06-23T15:31:55,27,13,0,40
2024-06-23T15:47:30,27,13,0,40
2024-06-23T16:03:07,27,13,0,40
2024-06-23T16:18:53,27,13,0,40
2024-06-23T16:34:31,27,13,0,40
2024-06-23T16:50:07,27,13,0,40
2024-06-23T17:05:46,27,13,0,40
2024-06-23T17:21:23,27,13,0,40
2024-06-23T17:36:58,27,13,0,40
2024-06-23T17:52:33,27,13,0,40
2024-06-23T18:08:09,27,13,0,40
2024-06-23T18:23:46,27,13,0,40
2024-06-23T18:39:23,27,13,0,40
2024-06-23T18:55:09,27,13,0,40
2024-06-23T19:10:45,27,13,0,40
2024-06-23T19:26:22,27,13,0,40
2024-06-23T19:41:58,27,13,0,40
2024-06-23T19:57:33,27,13,0,40
2024-06-23T20:13:09,27,13,0,40
2024-06-23T20:28:45,27,13,0,40
2024-06-23T20:44:21,27,13,0,40
2024-06-23T20:59:57,27,13,0,40
2024-06-23T21:15:43,27,13,0,40
2024-06-23T21:31:22,27,13,0,40
2024-06-23T21:46:59,27,13,0,40
2024-06-23T22:02:35,27,13,0,40
2024-06-23T22:18:11,27,13,0,40
2024-06-23T22:33:47,27,13,0,40
2024-06-23T22:49:23,27,13,0,40
2024-06-23T23:05:03,27,13,0,40
2024-06-23T23:20:41,27,13,0,40
2024-06-23T23:36:28,27,13,0,40
2024-06-23T23:52:04,27,13,0,40
2024-06-24T00:07:41,27,13,0,40
2024-06-24T00:23:35,27,13,0,40
2024-06-24T00:39:20,27,13,0,40
2024-06-24T00:55:00,27,13,0,40
2024-06-24T01:10:43,27,13,0,40
2024-06-24T01:26:25,27,13,0,40
2024-06-24T01:42:05,27,13,0,40
2024-06-24T01:57:45,27,13,0,40
2024-06-24T02:13:25,27,13,0,40
2024-06-24T02:29:22,27,13,0,40
2024-06-24T02:45:00,27,13,0,40
2024-06-24T03:00:37,27,13,0,40
2024-06-24T03:16:26,27,13,0,40
2024-06-24T03:32:07,27,13,0,40
2024-06-24T03:47:45,27,13,0,40
2024-06-24T04:03:23,27,13,0,40
2024-06-24T04:27:40,27,13,0,40
2024-06-24T04:44:58,27,13,0,40
2024-06-24T05:00:37,27,13,0,40
2024-06-24T05:16:20,27,13,0,40
2024-06-24T05:31:58,27,13,0,40
2024-06-24T05:47:38,27,13,0,40
2024-06-24T06:03:17,27,13,0,40
2024-06-24T06:18:56,27,13,0,40
2024-06-24T06:34:38,27,13,0,40
2024-06-24T06:50:16,27,13,0,40
2024-06-24T07:05:57,27,13,0,40
2024-06-24T07:21:35,27,13,0,40
2024-06-24T07:37:23,27,13,0,40
2024-06-24T07:52:59,27,13,0,40
2024-06-24T08:08:35,27,13,0,40
2024-06-24T08:24:13,27,13,0,40
2024-06-24T08:39:54,27,13,0,40
2024-06-24T08:55:35,27,13,0,40
2024-06-24T09:11:13,27,13,0,40
2024-06-24T09:26:49,27,13,0,40
2024-06-24T09:42:25,27,13,0,40
2024-06-24T09:58:05,27,13,0,40
2024-06-24T10:13:59,27,13,0,40
2024-06-24T10:29:39,27,13,0,40
2024-06-24T10:45:17,27,13,0,40
2024-06-24T11:00:55,27,13,0,40
2024-06-24T11:16:33,27,13,0,40
2024-06-24T11:32:13,28,12,0,40
2024-06-24T11:48:01,28,12,0,40
2024-06-24T12:03:39,28,12,0,40
2024-06-24T12:19:17,28,12,0,40
2024-06-24T12:34:54,28,12,0,40
2024-06-24T12:50:39,28,12,0,40
2024-06-24T13:06:25,28,12,0,40
2024-06-24T13:22:03,28,12,0,40
2024-06-24T13:37:40,28,12,0,40
2024-06-24T13:53:19,28,12,0,40
2024-06-24T14:09:01,28,12,0,40
2024-06-24T14:24:48,28,12,0,40
2024-06-24T14:40:27,28,12,0,40
2024-06-24T14:56:04,28,12,0,40
2024-06-24T15:11:42,28,12,0,40
2024-06-24T15:27:19,28,12,0,40
2024-06-24T15:42:57,28,12,0,40
2024-06-24T15:58:52,28,12,0,40
2024-06-24T16:14:29,28,12,0,40
2024-06-24T16:30:08,28,12,0,40
2024-06-24T16:45:46,28,12,0,40
2024-06-24T17:01:22,28,12,0,40
2024-06-24T17:17:04,28,12,0,40
2024-06-24T17:32:41,28,12,0,40
2024-06-24T17:48:31,28,12,0,40
2024-06-24T18:04:08,28,12,0,40
2024-06-24T18:19:48,28,12,0,40
2024-06-24T18:35:25,28,12,0,40
2024-06-24T18:51:03,28,12,0,40
2024-06-24T19:06:40,28,12,0,40
2024-06-24T19:22:35,28,12,0,40
2024-06-24T19:38:11,28,12,0,40
2024-06-24T19:53:48,28,12,0,40
2024-06-24T20:09:25,28,12,0,40
2024-06-24T20:25:03,28,12,0,40
2024-06-24T20:40:40,28,12,0,40
2024-06-24T20:56:16,28,12,0,40
2024-06-24T21:11:52,28,12,0,40
2024-06-24T21:27:29,28,12,0,40
2024-06-24T21:43:19,28,12,0,40
2024-06-24T21:58:59,28,12,0,40
2024-06-24T22:14:38,28,12,0,40
2024-06-24T22:30:17,28,12,0,40
2024-06-24T22:45:54,28,12,0,40
2024-06-24T23:01:34,28,12,0,40
2024-06-24T23:17:30,28,12,0,40
2024-06-24T23:33:08,28,12,0,40
2024-06-24T23:48:46,28,12,0,40
2024-06-25T00:04:25,28,12,0,40
2024-06-25T00:20:05,28,12,0,40
2024-06-25T00:35:52,28,12,0,40
2024-06-25T00:51:44,28,12,0,40
2024-06-25T01:07:24,28,12,0,40
2024-06-25T01:23:02,28,12,0,40
2024-06-25T01:38:43,28,12,0,40
2024-06-25T01:54:22,28,12,0,40
2024-06-25T02:10:04,28,12,0,40
2024-06-25T02:25:43,28,12,0,40
2024-06-25T02:41:23,28,12,0,40
2024-06-25T02:57:02,28,12,0,40
2024-06-25T03:12:39,28,12,0,40
2024-06-25T03:28:20,28,12,0,40
2024-06-25T03:43:59,28,12,0,40
2024-06-25T03:59:37,28,12,0,40
2024-06-25T04:31:25,28,12,0,40
2024-06-25T04:48:22,28,12,0,40
2024-06-25T05:04:21,28,12,0,40
2024-06-25T05:20:10,28,12,0,40
2024-06-25T05:35:50,28,12,0,40
2024-06-25T05:51:30,28,12,0,40
2024-06-25T06:07:11,28,12,0,40
2024-06-25T06:22:53,28,12,0,40
2024-06-25T06:38:32,28,12,0,40
2024-06-25T06:54:12,28,12,0,40
2024-06-25T07:09:53,28,12,0,40
2024-06-25T07:25:32,28,12,0,40
2024-06-25T07:41:15,28,12,0,40
2024-06-25T07:56:54,28,12,0,40
2024-06-25T08:12:45,28,12,0,40
2024-06-25T08:28:24,28,12,0,40
2024-06-25T08:44:05,28,12,0,40
2024-06-25T08:59:47,28,12,0,40
2024-06-25T09:15:26,28,12,0,40
2024-06-25T09:31:06,28,12,0,40
2024-06-25T09:46:45,28,12,0,40
2024-06-25T10:02:24,28,12,0,40
2024-06-25T10:18:03,28,12,0,40
2024-06-25T10:33:52,28,12,0,40
2024-06-25T10:49:29,28,12,0,40
2024-06-25T11:05:06,28,12,0,40
2024-06-25T11:20:44,28,12,0,40
2024-06-25T11:36:22,28,12,0,40
2024-06-25T11:51:59,28,12,0,40
2024-06-25T12:07:40,28,12,0,40
2024-06-25T12:23:27,28,12,0,40
2024-06-25T12:39:04,28,12,0,40
2024-06-25T12:54:39,28,12,0,40
2024-06-25T13:10:18,28,12,0,40
2024-06-25T13:25:56,28,12,0,40
2024-06-25T13:41:44,28,12,0,40
2024-06-25T13:57:25,28,12,0,40
2024-06-25T14:13:02,28,12,0,40
2024-06-25T14:28:40,28,12,0,40
2024-06-25T14:44:17,28,12,0,40
2024-06-25T14:59:56,28,12,0,40
2024-06-25T15:15:42,28,12,0,40
2024-06-25T15:31:18,28,12,0,40
2024-06-25T15:46:55,28,12,0,40
2024-06-25T16:02:32,28,12,0,40
2024-06-25T16:18:10,28,12,0,40
2024-06-25T16:33:46,28,12,0,40
2024-06-25T16:49:35,28,12,0,40
2024-06-25T17:05:12,28,12,0,40
2024-06-25T17:20:51,28,12,0,40
2024-06-25T17:36:28,28,12,0,40
2024-06-25T17:52:07,28,12,0,40
2024-06-25T18:07:44,28,12,0,40
2024-06-25T18:23:21,28,12,0,40
2024-06-25T18:38:58,28,12,0,40
2024-06-25T18:54:35,28,12,0,40
2024-06-25T19:10:22,28,12,0,40
2024-06-25T19:26:00,28,12,0,40
2024-06-25T19:41:38,28,12,0,40
2024-06-25T19:57:15,28,12,0,40
2024-06-25T20:12:53,28,12,0,40
2024-06-25T20:28:30,28,12,0,40
2024-06-25T20:44:09,28,12,0,40
2024-06-25T20:59:50,28,12,0,40
2024-06-25T21:15:28,28,12,0,40
2024-06-25T21:31:05,28,12,0,40
2024-06-25T21:46:42,28,12,0,40
2024-06-25T22:02:29,28,12,0,40
2024-06-25T22:18:07,28,12,0,40
2024-06-25T22:33:48,28,12,0,40
2024-06-25T22:49:28,28,12,0,40
2024-06-25T23:05:14,28,12,0,40
2024-06-25T23:20:57,28,12,0,40
2024-06-25T23:36:34,28,12,0,40
2024-06-25T23:52:11,28,12,0,40
2024-06-26T00:07:50,28,12,0,40
2024-06-26T00:23:39,28,12,0,40
2024-06-26T00:39:34,28,12,0,40
2024-06-26T00:55:18,28,12,0,40
2024-06-26T01:10:59,28,12,0,40
2024-06-26T01:26:39,28,12,0,40
2024-06-26T01:42:21,28,12,0,40
2024-06-26T01:58:05,28,12,0,40
2024-06-26T02:13:45,28,12,0,40
2024-06-26T02:29:26,28,12,0,40
2024-06-26T02:45:05,28,12,0,40
2024-06-26T03:00:43,28,12,0,40
2024-06-26T03:16:20,28,12,0,40
2024-06-26T03:32:01,28,12,0,40
2024-06-26T03:48:01,28,12,0,40
2024-06-26T04:03:41,28,12,0,40
2024-06-26T04:24:54,28,12,0,40
2024-06-26T04:40:37,28,12,0,40
2024-06-26T04:57:54,28,12,0,40
2024-06-26T05:13:43,28,12,0,40
2024-06-26T05:29:25,28,12,0,40
2024-06-26T05:45:07,28,12,0,40
2024-06-26T06:00:48,28,12,0,40
2024-06-26T06:16:30,28,12,0,40
2024-06-26T06:32:14,28,12,0,40
2024-06-26T06:47:54,28,12,0,40
2024-06-26T07:03:35,28,12,0,40
2024-06-26T07:19:15,28,12,0,40
2024-06-26T07:34:54,28,12,0,40
2024-06-26T07:50:32,28,12,0,40
2024-06-26T08:06:11,28,12,0,40
2024-06-26T08:22:05,28,12,0,40
2024-06-26T08:37:44,28,12,0,40
2024-06-26T08:53:23,28,12,0,40
2024-06-26T09:09:01,28,12,0,40
2024-06-26T09:24:38,28,12,0,40
2024-06-26T09:40:15,28,12,0,40
2024-06-26T09:55:53,28,12,0,40
2024-06-26T10:11:31,28,12,0,40
2024-06-26T10:27:09,28,12,0,40
2024-06-26T10:42:48,28,12,0,40
2024-06-26T10:58:24,28,12,0,40
2024-06-26T11:14:12,28,12,0,40
2024-06-26T11:29:50,28,12,0,40
2024-06-26T11:45:28,28,12,0,40
2024-06-26T12:01:06,28,12,0,40
2024-06-26T12:16:46,28,12,0,40
2024-06-26T12:32:33,28,12,0,40
2024-06-26T12:48:09,28,12,0,40
2024-06-26T13:03:47,28,12,0,40
2024-06-26T13:19:24,28,12,0,40
2024-06-26T13:35:02,28,12,0,40
2024-06-26T13:51:01,28,12,0,40
2024-06-26T14:06:38,28,12,0,40
2024-06-26T14:22:18,28,12,0,40
2024-06-26T14:37:54,28,12,0,40
2024-06-26T14:53:31,28,12,0,40
2024-06-26T15:09:07,28,12,0,40
2024-06-26T15:24:46,28,12,0,40
2024-06-26T15:40:34,28,12,0,40
2024-06-26T15:56:11,28,12,0,40
2024-06-26T16:11:48,28,12,0,40
2024-06-26T16:27:25,28,12,0,40
2024-06-26T16:43:02,28,12,0,40
2024-06-26T16:58:48,28,12,0,40
2024-06-26T17:14:27,28,12,0,40
2024-06-26T17:30:05,28,12,0,40
2024-06-26T17:45:42,28,12,0,40
2024-06-26T18:01:18,28,12,0,40
2024-06-26T18:16:56,28,12,0,40
2024-06-26T18:32:33,28,12,0,40
2024-06-26T18:48:19,28,12,0,40
2024-06-26T19:03:56,28,12,0,40
2024-06-26T19:19:33,28,12,0,40
2024-06-26T19:35:10,28,12,0,40
2024-06-26T19:50:47,28,12,0,40
2024-06-26T20:06:24,28,12,0,40
2024-06-26T20:22:01,28,12,0,40
2024-06-26T20:37:39,28,12,0,40
2024-06-26T20:53:16,28,12,0,40
2024-06-26T21:09:08,28,12,0,40
2024-06-26T21:24:45,28,12,0,40
2024-06-26T21:40:23,28,12,0,40
2024-06-26T21:56:00,28,12,0,40
2024-06-26T22:11:38,28,12,0,40
2024-06-26T22:27:14,28,12,0,40
2024-06-26T22:42:50,28,12,0,40
2024-06-26T22:58:30,28,12,0,40
2024-06-26T23:14:09,28,12,0,40
2024-06-26T23:29:55,28,12,0,40
2024-06-26T23:45:32,28,12,0,40
2024-06-27T00:01:09,28,12,0,40
2024-06-27T00:16:50,28,12,0,40
2024-06-27T00:32:33,28,12,0,40
2024-06-27T00:48:15,28,12,0,40
2024-06-27T01:03:56,28,12,0,40
2024-06-27T01:19:35,28,12,0,40
2024-06-27T01:35:15,28,12,0,40
2024-06-27T01:50:56,28,12,0,40
2024-06-27T02:06:46,28,12,0,40
2024-06-27T02:22:25,28,12,0,40
2024-06-27T02:38:05,28,12,0,40
2024-06-27T02:53:43,28,12,0,40
2024-06-27T03:09:20,28,12,0,40
2024-06-27T03:24:56,28,12,0,40
2024-06-27T03:40:32,28,12,0,40
2024-06-27T03:56:08,28,12,0,40
2024-06-27T04:11:49,28,12,0,40
2024-06-27T04:28:20,28,12,0,40
2024-06-27T04:44:02,28,12,0,40
2024-06-27T04:59:46,28,12,0,40
2024-06-27T05:15:30,28,12,0,40
2024-06-27T05:31:21,28,12,0,40
2024-06-27T05:47:02,28,12,0,40
2024-06-27T06:02:43,28,12,0,40
2024-06-27T06:18:23,28,12,0,40
2024-06-27T06:34:08,28,12,0,40
2024-06-27T06:50:06,28,12,0,40
2024-06-27T07:06:22,28,12,0,40
2024-06-27T07:22:00,28,12,0,40
2024-06-27T07:37:38,28,12,0,40
2024-06-27T07:53:25,28,12,0,40
2024-06-27T08:09:04,28,12,0,40
2024-06-27T08:24:43,28,12,0,40
2024-06-27T08:40:23,28,12,0,40
2024-06-27T08:56:02,28,12,0,40
2024-06-27T09:11:43,28,12,0,40
2024-06-27T09:27:23,28,12,0,40
2024-06-27T09:43:02,28,12,0,40
2024-06-27T09:58:43,28,12,0,40
2024-06-27T10:14:22,28,12,0,40
2024-06-27T10:30:00,28,12,0,40
2024-06-27T10:45:38,28,12,0,40
2024-06-27T11:01:26,28,12,0,40
2024-06-27T11:17:05,28,12,0,40
2024-06-27T11:32:42,28,12,0,40
2024-06-27T11:48:20,28,12,0,40
2024-06-27T12:03:58,28,12,0,40
2024-06-27T12:19:37,28,12,0,40
2024-06-27T12:35:27,28,12,0,40
2024-06-27T12:51:06,28,12,0,40
2024-06-27T13:06:47,28,12,0,40
2024-06-27T13:22:24,28,12,0,40
2024-06-27T13:38:02,28,12,0,40
2024-06-27T13:53:40,28,12,0,40
2024-06-27T14:09:18,28,12,0,40
2024-06-27T14:25:06,28,12,0,40
2024-06-27T14:40:46,28,12,0,40
2024-06-27T14:56:24,28,12,0,40
2024-06-27T15:12:01,28,12,0,40
2024-06-27T15:27:49,28,12,0,40
2024-06-27T15:43:27,28,12,0,40
2024-06-27T15:59:04,28,12,0,40
2024-06-27T16:14:40,28,12,0,40
2024-06-27T16:30:17,28,12,0,40
2024-06-27T16:45:54,28,12,0,40
2024-06-27T17:01:41,28,12,0,40
2024-06-27T17:17:19,28,12,0,40
2024-06-27T17:32:56,28,12,0,40
2024-06-27T17:48:33,28,12,0,40
2024-06-27T18:04:09,28,12,0,40
2024-06-27T18:19:47,28,12,0,40
2024-06-27T18:35:33,28,12,0,40
2024-06-27T18:51:09,28,12,0,40
2024-06-27T19:06:45,28,12,0,40
2024-06-27T19:22:22,28,12,0,40
2024-06-27T19:37:59,28,12,0,40
2024-06-27T19:53:37,28,12,0,40
2024-06-27T20:09:14,28,12,0,40
2024-06-27T20:24:51,28,12,0,40
2024-06-27T20:40:28,28,12,0,40
2024-06-27T20:56:06,28,12,0,40
2024-06-27T21:11:52,28,12,0,40
2024-06-27T21:27:30,28,12,0,40
2024-06-27T21:43:08,28,12,0,40
2024-06-27T21:58:46,28,12,0,40
2024-06-27T22:14:23,28,12,0,40
2024-06-27T22:30:00,28,12,0,40
2024-06-27T22:45:39,28,12,0,40
2024-06-27T23:01:17,28,12,0,40
2024-06-27T23:17:04,28,12,0,40
2024-06-27T23:32:42,28,12,0,40
2024-06-27T23:48:19,28,12,0,40
2024-06-28T00:03:57,28,12,0,40
2024-06-28T00:19:40,28,12,0,40
2024-06-28T00:35:22,28,12,0,40
2024-06-28T00:51:02,28,12,0,40
2024-06-28T01:06:43,28,12,0,40
2024-06-28T01:22:33,28,12,0,40
2024-06-28T01:38:13,28,12,0,40
2024-06-28T01:53:57,28,12,0,40
2024-06-28T02:09:38,28,12,0,40
2024-06-28T02:25:18,28,12,0,40
2024-06-28T02:40:58,28,12,0,40
2024-06-28T02:56:38,28,12,0,40
2024-06-28T03:12:16,28,12,0,40
2024-06-28T03:27:54,28,12,0,40
2024-06-28T03:43:31,28,12,0,40
2024-06-28T03:59:08,28,12,0,40
2024-06-28T04:14:45,28,12,0,40
2024-06-28T04:35:06,28,12,0,40
2024-06-28T04:50:47,28,12,0,40
2024-06-28T05:06:31,28,12,0,40
2024-06-28T05:22:22,28,12,0,40
2024-06-28T05:38:04,28,12,0,40
2024-06-28T05:53:45,28,12,0,40
2024-06-28T06:09:27,28,12,0,40
2024-06-28T06:25:09,28,12,0,40
2024-06-28T06:40:51,28,12,0,40
2024-06-28T06:56:30,28,12,0,40
2024-06-28T07:12:13,28,12,0,40
2024-06-28T07:27:53,28,12,0,40
2024-06-28T07:43:32,28,12,0,40
2024-06-28T07:59:13,28,12,0,40
2024-06-28T08:14:53,28,12,0,40
2024-06-28T08:30:42,28,12,0,40
2024-06-28T08:46:24,28,12,0,40
2024-06-28T09:02:03,28,12,0,40
2024-06-28T09:17:44,28,12,0,40
2024-06-28T09:33:22,28,12,0,40
2024-06-28T09:49:02,28,12,0,40
2024-06-28T10:04:42,28,12,0,40
2024-06-28T10:20:26,28,12,0,40
2024-06-28T10:36:05,28,12,0,40
2024-06-28T10:51:45,28,12,0,40
2024-06-28T11:07:31,28,12,0,40
2024-06-28T11:23:09,28,12,0,40
2024-06-28T11:38:48,28,12,0,40
2024-06-28T11:54:25,28,12,0,40
2024-06-28T12:10:03,28,12,0,40
2024-06-28T12:25:53,28,12,0,40
2024-06-28T12:41:31,28,12,0,40
2024-06-28T12:57:09,28,12,0,40
2024-06-28T13:12:46,28,12,0,40
2024-06-28T13:28:24,28,12,0,40
2024-06-28T13:44:02,28,12,0,40
2024-06-28T13:59:52,28,12,0,40
2024-06-28T14:15:30,28,12,0,40
2024-06-28T14:31:09,28,12,0,40
2024-06-28T14:46:47,28,12,0,40
2024-06-28T15:02:24,28,12,0,40
2024-06-28T15:18:02,28,12,0,40
2024-06-28T15:33:50,28,12,0,40
2024-06-28T15:49:28,28,12,0,40
2024-06-28T16:05:06,28,12,0,40
2024-06-28T16:20:44,28,12,0,40
2024-06-28T16:36:23,28,12,0,40
2024-06-28T16:52:00,28,12,0,40
2024-06-28T17:07:38,28,12,0,40
2024-06-28T17:23:27,28,12,0,40
2024-06-28T17:39:04,28,12,0,40
2024-06-28T17:54:42,28,12,0,40
2024-06-28T18:10:19,28,12,0,40
2024-06-28T18:25:57,28,12,0,40
2024-06-28T18:41:34,28,12,0,40
2024-06-28T18:57:13,28,12,0,40
2024-06-28T19:12:52,28,12,0,40
2024-06-28T19:28:30,28,12,0,40
2024-06-28T19:44:09,28,12,0,40
2024-06-28T19:59:46,28,12,0,40
2024-06-28T20:15:34,28,12,0,40
2024-06-28T20:31:12,28,12,0,40
2024-06-28T20:46:50,28,12,0,40
2024-06-28T21:02:29,28,12,0,40
2024-06-28T21:18:07,28,12,0,40
2024-06-28T21:33:46,28,12,0,40
2024-06-28T21:49:25,28,12,0,40
2024-06-28T22:05:04,28,12,0,40
2024-06-28T22:20:41,28,12,0,40
2024-06-28T22:36:20,28,12,0,40
2024-06-28T22:51:59,28,12,0,40
2024-06-28T23:07:37,28,12,0,40
2024-06-28T23:23:16,28,12,0,40
2024-06-28T23:38:54,28,12,0,40
2024-06-28T23:54:42,28,12,0,40
2024-06-29T00:10:23,28,12,0,40
2024-06-29T00:26:08,28,12,0,40
2024-06-29T00:41:49,28,12,0,40
2024-06-29T00:57:32,28,12,0,40
2024-06-29T01:13:11,28,12,0,40
2024-06-29T01:28:52,28,12,0,40
2024-06-29T01:44:34,28,12,0,40
2024-06-29T02:00:16,28,12,0,40
2024-06-29T02:15:57,28,12,0,40
2024-06-29T02:31:38,28,12,0,40
2024-06-29T02:47:18,28,12,0,40
2024-06-29T03:02:57,28,12,0,40
2024-06-29T03:18:35,28,12,0,40
2024-06-29T03:34:15,28,12,0,40
2024-06-29T03:49:54,28,12,0,40
2024-06-29T04:05:35,28,12,0,40
2024-06-29T04:30:26,28,12,0,40
2024-06-29T04:47:10,28,12,0,40
2024-06-29T05:02:50,28,12,0,40
2024-06-29T05:18:30,28,12,0,40
2024-06-29T05:34:30,28,12,0,40
2024-06-29T05:50:12,28,12,0,40
2024-06-29T06:05:53,28,12,0,40
2024-06-29T06:21:36,28,12,0,40
2024-06-29T06:37:19,28,12,0,40
2024-06-29T06:52:59,28,12,0,40
2024-06-29T07:08:40,28,12,0,40
2024-06-29T07:24:21,28,12,0,40
2024-06-29T07:40:01,28,12,0,40
2024-06-29T07:55:42,28,12,0,40
2024-06-29T08:11:22,28,12,0,40
2024-06-29T08:27:11,28,12,0,40
2024-06-29T08:42:52,28,12,0,40
2024-06-29T08:58:32,28,12,0,40
2024-06-29T09:14:12,28,12,0,40
2024-06-29T09:29:53,28,12,0,40
2024-06-29T09:45:33,28,12,0,40
2024-06-29T10:01:14,28,12,0,40
2024-06-29T10:16:54,28,12,0,40
2024-06-29T10:32:35,28,12,0,40
2024-06-29T10:48:16,28,12,0,40
2024-06-29T11:03:54,28,12,0,40
2024-06-29T11:19:44,28,12,0,40
2024-06-29T11:35:22,28,12,0,40
2024-06-29T11:51:02,28,12,0,40
2024-06-29T12:06:42,28,12,0,40
2024-06-29T12:22:22,28,12,0,40
2024-06-29T12:38:00,28,12,0,40
2024-06-29T12:53:40,28,12,0,40
2024-06-29T13:09:20,28,12,0,40
2024-06-29T13:24:58,28,12,0,40
2024-06-29T13:40:36,28,12,0,40
2024-06-29T13:56:14,28,12,0,40
2024-06-29T14:11:51,28,12,0,40
2024-06-29T14:27:38,28,12,0,40
2024-06-29T14:43:16,28,12,0,40
2024-06-29T14:58:53,28,12,0,40
2024-06-29T15:14:31,28,12,0,40
2024-06-29T15:30:09,28,12,0,40
2024-06-29T15:45:46,28,12,0,40
2024-06-29T16:01:23,28,12,0,40
2024-06-29T16:17:00,28,12,0,40
2024-06-29T16:32:37,28,12,0,40
2024-06-29T16:48:24,28,12,0,40
2024-06-29T17:04:02,28,12,0,40
2024-06-29T17:19:40,28,12,0,40
2024-06-29T17:35:17,28,12,0,40
2024-06-29T17:50:55,28,12,0,40
2024-06-29T18:06:34,28,12,0,40
2024-06-29T18:22:12,28,12,0,40
2024-06-29T18:37:50,28,12,0,40
2024-06-29T18:53:26,28,12,0,40
2024-06-29T19:09:04,28,12,0,40
2024-06-29T19:24:41,28,12,0,40
2024-06-29T19:40:18,28,12,0,40
2024-06-29T19:56:05,28,12,0,40
2024-06-29T20:11:42,28,12,0,40
2024-06-29T20:27:19,28,12,0,40
2024-06-29T20:42:57,28,12,0,40
2024-06-29T20:58:35,28,12,0,40
2024-06-29T21:14:15,28,12,0,40
2024-06-29T21:29:55,28,12,0,40
2024-06-29T21:45:34,28,12,0,40
2024-06-29T22:01:12,28,12,0,40
2024-06-29T22:16:49,28,12,0,40
2024-06-29T22:32:37,28,12,0,40
2024-06-29T22:48:18,28,12,0,40
2024-06-29T23:03:56,28,12,0,40
2024-06-29T23:19:35,28,12,0,40
2024-06-29T23:35:12,28,12,0,40
2024-06-29T23:50:50,28,12,0,40
2024-06-30T00:06:28,28,12,0,40
2024-06-30T00:22:16,28,12,0,40
2024-06-30T00:37:56,28,12,0,40
2024-06-30T00:53:35,28,12,0,40
2024-06-30T01:09:13,28,12,0,40
2024-06-30T01:24:51,28,12,0,40
2024-06-30T01:40:29,28,12,0,40
2024-06-30T01:56:07,28,12,0,40
2024-06-30T02:11:46,28,12,0,40
2024-06-30T02:27:33,28,12,0,40
2024-06-30T02:43:14,28,12,0,40
2024-06-30T02:58:52,28,12,0,40
2024-06-30T03:14:34,28,12,0,40
2024-06-30T03:30:12,28,12,0,40
2024-06-30T03:45:54,28,12,0,40
2024-06-30T04:01:37,28,12,0,40
2024-06-30T04:32:47,28,12,0,40
2024-06-30T04:49:59,28,12,0,40
2024-06-30T05:06:40,28,12,0,40
2024-06-30T05:22:42,28,12,0,40
2024-06-30T05:38:25,28,12,0,40
2024-06-30T05:54:09,28,12,0,40
2024-06-30T06:09:55,28,12,0,40
2024-06-30T06:25:44,28,12,0,40
2024-06-30T06:41:28,28,12,0,40
2024-06-30T06:57:10,28,12,0,40
2024-06-30T07:12:54,28,12,0,40
2024-06-30T07:28:38,28,12,0,40
2024-06-30T07:44:23,28,12,0,40
2024-06-30T08:00:07,28,12,0,40
2024-06-30T08:15:49,28,12,0,40
2024-06-30T08:31:32,28,12,0,40
2024-06-30T08:47:15,28,12,0,40
2024-06-30T09:02:56,28,12,0,40
2024-06-30T09:18:48,28,12,0,40
2024-06-30T09:34:31,28,12,0,40
2024-06-30T09:50:15,28,12,0,40
2024-06-30T10:05:57,28,12,0,40
2024-06-30T10:21:38,28,12,0,40
2024-06-30T10:37:18,28,12,0,40
2024-06-30T10:52:59,28,12,0,40
2024-06-30T11:08:38,28,12,0,40
2024-06-30T11:24:16,28,12,0,40
2024-06-30T11:39:54,28,12,0,40
2024-06-30T11:55:32,28,12,0,40
2024-06-30T12:11:11,28,12,0,40
2024-06-30T12:26:59,28,12,0,40
2024-06-30T12:42:38,28,12,0,40
2024-06-30T12:58:16,28,12,0,40
2024-06-30T13:13:55,28,12,0,40
2024-06-30T13:29:34,28,12,0,40
2024-06-30T13:45:12,28,12,0,40
2024-06-30T14:00:51,28,12,0,40
2024-06-30T14:16:30,28,12,0,40
2024-06-30T14:32:08,28,12,0,40
2024-06-30T14:47:46,28,12,0,40
2024-06-30T15:03:35,28,12,0,40
2024-06-30T15:19:16,28,12,0,40
2024-06-30T15:34:54,28,12,0,40
2024-06-30T15:50:31,28,12,0,40
2024-06-30T16:06:10,28,12,0,40
2024-06-30T16:21:49,28,12,0,40
2024-06-30T16:37:27,28,12,0,40
2024-06-30T16:53:16,28,12,0,40
2024-06-30T17:08:55,28,12,0,40
2024-06-30T17:24:33,28,12,0,40
2024-06-30T17:40:12,28,12,0,40
2024-06-30T17:55:50,28,12,0,40
2024-06-30T18:11:29,28,12,0,40
2024-06-30T18:27:07,28,12,0,40
2024-06-30T18:42:46,28,12,0,40
2024-06-30T18:58:34,28,12,0,40
2024-06-30T19:14:15,28,12,0,40
2024-06-30T19:29:53,28,12,0,40
2024-06-30T19:45:30,28,12,0,40
2024-06-30T20:01:08,28,12,0,40
2024-06-30T20:16:46,28,12,0,40
2024-06-30T20:32:25,28,12,0,40
2024-06-30T20:48:03,28,12,0,40
2024-06-30T21:03:51,28,12,0,40
2024-06-30T21:19:30,28,12,0,40
2024-06-30T21:35:11,28,12,0,40
2024-06-30T21:50:52,28,12,0,40
2024-06-30T22:06:32,28,12,0,40
2024-06-30T22:22:11,28,12,0,40
2024-06-30T22:37:50,28,12,0,40
2024-06-30T22:53:38,28,12,0,40
2024-06-30T23:09:17,28,12,0,40
2024-06-30T23:24:57,28,12,0,40
2024-06-30T23:40:37,28,12,0,40
2024-06-30T23:56:17,28,12,0,40
2024-07-01T00:11:56,28,12,0,40
2024-07-01T00:27:48,28,12,0,40
2024-07-01T00:43:33,28,12,0,40
2024-07-01T00:59:25,28,12,0,40
2024-07-01T01:15:11,28,12,0,40
2024-07-01T01:30:52,28,12,0,40
2024-07-01T01:46:33,28,12,0,40
2024-07-01T02:02:13,28,12,0,40
2024-07-01T02:17:53,28,12,0,40
2024-07-01T02:33:34,28,12,0,40
2024-07-01T02:49:15,28,12,0,40
2024-07-01T03:04:56,28,12,0,40
2024-07-01T03:20:39,28,12,0,40
2024-07-01T03:36:42,28,12,0,40
2024-07-01T03:52:23,28,12,0,40
2024-07-01T04:08:05,28,12,0,40
2024-07-01T04:28:31,28,12,0,40
2024-07-01T04:44:16,28,12,0,40
2024-07-01T04:59:59,28,12,0,40
2024-07-01T05:15:46,28,12,0,40
2024-07-01T05:31:29,28,12,0,40
2024-07-01T05:47:12,28,12,0,40
2024-07-01T06:02:55,28,12,0,40
2024-07-01T06:18:38,28,12,0,40
2024-07-01T06:34:20,28,12,0,40
2024-07-01T06:50:02,28,12,0,40
2024-07-01T07:05:46,28,12,0,40
2024-07-01T07:21:27,28,12,0,40
2024-07-01T07:37:08,28,12,0,40
2024-07-01T07:52:48,28,12,0,40
2024-07-01T08:08:29,28,12,0,40
2024-07-01T08:24:09,28,12,0,40
2024-07-01T08:39:57,28,12,0,40
2024-07-01T08:55:36,28,12,0,40
2024-07-01T09:11:14,28,12,0,40
2024-07-01T09:26:54,28,12,0,40
2024-07-01T09:42:35,28,12,0,40
2024-07-01T09:58:16,28,12,0,40
2024-07-01T10:13:55,28,12,0,40
2024-07-01T10:29:45,28,12,0,40
2024-07-01T10:45:24,28,12,0,40
2024-07-01T11:01:04,28,12,0,40
2024-07-01T11:16:43,28,12,0,40
2024-07-01T11:32:22,28,12,0,40
2024-07-01T11:48:11,28,12,0,40
2024-07-01T12:03:50,28,12,0,40
2024-07-01T12:19:28,28,12,0,40
2024-07-01T12:35:06,28,12,0,40
2024-07-01T12:50:45,28,12,0,40
2024-07-01T13:06:23,28,12,0,40
2024-07-01T13:22:11,28,12,0,40
2024-07-01T13:37:50,28,12,0,40
2024-07-01T13:53:28,28,12,0,40
2024-07-01T14:09:07,28,12,0,40
2024-07-01T14:24:45,28,12,0,40
2024-07-01T14:40:33,28,12,0,40
2024-07-01T14:56:11,28,12,0,40
2024-07-01T15:11:51,28,12,0,40
2024-07-01T15:27:30,28,12,0,40
2024-07-01T15:43:09,28,12,0,40
2024-07-01T15:58:47,28,12,0,40
2024-07-01T16:14:26,28,12,0,40
2024-07-01T16:30:15,28,12,0,40
2024-07-01T16:45:53,28,12,0,40
2024-07-01T17:01:32,28,12,0,40
2024-07-01T17:17:11,28,12,0,40
2024-07-01T17:32:49,28,12,0,40
2024-07-01T17:48:27,28,12,0,40
2024-07-01T18:04:05,28,12,0,40
2024-07-01T18:19:45,28,12,0,40
2024-07-01T18:35:33,28,12,0,40
2024-07-01T18:51:12,28,12,0,40
2024-07-01T19:06:50,28,12,0,40
2024-07-01T19:22:30,28,12,0,40
2024-07-01T19:38:08,28,12,0,40
2024-07-01T19:53:46,28,12,0,40
2024-07-01T20:09:24,28,12,0,40
2024-07-01T20:25:04,28,12,0,40
2024-07-01T20:40:43,28,12,0,40
2024-07-01T20:56:31,28,12,0,40
2024-07-01T21:12:10,28,12,0,40
2024-07-01T21:27:51,28,12,0,40
2024-07-01T21:43:30,28,12,0,40
2024-07-01T21:59:10,28,12,0,40
2024-07-01T22:14:49,28,12,0,40
2024-07-01T22:30:29,28,12,0,40
2024-07-01T22:46:08,28,12,0,40
2024-07-01T23:01:50,28,12,0,40
2024-07-01T23:17:40,28,12,0,40
2024-07-01T23:33:20,28,12,0,40
2024-07-01T23:49:00,28,12,0,40
2024-07-02T00:04:41,28,12,0,40
2024-07-02T00:20:24,28,12,0,40
2024-07-02T00:36:12,28,12,0,40
2024-07-02T00:51:57,28,12,0,40
2024-07-02T01:07:52,28,12,0,40
2024-07-02T01:23:33,28,12,0,40
2024-07-02T01:39:15,28,12,0,40
2024-07-02T01:54:56,28,12,0,40
2024-07-02T02:10:44,28,12,0,40
2024-07-02T02:26:26,28,12,0,40
2024-07-02T02:42:07,28,12,0,40
2024-07-02T02:57:46,28,12,0,40
2024-07-02T03:13:27,28,12,0,40
2024-07-02T03:29:10,28,12,0,40
2024-07-02T03:44:49,28,12,0,40
2024-07-02T04:00:29,28,12,0,40
2024-07-02T04:16:10,28,12,0,40
2024-07-02T04:35:32,28,12,0,40
2024-07-02T04:51:15,28,12,0,40
2024-07-02T05:07:46,28,12,0,40
2024-07-02T05:24:31,28,12,0,40
2024-07-02T05:40:15,28,12,0,40
2024-07-02T05:55:59,28,12,0,40
2024-07-02T06:11:43,28,12,0,40
2024-07-02T06:27:25,28,12,0,40
2024-07-02T06:43:06,28,12,0,40
2024-07-02T06:58:46,28,12,0,40
2024-07-02T07:14:32,28,12,0,40
2024-07-02T07:30:15,28,12,0,40
2024-07-02T07:45:56,28,12,0,40
2024-07-02T08:01:36,28,12,0,40
2024-07-02T08:17:16,28,12,0,40
2024-07-02T08:33:23,28,12,0,40
2024-07-02T08:49:11,28,12,0,40
2024-07-02T09:04:58,28,12,0,40
2024-07-02T09:20:41,28,12,0,40
2024-07-02T09:36:23,28,12,0,40
2024-07-02T09:52:04,28,12,0,40
2024-07-02T10:07:46,28,12,0,40
2024-07-02T10:23:28,28,12,0,40
2024-07-02T10:39:21,28,12,0,40
2024-07-02T10:55:02,28,12,0,40
2024-07-02T11:10:44,28,12,0,40
2024-07-02T11:26:24,28,12,0,40
2024-07-02T11:42:07,28,12,0,40
2024-07-02T11:58:13,28,12,0,40
2024-07-02T12:13:55,28,12,0,40
2024-07-02T12:29:34,28,12,0,40
2024-07-02T12:45:14,28,12,0,40
2024-07-02T13:00:53,28,12,0,40
2024-07-02T13:16:35,28,12,0,40
2024-07-02T13:32:16,28,12,0,40
2024-07-02T13:48:07,28,12,0,40
2024-07-02T14:03:48,28,12,0,40
2024-07-02T14:19:29,28,12,0,40
2024-07-02T14:35:28,28,12,0,40
2024-07-02T14:51:08,28,12,0,40
2024-07-02T15:06:48,28,12,0,40
2024-07-02T15:22:26,28,12,0,40
2024-07-02T15:38:06,28,12,0,40
2024-07-02T15:53:46,28,12,0,40
2024-07-02T16:09:45,28,12,0,40
2024-07-02T16:25:25,28,12,0,40
2024-07-02T16:41:05,28,12,0,40
2024-07-02T16:56:44,28,12,0,40
2024-07-02T17:12:24,28,12,0,40
2024-07-02T17:28:03,28,12,0,40
2024-07-02T17:43:53,28,12,0,40
2024-07-02T17:59:33,28,12,0,40
2024-07-02T18:15:13,28,12,0,40
2024-07-02T18:30:53,28,12,0,40
2024-07-02T18:46:33,28,12,0,40
2024-07-02T19:02:12,28,12,0,40
2024-07-02T19:17:53,28,12,0,40
2024-07-02T19:33:40,28,12,0,40
2024-07-02T19:49:20,28,12,0,40
2024-07-02T20:04:58,28,12,0,40
2024-07-02T20:20:38,28,12,0,40
2024-07-02T20:36:17,28,12,0,40
2024-07-02T20:51:56,28,12,0,40
2024-07-02T21:07:35,28,12,0,40
2024-07-02T21:23:14,28,12,0,40
2024-07-02T21:38:53,28,12,0,40
2024-07-02T21:54:55,28,12,0,40
2024-07-02T22:10:35,28,12,0,40
2024-07-02T22:26:15,28,12,0,40
2024-07-02T22:41:55,28,12,0,40
2024-07-02T22:57:34,28,12,0,40
2024-07-02T23:13:15,28,12,0,40
2024-07-02T23:28:56,28,12,0,40
2024-07-02T23:44:36,28,12,0,40
2024-07-03T00:00:26,28,12,0,40
2024-07-03T00:16:09,28,12,0,40
2024-07-03T00:31:54,28,12,0,40
2024-07-03T00:47:38,28,12,0,40
2024-07-03T01:03:22,28,12,0,40
2024-07-03T01:19:06,28,12,0,40
2024-07-03T01:34:50,28,12,0,40
2024-07-03T01:50:35,28,12,0,40
2024-07-03T02:06:19,28,12,0,40
2024-07-03T02:22:03,28,12,0,40
2024-07-03T02:38:04,28,12,0,40
2024-07-03T02:53:45,28,12,0,40
2024-07-03T03:09:25,28,12,0,40
2024-07-03T03:25:06,28,12,0,40
2024-07-03T03:41:00,28,12,0,40
2024-07-03T03:56:42,28,12,0,40
2024-07-03T04:26:21,28,12,0,40
2024-07-03T04:43:56,28,12,0,40
2024-07-03T04:59:40,28,12,0,40
2024-07-03T05:15:31,28,12,0,40
2024-07-03T05:31:15,28,12,0,40
2024-07-03T05:46:59,28,12,0,40
2024-07-03T06:02:42,28,12,0,40
2024-07-03T06:18:27,28,12,0,40
2024-07-03T06:34:09,28,12,0,40
2024-07-03T06:49:52,28,12,0,40
2024-07-03T07:05:36,28,12,0,40
2024-07-03T07:21:19,28,12,0,40
2024-07-03T07:37:03,28,12,0,40
2024-07-03T07:52:43,28,12,0,40
2024-07-03T08:08:27,28,12,0,40
2024-07-03T08:24:10,28,12,0,40
2024-07-03T08:40:07,28,12,0,40
2024-07-03T08:55:48,28,12,0,40
2024-07-03T09:11:29,28,12,0,40
2024-07-03T09:27:10,28,12,0,40
2024-07-03T09:42:49,28,12,0,40
2024-07-03T09:58:30,28,12,0,40
2024-07-04T04:31:47,28,12,0,40
2024-07-04T04:47:32,28,12,0,40
2024-07-04T05:04:58,28,12,0,40
2024-07-04T05:21:17,28,12,0,40
2024-07-04T05:37:00,28,12,0,40
2024-07-04T05:52:45,28,12,0,40
2024-07-04T06:08:27,28,12,0,40
2024-07-04T06:24:08,28,12,0,40
2024-07-04T06:39:50,28,12,0,40
2024-07-04T06:55:35,28,12,0,40
2024-07-04T07:11:19,28,12,0,40
2024-07-04T07:27:01,28,12,0,40
2024-07-04T07:42:44,28,12,0,40
2024-07-04T07:58:26,28,12,0,40
2024-07-04T08:14:09,28,12,0,40
2024-07-04T08:29:52,28,12,0,40
2024-07-04T08:45:34,28,12,0,40
2024-07-04T09:01:16,28,12,0,40
2024-07-04T09:16:58,28,12,0,40
2024-07-04T09:32:41,28,12,0,40
2024-07-04T09:48:25,28,12,0,40
2024-07-04T10:04:07,28,12,0,40
2024-07-04T10:19:49,28,12,0,40
2024-07-04T10:35:29,28,12,0,40
2024-07-04T10:51:09,28,12,0,40
2024-07-04T11:06:49,28,12,0,40
2024-07-04T11:22:29,28,12,0,40
2024-07-04T11:38:17,28,12,0,40
2024-07-04T11:53:56,28,12,0,40
2024-07-04T12:09:35,28,12,0,40
2024-07-04T12:25:15,28,12,0,40
2024-07-04T12:40:54,28,12,0,40
2024-07-04T12:56:34,28,12,0,40
2024-07-04T13:12:13,28,12,0,40
2024-07-04T13:27:52,28,12,0,40
2024-07-04T13:43:32,28,12,0,40
2024-07-04T13:59:12,28,12,0,40
2024-07-04T14:14:51,28,12,0,40
2024-07-04T14:30:30,28,12,0,40
2024-07-04T14:46:09,28,12,0,40
2024-07-04T15:01:48,28,12,0,40
2024-07-04T15:17:29,28,12,0,40
2024-07-04T15:33:18,28,12,0,40
2024-07-04T15:48:57,28,12,0,40
2024-07-04T16:04:37,28,12,0,40
2024-07-04T16:20:16,28,12,0,40
2024-07-04T16:35:56,28,12,0,40
2024-07-04T16:51:36,28,12,0,40
2024-07-04T17:07:16,28,12,0,40
2024-07-04T17:22:55,28,12,0,40
2024-07-04T17:38:36,28,12,0,40
2024-07-04T17:54:16,28,12,0,40
2024-07-04T18:09:56,28,12,0,40
2024-07-04T18:25:36,28,12,0,40
2024-07-04T18:41:15,28,12,0,40
2024-07-04T18:56:54,28,12,0,40
2024-07-04T19:12:36,28,12,0,40
2024-07-04T19:28:24,28,12,0,40
2024-07-04T19:44:03,28,12,0,40
2024-07-04T19:59:43,28,12,0,40
2024-07-04T20:15:24,28,12,0,40
2024-07-04T20:31:03,28,12,0,40
2024-07-04T20:46:42,28,12,0,40
2024-07-04T21:02:21,28,12,0,40
2024-07-04T21:18:04,28,12,0,40
2024-07-04T21:33:45,28,12,0,40
2024-07-04T21:49:26,28,12,0,40
2024-07-04T22:05:06,28,12,0,40
2024-07-04T22:20:46,28,12,0,40
2024-07-04T22:36:35,28,12,0,40
2024-07-04T22:52:15,28,12,0,40
2024-07-04T23:07:55,28,12,0,40
2024-07-04T23:23:35,28,12,0,40
2024-07-04T23:39:15,28,12,0,40
2024-07-04T23:54:56,28,12,0,40
2024-07-05T00:10:38,28,12,0,40
2024-07-05T00:26:29,28,12,0,40
2024-07-05T00:42:13,28,12,0,40
2024-07-05T00:57:56,28,12,0,40
2024-07-05T01:13:39,28,12,0,40
2024-07-05T01:29:23,28,12,0,40
2024-07-05T01:45:06,28,12,0,40
2024-07-05T02:00:49,28,12,0,40
2024-07-05T02:16:33,28,12,0,40
2024-07-05T02:32:39,28,12,0,40
2024-07-05T02:48:20,28,12,0,40
2024-07-05T03:04:02,28,12,0,40
2024-07-05T03:19:46,28,12,0,40
2024-07-05T03:35:28,28,12,0,40
2024-07-05T03:51:11,28,12,0,40
2024-07-05T04:24:04,28,12,0,40
2024-07-05T04:39:52,28,12,0,40
2024-07-05T04:55:37,28,12,0,40
2024-07-05T05:11:27,28,12,0,40
2024-07-05T05:27:11,28,12,0,40
2024-07-05T05:42:55,28,12,0,40
2024-07-05T05:58:39,28,12,0,40
2024-07-05T06:14:23,28,12,0,40
2024-07-05T06:30:06,28,12,0,40
2024-07-05T06:45:50,28,12,0,40
2024-07-05T07:01:33,28,12,0,40
2024-07-05T07:17:18,28,12,0,40
2024-07-05T07:33:01,28,12,0,40
2024-07-05T07:48:41,28,12,0,40
2024-07-05T08:04:20,28,12,0,40
2024-07-05T08:20:15,28,12,0,40
2024-07-05T08:35:56,28,12,0,40
2024-07-05T08:51:36,28,12,0,40
2024-07-05T09:07:16,28,12,0,40
2024-07-05T09:23:00,28,12,0,40
2024-07-05T09:38:45,28,12,0,40
2024-07-05T09:54:29,28,12,0,40
2024-07-05T10:10:14,28,12,0,40
2024-07-05T10:25:57,28,12,0,40
2024-07-05T10:41:41,28,12,0,40
2024-07-05T10:57:24,28,12,0,40
2024-07-05T11:13:08,28,12,0,40
2024-07-05T11:29:01,28,12,0,40
2024-07-05T11:44:46,28,12,0,40
2024-07-05T12:00:30,28,12,0,40
2024-07-05T12:16:14,28,12,0,40
2024-07-05T12:31:57,28,12,0,40
2024-07-05T12:47:40,28,12,0,40
2024-07-05T13:03:24,28,12,0,40
2024-07-05T13:19:08,28,12,0,40
2024-07-05T13:34:51,28,12,0,40
2024-07-05T13:50:34,28,12,0,40
2024-07-05T14:06:37,28,12,0,40
2024-07-05T14:22:22,28,12,0,40
2024-07-05T14:38:06,28,12,0,40
2024-07-05T14:53:50,28,12,0,40
2024-07-05T15:09:33,28,12,0,40
2024-07-05T15:25:17,28,12,0,40
2024-07-05T15:41:01,28,12,0,40
2024-07-05T15:56:45,28,12,0,40
2024-07-05T16:12:28,28,12,0,40
2024-07-05T16:28:12,28,12,0,40
2024-07-05T16:44:06,28,12,0,40
2024-07-05T16:59:51,28,12,0,40
2024-07-05T17:15:35,28,12,0,40
2024-07-05T17:31:18,28,12,0,40
2024-07-05T17:47:01,28,12,0,40
2024-07-05T18:02:45,28,12,0,40
2024-07-05T18:18:29,28,12,0,40
2024-07-05T18:34:12,28,12,0,40
2024-07-05T18:49:56,28,12,0,40
2024-07-05T19:05:40,28,12,0,40
2024-07-05T19:21:27,28,12,0,40
2024-07-05T19:37:10,28,12,0,40
2024-07-05T19:53:04,28,12,0,40
2024-07-05T20:08:48,28,12,0,40
2024-07-05T20:24:31,28,12,0,40
2024-07-05T20:40:15,28,12,0,40
2024-07-05T20:55:59,28,12,0,40
2024-07-05T21:11:43,28,12,0,40
2024-07-05T21:27:28,28,12,0,40
2024-07-05T21:43:13,28,12,0,40
2024-07-05T21:58:57,28,12,0,40
2024-07-05T22:14:41,28,12,0,40
2024-07-05T22:30:25,28,12,0,40
2024-07-05T22:46:09,28,12,0,40
2024-07-05T23:02:03,28,12,0,40
2024-07-05T23:17:48,28,12,0,40
2024-07-05T23:33:33,28,12,0,40
2024-07-05T23:49:18,28,12,0,40
2024-07-06T00:05:07,28,12,0,40
2024-07-06T00:20:58,28,12,0,40
2024-07-06T00:36:49,28,12,0,40
2024-07-06T00:52:37,28,12,0,40
2024-07-06T01:08:24,28,12,0,40
2024-07-06T01:24:11,28,12,0,40
2024-07-06T01:39:57,28,12,0,40
2024-07-06T01:55:46,28,12,0,40
2024-07-06T02:11:34,28,12,0,40
2024-07-06T02:27:30,28,12,0,40
2024-07-06T02:43:16,28,12,0,40
2024-07-06T02:59:00,28,12,0,40
2024-07-06T03:14:47,28,12,0,40
2024-07-06T03:30:42,28,12,0,40
2024-07-06T03:46:29,28,12,0,40
2024-07-06T04:02:16,28,12,0,40
2024-07-06T04:30:44,28,12,0,40
2024-07-06T04:47:47,28,12,0,40
2024-07-06T05:03:52,28,12,0,40
2024-07-06T05:19:39,28,12,0,40
2024-07-06T05:35:25,28,12,0,40
2024-07-06T05:51:11,28,12,0,40
2024-07-06T06:06:55,28,12,0,40
2024-07-06T06:22:41,28,12,0,40
2024-07-06T06:38:27,28,12,0,40
2024-07-06T06:54:13,28,12,0,40
2024-07-06T07:09:59,28,12,0,40
2024-07-06T07:25:47,28,12,0,40
2024-07-06T07:41:32,28,12,0,40
2024-07-06T07:57:17,28,12,0,40
2024-07-06T08:13:02,28,12,0,40
2024-07-06T08:28:48,28,12,0,40
2024-07-06T08:44:34,28,12,0,40
2024-07-06T09:00:28,28,12,0,40
2024-07-06T09:16:14,28,12,0,40
2024-07-06T09:32:00,28,12,0,40
2024-07-06T09:47:47,28,12,0,40
2024-07-06T10:03:32,28,12,0,40
2024-07-06T10:19:18,28,12,0,40
2024-07-06T10:35:04,28,12,0,40
2024-07-06T10:50:51,28,12,0,40
2024-07-06T11:06:36,28,12,0,40
2024-07-06T11:22:21,28,12,0,40
2024-07-06T11:38:06,28,12,0,40
2024-07-06T11:53:51,28,12,0,40
2024-07-06T12:09:46,28,12,0,40
2024-07-06T12:25:31,28,12,0,40
2024-07-06T12:41:16,28,12,0,40
2024-07-06T12:57:01,28,12,0,40
2024-07-06T13:12:45,28,12,0,40
2024-07-06T13:28:29,28,12,0,40
2024-07-06T13:44:13,28,12,0,40
2024-07-06T13:59:56,28,12,0,40
2024-07-06T14:15:39,28,12,0,40
2024-07-06T14:31:22,28,12,0,40
2024-07-06T14:47:07,28,12,0,40
2024-07-06T15:02:51,28,12,0,40
2024-07-06T15:18:34,28,12,0,40
2024-07-06T15:34:18,28,12,0,40
2024-07-06T15:50:10,28,12,0,40
2024-07-06T16:05:54,28,12,0,40
2024-07-06T16:21:37,28,12,0,40
2024-07-06T16:37:20,28,12,0,40
2024-07-06T16:53:04,28,12,0,40
2024-07-06T17:08:47,28,12,0,40
2024-07-06T17:24:31,28,12,0,40
2024-07-06T17:40:14,28,12,0,40
2024-07-06T17:55:57,28,12,0,40
2024-07-06T18:11:40,28,12,0,40
2024-07-06T18:27:23,28,12,0,40
2024-07-06T18:43:07,28,12,0,40
2024-07-06T18:58:49,28,12,0,40
2024-07-06T19:14:41,28,12,0,40
2024-07-06T19:30:24,28,12,0,40
2024-07-06T19:46:08,28,12,0,40
2024-07-06T20:01:52,28,12,0,40
2024-07-06T20:17:36,28,12,0,40
2024-07-06T20:33:20,28,12,0,40
2024-07-06T20:49:03,28,12,0,40
2024-07-06T21:04:47,28,12,0,40
2024-07-06T21:20:32,28,12,0,40
2024-07-06T21:36:17,28,12,0,40
2024-07-06T21:52:01,28,12,0,40
2024-07-06T22:07:44,28,12,0,40
2024-07-06T22:23:28,28,12,0,40
2024-07-06T22:39:12,28,12,0,40
2024-07-06T22:55:05,28,12,0,40
2024-07-06T23:10:49,28,12,0,40
2024-07-06T23:26:33,28,12,0,40
2024-07-06T23:42:17,28,12,0,40
2024-07-06T23:58:01,28,12,0,40
2024-07-07T00:13:50,28,12,0,40
2024-07-07T00:29:41,28,12,0,40
2024-07-07T00:45:27,28,12,0,40
2024-07-07T01:01:12,28,12,0,40
2024-07-07T01:16:57,28,12,0,40
2024-07-07T01:32:42,28,12,0,40
2024-07-07T01:48:27,28,12,0,40
2024-07-07T02:04:13,28,12,0,40
2024-07-07T02:19:58,28,12,0,40
2024-07-07T02:35:47,28,12,0,40
2024-07-07T02:51:32,28,12,0,40
2024-07-07T03:07:20,28,12,0,40
2024-07-07T03:23:04,28,12,0,40
2024-07-07T03:38:49,28,12,0,40
2024-07-07T03:54:38,28,12,0,40
2024-07-07T04:25:31,28,12,0,40
2024-07-07T04:43:35,28,12,0,40
2024-07-07T05:00:55,28,12,0,40
2024-07-07T05:16:48,28,12,0,40
2024-07-07T05:32:37,28,12,0,40
2024-07-07T05:48:24,28,12,0,40
2024-07-07T06:04:13,28,12,0,40
2024-07-07T06:20:02,28,12,0,40
2024-07-07T06:35:50,28,12,0,40
2024-07-07T06:51:37,28,12,0,40
2024-07-07T07:07:26,28,12,0,40
2024-07-07T07:23:15,28,12,0,40
2024-07-07T07:39:03,28,12,0,40
2024-07-07T07:54:50,28,12,0,40
2024-07-07T08:10:37,28,12,0,40
2024-07-07T08:26:25,28,12,0,40
2024-07-07T08:42:15,28,12,0,40
2024-07-07T08:58:02,28,12,0,40
2024-07-07T09:13:50,28,12,0,40
2024-07-07T09:29:47,28,12,0,40
2024-07-07T09:45:35,28,12,0,40
2024-07-07T10:01:21,28,12,0,40
2024-07-07T10:17:06,28,12,0,40
2024-07-07T10:32:49,28,12,0,40
2024-07-07T10:48:32,28,12,0,40
2024-07-07T11:04:15,28,12,0,40
2024-07-07T11:19:58,28,12,0,40
2024-07-07T11:35:40,28,12,0,40
2024-07-07T11:51:24,28,12,0,40
2024-07-07T12:07:07,28,12,0,40
2024-07-07T12:22:50,28,12,0,40
2024-07-07T12:38:34,28,12,0,40
2024-07-07T12:54:19,28,12,0,40
2024-07-07T13:10:04,28,12,0,40
2024-07-07T13:25:57,28,12,0,40
2024-07-07T13:41:41,28,12,0,40
2024-07-07T13:57:25,28,12,0,40
2024-07-07T14:13:08,28,12,0,40
2024-07-07T14:28:51,28,12,0,40
2024-07-07T14:44:34,28,12,0,40
2024-07-07T15:00:17,28,12,0,40
2024-07-07T15:16:00,28,12,0,40
2024-07-07T15:31:44,28,12,0,40
2024-07-07T15:47:27,28,12,0,40
2024-07-07T16:03:11,28,12,0,40
2024-07-07T16:18:55,28,12,0,40
2024-07-07T16:34:39,28,12,0,40
2024-07-07T16:50:23,28,12,0,40
2024-07-07T17:06:15,28,12,0,40
2024-07-07T17:21:58,28,12,0,40
2024-07-07T17:37:42,28,12,0,40
2024-07-07T17:53:26,28,12,0,40
2024-07-07T18:09:10,28,12,0,40
2024-07-07T18:24:53,28,12,0,40
2024-07-07T18:40:38,28,12,0,40
2024-07-07T18:56:22,28,12,0,40
2024-07-07T19:12:06,28,12,0,40
2024-07-07T19:27:50,28,12,0,40
2024-07-07T19:43:34,28,12,0,40
2024-07-07T19:59:17,28,12,0,40
2024-07-07T20:15:01,28,12,0,40
2024-07-07T20:30:45,28,12,0,40
2024-07-07T20:46:28,28,12,0,40
2024-07-07T21:02:21,28,12,0,40
2024-07-07T21:18:06,28,12,0,40
2024-07-07T21:33:50,28,12,0,40
2024-07-07T21:49:34,28,12,0,40
2024-07-07T22:05:19,28,12,0,40
2024-07-07T22:21:02,28,12,0,40
2024-07-07T22:36:47,28,12,0,40
2024-07-07T22:52:31,28,12,0,40
2024-07-07T23:08:17,28,12,0,40
2024-07-07T23:24:02,28,12,0,40
2024-07-07T23:39:46,28,12,0,40
2024-07-07T23:55:30,28,12,0,40
2024-07-08T00:11:18,28,12,0,40
2024-07-08T00:27:21,28,12,0,40
2024-07-08T00:43:10,28,12,0,40
2024-07-08T00:58:56,28,12,0,40
2024-07-08T01:14:54,28,12,0,40
2024-07-08T01:30:42,28,12,0,40
2024-07-08T01:46:30,28,12,0,40
2024-07-08T02:02:16,28,12,0,40
2024-07-08T02:18:04,28,12,0,40
2024-07-08T02:33:53,28,12,0,40
2024-07-08T02:49:48,28,12,0,40
2024-07-08T03:05:34,28,12,0,40
2024-07-08T03:21:22,28,12,0,40
2024-07-08T03:37:08,28,12,0,40
2024-07-08T03:52:53,28,12,0,40
2024-07-08T04:10:40,28,12,0,40
2024-07-08T04:31:20,28,12,0,40
2024-07-08T04:47:12,28,12,0,40
2024-07-08T05:03:02,28,12,0,40
2024-07-08T05:18:53,28,12,0,40
2024-07-08T05:34:43,28,12,0,40
2024-07-08T05:50:30,28,12,0,40
2024-07-08T06:06:18,28,12,0,40
2024-07-08T06:22:07,28,12,0,40
2024-07-08T06:37:56,28,12,0,40
2024-07-08T06:53:47,28,12,0,40
2024-07-08T07:09:35,28,12,0,40
2024-07-08T07:25:20,28,12,0,40
2024-07-08T07:41:03,28,12,0,40
2024-07-08T07:56:47,28,12,0,40
2024-07-08T08:12:30,28,12,0,40
2024-07-08T08:28:15,28,12,0,40
2024-07-08T08:44:02,28,12,0,40
2024-07-08T08:59:46,28,12,0,40
2024-07-08T09:15:30,28,12,0,40
2024-07-08T09:31:24,28,12,0,40
2024-07-08T09:47:09,28,12,0,40
2024-07-08T10:02:54,28,12,0,40
2024-07-08T10:18:39,28,12,0,40
2024-07-08T10:34:22,28,12,0,40
2024-07-08T10:50:07,28,12,0,40
2024-07-08T11:05:53,28,12,0,40
2024-07-08T11:21:37,28,12,0,40
2024-07-08T11:37:32,28,12,0,40
2024-07-08T11:53:16,28,12,0,40
2024-07-08T12:09:02,28,12,0,40
2024-07-08T12:24:46,28,12,0,40
2024-07-08T12:40:30,28,12,0,40
2024-07-08T12:56:16,28,12,0,40
2024-07-08T13:12:12,28,12,0,40
2024-07-08T13:27:56,28,12,0,40
2024-07-08T13:43:41,28,12,0,40
2024-07-08T13:59:26,28,12,0,40
2024-07-08T14:15:11,28,12,0,40
2024-07-08T14:30:55,28,12,0,40
2024-07-08T14:46:41,28,12,0,40
2024-07-08T15:02:26,28,12,0,40
2024-07-08T15:18:23,28,12,0,40
2024-07-08T15:34:08,28,12,0,40
2024-07-08T15:49:53,28,12,0,40
2024-07-08T16:05:38,28,12,0,40
2024-07-08T16:21:23,28,12,0,40
2024-07-08T16:37:07,28,12,0,40
2024-07-08T16:52:52,28,12,0,40
2024-07-08T17:08:37,28,12,0,40
2024-07-08T17:24:22,28,12,0,40
2024-07-08T17:40:15,28,12,0,40
2024-07-08T17:55:59,28,12,0,40
2024-07-08T18:11:43,28,12,0,40
2024-07-08T18:27:27,28,12,0,40
2024-07-08T18:43:12,28,12,0,40
2024-07-08T18:58:56,28,12,0,40
2024-07-08T19:14:43,28,12,0,40
2024-07-08T19:30:26,28,12,0,40
2024-07-08T19:46:12,28,12,0,40
2024-07-08T20:01:56,28,12,0,40
2024-07-08T20:17:40,28,12,0,40
2024-07-08T20:33:35,28,12,0,40
2024-07-08T20:49:19,28,12,0,40
2024-07-08T21:05:03,28,12,0,40
2024-07-08T21:20:52,28,12,0,40
2024-07-08T21:36:37,28,12,0,40
2024-07-08T21:52:27,28,12,0,40
2024-07-08T22:08:11,28,12,0,40
2024-07-08T22:23:56,28,12,0,40
2024-07-08T22:39:42,28,12,0,40
2024-07-08T22:55:26,28,12,0,40
2024-07-08T23:11:15,28,12,0,40
2024-07-08T23:27:44,28,12,0,40
2024-07-08T23:43:41,28,12,0,40
2024-07-08T23:59:21,28,12,0,40
2024-07-09T00:15:07,28,12,0,40
2024-07-09T00:30:55,28,12,0,40
2024-07-09T00:46:44,28,12,0,40
2024-07-09T01:02:29,28,12,0,40
2024-07-09T01:18:12,28,12,0,40
2024-07-09T01:33:55,28,12,0,40
2024-07-09T01:49:38,28,12,0,40
2024-07-09T02:05:22,28,12,0,40
2024-07-09T02:21:05,28,12,0,40
2024-07-09T02:36:48,28,12,0,40
2024-07-09T02:52:29,28,12,0,40
2024-07-09T03:08:11,28,12,0,40
2024-07-09T03:23:53,28,12,0,40
2024-07-09T03:39:35,28,12,0,40
2024-07-09T03:55:17,28,12,0,40
2024-07-09T04:11:00,28,12,0,40
2024-07-09T04:28:16,28,12,0,40
2024-07-09T04:44:27,28,12,0,40
2024-07-09T05:00:14,28,12,0,40
2024-07-09T05:16:05,28,12,0,40
2024-07-09T05:31:51,28,12,0,40
2024-07-09T05:47:35,28,12,0,40
2024-07-09T06:03:18,28,12,0,40
2024-07-09T06:19:00,28,12,0,40
2024-07-09T06:34:42,28,12,0,40
2024-07-09T06:50:24,28,12,0,40
2024-07-09T07:06:08,28,12,0,40
2024-07-09T07:21:54,28,12,0,40
2024-07-09T07:37:37,28,12,0,40
2024-07-09T07:53:18,28,12,0,40
2024-07-09T08:09:01,28,12,0,40
2024-07-09T08:24:43,28,12,0,40
2024-07-09T08:40:25,28,12,0,40
2024-07-09T08:56:08,28,12,0,40
2024-07-09T09:11:51,28,12,0,40
2024-07-09T09:27:34,28,12,0,40
2024-07-09T09:43:24,28,12,0,40
2024-07-09T09:59:05,28,12,0,40
2024-07-09T10:14:46,28,12,0,40
2024-07-09T10:30:29,28,12,0,40
2024-07-09T10:46:11,28,12,0,40
2024-07-09T11:01:51,28,12,0,40
2024-07-09T11:17:34,28,12,0,40
2024-07-09T11:33:15,28,12,0,40
2024-07-09T11:48:56,28,12,0,40
2024-07-09T12:04:57,28,12,0,40
2024-07-09T12:20:37,28,12,0,40
2024-07-09T12:36:20,28,12,0,40
2024-07-09T12:52:03,28,12,0,40
2024-07-09T13:07:45,28,12,0,40
2024-07-09T13:23:26,28,12,0,40
2024-07-09T13:39:08,28,12,0,40
2024-07-09T13:54:50,28,12,0,40
2024-07-09T14:10:32,28,12,0,40
2024-07-09T14:26:14,28,12,0,40
2024-07-09T14:42:07,28,12,0,40
2024-07-09T14:57:48,28,12,0,40
2024-07-09T15:13:29,28,12,0,40
2024-07-09T15:29:11,28,12,0,40
2024-07-09T15:44:53,28,12,0,40
2024-07-09T16:00:34,28,12,0,40
2024-07-09T16:16:15,28,12,0,40
2024-07-09T16:32:13,28,12,0,40
2024-07-09T16:47:55,28,12,0,40
2024-07-09T17:03:35,28,12,0,40
2024-07-09T17:19:16,28,12,0,40
2024-07-09T17:34:55,28,12,0,40
2024-07-09T17:50:36,28,12,0,40
2024-07-09T18:06:17,28,12,0,40
2024-07-09T18:21:57,28,12,0,40
2024-07-09T18:37:38,28,12,0,40
2024-07-09T18:53:19,28,12,0,40
2024-07-09T19:08:59,28,12,0,40
2024-07-09T19:24:39,28,12,0,40
2024-07-09T19:40:30,28,12,0,40
2024-07-09T19:56:11,28,12,0,40
2024-07-09T20:11:50,28,12,0,40
2024-07-09T20:27:31,28,12,0,40
2024-07-09T20:43:12,28,12,0,40
2024-07-09T20:59:28,28,12,0,40
2024-07-09T21:15:57,28,12,0,40
2024-07-09T21:32:24,28,12,0,40
2024-07-09T21:48:55,28,12,0,40
2024-07-09T22:05:29,28,12,0,40
2024-07-09T22:21:56,28,12,0,40
2024-07-09T22:37:36,28,12,0,40
2024-07-09T22:53:36,28,12,0,40
2024-07-09T23:09:17,28,12,0,40
2024-07-09T23:24:59,28,12,0,40
2024-07-09T23:40:40,28,12,0,40
2024-07-09T23:56:23,28,12,0,40
2024-07-10T00:12:08,28,12,0,40
2024-07-10T00:27:53,28,12,0,40
2024-07-10T00:43:47,28,12,0,40
2024-07-10T00:59:31,28,12,0,40
2024-07-10T01:15:15,28,12,0,40
2024-07-10T01:30:59,28,12,0,40
2024-07-10T01:46:42,28,12,0,40
2024-07-10T02:02:26,28,12,0,40
2024-07-10T02:18:08,28,12,0,40
2024-07-10T02:34:11,28,12,0,40
2024-07-10T02:49:54,28,12,0,40
2024-07-10T03:05:36,28,12,0,40
2024-07-10T03:21:22,28,12,0,40
2024-07-10T03:37:07,28,12,0,40
2024-07-10T03:52:49,28,12,0,40
2024-07-10T04:08:33,28,12,0,40
2024-07-10T04:34:21,28,12,0,40
2024-07-10T04:50:14,28,12,0,40
2024-07-10T05:06:05,28,12,0,40
2024-07-10T05:23:33,28,12,0,40
2024-07-10T05:39:19,28,12,0,40
2024-07-10T05:55:04,28,12,0,40
2024-07-11T05:13:15,28,12,0,40
2024-07-11T05:29:05,28,12,0,40
2024-07-11T05:45:21,28,12,0,40
2024-07-11T06:01:17,28,12,0,40
2024-07-11T06:17:18,28,12,0,40
2024-07-11T06:34:04,28,12,0,40
2024-07-11T06:58:59,28,12,0,40
2024-07-11T07:22:59,28,12,0,40
2024-07-11T07:44:52,28,12,0,40
2024-07-11T08:04:45,28,12,0,40
2024-07-11T08:20:37,28,12,0,40
2024-07-11T08:36:39,28,12,0,40
2024-07-11T08:52:31,28,12,0,40
2024-07-11T09:08:16,28,12,0,40
2024-07-11T09:24:00,28,12,0,40
2024-07-11T09:39:54,28,12,0,40
2024-07-11T09:56:04,28,12,0,40
2024-07-11T10:11:58,28,12,0,40
2024-07-11T10:27:54,28,12,0,40
2024-07-11T10:43:49,28,12,0,40
2024-07-11T10:59:49,28,12,0,40
2024-07-11T11:15:43,28,12,0,40
2024-07-11T11:31:30,28,12,0,40
2024-07-11T11:47:22,28,12,0,40
2024-07-11T12:03:30,28,12,0,40
2024-07-11T12:19:13,28,12,0,40
2024-07-11T12:35:04,28,12,0,40
2024-07-11T12:50:47,28,12,0,40
2024-07-11T13:06:30,28,12,0,40
2024-07-11T13:22:31,28,12,0,40
2024-07-11T13:38:14,28,12,0,40
2024-07-11T13:54:15,28,12,0,40
2024-07-11T14:09:58,28,12,0,40
2024-07-11T14:25:50,28,12,0,40
2024-07-11T14:41:33,28,12,0,40
2024-07-11T14:57:25,28,12,0,40
2024-07-11T15:13:07,28,12,0,40
2024-07-11T15:28:51,28,12,0,40
2024-07-11T15:44:46,28,12,0,40
2024-07-11T16:00:29,28,12,0,40
2024-07-11T16:16:21,28,12,0,40
2024-07-11T16:32:05,28,12,0,40
2024-07-11T16:47:47,28,12,0,40
2024-07-11T17:03:40,28,12,0,40
2024-07-11T17:19:24,28,12,0,40
2024-07-11T17:35:16,28,12,0,40
2024-07-11T17:50:59,28,12,0,40
2024-07-11T18:07:01,28,12,0,40
2024-07-11T18:22:43,28,12,0,40
2024-07-11T18:38:35,28,12,0,40
2024-07-11T18:54:17,28,12,0,40
2024-07-11T19:10:24,28,12,0,40
2024-07-11T19:26:06,28,12,0,40
2024-07-11T19:41:50,28,12,0,40
2024-07-11T19:57:43,28,12,0,40
2024-07-11T20:13:26,28,12,0,40
2024-07-11T20:29:18,28,12,0,40
2024-07-11T20:45:01,28,12,0,40
2024-07-11T21:00:44,28,12,0,40
2024-07-11T21:16:45,28,12,0,40
2024-07-11T21:32:28,28,12,0,40
2024-07-11T21:48:28,28,12,0,40
2024-07-11T22:04:11,28,12,0,40
2024-07-11T22:19:54,28,12,0,40
2024-07-11T22:35:46,28,12,0,40
2024-07-11T22:51:28,28,12,0,40
2024-07-11T23:07:28,28,12,0,40
2024-07-11T23:23:12,28,12,0,40
2024-07-11T23:38:57,28,12,0,40
2024-07-11T23:54:58,28,12,0,40
2024-07-12T00:10:44,28,12,0,40
2024-07-12T00:26:43,28,12,0,40
2024-07-12T00:42:31,28,12,0,40
2024-07-12T00:58:18,28,12,0,40
2024-07-12T01:14:29,28,12,0,40
2024-07-12T01:30:17,28,12,0,40
2024-07-12T01:46:12,28,12,0,40
2024-07-12T02:02:09,28,12,0,40
2024-07-12T02:17:57,28,12,0,40
2024-07-12T02:34:00,28,12,0,40
2024-07-12T02:49:51,28,12,0,40
2024-07-12T03:05:51,28,12,0,40
2024-07-12T03:21:50,28,12,0,40
2024-07-12T03:37:36,28,12,0,40
2024-07-12T03:53:22,28,12,0,40
2024-07-12T04:09:32,28,12,0,40
2024-07-12T04:35:32,28,12,0,40
2024-07-12T04:52:52,28,12,0,40
2024-07-12T05:08:44,28,12,0,40
2024-07-12T05:24:41,28,12,0,40
2024-07-12T05:40:29,28,12,0,40
2024-07-12T05:56:25,28,12,0,40
2024-07-12T06:12:11,28,12,0,40
2024-07-12T06:27:57,28,12,0,40
2024-07-12T06:43:51,28,12,0,40
2024-07-12T06:59:37,28,12,0,40
2024-07-12T07:15:25,28,12,0,40
2024-07-12T07:31:20,28,12,0,40
2024-07-12T07:47:04,28,12,0,40
2024-07-12T08:02:50,28,12,0,40
2024-07-12T08:18:41,28,12,0,40
2024-07-12T08:34:25,28,12,0,40
2024-07-12T08:50:06,28,12,0,40
2024-07-12T09:05:58,28,12,0,40
2024-07-12T09:21:42,28,12,0,40
2024-07-12T09:37:33,28,12,0,40
2024-07-12T09:53:16,28,12,0,40
2024-07-12T10:08:57,28,12,0,40
2024-07-12T10:24:47,28,12,0,40
2024-07-12T10:40:32,28,12,0,40
2024-07-12T10:56:15,28,12,0,40
2024-07-12T11:12:07,28,12,0,40
2024-07-12T11:27:50,28,12,0,40
2024-07-12T11:43:42,28,12,0,40
2024-07-12T11:59:26,28,12,0,40
2024-07-12T12:15:08,28,12,0,40
2024-07-12T12:31:00,28,12,0,40
2024-07-12T12:46:42,28,12,0,40
2024-07-12T13:02:32,28,12,0,40
2024-07-12T13:18:14,28,12,0,40
2024-07-12T13:33:55,28,12,0,40
2024-07-12T13:49:44,28,12,0,40
2024-07-12T14:05:25,28,12,0,40
2024-07-12T14:21:14,28,12,0,40
2024-07-12T14:36:55,28,12,0,40
2024-07-12T14:52:37,28,12,0,40
2024-07-12T15:08:28,28,12,0,40
2024-07-12T15:24:09,28,12,0,40
2024-07-12T15:40:01,28,12,0,40
2024-07-12T15:55:42,28,12,0,40
2024-07-12T16:11:33,28,12,0,40
2024-07-12T16:27:14,28,12,0,40
2024-07-12T16:42:55,28,12,0,40
2024-07-12T16:58:44,28,12,0,40
2024-07-12T17:14:28,28,12,0,40
2024-07-12T17:30:19,28,12,0,40
2024-07-12T17:46:00,28,12,0,40
2024-07-12T18:01:42,28,12,0,40
2024-07-12T18:17:33,28,12,0,40
2024-07-12T18:33:13,28,12,0,40
2024-07-12T18:49:04,28,12,0,40
2024-07-12T19:04:45,28,12,0,40
2024-07-12T19:20:27,28,12,0,40
2024-07-12T19:36:17,28,12,0,40
2024-07-12T19:51:58,28,12,0,40
2024-07-12T20:07:49,28,12,0,40
2024-07-12T20:23:29,28,12,0,40
2024-07-12T20:39:11,28,12,0,40
2024-07-12T20:55:02,28,12,0,40
2024-07-12T21:10:44,28,12,0,40
2024-07-12T21:26:36,28,12,0,40
2024-07-12T21:42:18,28,12,0,40
2024-07-12T21:58:00,28,12,0,40
2024-07-12T22:13:51,28,12,0,40
2024-07-12T22:29:33,28,12,0,40
2024-07-12T22:45:15,28,12,0,40
2024-07-12T23:01:07,28,12,0,40
2024-07-12T23:16:50,28,12,0,40
2024-07-12T23:32:41,28,12,0,40
2024-07-12T23:48:23,28,12,0,40
2024-07-13T00:04:07,28,12,0,40
2024-07-13T00:20:10,28,12,0,40
2024-07-13T00:36:02,28,12,0,40
2024-07-13T00:51:51,28,12,0,40
2024-07-13T01:07:35,28,12,0,40
2024-07-13T01:23:20,28,12,0,40
2024-07-13T01:39:06,28,12,0,40
2024-07-13T01:55:02,28,12,0,40
2024-07-13T02:10:49,28,12,0,40
2024-07-13T02:26:32,28,12,0,40
2024-07-13T02:42:26,28,12,0,40
2024-07-13T02:58:17,28,12,0,40
2024-07-13T03:14:04,28,12,0,40
2024-07-13T03:29:57,28,12,0,40
2024-07-13T03:45:39,28,12,0,40
2024-07-13T04:01:33,28,12,0,40
2024-07-13T04:33:40,28,12,0,40
2024-07-13T04:49:27,28,12,0,40
2024-07-13T05:05:12,28,12,0,40
2024-07-13T05:21:21,28,12,0,40
2024-07-13T05:37:09,28,12,0,40
2024-07-13T05:53:00,28,12,0,40
2024-07-13T06:08:45,28,12,0,40
2024-07-13T06:24:29,28,12,0,40
2024-07-13T06:40:21,28,12,0,40
2024-07-13T06:56:04,28,12,0,40
2024-07-13T07:11:49,28,12,0,40
2024-07-13T07:27:41,28,12,0,40
2024-07-13T07:43:26,28,12,0,40
2024-07-13T07:59:10,28,12,0,40
2024-07-13T08:15:00,28,12,0,40
2024-07-13T08:30:44,28,12,0,40
2024-07-13T08:46:35,28,12,0,40
2024-07-13T09:02:19,28,12,0,40
2024-07-13T09:18:03,28,12,0,40
2024-07-13T09:33:55,28,12,0,40
2024-07-13T09:49:39,28,12,0,40
2024-07-13T10:05:31,28,12,0,40
2024-07-13T10:21:16,28,12,0,40
2024-07-13T10:36:59,28,12,0,40
2024-07-13T10:52:49,28,12,0,40
2024-07-13T11:08:32,28,12,0,40
2024-07-13T11:24:15,28,12,0,40
2024-07-13T11:40:05,28,12,0,40
2024-07-13T11:55:48,28,12,0,40
2024-07-13T12:11:38,28,12,0,40
2024-07-13T12:27:21,28,12,0,40
2024-07-13T12:43:04,28,12,0,40
2024-07-13T12:58:55,28,12,0,40
2024-07-13T13:14:35,28,12,0,40
2024-07-13T13:30:24,28,12,0,40
2024-07-13T13:46:05,28,12,0,40
2024-07-13T14:01:45,28,12,0,40
2024-07-13T14:17:35,28,12,0,40
2024-07-13T14:33:16,28,12,0,40
2024-07-13T14:49:05,28,12,0,40
2024-07-13T15:04:46,28,12,0,40
2024-07-13T15:20:26,28,12,0,40
2024-07-13T15:36:15,28,12,0,40
2024-07-13T15:51:55,28,12,0,40
2024-07-13T16:07:35,28,12,0,40
2024-07-13T16:23:24,28,12,0,40
2024-07-13T16:39:04,28,12,0,40
2024-07-13T16:54:53,28,12,0,40
2024-07-13T17:10:34,28,12,0,40
2024-07-13T17:26:15,28,12,0,40
2024-07-13T17:42:04,28,12,0,40
2024-07-13T17:57:44,28,12,0,40
2024-07-13T18:13:33,28,12,0,40
2024-07-13T18:29:15,28,12,0,40
2024-07-13T18:44:56,28,12,0,40
2024-07-13T19:00:44,28,12,0,40
2024-07-13T19:16:25,28,12,0,40
2024-07-13T19:32:06,28,12,0,40
2024-07-13T19:47:55,28,12,0,40
2024-07-13T20:03:37,28,12,0,40
2024-07-13T20:19:27,28,12,0,40
2024-07-13T20:35:08,28,12,0,40
2024-07-13T20:50:49,28,12,0,40
2024-07-13T21:06:39,28,12,0,40
2024-07-13T21:22:20,28,12,0,40
2024-07-13T21:38:09,28,12,0,40
2024-07-13T21:53:50,28,12,0,40
2024-07-13T22:09:32,28,12,0,40
2024-07-13T22:25:23,28,12,0,40
2024-07-13T22:41:04,28,12,0,40
2024-07-13T22:56:53,28,12,0,40
2024-07-13T23:12:35,28,12,0,40
2024-07-13T23:28:25,28,12,0,40
2024-07-13T23:44:07,28,12,0,40
2024-07-13T23:59:49,28,12,0,40
2024-07-14T00:15:46,28,12,0,40
2024-07-14T00:31:36,28,12,0,40
2024-07-14T00:47:30,28,12,0,40
2024-07-14T01:03:16,28,12,0,40
2024-07-14T01:18:59,28,12,0,40
2024-07-14T01:34:53,28,12,0,40
2024-07-14T01:50:37,28,12,0,40
2024-07-14T02:06:22,28,12,0,40
2024-07-14T02:22:16,28,12,0,40
2024-07-14T02:38:12,28,12,0,40
2024-07-14T02:53:56,28,12,0,40
2024-07-14T03:09:49,28,12,0,40
2024-07-14T03:25:33,28,12,0,40
2024-07-14T03:41:18,28,12,0,40
2024-07-14T03:57:11,28,12,0,40
2024-07-14T04:12:57,28,12,0,40
2024-07-14T04:34:49,28,12,0,40
2024-07-14T04:50:37,28,12,0,40
2024-07-14T05:06:32,28,12,0,40
2024-07-14T05:22:16,28,12,0,40
2024-07-14T05:38:01,28,12,0,40
2024-07-14T05:53:58,28,12,0,40
2024-07-14T06:09:45,28,12,0,40
2024-07-14T06:25:29,28,12,0,40
2024-07-14T06:41:22,28,12,0,40
2024-07-14T06:57:05,28,12,0,40
2024-07-14T07:12:56,28,12,0,40
2024-07-14T07:28:40,28,12,0,40
2024-07-14T07:44:22,28,12,0,40
2024-07-14T08:00:12,28,12,0,40
2024-07-14T08:15:54,28,12,0,40
2024-07-14T08:31:41,28,12,0,40
2024-07-14T08:47:38,28,12,0,40
2024-07-14T09:03:22,28,12,0,40
2024-07-14T09:19:07,28,12,0,40
2024-07-14T09:34:57,28,12,0,40
2024-07-14T09:50:42,28,12,0,40
2024-07-14T10:06:26,28,12,0,40
2024-07-14T10:22:23,28,12,0,40
2024-07-14T10:38:07,28,12,0,40
2024-07-14T10:53:57,28,12,0,40
2024-07-14T11:09:39,28,12,0,40
2024-07-14T11:25:21,28,12,0,40
2024-07-14T11:41:09,28,12,0,40
2024-07-14T11:56:51,28,12,0,40
2024-07-14T12:12:33,28,12,0,40
2024-07-14T12:28:28,28,12,0,40
2024-07-14T12:44:10,28,12,0,40
2024-07-14T12:59:59,28,12,0,40
2024-07-14T13:15:41,28,12,0,40
2024-07-14T13:31:22,28,12,0,40
2024-07-14T13:47:17,28,12,0,40
2024-07-14T14:03:00,28,12,0,40
2024-07-14T14:18:49,28,12,0,40
2024-07-14T14:34:31,28,12,0,40
2024-07-14T14:50:12,28,12,0,40
2024-07-14T15:06:02,28,12,0,40
2024-07-14T15:21:44,28,12,0,40
2024-07-14T15:37:25,28,12,0,40
2024-07-14T15:53:20,28,12,0,40
2024-07-14T16:09:02,28,12,0,40
2024-07-14T16:24:45,28,12,0,40
2024-07-14T16:40:36,28,12,0,40
2024-07-14T16:56:18,28,12,0,40
2024-07-14T17:12:09,28,12,0,40
2024-07-14T17:27:51,28,12,0,40
2024-07-14T17:43:34,28,12,0,40
2024-07-14T17:59:23,28,12,0,40
2024-07-14T18:15:05,28,12,0,40
2024-07-14T18:30:55,28,12,0,40
2024-07-14T18:46:38,28,12,0,40
2024-07-14T19:02:23,28,12,0,40
2024-07-14T19:18:23,28,12,0,40
2024-07-14T19:34:08,28,12,0,40
2024-07-14T19:50:01,28,12,0,40
2024-07-14T20:05:46,28,12,0,40
2024-07-14T20:21:29,28,12,0,40
2024-07-14T20:37:25,28,12,0,40
2024-07-14T20:53:07,28,12,0,40
2024-07-14T21:08:49,28,12,0,40
2024-07-14T21:24:43,28,12,0,40
2024-07-14T21:40:26,28,12,0,40
2024-07-14T21:56:28,28,12,0,40
2024-07-14T22:12:11,28,12,0,40
2024-07-14T22:28:02,28,12,0,40
2024-07-14T22:43:44,28,12,0,40
2024-07-14T22:59:26,28,12,0,40
2024-07-14T23:15:18,28,12,0,40
2024-07-14T23:31:01,28,12,0,40
2024-07-14T23:46:44,28,12,0,40
2024-07-15T00:02:37,28,12,0,40
2024-07-15T00:18:25,28,12,0,40
2024-07-15T00:34:15,28,12,0,40
2024-07-15T00:50:13,28,12,0,40
2024-07-15T01:06:07,28,12,0,40
2024-07-15T01:22:05,28,12,0,40
2024-07-15T01:37:51,28,12,0,40
2024-07-15T01:53:36,28,12,0,40
2024-07-15T02:09:30,28,12,0,40
2024-07-15T02:25:26,28,12,0,40
2024-07-15T02:41:10,28,12,0,40
2024-07-15T02:57:01,28,12,0,40
2024-07-15T03:12:47,28,12,0,40
2024-07-15T03:28:31,28,12,0,40
2024-07-15T03:44:24,28,12,0,40
2024-07-15T04:00:10,28,12,0,40
2024-07-15T04:21:25,28,12,0,40
2024-07-15T04:38:41,28,12,0,40
2024-07-15T04:54:30,28,12,0,40
2024-07-15T05:10:30,28,12,0,40
2024-07-15T05:26:17,28,12,0,40
2024-07-15T05:42:03,28,12,0,40
2024-07-15T05:57:56,28,12,0,40
2024-07-15T06:13:41,28,12,0,40
2024-07-15T06:29:35,28,12,0,40
2024-07-15T06:45:20,28,12,0,40
2024-07-15T07:01:04,28,12,0,40
2024-07-15T07:17:05,28,12,0,40
2024-07-15T07:32:46,28,12,0,40
2024-07-15T07:48:28,28,12,0,40
2024-07-15T08:04:19,28,12,0,40
2024-07-15T08:20:01,28,12,0,40
2024-07-15T08:35:45,28,12,0,40
2024-07-15T08:51:41,28,12,0,40
2024-07-15T09:07:24,28,12,0,40
2024-07-15T09:23:13,28,12,0,40
2024-07-15T09:38:55,28,12,0,40
2024-07-15T09:54:37,28,12,0,40
2024-07-15T10:10:20,28,12,0,40
2024-07-15T10:26:02,28,12,0,40
2024-07-15T10:41:44,28,12,0,40
2024-07-15T10:57:36,28,12,0,40
2024-07-15T11:13:20,28,12,0,40
2024-07-15T11:29:10,28,12,0,40
2024-07-15T11:44:53,28,12,0,40
2024-07-15T12:00:35,28,12,0,40
2024-07-15T12:16:33,28,12,0,40
2024-07-15T12:32:15,28,12,0,40
2024-07-15T12:48:06,28,12,0,40
2024-07-15T13:03:49,28,12,0,40
2024-07-15T13:19:44,28,12,0,40
2024-07-15T13:35:26,28,12,0,40
2024-07-15T13:51:09,28,12,0,40
2024-07-15T14:07:01,28,12,0,40
2024-07-15T14:22:44,28,12,0,40
2024-07-15T14:38:42,28,12,0,40
2024-07-15T14:54:25,28,12,0,40
2024-07-15T15:10:17,28,12,0,40
2024-07-15T15:25:59,28,12,0,40
2024-07-15T15:41:42,28,12,0,40
2024-07-15T15:57:33,28,12,0,40
2024-07-15T16:13:17,28,12,0,40
2024-07-15T16:29:00,28,12,0,40
2024-07-15T16:44:42,28,12,0,40
2024-07-15T17:00:25,28,12,0,40
2024-07-15T17:16:26,28,12,0,40
2024-07-15T17:32:08,28,12,0,40
2024-07-15T17:47:50,28,12,0,40
2024-07-15T18:03:32,28,12,0,40
2024-07-15T18:19:15,28,12,0,40
2024-07-15T18:34:58,28,12,0,40
2024-07-15T18:50:40,28,12,0,40
2024-07-15T19:06:22,28,12,0,40
2024-07-15T19:22:05,28,12,0,40
2024-07-15T19:37:48,28,12,0,40
2024-07-15T19:53:30,28,12,0,40
2024-07-15T20:09:23,28,12,0,40
2024-07-15T20:25:06,28,12,0,40
2024-07-15T20:40:49,28,12,0,40
2024-07-15T20:56:32,28,12,0,40
2024-07-15T21:12:15,28,12,0,40
2024-07-15T21:27:58,28,12,0,40
2024-07-15T21:43:41,28,12,0,40
2024-07-15T21:59:35,28,12,0,40
2024-07-15T22:15:18,28,12,0,40
2024-07-15T22:31:01,28,12,0,40
2024-07-15T22:46:45,28,12,0,40
2024-07-15T23:02:48,28,12,0,40
2024-07-15T23:18:32,28,12,0,40
2024-07-15T23:34:15,28,12,0,40
2024-07-15T23:49:59,28,12,0,40
2024-07-16T00:05:44,28,12,0,40
2024-07-16T00:21:30,28,12,0,40
2024-07-16T00:37:38,28,12,0,40
2024-07-16T00:53:28,28,12,0,40
2024-07-16T01:09:15,28,12,0,40
2024-07-16T01:25:00,28,12,0,40
2024-07-16T01:40:46,28,12,0,40
2024-07-16T01:56:31,28,12,0,40
2024-07-16T02:12:24,28,12,0,40
2024-07-16T02:28:10,28,12,0,40
2024-07-16T02:43:56,28,12,0,40
2024-07-16T02:59:41,28,12,0,40
2024-07-16T03:15:34,28,12,0,40
2024-07-16T03:31:18,28,12,0,40
2024-07-16T03:47:02,28,12,0,40
2024-07-16T04:02:46,28,12,0,40
2024-07-16T04:21:43,28,12,0,40
2024-07-16T04:37:52,28,12,0,40
2024-07-16T04:53:41,28,12,0,40
2024-07-16T05:09:34,28,12,0,40
2024-07-16T05:25:22,28,12,0,40
2024-07-16T05:41:11,28,12,0,40
2024-07-16T05:56:58,28,12,0,40
2024-07-16T06:12:44,28,12,0,40
2024-07-16T06:28:29,28,12,0,40
2024-07-16T06:44:15,28,12,0,40
2024-07-16T07:00:05,28,12,0,40
2024-07-16T07:15:57,28,12,0,40
2024-07-16T07:31:43,28,12,0,40
2024-07-16T07:47:26,28,12,0,40
2024-07-16T08:03:11,28,12,0,40
2024-07-16T08:18:56,28,12,0,40
2024-07-16T08:34:42,28,12,0,40
2024-07-16T08:50:35,28,12,0,40
2024-07-16T09:06:21,28,12,0,40
2024-07-16T09:22:05,28,12,0,40
2024-07-16T09:37:51,28,12,0,40
2024-07-16T09:53:35,28,12,0,40
2024-07-16T10:09:19,28,12,0,40
2024-07-16T10:25:02,28,12,0,40
2024-07-16T10:40:44,28,12,0,40
2024-07-16T10:56:27,28,12,0,40
2024-07-16T11:12:20,28,12,0,40
2024-07-16T11:28:03,28,12,0,40
2024-07-16T11:43:46,28,12,0,40
2024-07-16T11:59:28,28,12,0,40
2024-07-16T12:15:10,28,12,0,40
2024-07-16T12:30:53,28,12,0,40
2024-07-16T12:46:36,28,12,0,40
2024-07-16T13:02:20,28,12,0,40
2024-07-16T13:18:03,28,12,0,40
2024-07-16T13:33:56,28,12,0,40
2024-07-16T13:49:40,28,12,0,40
2024-07-16T14:05:24,28,12,0,40
2024-07-16T14:21:07,28,12,0,40
2024-07-16T14:36:51,28,12,0,40
2024-07-16T14:52:35,28,12,0,40
2024-07-16T15:08:19,28,12,0,40
2024-07-16T15:24:02,28,12,0,40
2024-07-16T15:39:46,28,12,0,40
2024-07-16T15:55:31,28,12,0,40
2024-07-16T16:11:25,28,12,0,40
2024-07-16T16:27:09,28,12,0,40
2024-07-16T16:42:52,28,12,0,40
2024-07-16T16:58:35,28,12,0,40
2024-07-16T17:14:20,28,12,0,40
2024-07-16T17:30:06,28,12,0,40
2024-07-16T17:45:49,28,12,0,40
2024-07-16T18:01:33,28,12,0,40
2024-07-16T18:17:17,28,12,0,40
2024-07-16T18:33:00,28,12,0,40
2024-07-16T18:48:43,28,12,0,40
2024-07-16T19:04:26,28,12,0,40
2024-07-16T19:20:20,28,12,0,40
2024-07-16T19:36:04,28,12,0,40
2024-07-16T19:51:46,28,12,0,40
2024-07-16T20:07:29,28,12,0,40
2024-07-16T20:23:13,28,12,0,40
2024-07-16T20:38:56,28,12,0,40
2024-07-16T20:54:40,28,12,0,40
2024-07-16T21:10:23,28,12,0,40
2024-07-16T21:26:07,28,12,0,40
2024-07-16T21:41:51,28,12,0,40
2024-07-16T21:57:52,28,12,0,40
2024-07-16T22:13:37,28,12,0,40
2024-07-16T22:29:21,28,12,0,40
2024-07-16T22:45:05,28,12,0,40
2024-07-16T23:00:48,28,12,0,40
2024-07-16T23:16:33,28,12,0,40
2024-07-16T23:32:16,28,12,0,40
2024-07-16T23:48:01,28,12,0,40
2024-07-17T00:03:45,28,12,0,40
2024-07-17T00:19:33,28,12,0,40
2024-07-17T00:35:21,28,12,0,40
2024-07-17T00:51:10,28,12,0,40
2024-07-17T01:06:57,28,12,0,40
2024-07-17T01:22:45,28,12,0,40
2024-07-17T01:38:33,28,12,0,40
2024-07-17T01:54:21,28,12,0,40
2024-07-17T02:10:08,28,12,0,40
2024-07-17T02:26:04,28,12,0,40
2024-07-17T02:41:54,28,12,0,40
2024-07-17T02:57:41,28,12,0,40
2024-07-17T03:13:30,28,12,0,40
2024-07-17T03:29:18,28,12,0,40
2024-07-17T03:45:04,28,12,0,40
2024-07-17T04:00:51,28,12,0,40
2024-07-17T04:21:24,28,12,0,40
2024-07-17T04:37:15,28,12,0,40
2024-07-17T04:53:02,28,12,0,40
2024-07-17T05:08:52,28,12,0,40
2024-07-17T05:24:39,28,12,0,40
2024-07-17T05:41:47,28,12,0,40
2024-07-17T05:57:54,28,12,0,40
2024-07-17T06:13:44,28,12,0,40
2024-07-17T06:29:31,28,12,0,40
2024-07-17T06:45:18,28,12,0,40
2024-07-17T07:01:04,28,12,0,40
2024-07-17T07:16:53,28,12,0,40
2024-07-17T07:32:45,28,12,0,40
2024-07-17T07:48:30,28,12,0,40
2024-07-17T08:04:14,28,12,0,40
2024-07-17T08:20:02,28,12,0,40
2024-07-17T08:35:46,28,12,0,40
2024-07-17T08:51:31,28,12,0,40
2024-07-17T09:07:16,28,12,0,40
2024-07-17T09:23:10,28,12,0,40
2024-07-17T09:38:54,28,12,0,40
2024-07-17T09:54:38,28,12,0,40
2024-07-17T10:10:21,28,12,0,40
2024-07-17T10:26:06,28,12,0,40
2024-07-17T10:41:51,28,12,0,40
2024-07-17T10:57:36,28,12,0,40
2024-07-17T11:13:23,28,12,0,40
2024-07-17T11:29:09,28,12,0,40
2024-07-17T11:44:53,28,12,0,40
2024-07-17T12:00:38,28,12,0,40
2024-07-17T12:16:32,28,12,0,40
2024-07-17T12:32:16,28,12,0,40
2024-07-17T12:48:00,28,12,0,40
2024-07-17T13:03:44,28,12,0,40
2024-07-17T13:19:29,28,12,0,40
2024-07-17T13:35:13,28,12,0,40
2024-07-17T13:50:57,28,12,0,40
2024-07-17T14:06:39,28,12,0,40
2024-07-17T14:22:23,28,12,0,40
2024-07-17T14:38:07,28,12,0,40
2024-07-17T14:54:00,28,12,0,40
2024-07-17T15:09:43,28,12,0,40
2024-07-17T15:25:27,28,12,0,40
2024-07-17T15:41:11,28,12,0,40
2024-07-17T15:56:54,28,12,0,40
2024-07-17T16:12:37,28,12,0,40
2024-07-17T16:28:20,28,12,0,40
2024-07-17T16:44:04,28,12,0,40
2024-07-17T16:59:57,28,12,0,40
2024-07-17T17:15:44,28,12,0,40
2024-07-17T17:31:28,28,12,0,40
2024-07-17T17:47:11,28,12,0,40
2024-07-17T18:02:55,28,12,0,40
2024-07-17T18:18:39,28,12,0,40
2024-07-17T18:34:22,28,12,0,40
2024-07-17T18:50:05,28,12,0,40
2024-07-17T19:05:48,28,12,0,40
2024-07-17T19:21:41,28,12,0,40
2024-07-17T19:37:24,28,12,0,40
2024-07-17T19:53:06,28,12,0,40
2024-07-17T20:08:50,28,12,0,40
2024-07-17T20:24:32,28,12,0,40
2024-07-17T20:40:15,28,12,0,40
2024-07-17T20:55:59,28,12,0,40
2024-07-17T21:11:42,28,12,0,40
2024-07-17T21:27:26,28,12,0,40
2024-07-17T21:43:10,28,12,0,40
2024-07-17T21:59:05,28,12,0,40
2024-07-17T22:14:48,28,12,0,40
2024-07-17T22:30:31,28,12,0,40
2024-07-17T22:46:24,28,12,0,40
2024-07-17T23:02:08,28,12,0,40
2024-07-17T23:17:52,28,12,0,40
2024-07-17T23:33:36,28,12,0,40
2024-07-17T23:49:20,28,12,0,40
2024-07-18T00:05:05,28,12,0,40
2024-07-18T00:20:54,28,12,0,40
2024-07-18T00:36:45,28,12,0,40
2024-07-18T00:52:36,28,12,0,40
2024-07-18T01:08:24,28,12,0,40
2024-07-18T01:24:11,28,12,0,40
2024-07-18T01:39:57,28,12,0,40
2024-07-18T01:55:45,28,12,0,40
2024-07-18T02:11:30,28,12,0,40
2024-07-18T02:27:15,28,12,0,40
2024-07-18T02:43:02,28,12,0,40
2024-07-18T02:58:48,28,12,0,40
2024-07-18T03:14:43,28,12,0,40
2024-07-18T03:30:30,28,12,0,40
2024-07-18T03:46:15,28,12,0,40
2024-07-18T04:02:02,28,12,0,40
2024-07-18T04:30:35,28,12,0,40
2024-07-18T04:47:43,28,12,0,40
2024-07-18T05:03:48,28,12,0,40
2024-07-18T05:19:38,28,12,0,40
2024-07-18T05:35:26,28,12,0,40
2024-07-18T05:51:13,28,12,0,40
2024-07-18T06:06:59,28,12,0,40
2024-07-18T06:22:45,28,12,0,40
2024-07-18T06:38:32,28,12,0,40
2024-07-18T06:54:23,28,12,0,40
2024-07-18T07:10:10,28,12,0,40
2024-07-18T07:25:57,28,12,0,40
2024-07-18T07:41:44,28,12,0,40
2024-07-18T07:57:29,28,12,0,40
2024-07-18T08:13:23,28,12,0,40
2024-07-18T08:29:09,28,12,0,40
2024-07-18T08:44:58,28,12,0,40
2024-07-18T09:00:43,28,12,0,40
2024-07-18T09:16:30,28,12,0,40
2024-07-18T09:32:13,28,12,0,40
2024-07-18T09:48:07,28,12,0,40
2024-07-18T10:03:51,28,12,0,40
2024-07-18T10:19:35,28,12,0,40
2024-07-18T10:35:18,28,12,0,40
2024-07-18T10:51:02,28,12,0,40
2024-07-18T11:06:45,28,12,0,40
2024-07-18T11:22:28,28,12,0,40
2024-07-18T11:38:12,28,12,0,40
2024-07-18T11:53:56,28,12,0,40
2024-07-18T12:09:40,28,12,0,40
2024-07-18T12:25:35,28,12,0,40
2024-07-18T12:41:18,28,12,0,40
2024-07-18T12:57:02,28,12,0,40
2024-07-18T13:12:46,28,12,0,40
2024-07-18T13:28:30,28,12,0,40
2024-07-18T13:44:14,28,12,0,40
2024-07-18T13:59:57,28,12,0,40
2024-07-18T14:15:40,28,12,0,40
2024-07-18T14:31:24,28,12,0,40
2024-07-18T14:47:19,28,12,0,40
2024-07-18T15:03:02,28,12,0,40
2024-07-18T15:18:45,28,12,0,40
2024-07-18T15:34:30,28,12,0,40
2024-07-18T15:50:17,28,12,0,40
2024-07-18T16:06:01,28,12,0,40
2024-07-18T16:21:44,28,12,0,40
2024-07-18T16:37:27,28,12,0,40
2024-07-18T16:53:11,28,12,0,40
2024-07-18T17:08:56,28,12,0,40
2024-07-18T17:24:51,28,12,0,40
2024-07-18T17:40:34,28,12,0,40
2024-07-18T17:56:17,28,12,0,40
2024-07-18T18:12:02,28,12,0,40
2024-07-18T18:27:46,28,12,0,40
2024-07-18T18:43:30,28,12,0,40
2024-07-18T18:59:13,28,12,0,40
2024-07-18T19:14:57,28,12,0,40
2024-07-18T19:30:39,28,12,0,40
2024-07-18T19:46:22,28,12,0,40
2024-07-18T20:02:11,28,12,0,40
2024-07-18T20:17:54,28,12,0,40
2024-07-18T20:33:46,28,12,0,40
2024-07-18T20:49:30,28,12,0,40
2024-07-18T21:05:14,28,12,0,40
2024-07-18T21:21:01,28,12,0,40
2024-07-18T21:36:45,28,12,0,40
2024-07-18T21:52:34,28,12,0,40
2024-07-18T22:08:17,28,12,0,40
2024-07-18T22:24:01,28,12,0,40
2024-07-18T22:39:45,28,12,0,40
2024-07-18T22:55:29,28,12,0,40
2024-07-18T23:11:14,28,12,0,40
2024-07-18T23:26:59,28,12,0,40
2024-07-18T23:42:43,28,12,0,40
2024-07-18T23:58:27,28,12,0,40
2024-07-19T00:14:24,28,12,0,40
2024-07-19T00:30:14,28,12,0,40
2024-07-19T00:46:02,28,12,0,40
2024-07-19T01:01:50,28,12,0,40
2024-07-19T01:17:38,28,12,0,40
2024-07-19T01:33:26,28,12,0,40
2024-07-19T01:49:15,28,12,0,40
2024-07-19T02:05:02,28,12,0,40
2024-07-19T02:20:47,28,12,0,40
2024-07-19T02:36:37,28,12,0,40
2024-07-19T02:52:23,28,12,0,40
2024-07-19T03:08:10,28,12,0,40
2024-07-19T03:23:58,28,12,0,40
2024-07-19T03:40:05,28,12,0,40
2024-07-19T03:55:53,28,12,0,40
2024-07-19T04:11:42,28,12,0,40
2024-07-19T04:32:21,28,12,0,40
2024-07-19T04:48:11,28,12,0,40
2024-07-19T05:04:04,28,12,0,40
2024-07-19T05:19:53,28,12,0,40
2024-07-19T05:35:42,28,12,0,40
2024-07-19T05:51:29,28,12,0,40
2024-07-19T06:07:15,28,12,0,40
2024-07-19T06:23:03,28,12,0,40
2024-07-19T06:38:48,28,12,0,40
2024-07-19T06:54:35,28,12,0,40
2024-07-19T07:10:24,28,12,0,40
2024-07-19T07:26:10,28,12,0,40
2024-07-19T07:41:54,28,12,0,40
2024-07-19T07:57:39,28,12,0,40
2024-07-19T08:13:28,28,12,0,40
2024-07-19T08:29:13,28,12,0,40
2024-07-19T08:44:58,28,12,0,40
2024-07-19T09:00:42,28,12,0,40
2024-07-19T09:16:26,28,12,0,40
2024-07-19T09:32:10,28,12,0,40
2024-07-19T09:47:53,28,12,0,40
2024-07-19T10:03:45,28,12,0,40
2024-07-19T10:19:28,28,12,0,40
2024-07-19T10:35:12,28,12,0,40
2024-07-19T10:50:56,28,12,0,40
2024-07-19T11:06:41,28,12,0,40
2024-07-19T11:22:26,28,12,0,40
2024-07-19T11:38:10,28,12,0,40
2024-07-19T11:53:53,28,12,0,40
2024-07-19T12:09:36,28,12,0,40
2024-07-19T12:25:22,28,12,0,40
2024-07-19T12:41:06,28,12,0,40
2024-07-19T12:56:59,28,12,0,40
2024-07-19T13:12:42,28,12,0,40
2024-07-19T13:28:26,28,12,0,40
2024-07-19T13:44:09,28,12,0,40
2024-07-19T13:59:53,28,12,0,40
2024-07-19T14:15:36,28,12,0,40
2024-07-19T14:31:20,28,12,0,40
2024-07-19T14:47:04,28,12,0,40
2024-07-19T15:02:48,28,12,0,40
2024-07-19T15:18:32,28,12,0,40
2024-07-19T15:34:15,28,12,0,40
2024-07-19T15:50:09,28,12,0,40
2024-07-19T16:05:52,28,12,0,40
2024-07-19T16:21:35,28,12,0,40
2024-07-19T16:37:17,28,12,0,40
2024-07-19T16:53:00,28,12,0,40
2024-07-19T17:08:44,28,12,0,40
2024-07-19T17:24:28,28,12,0,40
2024-07-19T17:40:12,28,12,0,40
2024-07-19T17:55:55,28,12,0,40
2024-07-19T18:11:41,28,12,0,40
2024-07-19T18:27:29,28,12,0,40
2024-07-19T18:43:15,28,12,0,40
2024-07-19T18:58:59,28,12,0,40
2024-07-19T19:14:44,28,12,0,40
2024-07-19T19:30:35,28,12,0,40
2024-07-19T19:46:18,28,12,0,40
2024-07-19T20:02:02,28,12,0,40
2024-07-19T20:17:45,28,12,0,40
2024-07-19T20:33:29,28,12,0,40
2024-07-19T20:49:12,28,12,0,40
2024-07-19T21:04:55,28,12,0,40
2024-07-19T21:20:39,28,12,0,40
2024-07-19T21:36:24,28,12,0,40
2024-07-19T21:52:14,28,12,0,40
2024-07-19T22:07:57,28,12,0,40
2024-07-19T22:23:41,28,12,0,40
2024-07-19T22:39:23,28,12,0,40
2024-07-19T22:55:06,28,12,0,40
2024-07-19T23:10:51,28,12,0,40
2024-07-19T23:26:44,28,12,0,40
2024-07-19T23:42:28,28,12,0,40
2024-07-19T23:58:12,28,12,0,40
2024-07-20T00:13:59,28,12,0,40
2024-07-20T00:29:48,28,12,0,40
2024-07-20T00:45:37,28,12,0,40
2024-07-20T01:01:25,28,12,0,40
2024-07-20T01:17:11,28,12,0,40
2024-07-20T01:32:59,28,12,0,40
2024-07-20T01:48:46,28,12,0,40
2024-07-20T02:04:32,28,12,0,40
2024-07-20T02:20:21,28,12,0,40
2024-07-20T02:36:13,28,12,0,40
2024-07-20T02:51:59,28,12,0,40
2024-07-20T03:07:43,28,12,0,40
2024-07-20T03:23:29,28,12,0,40
2024-07-20T03:39:13,28,12,0,40
2024-07-20T03:54:59,28,12,0,40
2024-07-20T04:10:56,28,12,0,40
2024-07-20T04:31:51,28,12,0,40
2024-07-20T04:47:40,28,12,0,40
2024-07-20T05:03:27,28,12,0,40
2024-07-20T05:19:10,28,12,0,40
2024-07-20T05:34:57,28,12,0,40
2024-07-20T05:51:00,28,12,0,40
2024-07-20T06:06:47,28,12,0,40
2024-07-20T06:22:34,28,12,0,40
2024-07-20T06:38:20,28,12,0,40
2024-07-20T06:54:06,28,12,0,40
2024-07-20T07:09:53,28,12,0,40
2024-07-20T07:25:40,28,12,0,40
2024-07-20T07:41:25,28,12,0,40
2024-07-20T07:57:11,28,12,0,40
2024-07-20T08:12:59,28,12,0,40
2024-07-20T08:28:47,28,12,0,40
2024-07-20T08:44:34,28,12,0,40
2024-07-20T09:00:39,28,12,0,40
2024-07-20T09:16:25,28,12,0,40
2024-07-20T09:32:10,28,12,0,40
2024-07-20T09:47:56,28,12,0,40
2024-07-20T10:03:42,28,12,0,40
2024-07-20T10:19:27,28,12,0,40
2024-07-20T10:35:14,28,12,0,40
2024-07-20T10:50:59,28,12,0,40
2024-07-20T11:06:44,28,12,0,40
2024-07-20T11:22:30,28,12,0,40
2024-07-20T11:38:15,28,12,0,40
2024-07-20T11:54:01,28,12,0,40
2024-07-20T12:09:55,28,12,0,40
2024-07-20T12:25:39,28,12,0,40
2024-07-20T12:41:24,28,12,0,40
2024-07-20T12:57:09,28,12,0,40
2024-07-20T13:12:52,28,12,0,40
2024-07-20T13:28:34,28,12,0,40
2024-07-20T13:44:18,28,12,0,40
2024-07-20T14:00:00,28,12,0,40
2024-07-20T14:15:44,28,12,0,40
2024-07-20T14:31:27,28,12,0,40
2024-07-20T14:47:09,28,12,0,40
2024-07-20T15:02:53,28,12,0,40
2024-07-20T15:18:35,28,12,0,40
2024-07-20T15:34:17,28,12,0,40
2024-07-20T15:50:23,28,12,0,40
2024-07-20T16:06:06,28,12,0,40
2024-07-20T16:21:51,28,12,0,40
2024-07-20T16:37:34,28,12,0,40
2024-07-20T16:53:18,28,12,0,40
2024-07-20T17:09:02,28,12,0,40
2024-07-20T17:24:45,28,12,0,40
2024-07-20T17:40:28,28,12,0,40
2024-07-20T17:56:11,28,12,0,40
2024-07-20T18:11:54,28,12,0,40
2024-07-20T18:27:38,28,12,0,40
2024-07-20T18:43:21,28,12,0,40
2024-07-20T18:59:04,28,12,0,40
2024-07-20T19:14:48,28,12,0,40
2024-07-20T19:30:30,28,12,0,40
2024-07-20T19:46:23,28,12,0,40
2024-07-20T20:02:05,28,12,0,40
2024-07-20T20:17:48,28,12,0,40
2024-07-20T20:33:31,28,12,0,40
2024-07-20T20:49:15,28,12,0,40
2024-07-20T21:04:59,28,12,0,40
2024-07-20T21:20:44,28,12,0,40
2024-07-20T21:36:27,28,12,0,40
2024-07-20T21:52:22,28,12,0,40
2024-07-20T22:08:07,28,12,0,40
2024-07-20T22:23:53,28,12,0,40
2024-07-20T22:39:37,28,12,0,40
2024-07-20T22:55:20,28,12,0,40
2024-07-20T23:11:05,28,12,0,40
2024-07-20T23:26:56,28,12,0,40
2024-07-20T23:42:40,28,12,0,40
2024-07-20T23:58:24,28,12,0,40
2024-07-21T00:14:09,28,12,0,40
2024-07-21T00:46:27,28,12,0,40
2024-07-21T01:02:10,28,12,0,40
2024-07-21T01:17:53,28,12,0,40
2024-07-21T01:33:36,28,12,0,40
2024-07-21T01:49:19,28,12,0,40
2024-07-21T02:05:03,28,12,0,40
2024-07-21T02:20:48,28,12,0,40
2024-07-21T02:36:35,28,12,0,40
2024-07-21T02:52:20,28,12,0,40
2024-07-21T03:08:02,28,12,0,40
2024-07-21T03:23:45,28,12,0,40
2024-07-21T03:39:28,28,12,0,40
2024-07-21T03:55:18,28,12,0,40
2024-07-21T04:27:06,28,12,0,40
2024-07-21T04:42:52,28,12,0,40
2024-07-21T04:58:42,28,12,0,40
2024-07-21T05:14:31,28,12,0,40
2024-07-21T05:30:19,28,12,0,40
2024-07-21T05:48:05,28,12,0,40
2024-07-21T06:06:17,28,12,0,40
2024-07-21T06:22:03,28,12,0,40
2024-07-21T06:37:51,28,12,0,40
2024-07-21T06:53:38,28,12,0,40
2024-07-21T07:09:25,28,12,0,40
2024-07-21T07:25:17,28,12,0,40
2024-07-21T07:41:11,28,12,0,40
2024-07-21T07:57:03,28,12,0,40
2024-07-21T08:12:54,28,12,0,40
2024-07-21T08:28:40,28,12,0,40
2024-07-21T08:44:29,28,12,0,40
2024-07-21T09:00:17,28,12,0,40
2024-07-21T09:16:06,28,12,0,40
2024-07-21T09:31:55,28,12,0,40
2024-07-21T09:47:52,28,12,0,40
2024-07-21T10:03:42,28,12,0,40
2024-07-21T10:19:32,28,12,0,40
2024-07-21T10:35:22,28,12,0,40
2024-07-21T10:51:09,28,12,0,40
2024-07-21T11:06:55,28,12,0,40
2024-07-21T11:22:40,28,12,0,40
2024-07-21T11:38:24,28,12,0,40
2024-07-21T11:54:06,28,12,0,40
2024-07-21T12:09:48,28,12,0,40
2024-07-21T12:25:31,28,12,0,40
2024-07-21T12:41:21,28,12,0,40
2024-07-21T12:57:05,28,12,0,40
2024-07-21T13:12:48,28,12,0,40
2024-07-21T13:28:31,28,12,0,40
2024-07-21T13:44:14,28,12,0,40
2024-07-21T13:59:56,28,12,0,40
2024-07-21T14:15:39,28,12,0,40
2024-07-21T14:31:22,28,12,0,40
2024-07-21T14:47:05,28,12,0,40
2024-07-21T15:02:48,28,12,0,40
2024-07-21T15:18:32,28,12,0,40
2024-07-21T15:34:22,28,12,0,40
2024-07-21T15:50:04,28,12,0,40
2024-07-21T16:05:46,28,12,0,40
2024-07-21T16:21:31,28,12,0,40
2024-07-21T16:37:14,28,12,0,40
2024-07-21T16:52:57,28,12,0,40
2024-07-21T17:08:39,28,12,0,40
2024-07-21T17:24:23,28,12,0,40
2024-07-21T17:40:05,28,12,0,40
2024-07-21T17:55:48,28,12,0,40
2024-07-21T18:11:31,28,12,0,40
2024-07-21T18:27:13,28,12,0,40
2024-07-21T18:42:55,28,12,0,40
2024-07-21T18:58:39,28,12,0,40
2024-07-21T19:14:33,28,12,0,40
2024-07-21T19:30:18,28,12,0,40
2024-07-21T19:46:04,28,12,0,40
2024-07-21T20:01:48,28,12,0,40
2024-07-21T20:17:32,28,12,0,40
2024-07-21T20:33:15,28,12,0,40
2024-07-21T20:48:58,28,12,0,40
2024-07-21T21:04:43,28,12,0,40
2024-07-21T21:20:28,28,12,0,40
2024-07-21T21:36:13,28,12,0,40
2024-07-21T21:52:00,28,12,0,40
2024-07-21T22:07:44,28,12,0,40
2024-07-21T22:23:34,28,12,0,40
2024-07-21T22:39:22,28,12,0,40
2024-07-21T22:55:06,28,12,0,40
2024-07-21T23:10:52,28,12,0,40
2024-07-21T23:26:36,28,12,0,40
2024-07-21T23:42:21,28,12,0,40
2024-07-21T23:58:05,28,12,0,40
2024-07-22T00:13:52,28,12,0,40
2024-07-22T00:29:44,28,12,0,40
2024-07-22T00:45:36,28,12,0,40
2024-07-22T01:01:20,28,12,0,40
2024-07-22T01:17:11,28,12,0,40
2024-07-22T01:33:00,28,12,0,40
2024-07-22T01:48:46,28,12,0,40
2024-07-22T02:04:31,28,12,0,40
2024-07-22T02:20:28,28,12,0,40
2024-07-22T02:36:23,28,12,0,40
2024-07-22T02:52:07,28,12,0,40
2024-07-22T03:07:52,28,12,0,40
2024-07-22T03:23:39,28,12,0,40
2024-07-22T03:39:24,28,12,0,40
2024-07-22T03:55:10,28,12,0,40
2024-07-22T04:36:03,28,12,0,40
2024-07-22T04:51:52,28,12,0,40
2024-07-22T05:07:47,28,12,0,40
2024-07-22T05:23:35,28,12,0,40
2024-07-22T05:39:23,28,12,0,40
2024-07-22T05:55:11,28,12,0,40
2024-07-22T06:10:57,28,12,0,40
2024-07-22T06:26:45,28,12,0,40
2024-07-22T06:42:32,28,12,0,40
2024-07-22T06:58:18,28,12,0,40
2024-07-22T07:14:05,28,12,0,40
2024-07-22T07:29:48,28,12,0,40
2024-07-22T07:45:31,28,12,0,40
2024-07-22T08:01:14,28,12,0,40
2024-07-22T08:16:58,28,12,0,40
2024-07-22T08:32:43,28,12,0,40
2024-07-22T08:48:27,28,12,0,40
2024-07-22T09:04:11,28,12,0,40
2024-07-22T09:19:58,28,12,0,40
2024-07-22T09:35:41,28,12,0,40
2024-07-22T09:51:33,28,12,0,40
2024-07-22T10:07:17,28,12,0,40
2024-07-22T10:23:00,28,12,0,40
2024-07-22T10:38:43,28,12,0,40
2024-07-22T10:54:27,28,12,0,40
2024-07-22T11:10:11,28,12,0,40
2024-07-22T11:25:56,28,12,0,40
2024-07-22T11:41:39,28,12,0,40
2024-07-22T11:57:22,28,12,0,40
2024-07-22T12:13:06,28,12,0,40
2024-07-22T12:28:58,28,12,0,40
2024-07-22T12:44:40,28,12,0,40
2024-07-22T13:00:23,28,12,0,40
2024-07-22T13:16:06,28,12,0,40
2024-07-22T13:31:49,28,12,0,40
2024-07-22T13:47:32,28,12,0,40
2024-07-22T14:03:15,28,12,0,40
2024-07-22T14:18:59,28,12,0,40
2024-07-22T14:34:43,28,12,0,40
2024-07-22T14:50:36,28,12,0,40
2024-07-22T15:06:20,28,12,0,40
2024-07-22T15:22:03,28,12,0,40
2024-07-22T15:37:47,28,12,0,40
2024-07-22T15:53:30,28,12,0,40
2024-07-22T16:09:13,28,12,0,40
2024-07-22T16:24:56,28,12,0,40
2024-07-22T16:40:40,28,12,0,40
2024-07-22T16:56:32,28,12,0,40
2024-07-22T17:12:17,28,12,0,40
2024-07-22T17:28:00,28,12,0,40
2024-07-22T17:43:43,28,12,0,40
2024-07-22T17:59:26,28,12,0,40
2024-07-22T18:15:10,28,12,0,40
2024-07-22T18:30:52,28,12,0,40
2024-07-22T18:46:35,28,12,0,40
2024-07-22T19:02:18,28,12,0,40
2024-07-22T19:18:01,28,12,0,40
2024-07-22T19:33:44,28,12,0,40
2024-07-22T19:49:37,28,12,0,40
2024-07-22T20:05:20,28,12,0,40
2024-07-22T20:21:03,28,12,0,40
2024-07-22T20:36:45,28,12,0,40
2024-07-22T20:52:28,28,12,0,40
2024-07-22T21:08:12,28,12,0,40
2024-07-22T21:23:56,28,12,0,40
2024-07-22T21:39:39,28,12,0,40
2024-07-22T21:55:24,28,12,0,40
2024-07-22T22:11:07,28,12,0,40
2024-07-22T22:26:50,28,12,0,40
2024-07-22T22:42:34,28,12,0,40
2024-07-22T22:58:28,28,12,0,40
2024-07-22T23:14:14,28,12,0,40
2024-07-22T23:29:58,28,12,0,40
2024-07-22T23:45:41,28,12,0,40
2024-07-23T00:01:27,28,12,0,40
2024-07-23T00:17:21,28,12,0,40
2024-07-23T00:33:17,28,12,0,40
2024-07-23T00:49:06,28,12,0,40
2024-07-23T01:04:53,28,12,0,40
2024-07-23T01:20:39,28,12,0,40
2024-07-23T01:36:28,28,12,0,40
2024-07-23T01:52:26,28,12,0,40
2024-07-23T02:08:13,28,12,0,40
2024-07-23T02:24:06,28,12,0,40
2024-07-23T02:39:53,28,12,0,40
2024-07-23T02:55:36,28,12,0,40
2024-07-23T03:11:20,28,12,0,40
2024-07-23T03:27:06,28,12,0,40
2024-07-23T03:42:51,28,12,0,40
2024-07-23T03:58:38,28,12,0,40
2024-07-23T04:26:09,28,12,0,40
2024-07-23T04:41:59,28,12,0,40
2024-07-23T04:57:46,28,12,0,40
2024-07-23T05:13:35,28,12,0,40
2024-07-23T05:29:23,28,12,0,40
2024-07-23T05:45:10,28,12,0,40
2024-07-23T06:01:24,28,12,0,40
2024-07-23T06:17:11,28,12,0,40
2024-07-23T06:32:57,28,12,0,40
2024-07-23T06:48:43,28,12,0,40
2024-07-23T07:04:32,28,12,0,40
2024-07-23T07:20:20,28,12,0,40
2024-07-23T07:36:05,28,12,0,40
2024-07-23T07:51:51,28,12,0,40
2024-07-23T08:07:37,28,12,0,40
2024-07-23T08:23:23,28,12,0,40
2024-07-23T08:39:09,28,12,0,40
2024-07-23T08:54:55,28,12,0,40
2024-07-23T09:10:40,28,12,0,40
2024-07-23T09:26:38,28,12,0,40
2024-07-23T09:42:23,28,12,0,40
2024-07-23T09:58:09,28,12,0,40
2024-07-23T10:15:06,28,12,0,40
2024-07-23T10:30:52,28,12,0,40
2024-07-23T10:46:36,28,12,0,40
2024-07-23T11:02:19,28,12,0,40
2024-07-23T11:18:03,28,12,0,40
2024-07-23T11:33:45,28,12,0,40
2024-07-23T11:49:29,28,12,0,40
2024-07-23T12:05:22,28,12,0,40
2024-07-23T12:21:06,28,12,0,40
2024-07-23T12:36:50,28,12,0,40
2024-07-23T12:52:33,28,12,0,40
2024-07-23T13:08:17,28,12,0,40
2024-07-23T13:24:01,28,12,0,40
2024-07-23T13:39:46,28,12,0,40
2024-07-23T13:55:28,28,12,0,40
2024-07-23T14:11:21,28,12,0,40
2024-07-23T14:27:04,28,12,0,40
2024-07-23T14:42:48,28,12,0,40
2024-07-23T14:58:32,28,12,0,40
2024-07-23T15:14:15,28,12,0,40
2024-07-23T15:29:59,28,12,0,40
2024-07-23T15:45:42,28,12,0,40
2024-07-23T16:01:26,28,12,0,40
2024-07-23T16:17:09,28,12,0,40
2024-07-23T16:32:52,28,12,0,40
2024-07-23T16:48:44,28,12,0,40
2024-07-23T17:04:27,28,12,0,40
2024-07-23T17:20:12,28,12,0,40
2024-07-23T17:35:55,28,12,0,40
2024-07-23T17:51:38,28,12,0,40
2024-07-23T18:07:22,28,12,0,40
2024-07-23T18:23:05,28,12,0,40
2024-07-23T18:38:48,28,12,0,40
2024-07-23T18:54:30,28,12,0,40
2024-07-23T19:10:13,28,12,0,40
2024-07-23T19:25:56,28,12,0,40
2024-07-23T19:41:49,28,12,0,40
2024-07-23T19:57:32,28,12,0,40
2024-07-23T20:13:14,28,12,0,40
2024-07-23T20:28:58,28,12,0,40
2024-07-23T20:44:40,28,12,0,40
2024-07-23T21:00:23,28,12,0,40
2024-07-23T21:16:08,28,12,0,40
2024-07-23T21:31:52,28,12,0,40
2024-07-23T21:47:36,28,12,0,40
2024-07-23T22:03:18,28,12,0,40
2024-07-23T22:19:01,28,12,0,40
2024-07-23T22:34:43,28,12,0,40
2024-07-23T22:50:36,28,12,0,40
2024-07-23T23:06:19,28,12,0,40
2024-07-23T23:22:03,28,12,0,40
2024-07-23T23:37:47,28,12,0,40
2024-07-23T23:53:30,28,12,0,40
2024-07-24T00:09:17,28,12,0,40
2024-07-24T00:25:04,28,12,0,40
2024-07-24T00:40:50,28,12,0,40
2024-07-24T00:56:40,28,12,0,40
2024-07-24T01:12:27,28,12,0,40
2024-07-24T01:28:14,28,12,0,40
2024-07-24T01:44:10,28,12,0,40
2024-07-24T01:59:58,28,12,0,40
2024-07-24T02:15:54,28,12,0,40
2024-07-24T02:31:48,28,12,0,40
2024-07-24T02:47:35,28,12,0,40
2024-07-24T03:03:19,28,12,0,40
2024-07-24T03:19:04,28,12,0,40
2024-07-24T03:34:51,28,12,0,40
2024-07-24T03:50:38,28,12,0,40
2024-07-24T04:21:43,28,12,0,40
2024-07-24T04:37:58,28,12,0,40
2024-07-24T04:53:48,28,12,0,40
2024-07-24T05:09:36,28,12,0,40
2024-07-24T05:25:24,28,12,0,40
2024-07-24T05:41:11,28,12,0,40
2024-07-24T05:56:59,28,12,0,40
2024-07-24T06:12:46,28,12,0,40
2024-07-24T06:28:32,28,12,0,40
2024-07-24T06:44:19,28,12,0,40
2024-07-24T07:00:05,28,12,0,40
2024-07-24T07:15:53,28,12,0,40
2024-07-24T07:31:39,28,12,0,40
2024-07-24T07:47:23,28,12,0,40
2024-07-24T08:03:09,28,12,0,40
2024-07-24T08:19:00,28,12,0,40
2024-07-24T08:34:46,28,12,0,40
2024-07-24T08:50:33,28,12,0,40
2024-07-24T09:06:28,28,12,0,40
2024-07-24T09:22:13,28,12,0,40
2024-07-24T09:37:56,28,12,0,40
2024-07-24T09:53:39,28,12,0,40
2024-07-24T10:09:22,28,12,0,40
2024-07-24T10:25:04,28,12,0,40
2024-07-24T10:40:48,28,12,0,40
2024-07-24T10:56:32,28,12,0,40
2024-07-24T11:12:15,28,12,0,40
2024-07-24T11:27:58,28,12,0,40
2024-07-24T11:43:50,28,12,0,40
2024-07-24T11:59:33,28,12,0,40
2024-07-24T12:15:15,28,12,0,40
2024-07-24T12:30:58,28,12,0,40
2024-07-24T12:46:40,28,12,0,40
2024-07-24T13:02:21,28,12,0,40
2024-07-24T13:18:04,28,12,0,40
2024-07-24T13:33:46,28,12,0,40
2024-07-24T13:49:39,28,12,0,40
2024-07-24T14:05:22,28,12,0,40
2024-07-24T14:21:04,28,12,0,40
2024-07-24T14:36:47,28,12,0,40
2024-07-24T14:52:30,28,12,0,40
2024-07-24T15:08:13,28,12,0,40
2024-07-24T15:23:58,28,12,0,40
2024-07-24T15:39:41,28,12,0,40
2024-07-24T15:55:34,28,12,0,40
2024-07-24T16:11:18,28,12,0,40
2024-07-24T16:27:00,28,12,0,40
2024-07-24T16:42:43,28,12,0,40
2024-07-24T16:58:26,28,12,0,40
2024-07-24T17:14:10,28,12,0,40
2024-07-24T17:29:52,28,12,0,40
2024-07-24T17:45:34,28,12,0,40
2024-07-24T18:01:16,28,12,0,40
2024-07-24T18:17:01,28,12,0,40
2024-07-24T18:32:44,28,12,0,40
2024-07-24T18:48:37,28,12,0,40
2024-07-24T19:04:20,28,12,0,40
2024-07-24T19:20:01,28,12,0,40
2024-07-24T19:35:44,28,12,0,40
2024-07-24T19:51:27,28,12,0,40
2024-07-24T20:07:09,28,12,0,40
2024-07-24T20:22:51,28,12,0,40
2024-07-24T20:38:34,28,12,0,40
2024-07-24T20:54:27,28,12,0,40
2024-07-24T21:10:09,28,12,0,40
2024-07-24T21:25:53,28,12,0,40
2024-07-24T21:41:37,28,12,0,40
2024-07-24T21:57:20,28,12,0,40
2024-07-24T22:13:03,28,12,0,40
2024-07-24T22:28:45,28,12,0,40
2024-07-24T22:44:27,28,12,0,40
2024-07-24T23:00:09,28,12,0,40
2024-07-24T23:15:52,28,12,0,40
2024-07-24T23:31:35,28,12,0,40
2024-07-24T23:47:27,28,12,0,40
2024-07-25T00:03:12,28,12,0,40
2024-07-25T00:19:00,28,12,0,40
2024-07-25T00:34:48,28,12,0,40
2024-07-25T00:50:38,28,12,0,40
2024-07-25T01:06:28,28,12,0,40
2024-07-25T01:22:15,28,12,0,40
2024-07-25T01:38:01,28,12,0,40
2024-07-25T01:53:47,28,12,0,40
2024-07-25T02:09:32,28,12,0,40
2024-07-25T02:25:16,28,12,0,40
2024-07-25T02:41:01,28,12,0,40
2024-07-25T02:56:45,28,12,0,40
2024-07-25T03:12:31,28,12,0,40
2024-07-25T03:28:23,28,12,0,40
2024-07-25T03:44:07,28,12,0,40
2024-07-25T03:59:53,28,12,0,40
2024-07-25T04:31:23,28,12,0,40
2024-07-25T04:47:11,28,12,0,40
2024-07-25T05:03:00,28,12,0,40
2024-07-25T05:18:53,28,12,0,40
2024-07-25T05:34:40,28,12,0,40
2024-07-25T05:50:28,28,12,0,40
2024-07-25T06:06:13,28,12,0,40
2024-07-25T06:21:59,28,12,0,40
2024-07-25T06:37:45,28,12,0,40
2024-07-25T06:53:30,28,12,0,40
2024-07-25T07:09:16,28,12,0,40
2024-07-25T07:24:59,28,12,0,40
2024-07-25T07:40:43,28,12,0,40
2024-07-25T07:56:28,28,12,0,40
2024-07-25T08:12:12,28,12,0,40
2024-07-25T08:27:56,28,12,0,40
2024-07-25T08:43:41,28,12,0,40
2024-07-25T08:59:40,28,12,0,40
2024-07-25T09:15:25,28,12,0,40
2024-07-25T09:31:11,28,12,0,40
2024-07-25T09:46:57,28,12,0,40
2024-07-25T10:02:42,28,12,0,40
2024-07-25T10:18:26,28,12,0,40
2024-07-25T10:34:09,28,12,0,40
2024-07-25T10:49:53,28,12,0,40
2024-07-25T11:05:39,28,12,0,40
2024-07-25T11:21:23,28,12,0,40
2024-07-25T11:37:07,28,12,0,40
2024-07-25T11:53:00,28,12,0,40
2024-07-25T12:08:43,28,12,0,40
2024-07-25T12:24:26,28,12,0,40
2024-07-25T12:40:10,28,12,0,40
2024-07-25T12:55:55,28,12,0,40
2024-07-25T13:11:38,28,12,0,40
2024-07-25T13:27:22,28,12,0,40
2024-07-25T13:43:16,28,12,0,40
2024-07-25T13:59:00,28,12,0,40
2024-07-25T14:14:43,28,12,0,40
2024-07-25T14:30:26,28,12,0,40
2024-07-25T14:46:11,28,12,0,40
2024-07-25T15:01:55,28,12,0,40
2024-07-25T15:17:38,28,12,0,40
2024-07-25T15:33:20,28,12,0,40
2024-07-25T15:49:20,28,12,0,40
2024-07-25T16:05:04,28,12,0,40
2024-07-25T16:20:47,28,12,0,40
2024-07-25T16:36:30,28,12,0,40
2024-07-25T16:52:13,28,12,0,40
2024-07-25T17:07:59,28,12,0,40
2024-07-25T17:23:44,28,12,0,40
2024-07-25T17:39:27,28,12,0,40
2024-07-25T17:55:21,28,12,0,40
2024-07-25T18:11:05,28,12,0,40
2024-07-25T18:26:47,28,12,0,40
2024-07-25T18:42:30,28,12,0,40
2024-07-25T18:58:13,28,12,0,40
2024-07-25T19:13:57,28,12,0,40
2024-07-25T19:29:39,28,12,0,40
2024-07-25T19:45:22,28,12,0,40
2024-07-25T20:01:05,28,12,0,40
2024-07-25T20:16:47,28,12,0,40
2024-07-25T20:32:30,28,12,0,40
2024-07-25T20:48:13,28,12,0,40
2024-07-25T21:04:15,28,12,0,40
2024-07-25T21:19:59,28,12,0,40
2024-07-25T21:35:44,28,12,0,40
2024-07-25T21:51:30,28,12,0,40
2024-07-25T22:07:12,28,12,0,40
2024-07-25T22:22:56,28,12,0,40
2024-07-25T22:38:38,28,12,0,40
2024-07-25T22:54:22,28,12,0,40
2024-07-25T23:10:05,28,12,0,40
2024-07-25T23:25:49,28,12,0,40
2024-07-25T23:41:33,28,12,0,40
2024-07-25T23:57:16,28,12,0,40
2024-07-26T00:13:02,28,12,0,40
2024-07-26T00:29:01,28,12,0,40
2024-07-26T00:44:50,28,12,0,40
2024-07-26T01:00:40,28,12,0,40
2024-07-26T01:16:30,28,12,0,40
2024-07-26T01:32:18,28,12,0,40
2024-07-26T01:48:05,28,12,0,40
2024-07-26T02:03:52,28,12,0,40
2024-07-26T02:19:37,28,12,0,40
2024-07-26T02:35:25,28,12,0,40
2024-07-26T02:51:10,28,12,0,40
2024-07-26T03:06:54,28,12,0,40
2024-07-26T03:22:38,28,12,0,40
2024-07-26T03:38:24,28,12,0,40
2024-07-26T03:54:09,28,12,0,40
2024-07-26T04:22:07,28,12,0,40
2024-07-26T04:37:55,28,12,0,40
2024-07-26T04:53:45,28,12,0,40
2024-07-26T05:09:31,28,12,0,40
2024-07-26T05:25:17,28,12,0,40
2024-07-26T05:41:06,28,12,0,40
2024-07-26T05:57:03,28,12,0,40
2024-07-26T06:12:49,28,12,0,40
2024-07-26T06:28:34,28,12,0,40
2024-07-26T06:44:21,28,12,0,40
2024-07-26T07:00:08,28,12,0,40
2024-07-26T07:15:57,28,12,0,40
2024-07-26T07:31:45,28,12,0,40
2024-07-26T07:47:29,28,12,0,40
2024-07-26T08:03:14,28,12,0,40
2024-07-26T08:19:04,28,12,0,40
2024-07-26T08:34:50,28,12,0,40
2024-07-26T08:50:39,28,12,0,40
2024-07-26T09:06:24,28,12,0,40
2024-07-26T09:22:09,28,12,0,40
2024-07-26T09:38:02,28,12,0,40
2024-07-26T09:53:47,28,12,0,40
2024-07-26T10:09:33,28,12,0,40
2024-07-26T10:25:19,28,12,0,40
2024-07-26T10:41:03,28,12,0,40
2024-07-26T10:56:46,28,12,0,40
2024-07-26T11:12:29,28,12,0,40
2024-07-26T11:28:12,28,12,0,40
2024-07-26T11:43:55,28,12,0,40
2024-07-26T11:59:38,28,12,0,40
2024-07-26T12:15:31,28,12,0,40
2024-07-26T12:31:15,28,12,0,40
2024-07-26T12:47:00,28,12,0,40
2024-07-26T13:02:44,28,12,0,40
2024-07-26T13:18:28,28,12,0,40
2024-07-26T13:34:12,28,12,0,40
2024-07-26T13:49:56,28,12,0,40
2024-07-26T14:05:40,28,12,0,40
2024-07-26T14:21:25,28,12,0,40
2024-07-26T14:37:18,28,12,0,40
2024-07-26T14:53:02,28,12,0,40
2024-07-26T15:08:46,28,12,0,40
2024-07-26T15:24:29,28,12,0,40
2024-07-26T15:40:14,28,12,0,40
2024-07-26T15:55:58,28,12,0,40
2024-07-26T16:11:42,28,12,0,40
2024-07-26T16:27:26,28,12,0,40
2024-07-26T16:43:09,28,12,0,40
2024-07-26T16:58:53,28,12,0,40
2024-07-26T17:14:47,28,12,0,40
2024-07-26T17:30:33,28,12,0,40
2024-07-26T17:46:16,28,12,0,40
2024-07-26T18:02:01,28,12,0,40
2024-07-26T18:17:45,28,12,0,40
2024-07-26T18:33:29,28,12,0,40
2024-07-26T18:49:14,28,12,0,40
2024-07-26T19:04:58,28,12,0,40
2024-07-26T19:20:51,28,12,0,40
2024-07-26T19:36:35,28,12,0,40
2024-07-26T19:52:20,28,12,0,40
2024-07-26T20:08:03,28,12,0,40
2024-07-26T20:23:47,28,12,0,40
2024-07-26T20:39:31,28,12,0,40
2024-07-26T20:55:14,28,12,0,40
2024-07-26T21:10:57,28,12,0,40
2024-07-26T21:26:42,28,12,0,40
2024-07-26T21:42:25,28,12,0,40
2024-07-26T21:58:09,28,12,0,40
2024-07-26T22:14:03,28,12,0,40
2024-07-26T22:29:46,28,12,0,40
2024-07-26T22:45:30,28,12,0,40
2024-07-26T23:01:13,28,12,0,40
2024-07-26T23:16:59,28,12,0,40
2024-07-26T23:32:43,28,12,0,40
2024-07-26T23:48:27,28,12,0,40
2024-07-27T00:04:11,28,12,0,40
2024-07-27T00:20:03,28,12,0,40
2024-07-27T00:35:52,28,12,0,40
2024-07-27T00:51:42,28,12,0,40
2024-07-27T01:07:31,28,12,0,40
2024-07-27T01:23:20,28,12,0,40
2024-07-27T01:39:08,28,12,0,40
2024-07-27T01:54:55,28,12,0,40
2024-07-27T02:10:49,28,12,0,40
2024-07-27T02:26:37,28,12,0,40
2024-07-27T02:42:25,28,12,0,40
2024-07-27T02:58:11,28,12,0,40
2024-07-27T03:13:56,28,12,0,40
2024-07-27T03:29:42,28,12,0,40
2024-07-27T03:45:27,28,12,0,40
2024-07-27T04:01:13,28,12,0,40
2024-07-27T04:17:02,28,12,0,40
2024-07-27T04:33:46,28,12,0,40
2024-07-27T04:49:35,28,12,0,40
2024-07-27T05:05:22,28,12,0,40
2024-07-27T05:21:06,28,12,0,40
2024-07-27T05:36:49,28,12,0,40
2024-07-27T05:52:35,28,12,0,40
2024-07-27T06:08:25,28,12,0,40
2024-07-27T06:24:36,28,12,0,40
2024-07-27T06:40:23,28,12,0,40
2024-07-27T06:56:09,28,12,0,40
2024-07-27T07:11:58,28,12,0,40
2024-07-27T07:27:46,28,12,0,40
2024-07-27T07:43:31,28,12,0,40
2024-07-27T07:59:16,28,12,0,40
2024-07-27T08:15:02,28,12,0,40
2024-07-27T08:30:50,28,12,0,40
2024-07-27T08:46:36,28,12,0,40
2024-07-27T09:02:23,28,12,0,40
2024-07-27T09:18:11,28,12,0,40
2024-07-27T09:33:57,28,12,0,40
2024-07-27T09:49:51,28,12,0,40
2024-07-27T10:05:37,28,12,0,40
2024-07-27T10:21:23,28,12,0,40
2024-07-27T10:37:10,28,12,0,40
2024-07-27T10:52:55,28,12,0,40
2024-07-27T11:08:43,28,12,0,40
2024-07-27T11:24:28,28,12,0,40
2024-07-27T11:40:13,28,12,0,40
2024-07-27T11:55:57,28,12,0,40
2024-07-27T12:11:43,28,12,0,40
2024-07-27T12:27:28,28,12,0,40
2024-07-27T12:43:11,28,12,0,40
2024-07-27T12:58:58,28,12,0,40
2024-07-27T13:14:52,28,12,0,40
2024-07-27T13:30:37,28,12,0,40
2024-07-27T13:46:23,28,12,0,40
2024-07-27T14:02:06,28,12,0,40
2024-07-27T14:17:49,28,12,0,40
2024-07-27T14:33:33,28,12,0,40
2024-07-27T14:49:16,28,12,0,40
2024-07-27T15:04:58,28,12,0,40
2024-07-27T15:20:42,28,12,0,40
2024-07-27T15:36:25,28,12,0,40
2024-07-27T15:52:08,28,12,0,40
2024-07-27T16:07:52,28,12,0,40
2024-07-27T16:23:35,28,12,0,40
2024-07-27T16:39:19,28,12,0,40
2024-07-27T16:55:03,28,12,0,40
2024-07-27T17:10:56,28,12,0,40
2024-07-27T17:26:38,28,12,0,40
2024-07-27T17:42:22,28,12,0,40
2024-07-27T17:58:06,28,12,0,40
2024-07-27T18:13:49,28,12,0,40
2024-07-27T18:29:33,28,12,0,40
2024-07-27T18:45:17,28,12,0,40
2024-07-27T19:01:00,28,12,0,40
2024-07-27T19:16:45,28,12,0,40
2024-07-27T19:32:28,28,12,0,40
2024-07-27T19:48:12,28,12,0,40
2024-07-27T20:03:55,28,12,0,40
2024-07-27T20:19:38,28,12,0,40
2024-07-27T20:35:21,28,12,0,40
2024-07-27T20:51:05,28,12,0,40
2024-07-27T21:06:48,28,12,0,40
2024-07-27T21:22:34,28,12,0,40
2024-07-27T21:38:17,28,12,0,40
2024-07-27T21:54:01,28,12,0,40
2024-07-27T22:09:52,28,12,0,40
2024-07-27T22:25:36,28,12,0,40
2024-07-27T22:41:21,28,12,0,40
2024-07-27T22:57:03,28,12,0,40
2024-07-27T23:12:47,28,12,0,40
2024-07-27T23:28:32,28,12,0,40
2024-07-27T23:44:16,28,12,0,40
2024-07-28T00:00:00,28,12,0,40
2024-07-28T00:15:52,28,12,0,40
2024-07-28T00:31:44,28,12,0,40
2024-07-28T00:47:32,28,12,0,40
2024-07-28T01:03:21,28,12,0,40
2024-07-28T01:19:06,28,12,0,40
2024-07-28T01:34:53,28,12,0,40
2024-07-28T01:50:40,28,12,0,40
2024-07-28T02:06:38,28,12,0,40
2024-07-28T02:22:44,28,12,0,40
2024-07-28T02:38:37,28,12,0,40
2024-07-28T02:54:24,28,12,0,40
2024-07-28T03:10:12,28,12,0,40
2024-07-28T03:25:59,28,12,0,40
2024-07-28T03:41:45,28,12,0,40
2024-07-28T03:57:32,28,12,0,40
2024-07-28T04:22:02,28,12,0,40
2024-07-28T04:37:56,28,12,0,40
2024-07-28T04:53:44,28,12,0,40
2024-07-28T05:09:30,28,12,0,40
2024-07-28T05:25:16,28,12,0,40
2024-07-28T05:41:03,28,12,0,40
2024-07-28T05:56:50,28,12,0,40
2024-07-28T06:12:37,28,12,0,40
2024-07-28T06:28:25,28,12,0,40
2024-07-28T06:44:12,28,12,0,40
2024-07-28T06:59:56,28,12,0,40
2024-07-28T07:15:41,28,12,0,40
2024-07-28T07:31:24,28,12,0,40
2024-07-28T07:47:11,28,12,0,40
2024-07-28T08:02:55,28,12,0,40
2024-07-28T08:18:39,28,12,0,40
2024-07-28T08:34:29,28,12,0,40
2024-07-28T08:50:16,28,12,0,40
2024-07-28T09:06:02,28,12,0,40
2024-07-28T09:21:46,28,12,0,40
2024-07-28T09:37:33,28,12,0,40
2024-07-28T09:53:18,28,12,0,40
2024-07-28T10:09:02,28,12,0,40
2024-07-28T10:24:47,28,12,0,40
2024-07-28T10:40:32,28,12,0,40
2024-07-28T10:56:15,28,12,0,40
2024-07-28T11:11:57,28,12,0,40
2024-07-28T11:27:41,28,12,0,40
2024-07-28T11:43:33,28,12,0,40
2024-07-28T11:59:17,28,12,0,40
2024-07-28T12:15:01,28,12,0,40
2024-07-28T12:30:45,28,12,0,40
2024-07-28T12:46:28,28,12,0,40
2024-07-28T13:02:12,28,12,0,40
2024-07-28T13:17:58,28,12,0,40
2024-07-28T13:33:42,28,12,0,40
2024-07-28T13:49:26,28,12,0,40
2024-07-28T14:05:09,28,12,0,40
2024-07-28T14:20:52,28,12,0,40
2024-07-28T14:36:37,28,12,0,40
2024-07-28T14:52:21,28,12,0,40
2024-07-28T15:08:13,28,12,0,40
2024-07-28T15:23:56,28,12,0,40
2024-07-28T15:39:40,28,12,0,40
2024-07-28T15:55:23,28,12,0,40
2024-07-28T16:11:06,28,12,0,40
2024-07-28T16:26:50,28,12,0,40
2024-07-28T16:42:34,28,12,0,40
2024-07-28T16:58:17,28,12,0,40
2024-07-28T17:14:01,28,12,0,40
2024-07-28T17:29:44,28,12,0,40
2024-07-28T17:45:27,28,12,0,40
2024-07-28T18:01:11,28,12,0,40
2024-07-28T18:16:54,28,12,0,40
2024-07-28T18:32:48,28,12,0,40
2024-07-28T18:48:32,28,12,0,40
2024-07-28T19:04:16,28,12,0,40
2024-07-28T19:20:01,28,12,0,40
2024-07-28T19:35:47,28,12,0,40
2024-07-28T19:51:30,28,12,0,40
2024-07-28T20:07:13,28,12,0,40
2024-07-28T20:22:58,28,12,0,40
2024-07-28T20:38:41,28,12,0,40
2024-07-28T20:54:33,28,12,0,40
2024-07-28T21:10:17,28,12,0,40
2024-07-28T21:26:00,28,12,0,40
2024-07-28T21:41:46,28,12,0,40
2024-07-28T21:57:31,28,12,0,40
2024-07-28T22:13:15,28,12,0,40
2024-07-28T22:29:00,28,12,0,40
2024-07-28T22:44:43,28,12,0,40
2024-07-28T23:00:27,28,12,0,40
2024-07-28T23:16:12,28,12,0,40
2024-07-28T23:31:58,28,12,0,40
2024-07-28T23:47:53,28,12,0,40
2024-07-29T00:03:38,28,12,0,40
2024-07-29T00:19:32,28,12,0,40
2024-07-29T00:35:23,28,12,0,40
2024-07-29T00:51:15,28,12,0,40
2024-07-29T01:07:04,28,12,0,40
2024-07-29T01:22:56,28,12,0,40
2024-07-29T01:38:48,28,12,0,40
2024-07-29T01:54:35,28,12,0,40
2024-07-29T02:10:21,28,12,0,40
2024-07-29T02:26:08,28,12,0,40
2024-07-29T02:42:07,28,12,0,40
2024-07-29T02:58:02,28,12,0,40
2024-07-29T03:13:52,28,12,0,40
2024-07-29T03:29:37,28,12,0,40
2024-07-29T03:45:24,28,12,0,40
2024-07-29T04:01:11,28,12,0,40
2024-07-29T16:47:19,28,12,0,40
2024-07-29T17:03:03,28,12,0,40
2024-07-29T17:18:48,28,12,0,40
2024-07-29T17:34:32,28,12,0,40
2024-07-29T17:50:16,28,12,0,40
2024-07-29T18:06:01,28,12,0,40
2024-07-29T18:22:03,28,12,0,40
2024-07-29T18:37:47,28,12,0,40
2024-07-29T18:53:31,28,12,0,40
2024-07-29T19:09:17,28,12,0,40
2024-07-29T19:25:01,28,12,0,40
2024-07-29T19:40:45,28,12,0,40
2024-07-29T19:56:29,28,12,0,40
2024-07-29T20:12:12,28,12,0,40
2024-07-29T20:27:57,28,12,0,40
2024-07-29T20:43:51,28,12,0,40
2024-07-29T20:59:35,28,12,0,40
2024-07-29T21:15:21,28,12,0,40
2024-07-29T21:31:05,28,12,0,40
2024-07-29T21:46:50,28,12,0,40
2024-07-29T22:02:46,28,12,0,40
2024-07-29T22:18:29,28,12,0,40
2024-07-29T22:34:32,28,12,0,40
2024-07-29T22:50:17,28,12,0,40
2024-07-29T23:06:01,28,12,0,40
2024-07-29T23:21:46,28,12,0,40
2024-07-29T23:37:32,28,12,0,40
2024-07-29T23:53:16,28,12,0,40
2024-07-30T00:09:00,28,12,0,40
2024-07-30T00:24:55,28,12,0,40
2024-07-30T00:40:45,28,12,0,40
2024-07-30T00:56:45,28,12,0,40
2024-07-30T01:12:38,28,12,0,40
2024-07-30T01:28:27,28,12,0,40
2024-07-30T01:44:15,28,12,0,40
2024-07-30T02:00:02,28,12,0,40
2024-07-30T02:15:55,28,12,0,40
2024-07-30T02:31:43,28,12,0,40
2024-07-30T02:47:29,28,12,0,40
2024-07-30T03:03:15,28,12,0,40
2024-07-30T03:19:04,28,12,0,40
2024-07-30T03:34:53,28,12,0,40
2024-07-30T03:50:39,28,12,0,40
2024-07-30T04:06:27,28,12,0,40
2024-07-30T04:35:21,28,12,0,40
2024-07-30T04:51:10,28,12,0,40
2024-07-30T05:06:55,28,12,0,40
2024-07-30T05:22:53,28,12,0,40
2024-07-30T05:38:54,28,12,0,40
2024-07-30T05:54:43,28,12,0,40
2024-07-30T06:10:30,28,12,0,40
2024-07-30T06:26:17,28,12,0,40
2024-07-30T06:42:04,28,12,0,40
2024-07-30T06:57:52,28,12,0,40
2024-07-30T07:13:42,28,12,0,40
2024-07-30T07:29:29,28,12,0,40
2024-07-30T07:45:14,28,12,0,40
2024-07-30T08:01:04,28,12,0,40
2024-07-30T08:16:54,28,12,0,40
2024-07-30T08:32:41,28,12,0,40
2024-07-30T08:48:28,28,12,0,40
2024-07-30T09:04:15,28,12,0,40
2024-07-30T09:20:15,28,12,0,40
2024-07-30T09:36:01,28,12,0,40
2024-07-30T09:51:48,28,12,0,40
2024-07-30T10:07:35,28,12,0,40
2024-07-30T10:23:20,28,12,0,40
2024-07-30T10:39:05,28,12,0,40
2024-07-30T10:54:48,28,12,0,40
2024-07-30T11:10:33,28,12,0,40
2024-07-30T11:26:18,28,12,0,40
2024-07-30T11:42:02,28,12,0,40
2024-07-30T11:57:48,28,12,0,40
2024-07-30T12:13:50,28,12,0,40
2024-07-30T12:29:35,28,12,0,40
2024-07-30T12:45:22,28,12,0,40
2024-07-30T13:01:08,28,12,0,40
2024-07-30T13:16:53,28,12,0,40
2024-07-30T13:32:37,28,12,0,40
2024-07-30T13:48:21,28,12,0,40
2024-07-30T14:04:15,28,12,0,40
2024-07-30T14:20:00,28,12,0,40
2024-07-30T14:35:46,28,12,0,40
2024-07-30T14:51:32,28,12,0,40
2024-07-30T15:07:17,28,12,0,40
2024-07-30T15:23:02,28,12,0,40
2024-07-30T15:39:05,28,12,0,40
2024-07-30T15:54:50,28,12,0,40
2024-07-30T16:10:36,28,12,0,40
2024-07-30T16:26:21,28,12,0,40
2024-07-30T16:42:06,28,12,0,40
2024-07-30T16:57:51,28,12,0,40
2024-07-30T17:13:45,28,12,0,40
2024-07-30T17:29:30,28,12,0,40
2024-07-30T17:45:16,28,12,0,40
2024-07-30T18:01:00,28,12,0,40
2024-07-30T18:17:03,28,12,0,40
2024-07-30T18:32:47,28,12,0,40
2024-07-30T18:48:31,28,12,0,40
2024-07-30T19:04:16,28,12,0,40
2024-07-30T19:20:01,28,12,0,40
2024-07-30T19:35:45,28,12,0,40
2024-07-30T19:51:30,28,12,0,40
2024-07-30T20:07:15,28,12,0,40
2024-07-30T20:23:09,28,12,0,40
2024-07-30T20:38:54,28,12,0,40
2024-07-30T20:54:38,28,12,0,40
2024-07-30T21:10:23,28,12,0,40
2024-07-30T21:26:09,28,12,0,40
2024-07-30T21:41:54,28,12,0,40
2024-07-30T21:58:02,28,12,0,40
2024-07-30T22:13:47,28,12,0,40
2024-07-30T22:29:32,28,12,0,40
2024-07-30T22:45:16,28,12,0,40
2024-07-30T23:01:02,28,12,0,40
2024-07-30T23:16:46,28,12,0,40
2024-07-30T23:32:32,28,12,0,40
2024-07-30T23:48:18,28,12,0,40
2024-07-31T00:04:05,28,12,0,40
2024-07-31T00:20:05,28,12,0,40
2024-07-31T00:36:10,28,12,0,40
2024-07-31T00:52:09,28,12,0,40
2024-07-31T01:08:08,28,12,0,40
2024-07-31T01:24:05,28,12,0,40
2024-07-31T01:39:57,28,12,0,40
2024-07-31T01:55:53,28,12,0,40
2024-07-31T02:11:41,28,12,0,40
2024-07-31T02:27:29,28,12,0,40
2024-07-31T02:43:18,28,12,0,40
2024-07-31T02:59:36,28,12,0,40
2024-07-31T03:15:26,28,12,0,40
2024-07-31T03:31:15,28,12,0,40
2024-07-31T03:47:05,28,12,0,40
2024-07-31T04:02:54,28,12,0,40
2024-07-31T04:23:09,28,12,0,40
2024-07-31T04:38:59,28,12,0,40
2024-07-31T04:54:46,28,12,0,40
2024-07-31T05:10:38,28,12,0,40
2024-07-31T05:26:27,28,12,0,40
2024-07-31T05:42:17,28,12,0,40
2024-07-31T05:58:06,28,12,0,40
2024-07-31T06:13:54,28,12,0,40
2024-07-31T06:29:44,28,12,0,40
2024-07-31T06:45:33,28,12,0,40
2024-07-31T07:01:21,28,12,0,40
2024-07-31T07:17:13,28,12,0,40
2024-07-31T07:33:00,28,12,0,40
2024-07-31T07:48:47,28,12,0,40
2024-07-31T08:04:31,28,12,0,40
2024-07-31T08:20:21,28,12,0,40
2024-07-31T08:36:16,28,12,0,40
2024-07-31T08:52:01,28,12,0,40
2024-07-31T09:07:46,28,12,0,40
2024-07-31T09:23:31,28,12,0,40
2024-07-31T09:39:17,28,12,0,40
2024-07-31T09:55:12,28,12,0,40
2024-07-31T10:10:57,28,12,0,40
2024-07-31T10:26:42,28,12,0,40
2024-07-31T10:42:29,28,12,0,40
2024-07-31T10:58:13,28,12,0,40
2024-07-31T11:14:00,28,12,0,40
2024-07-31T11:29:56,28,12,0,40
2024-07-31T11:45:41,28,12,0,40
2024-07-31T12:01:26,28,12,0,40
2024-07-31T12:17:23,28,12,0,40
2024-07-31T12:33:18,28,12,0,40
2024-07-31T12:49:03,28,12,0,40
2024-07-31T13:04:49,28,12,0,40
2024-07-31T13:20:35,28,12,0,40
2024-07-31T13:36:31,28,12,0,40
2024-07-31T13:52:17,28,12,0,40
2024-07-31T14:08:05,28,12,0,40
2024-07-31T14:23:54,28,12,0,40
2024-08-01T04:27:32,28,12,0,40
2024-08-01T04:43:23,28,12,0,40
2024-08-01T04:59:11,28,12,0,40
2024-08-01T05:14:57,28,12,0,40
2024-08-01T05:30:52,28,12,0,40
2024-08-01T05:46:50,28,12,0,40
2024-08-01T06:02:38,28,12,0,40
2024-08-01T06:18:26,28,12,0,40
2024-08-01T06:34:14,28,12,0,40
2024-08-01T06:50:03,28,12,0,40
2024-08-01T07:05:53,28,12,0,40
2024-08-01T07:21:43,28,12,0,40
2024-08-01T07:37:30,28,12,0,40
2024-08-01T07:53:19,28,12,0,40
2024-08-01T08:09:06,28,12,0,40
2024-08-01T08:24:53,28,12,0,40
2024-08-01T08:40:40,28,12,0,40
2024-08-01T08:56:36,28,12,0,40
2024-08-01T09:12:24,28,12,0,40
2024-08-01T09:28:11,28,12,0,40
2024-08-01T09:44:00,28,12,0,40
2024-08-01T09:59:47,28,12,0,40
2024-08-01T10:15:36,28,12,0,40
2024-08-01T10:31:22,28,12,0,40
2024-08-01T10:47:11,28,12,0,40
2024-08-01T11:02:57,28,12,0,40
2024-08-01T11:18:53,28,12,0,40
2024-08-01T11:34:39,28,12,0,40
2024-08-01T11:50:25,28,12,0,40
2024-08-01T12:06:11,28,12,0,40
2024-08-01T12:21:57,28,12,0,40
2024-08-01T12:37:42,28,12,0,40
2024-08-01T12:53:38,28,12,0,40
2024-08-01T13:09:23,28,12,0,40
2024-08-01T13:25:09,28,12,0,40
2024-08-01T13:40:56,28,12,0,40
2024-08-01T13:56:43,28,12,0,40
2024-08-01T14:12:30,28,12,0,40
2024-08-01T14:28:15,28,12,0,40
2024-08-01T14:44:11,28,12,0,40
2024-08-01T14:59:57,28,12,0,40
2024-08-01T15:15:43,28,12,0,40
2024-08-01T15:31:31,28,12,0,40
2024-08-01T15:47:17,28,12,0,40
2024-08-01T16:03:03,28,12,0,40
2024-08-01T16:18:50,28,12,0,40
2024-08-01T16:34:47,28,12,0,40
2024-08-01T16:50:33,28,12,0,40
2024-08-01T17:06:20,28,12,0,40
2024-08-01T17:22:07,28,12,0,40
2024-08-01T17:37:53,28,12,0,40
2024-08-01T17:53:41,28,12,0,40
2024-08-01T18:09:39,28,12,0,40
2024-08-01T18:25:26,28,12,0,40
2024-08-01T18:41:12,28,12,0,40
2024-08-01T18:56:58,28,12,0,40
2024-08-01T19:12:46,28,12,0,40
2024-08-01T19:28:31,28,12,0,40
2024-08-01T19:44:17,28,12,0,40
2024-08-01T20:00:03,28,12,0,40
2024-08-01T20:15:49,28,12,0,40
2024-08-01T20:31:46,28,12,0,40
2024-08-01T20:47:32,28,12,0,40
2024-08-01T21:03:19,28,12,0,40
2024-08-01T21:19:06,28,12,0,40
2024-08-01T21:34:52,28,12,0,40
2024-08-01T21:50:40,28,12,0,40
2024-08-01T22:06:30,28,12,0,40
2024-08-01T22:22:17,28,12,0,40
2024-08-01T22:38:04,28,12,0,40
2024-08-01T22:53:52,28,12,0,40
2024-08-01T23:09:49,28,12,0,40
2024-08-01T23:25:36,28,12,0,40
2024-08-01T23:41:23,28,12,0,40
2024-08-01T23:57:10,28,12,0,40
2024-08-02T00:13:01,28,12,0,40
2024-08-02T00:28:56,28,12,0,40
2024-08-02T00:44:47,28,12,0,40
2024-08-02T01:00:40,28,12,0,40
2024-08-02T01:16:33,28,12,0,40
2024-08-02T01:32:25,28,12,0,40
2024-08-02T01:48:16,28,12,0,40
2024-08-02T02:04:06,28,12,0,40
2024-08-02T02:20:04,28,12,0,40
2024-08-02T02:35:54,28,12,0,40
2024-08-02T02:51:44,28,12,0,40
2024-08-02T03:07:33,28,12,0,40
2024-08-02T03:23:35,28,12,0,40
2024-08-02T03:39:28,28,12,0,40
2024-08-02T03:55:54,28,12,0,40
2024-08-02T04:11:46,28,12,0,40
2024-08-02T04:28:26,28,12,0,40
2024-08-02T04:44:18,28,12,0,40
2024-08-02T05:00:10,28,12,0,40
2024-08-02T05:16:01,28,12,0,40
2024-08-02T05:31:51,28,12,0,40
2024-08-02T05:47:40,28,12,0,40
2024-08-02T06:03:29,28,12,0,40
2024-08-02T06:19:19,28,12,0,40
2024-08-02T06:35:09,28,12,0,40
2024-08-02T06:50:59,28,12,0,40
2024-08-02T07:06:49,28,12,0,40
2024-08-02T07:22:39,28,12,0,40
2024-08-02T07:38:30,28,12,0,40
2024-08-02T07:54:17,28,12,0,40
2024-08-02T08:10:07,28,12,0,40
2024-08-02T08:25:56,28,12,0,40
2024-08-02T08:41:44,28,12,0,40
2024-08-02T08:57:46,28,12,0,40
2024-08-02T09:13:33,28,12,0,40
2024-08-02T09:29:21,28,12,0,40
2024-08-02T09:45:07,28,12,0,40
2024-08-02T10:00:54,28,12,0,40
2024-08-02T10:16:41,28,12,0,40
2024-08-02T10:32:29,28,12,0,40
2024-08-02T10:48:15,28,12,0,40
2024-08-02T11:04:11,28,12,0,40
2024-08-02T11:19:58,28,12,0,40
2024-08-02T11:35:44,28,12,0,40
2024-08-02T11:51:30,28,12,0,40
2024-08-02T12:07:18,28,12,0,40
2024-08-02T12:23:04,28,12,0,40
2024-08-02T12:38:50,28,12,0,40
2024-08-02T12:54:55,28,12,0,40
2024-08-02T13:10:41,28,12,0,40
2024-08-02T13:26:27,28,12,0,40
2024-08-02T13:42:15,28,12,0,40
2024-08-02T13:58:01,28,12,0,40
2024-08-02T14:13:48,28,12,0,40
2024-08-02T14:29:35,28,12,0,40
2024-08-02T14:45:24,28,12,0,40
2024-08-02T15:01:22,28,12,0,40
2024-08-02T15:17:10,28,12,0,40
2024-08-02T15:32:58,28,12,0,40
2024-08-02T15:48:44,28,12,0,40
2024-08-02T16:04:32,28,12,0,40
2024-08-02T16:20:34,28,12,0,40
2024-08-02T16:36:21,28,12,0,40
2024-08-02T16:52:10,28,12,0,40
2024-08-02T17:07:57,28,12,0,40
2024-08-02T17:23:44,28,12,0,40
2024-08-02T17:39:32,28,12,0,40
2024-08-02T17:55:19,28,12,0,40
2024-08-02T18:11:06,28,12,0,40
2024-08-02T18:27:14,28,12,0,40
2024-08-02T18:43:00,28,12,0,40
2024-08-02T18:58:47,28,12,0,40
2024-08-02T19:14:35,28,12,0,40
2024-08-02T19:30:23,28,12,0,40
2024-08-02T19:46:10,28,12,0,40
2024-08-02T20:01:59,28,12,0,40
2024-08-02T20:17:46,28,12,0,40
2024-08-02T20:33:33,28,12,0,40
2024-08-02T20:49:36,28,12,0,40
2024-08-02T21:05:24,28,12,0,40
2024-08-02T21:21:13,28,12,0,40
2024-08-02T21:37:01,28,12,0,40
2024-08-02T21:52:57,28,12,0,40
2024-08-02T22:08:45,28,12,0,40
2024-08-02T22:24:31,28,12,0,40
2024-08-02T22:40:19,28,12,0,40
2024-08-02T22:56:06,28,12,0,40
2024-08-02T23:12:07,28,12,0,40
2024-08-02T23:27:59,28,12,0,40
2024-08-02T23:43:46,28,12,0,40
2024-08-02T23:59:37,28,12,0,40
2024-08-03T00:15:29,28,12,0,40
2024-08-03T00:31:27,28,12,0,40
2024-08-03T00:47:21,28,12,0,40
2024-08-03T01:03:15,28,12,0,40
2024-08-03T01:19:09,28,12,0,40
2024-08-03T01:35:02,28,12,0,40
2024-08-03T01:50:55,28,12,0,40
2024-08-03T02:07:03,28,12,0,40
2024-08-03T02:23:03,28,12,0,40
2024-08-03T02:38:55,28,12,0,40
2024-08-03T02:54:44,28,12,0,40
2024-08-03T03:10:35,28,12,0,40
2024-08-03T03:26:26,28,12,0,40
2024-08-03T03:42:16,28,12,0,40
2024-08-03T03:58:11,28,12,0,40
2024-08-03T04:24:56,28,12,0,40
2024-08-03T04:40:49,28,12,0,40
2024-08-03T04:56:38,28,12,0,40
2024-08-03T05:12:25,28,12,0,40
2024-08-03T05:28:12,28,12,0,40
2024-08-03T05:44:01,28,12,0,40
2024-08-03T06:00:09,28,12,0,40
2024-08-03T06:15:59,28,12,0,40
2024-08-03T06:31:48,28,12,0,40
2024-08-03T06:47:38,28,12,0,40
2024-08-03T07:03:29,28,12,0,40
2024-08-03T07:19:20,28,12,0,40
2024-08-03T07:35:09,28,12,0,40
2024-08-03T07:50:58,28,12,0,40
2024-08-03T08:06:56,28,12,0,40
2024-08-03T08:22:45,28,12,0,40
2024-08-03T08:38:36,28,12,0,40
2024-08-03T08:54:25,28,12,0,40
2024-08-03T09:10:16,28,12,0,40
2024-08-03T09:26:10,28,12,0,40
2024-08-03T09:42:00,28,12,0,40
2024-08-03T09:57:49,28,12,0,40
2024-08-03T10:13:39,28,12,0,40
2024-08-03T10:29:36,28,12,0,40
2024-08-03T10:45:26,28,12,0,40
2024-08-03T11:01:15,28,12,0,40
2024-08-03T11:17:04,28,12,0,40
2024-08-03T11:32:53,28,12,0,40
2024-08-03T11:48:41,28,12,0,40
2024-08-03T12:04:31,28,12,0,40
2024-08-03T12:20:19,28,12,0,40
2024-08-03T12:36:07,28,12,0,40
2024-08-03T12:51:55,28,12,0,40
2024-08-03T13:07:54,28,12,0,40
2024-08-03T13:23:44,28,12,0,40
2024-08-03T13:39:32,28,12,0,40
2024-08-03T13:55:21,28,12,0,40
2024-08-03T14:11:10,28,12,0,40
2024-08-03T14:26:59,28,12,0,40
2024-08-03T14:42:48,28,12,0,40
2024-08-03T14:58:36,28,12,0,40
2024-08-03T15:14:25,28,12,0,40
2024-08-03T15:30:23,28,12,0,40
2024-08-03T15:46:11,28,12,0,40
2024-08-03T16:01:57,28,12,0,40
2024-08-03T16:17:43,28,12,0,40
2024-08-03T16:33:30,28,12,0,40
2024-08-03T16:49:17,28,12,0,40
2024-08-03T17:05:04,28,12,0,40
2024-08-03T17:20:53,28,12,0,40
2024-08-03T17:36:40,28,12,0,40
2024-08-03T17:52:35,28,12,0,40
2024-08-03T18:08:22,28,12,0,40
2024-08-03T18:24:08,28,12,0,40
2024-08-03T18:39:55,28,12,0,40
2024-08-03T18:55:42,28,12,0,40
2024-08-03T19:11:29,28,12,0,40
2024-08-03T19:27:16,28,12,0,40
2024-08-03T19:43:02,28,12,0,40
2024-08-03T19:58:49,28,12,0,40
2024-08-03T20:14:37,28,12,0,40
2024-08-03T20:30:23,28,12,0,40
2024-08-03T20:46:22,28,12,0,40
2024-08-03T21:02:09,28,12,0,40
2024-08-03T21:17:58,28,12,0,40
2024-08-03T21:33:45,28,12,0,40
2024-08-03T21:49:32,28,12,0,40
2024-08-03T22:05:20,28,12,0,40
2024-08-03T22:21:07,28,12,0,40
2024-08-03T22:36:53,28,12,0,40
2024-08-03T22:52:41,28,12,0,40
2024-08-03T23:08:28,28,12,0,40
2024-08-03T23:24:14,28,12,0,40
2024-08-03T23:40:10,28,12,0,40
2024-08-03T23:55:56,28,12,0,40
2024-08-04T00:11:45,28,12,0,40
2024-08-04T00:27:38,28,12,0,40
2024-08-04T00:43:28,28,12,0,40
2024-08-04T00:59:21,28,12,0,40
2024-08-04T01:15:14,28,12,0,40
2024-08-04T01:31:06,28,12,0,40
2024-08-04T01:46:57,28,12,0,40
2024-08-04T02:02:48,28,12,0,40
2024-08-04T02:19:00,28,12,0,40
2024-08-04T02:34:51,28,12,0,40
2024-08-04T02:50:40,28,12,0,40
2024-08-04T03:06:31,28,12,0,40
2024-08-04T03:22:30,28,12,0,40
2024-08-04T03:38:19,28,12,0,40
2024-08-04T03:54:10,28,12,0,40
2024-08-04T04:25:08,28,12,0,40
2024-08-04T04:41:02,28,12,0,40
2024-08-04T04:56:55,28,12,0,40
2024-08-04T05:12:48,28,12,0,40
2024-08-04T05:28:39,28,12,0,40
2024-08-04T05:44:31,28,12,0,40
2024-08-04T06:00:22,28,12,0,40
2024-08-04T06:16:12,28,12,0,40
2024-08-04T06:32:02,28,12,0,40
2024-08-04T06:47:53,28,12,0,40
2024-08-04T07:03:41,28,12,0,40
2024-08-04T07:19:31,28,12,0,40
2024-08-04T07:35:17,28,12,0,40
2024-08-04T07:51:05,28,12,0,40
2024-08-04T08:06:53,28,12,0,40
2024-08-04T08:22:40,28,12,0,40
2024-08-04T08:38:32,28,12,0,40
2024-08-04T08:54:18,28,12,0,40
2024-08-04T09:10:13,28,12,0,40
2024-08-04T09:26:01,28,12,0,40
2024-08-04T09:41:49,28,12,0,40
2024-08-04T09:57:38,28,12,0,40
2024-08-04T10:13:26,28,12,0,40
2024-08-04T10:29:17,28,12,0,40
2024-08-04T10:45:07,28,12,0,40
2024-08-04T11:00:56,28,12,0,40
2024-08-04T11:16:46,28,12,0,40
2024-08-04T11:32:34,28,12,0,40
2024-08-04T11:48:20,28,12,0,40
2024-08-04T12:04:06,28,12,0,40
2024-08-04T12:20:04,28,12,0,40
2024-08-04T12:35:53,28,12,0,40
2024-08-04T12:51:40,28,12,0,40
2024-08-04T13:07:28,28,12,0,40
2024-08-04T13:23:14,28,12,0,40
2024-08-04T13:39:01,28,12,0,40
2024-08-04T13:54:47,28,12,0,40
2024-08-04T14:10:34,28,12,0,40
2024-08-04T14:26:22,28,12,0,40
2024-08-04T14:42:19,28,12,0,40
2024-08-04T14:58:06,28,12,0,40
2024-08-04T15:13:53,28,12,0,40
2024-08-04T15:29:39,28,12,0,40
2024-08-04T15:45:26,28,12,0,40
2024-08-04T16:01:13,28,12,0,40
2024-08-04T16:17:01,28,12,0,40
2024-08-04T16:32:49,28,12,0,40
2024-08-04T16:48:37,28,12,0,40
2024-08-04T17:04:24,28,12,0,40
2024-08-04T17:20:21,28,12,0,40
2024-08-04T17:36:08,28,12,0,40
2024-08-04T17:51:54,28,12,0,40
2024-08-04T18:07:41,28,12,0,40
2024-08-04T18:23:28,28,12,0,40
2024-08-04T18:39:15,28,12,0,40
2024-08-04T18:55:03,28,12,0,40
2024-08-04T19:10:52,28,12,0,40
2024-08-04T19:26:40,28,12,0,40
2024-08-04T19:42:37,28,12,0,40
2024-08-04T19:58:24,28,12,0,40
2024-08-04T20:14:10,28,12,0,40
2024-08-04T20:29:57,28,12,0,40
2024-08-04T20:45:44,28,12,0,40
2024-08-04T21:01:31,28,12,0,40
2024-08-04T21:17:20,28,12,0,40
2024-08-04T21:33:19,28,12,0,40
2024-08-04T21:49:08,28,12,0,40
2024-08-04T22:04:55,28,12,0,40
2024-08-04T22:20:42,28,12,0,40
2024-08-04T22:36:29,28,12,0,40
2024-08-04T22:52:26,28,12,0,40
2024-08-04T23:08:14,28,12,0,40
2024-08-04T23:24:02,28,12,0,40
2024-08-04T23:39:51,28,12,0,40
2024-08-04T23:55:38,28,12,0,40
2024-08-05T00:11:33,28,12,0,40
2024-08-05T00:27:32,28,12,0,40
2024-08-05T00:43:28,28,12,0,40
2024-08-05T00:59:22,28,12,0,40
2024-08-05T01:15:20,28,12,0,40
2024-08-05T01:31:25,28,12,0,40
2024-08-05T01:47:16,28,12,0,40
2024-08-05T02:03:07,28,12,0,40
2024-08-05T02:19:07,28,12,0,40
2024-08-05T02:35:00,28,12,0,40
2024-08-05T02:50:49,28,12,0,40
2024-08-05T03:06:39,28,12,0,40
2024-08-05T03:22:30,28,12,0,40
2024-08-05T03:38:18,28,12,0,40
2024-08-05T03:54:08,28,12,0,40
2024-08-05T04:10:00,28,12,0,40
2024-08-05T04:27:38,28,12,0,40
2024-08-05T04:43:31,28,12,0,40
2024-08-05T04:59:23,28,12,0,40
2024-08-05T05:15:20,28,12,0,40
2024-08-05T05:31:13,28,12,0,40
2024-08-05T05:47:04,28,12,0,40
2024-08-05T06:02:56,28,12,0,40
2024-08-05T06:18:48,28,12,0,40
2024-08-05T06:34:40,28,12,0,40
2024-08-05T06:50:33,28,12,0,40
2024-08-05T07:06:21,28,12,0,40
2024-08-05T07:22:11,28,12,0,40
2024-08-05T07:37:58,28,12,0,40
2024-08-05T07:53:45,28,12,0,40
2024-08-05T08:09:32,28,12,0,40
2024-08-05T08:25:21,28,12,0,40
2024-08-05T08:41:09,28,12,0,40
2024-08-05T08:57:05,28,12,0,40
2024-08-05T09:12:54,28,12,0,40
2024-08-05T09:28:41,28,12,0,40
2024-08-05T09:44:29,28,12,0,40
2024-08-05T10:00:16,28,12,0,40
2024-08-05T10:16:07,28,12,0,40
2024-08-05T10:32:07,28,12,0,40
2024-08-05T10:47:56,28,12,0,40
2024-08-05T11:03:55,28,12,0,40
2024-08-05T11:19:44,28,12,0,40
2024-08-05T11:35:34,28,12,0,40
2024-08-05T11:51:22,28,12,0,40
2024-08-05T12:07:20,28,12,0,40
2024-08-05T12:23:08,28,12,0,40
2024-08-05T12:38:56,28,12,0,40
2024-08-05T12:54:43,28,12,0,40
2024-08-05T13:10:32,28,12,0,40
2024-08-05T13:26:30,28,12,0,40
2024-08-05T13:42:19,28,12,0,40
2024-08-05T13:58:07,28,12,0,40
2024-08-05T14:13:54,28,12,0,40
2024-08-05T14:29:54,28,12,0,40
2024-08-05T14:45:45,28,12,0,40
2024-08-05T15:01:33,28,12,0,40
2024-08-05T15:17:21,28,12,0,40
2024-08-05T15:33:19,28,12,0,40
2024-08-05T15:49:07,28,12,0,40
2024-08-05T16:04:56,28,12,0,40
2024-08-05T16:20:47,28,12,0,40
2024-08-05T16:36:37,28,12,0,40
2024-08-05T16:52:25,28,12,0,40
2024-08-05T17:08:23,28,12,0,40
2024-08-05T17:24:12,28,12,0,40
2024-08-05T17:39:59,28,12,0,40
2024-08-05T17:55:47,28,12,0,40
2024-08-05T18:11:34,28,12,0,40
2024-08-05T18:27:31,28,12,0,40
2024-08-05T18:43:18,28,12,0,40
2024-08-05T18:59:05,28,12,0,40
2024-08-05T19:14:54,28,12,0,40
2024-08-05T19:30:41,28,12,0,40
2024-08-05T19:46:30,28,12,0,40
2024-08-05T20:02:28,28,12,0,40
2024-08-05T20:18:16,28,12,0,40
2024-08-05T20:34:05,28,12,0,40
2024-08-05T20:49:54,28,12,0,40
2024-08-05T21:05:42,28,12,0,40
2024-08-05T21:21:31,28,12,0,40
2024-08-05T21:37:34,28,12,0,40
2024-08-05T21:53:22,28,12,0,40
2024-08-05T22:09:11,28,12,0,40
2024-08-05T22:24:58,28,12,0,40
2024-08-05T22:40:47,28,12,0,40
2024-08-05T22:56:35,28,12,0,40
2024-08-05T23:12:35,28,12,0,40
2024-08-05T23:28:24,28,12,0,40
2024-08-05T23:44:13,28,12,0,40
2024-08-06T00:00:01,28,12,0,40
2024-08-06T00:15:53,28,12,0,40
2024-08-06T00:31:50,28,12,0,40
2024-08-06T00:47:45,28,12,0,40
2024-08-06T01:03:40,28,12,0,40
2024-08-06T01:19:47,28,12,0,40
2024-08-06T01:35:41,28,12,0,40
2024-08-06T01:51:32,28,12,0,40
2024-08-06T02:07:22,28,12,0,40
2024-08-06T02:23:11,28,12,0,40
2024-08-06T02:39:00,28,12,0,40
2024-08-06T02:54:50,28,12,0,40
2024-08-06T03:10:39,28,12,0,40
2024-08-06T03:26:34,28,12,0,40
2024-08-06T03:42:25,28,12,0,40
2024-08-06T03:58:15,28,12,0,40
2024-08-06T04:14:09,28,12,0,40
2024-08-06T04:34:39,28,12,0,40
2024-08-06T04:50:31,28,12,0,40
2024-08-06T05:06:23,28,12,0,40
2024-08-06T05:22:16,28,12,0,40
2024-08-06T05:38:05,28,12,0,40
2024-08-06T05:54:01,28,12,0,40
2024-08-06T06:09:52,28,12,0,40
2024-08-06T06:25:42,28,12,0,40
2024-08-06T06:41:40,28,12,0,40
2024-08-06T06:57:29,28,12,0,40
2024-08-06T07:13:25,28,12,0,40
2024-08-06T07:29:16,28,12,0,40
2024-08-06T07:45:06,28,12,0,40
2024-08-06T08:01:07,28,12,0,40
2024-08-06T08:16:59,28,12,0,40
2024-08-06T08:32:51,28,12,0,40
2024-08-06T08:48:43,28,12,0,40
2024-08-06T09:04:36,28,12,0,40
2024-08-06T09:20:28,28,12,0,40
2024-08-06T09:36:18,28,12,0,40
2024-08-06T09:52:19,28,12,0,40
2024-08-06T10:08:09,28,12,0,40
2024-08-06T10:24:04,28,12,0,40
2024-08-06T10:39:54,28,12,0,40
2024-08-06T10:55:53,28,12,0,40
2024-08-06T11:11:42,28,12,0,40
2024-08-06T11:27:31,28,12,0,40
2024-08-06T11:43:29,28,12,0,40
2024-08-06T11:59:17,28,12,0,40
2024-08-06T12:15:06,28,12,0,40
2024-08-06T12:30:54,28,12,0,40
2024-08-06T12:46:43,28,12,0,40
2024-08-06T13:02:41,28,12,0,40
2024-08-06T13:18:31,28,12,0,40
2024-08-06T13:34:20,29,11,0,40
2024-08-06T13:50:08,29,11,0,40
2024-08-06T14:05:57,29,11,0,40
2024-08-06T14:21:56,29,11,0,40
2024-08-06T14:37:44,29,11,0,40
2024-08-06T14:53:33,29,11,0,40
2024-08-06T15:09:24,29,11,0,40
2024-08-06T15:25:16,29,11,0,40
2024-08-06T15:41:17,29,11,0,40
2024-08-06T15:57:07,29,11,0,40
2024-08-06T16:12:59,29,11,0,40
2024-08-06T16:28:50,29,11,0,40
2024-08-06T16:44:41,29,11,0,40
2024-08-06T17:00:42,29,11,0,40
2024-08-06T17:16:34,29,11,0,40
2024-08-06T17:32:25,29,11,0,40
2024-08-06T17:48:17,29,11,0,40
2024-08-06T18:04:08,29,11,0,40
2024-08-06T18:19:59,29,11,0,40
2024-08-06T18:36:01,29,11,0,40
2024-08-06T18:51:52,29,11,0,40
2024-08-06T19:07:44,29,11,0,40
2024-08-06T19:23:35,29,11,0,40
2024-08-06T19:39:26,29,11,0,40
2024-08-06T19:55:17,29,11,0,40
2024-08-06T20:11:19,29,11,0,40
2024-08-06T20:27:11,29,11,0,40
2024-08-06T20:43:03,29,11,0,40
2024-08-06T20:58:54,29,11,0,40
2024-08-06T21:14:46,29,11,0,40
2024-08-06T21:30:38,29,11,0,40
2024-08-06T21:46:38,29,11,0,40
2024-08-06T22:02:30,29,11,0,40
2024-08-06T22:18:22,29,11,0,40
2024-08-06T22:34:14,29,11,0,40
2024-08-06T22:50:05,29,11,0,40
2024-08-06T23:05:59,29,11,0,40
2024-08-06T23:22:01,29,11,0,40
2024-08-06T23:37:52,29,11,0,40
2024-08-06T23:53:43,29,11,0,40
2024-08-07T00:09:36,29,11,0,40
2024-08-07T00:25:35,29,11,0,40
2024-08-07T00:41:35,29,11,0,40
2024-08-07T00:57:34,29,11,0,40
2024-08-07T01:13:32,29,11,0,40
2024-08-07T01:29:29,29,11,0,40
2024-08-07T01:45:38,29,11,0,40
2024-08-07T02:01:34,29,11,0,40
2024-08-07T02:17:28,29,11,0,40
2024-08-07T02:33:21,29,11,0,40
2024-08-07T02:49:15,29,11,0,40
2024-08-07T03:05:08,29,11,0,40
2024-08-07T03:21:03,29,11,0,40
2024-08-07T03:36:57,29,11,0,40
2024-08-07T03:52:52,29,11,0,40
2024-08-07T04:08:47,29,11,0,40
2024-08-07T04:30:57,29,11,0,40
2024-08-07T04:46:54,29,11,0,40
2024-08-07T05:03:07,29,11,0,40
2024-08-07T05:19:04,29,11,0,40
2024-08-07T05:34:58,29,11,0,40
2024-08-07T05:50:52,29,11,0,40
2024-08-07T06:06:47,29,11,0,40
2024-08-07T06:22:42,29,11,0,40
2024-08-07T06:38:36,29,11,0,40
2024-08-07T06:54:31,29,11,0,40
2024-08-07T07:10:25,29,11,0,40
2024-08-07T07:26:20,29,11,0,40
2024-08-07T07:42:13,29,11,0,40
2024-08-07T07:58:05,29,11,0,40
2024-08-07T08:13:59,29,11,0,40
2024-08-07T08:29:57,29,11,0,40
2024-08-07T08:46:02,29,11,0,40
2024-08-07T09:01:55,29,11,0,40
2024-08-07T09:17:49,29,11,0,40
2024-08-07T09:33:42,29,11,0,40
2024-08-07T09:49:35,29,11,0,40
2024-08-07T10:05:26,29,11,0,40
2024-08-07T10:21:18,29,11,0,40
2024-08-07T10:37:18,29,11,0,40
2024-08-07T10:53:09,29,11,0,40
2024-08-07T11:09:00,29,11,0,40
2024-08-07T11:24:53,29,11,0,40
2024-08-07T11:40:57,29,11,0,40
2024-08-07T11:56:49,29,11,0,40
2024-08-07T12:12:42,29,11,0,40
2024-08-07T12:28:35,29,11,0,40
2024-08-07T12:44:36,29,11,0,40
2024-08-07T13:00:29,29,11,0,40
2024-08-07T13:16:21,29,11,0,40
2024-08-07T13:32:15,29,11,0,40
2024-08-07T13:48:07,29,11,0,40
2024-08-07T14:04:00,29,11,0,40
2024-08-07T14:20:01,29,11,0,40
2024-08-07T14:35:54,29,11,0,40
2024-08-07T14:51:48,29,11,0,40
2024-08-07T15:07:41,29,11,0,40
2024-08-07T15:23:37,29,11,0,40
2024-08-07T15:39:39,29,11,0,40
2024-08-07T15:55:32,29,11,0,40
2024-08-07T16:11:27,29,11,0,40
2024-08-07T16:27:20,29,11,0,40
2024-08-07T16:43:12,29,11,0,40
2024-08-07T16:59:07,29,11,0,40
2024-08-07T17:15:10,29,11,0,40
2024-08-07T17:31:03,29,11,0,40
2024-08-07T17:46:56,29,11,0,40
2024-08-07T18:02:48,29,11,0,40
2024-08-07T18:18:40,29,11,0,40
2024-08-07T18:34:34,29,11,0,40
2024-08-07T18:50:35,29,11,0,40
2024-08-07T19:06:28,29,11,0,40
2024-08-07T19:22:20,29,11,0,40
2024-08-07T19:38:13,29,11,0,40
2024-08-07T19:54:06,29,11,0,40
2024-08-07T20:09:59,29,11,0,40
2024-08-07T20:25:51,29,11,0,40
2024-08-07T20:41:56,29,11,0,40
2024-08-07T20:57:48,29,11,0,40
2024-08-07T21:13:42,29,11,0,40
2024-08-07T21:29:35,29,11,0,40
2024-08-07T21:45:29,29,11,0,40
2024-08-07T22:01:22,29,11,0,40
2024-08-07T22:17:25,29,11,0,40
2024-08-07T22:33:18,29,11,0,40
2024-08-07T22:49:10,29,11,0,40
2024-08-07T23:05:06,29,11,0,40
2024-08-07T23:21:00,29,11,0,40
2024-08-07T23:36:53,29,11,0,40
2024-08-07T23:52:45,29,11,0,40
2024-08-08T00:08:40,29,11,0,40
2024-08-08T00:24:41,29,11,0,40
2024-08-08T00:40:40,29,11,0,40
2024-08-08T00:56:52,29,11,0,40
2024-08-08T01:12:51,29,11,0,40
2024-08-08T01:28:48,29,11,0,40
2024-08-08T01:44:43,29,11,0,40
2024-08-08T02:00:40,29,11,0,40
2024-08-08T02:16:34,29,11,0,40
2024-08-08T02:32:29,29,11,0,40
2024-08-08T02:48:24,29,11,0,40
2024-08-08T03:04:20,29,11,0,40
2024-08-08T03:20:15,29,11,0,40
2024-08-08T03:36:08,29,11,0,40
2024-08-08T03:52:04,29,11,0,40
2024-08-08T04:22:32,29,11,0,40
2024-08-08T04:38:30,29,11,0,40
2024-08-08T04:54:26,29,11,0,40
2024-08-08T05:10:20,29,11,0,40
2024-08-08T05:26:19,29,11,0,40
2024-08-08T05:42:18,29,11,0,40
2024-08-08T05:58:15,29,11,0,40
2024-08-08T06:14:10,29,11,0,40
2024-08-08T06:30:06,29,11,0,40
2024-08-08T06:46:01,29,11,0,40
2024-08-08T07:01:55,29,11,0,40
2024-08-08T07:17:54,29,11,0,40
2024-08-08T07:33:50,29,11,0,40
2024-08-08T07:49:44,29,11,0,40
2024-08-08T08:05:39,29,11,0,40
2024-08-08T08:21:35,29,11,0,40
2024-08-08T08:37:38,29,11,0,40
2024-08-08T08:53:33,29,11,0,40
2024-08-08T09:09:29,29,11,0,40
2024-08-08T09:25:23,29,11,0,40
2024-08-08T09:41:29,29,11,0,40
2024-08-08T09:57:24,29,11,0,40
2024-08-08T10:13:21,29,11,0,40
2024-08-08T10:29:16,29,11,0,40
2024-08-08T10:45:21,29,11,0,40
2024-08-08T11:01:14,29,11,0,40
2024-08-08T11:17:08,29,11,0,40
2024-08-08T11:33:02,29,11,0,40
2024-08-08T11:48:58,29,11,0,40
2024-08-08T12:05:05,29,11,0,40
2024-08-08T12:21:02,29,11,0,40
2024-08-08T12:36:57,29,11,0,40
2024-08-08T12:52:52,29,11,0,40
2024-08-08T13:08:47,29,11,0,40
2024-08-08T13:24:51,29,11,0,40
2024-08-08T13:40:45,29,11,0,40
2024-08-08T13:56:39,29,11,0,40
2024-08-08T14:12:31,29,11,0,40
2024-08-08T14:28:25,29,11,0,40
2024-08-08T14:44:31,29,11,0,40
2024-08-08T15:00:25,29,11,0,40
2024-08-08T15:16:18,29,11,0,40
2024-08-08T15:32:12,29,11,0,40
2024-08-08T15:48:05,29,11,0,40
2024-08-08T16:04:09,29,11,0,40
2024-08-08T16:20:02,29,11,0,40
2024-08-08T16:35:55,29,11,0,40
2024-08-08T16:51:47,29,11,0,40
2024-08-08T17:07:42,29,11,0,40
2024-08-08T17:23:37,29,11,0,40
2024-08-08T17:39:40,29,11,0,40
2024-08-08T17:55:33,29,11,0,40
2024-08-08T18:11:25,29,11,0,40
2024-08-08T18:27:19,29,11,0,40
2024-08-08T18:43:11,29,11,0,40
2024-08-08T18:59:04,29,11,0,40
2024-08-08T19:14:57,29,11,0,40
2024-08-08T19:31:03,29,11,0,40
2024-08-08T19:46:56,29,11,0,40
2024-08-08T20:02:48,29,11,0,40
2024-08-08T20:18:42,29,11,0,40
2024-08-08T20:34:35,29,11,0,40
2024-08-08T20:50:29,29,11,0,40
2024-08-08T21:06:23,29,11,0,40
2024-08-08T21:22:26,29,11,0,40
2024-08-08T21:38:20,29,11,0,40
2024-08-08T21:54:13,29,11,0,40
2024-08-08T22:10:07,29,11,0,40
2024-08-08T22:26:00,29,11,0,40
2024-08-08T22:41:53,29,11,0,40
2024-08-08T22:57:52,29,11,0,40
2024-08-08T23:13:46,29,11,0,40
2024-08-08T23:29:49,29,11,0,40
2024-08-08T23:45:44,29,11,0,40
2024-08-09T00:01:39,29,11,0,40
2024-08-09T00:17:38,29,11,0,40
2024-08-09T00:33:35,29,11,0,40
2024-08-09T00:49:35,29,11,0,40
2024-08-09T01:05:33,29,11,0,40
2024-08-09T01:21:31,29,11,0,40
2024-08-09T01:37:27,29,11,0,40
2024-08-09T01:53:25,29,11,0,40
2024-08-09T02:09:32,29,11,0,40
2024-08-09T02:25:28,29,11,0,40
2024-08-09T02:41:24,29,11,0,40
2024-08-09T02:57:22,29,11,0,40
2024-08-09T03:13:20,29,11,0,40
2024-08-09T03:29:14,29,11,0,40
2024-08-09T03:45:11,29,11,0,40
2024-08-09T04:01:07,29,11,0,40
2024-08-09T04:17:03,29,11,0,40
2024-08-09T04:34:13,29,11,0,40
2024-08-09T04:50:25,29,11,0,40
2024-08-09T05:06:24,29,11,0,40
2024-08-09T05:22:22,29,11,0,40
2024-08-09T05:38:20,29,11,0,40
2024-08-09T05:54:20,29,11,0,40
2024-08-09T06:10:18,29,11,0,40
2024-08-09T06:26:21,29,11,0,40
2024-08-09T06:42:20,29,11,0,40
2024-08-09T06:58:18,29,11,0,40
2024-08-09T07:14:18,29,11,0,40
2024-08-09T07:30:14,29,11,0,40
2024-08-09T07:46:09,29,11,0,40
2024-08-09T08:02:03,29,11,0,40
2024-08-09T08:18:05,29,11,0,40
2024-08-09T08:34:10,29,11,0,40
2024-08-09T08:50:06,29,11,0,40
2024-08-09T09:06:03,29,11,0,40
2024-08-09T09:22:01,29,11,0,40
2024-08-09T09:37:57,29,11,0,40
2024-08-09T09:53:52,29,11,0,40
2024-08-09T10:09:46,29,11,0,40
2024-08-09T10:25:40,29,11,0,40
2024-08-09T10:41:44,29,11,0,40
2024-08-09T10:57:39,29,11,0,40
2024-08-09T11:13:34,29,11,0,40
2024-08-09T11:29:30,29,11,0,40
2024-08-09T11:45:25,29,11,0,40
2024-08-09T12:01:29,29,11,0,40
2024-08-09T12:17:24,29,11,0,40
2024-08-09T12:33:19,29,11,0,40
2024-08-09T12:49:15,29,11,0,40
2024-08-09T13:05:10,29,11,0,40
2024-08-09T13:21:06,29,11,0,40
2024-08-09T13:37:13,29,11,0,40
2024-08-09T13:53:10,29,11,0,40
2024-08-09T14:09:05,29,11,0,40
2024-08-09T14:25:04,29,11,0,40
2024-08-09T14:40:59,29,11,0,40
2024-08-09T14:56:55,29,11,0,40
2024-08-09T15:13:00,29,11,0,40
2024-08-09T15:28:56,29,11,0,40
2024-08-09T15:44:52,29,11,0,40
2024-08-09T16:00:48,29,11,0,40
2024-08-09T16:16:43,29,11,0,40
2024-08-09T16:32:38,29,11,0,40
2024-08-09T16:48:46,29,11,0,40
2024-08-09T17:04:41,29,11,0,40
2024-08-09T17:20:39,29,11,0,40
2024-08-09T17:36:35,29,11,0,40
2024-08-09T17:52:30,29,11,0,40
2024-08-09T18:08:25,29,11,0,40
2024-08-09T18:24:20,29,11,0,40
2024-08-09T18:40:18,29,11,0,40
2024-08-09T18:56:13,29,11,0,40
2024-08-09T19:12:18,29,11,0,40
2024-08-09T19:28:13,29,11,0,40
2024-08-09T19:44:08,29,11,0,40
2024-08-09T20:00:03,29,11,0,40
2024-08-09T20:15:59,29,11,0,40
2024-08-09T20:31:55,29,11,0,40
2024-08-09T20:47:51,29,11,0,40
2024-08-09T21:03:46,29,11,0,40
2024-08-09T21:19:43,29,11,0,40
2024-08-09T21:35:48,29,11,0,40
2024-08-09T21:51:44,29,11,0,40
2024-08-09T22:07:38,29,11,0,40
2024-08-09T22:23:35,29,11,0,40
2024-08-09T22:39:31,29,11,0,40
2024-08-09T22:55:26,29,11,0,40
2024-08-09T23:11:23,29,11,0,40
2024-08-09T23:27:20,29,11,0,40
2024-08-09T23:43:16,29,11,0,40
2024-08-09T23:59:22,29,11,0,40
2024-08-10T00:15:22,29,11,0,40
2024-08-10T00:31:27,29,11,0,40
2024-08-10T00:47:29,29,11,0,40
2024-08-10T01:03:29,29,11,0,40
2024-08-10T01:19:28,29,11,0,40
2024-08-10T01:35:28,29,11,0,40
2024-08-10T01:51:27,29,11,0,40
2024-08-10T02:07:24,29,11,0,40
2024-08-10T02:23:23,29,11,0,40
2024-08-10T02:39:22,29,11,0,40
2024-08-10T02:55:28,29,11,0,40
2024-08-10T03:11:25,29,11,0,40
2024-08-10T03:27:22,29,11,0,40
2024-08-10T03:43:20,29,11,0,40
2024-08-10T03:59:28,29,11,0,40
2024-08-10T04:15:29,29,11,0,40
2024-08-10T04:33:48,29,11,0,40
2024-08-10T04:49:49,29,11,0,40
2024-08-10T05:05:47,29,11,0,40
2024-08-10T05:21:42,29,11,0,40
2024-08-10T05:37:37,29,11,0,40
2024-08-10T05:53:40,29,11,0,40
2024-08-10T06:09:38,29,11,0,40
2024-08-10T06:25:48,29,11,0,40
2024-08-10T06:41:46,29,11,0,40
2024-08-10T06:57:44,29,11,0,40
2024-08-10T07:13:43,29,11,0,40
2024-08-10T07:29:41,29,11,0,40
2024-08-10T07:45:47,29,11,0,40
2024-08-10T08:01:46,29,11,0,40
2024-08-10T08:17:44,29,11,0,40
2024-08-10T08:33:42,29,11,0,40
2024-08-10T08:49:42,29,11,0,40
2024-08-10T09:05:40,29,11,0,40
2024-08-10T09:21:39,29,11,0,40
2024-08-10T09:37:36,29,11,0,40
2024-08-10T09:53:34,29,11,0,40
2024-08-10T10:09:32,29,11,0,40
2024-08-10T10:25:44,29,11,0,40
2024-08-10T10:41:42,29,11,0,40
2024-08-10T10:57:40,29,11,0,40
2024-08-10T11:13:37,29,11,0,40
2024-08-10T11:29:36,29,11,0,40
2024-08-10T11:45:32,29,11,0,40
2024-08-10T12:01:28,29,11,0,40
2024-08-10T12:17:27,29,11,0,40
2024-08-10T12:33:33,29,11,0,40
2024-08-10T12:49:30,29,11,0,40
2024-08-10T13:05:26,29,11,0,40
2024-08-10T13:21:23,29,11,0,40
2024-08-10T13:37:20,29,11,0,40
2024-08-10T13:53:16,29,11,0,40
2024-08-10T14:09:11,29,11,0,40
2024-08-10T14:25:06,29,11,0,40
2024-08-10T14:41:18,29,11,0,40
2024-08-10T14:57:13,29,11,0,40
2024-08-10T15:13:09,29,11,0,40
2024-08-10T15:29:05,29,11,0,40
2024-08-10T15:44:59,29,11,0,40
2024-08-10T16:00:53,29,11,0,40
2024-08-10T16:16:49,29,11,0,40
2024-08-10T16:32:43,29,11,0,40
2024-08-10T16:48:38,29,11,0,40
2024-08-10T17:04:44,29,11,0,40
2024-08-10T17:20:39,29,11,0,40
2024-08-10T17:36:34,29,11,0,40
2024-08-10T17:52:30,29,11,0,40
2024-08-10T18:08:25,29,11,0,40
2024-08-10T18:24:20,29,11,0,40
2024-08-10T18:40:14,29,11,0,40
2024-08-10T18:56:11,29,11,0,40
2024-08-10T19:12:15,29,11,0,40
2024-08-10T19:28:10,29,11,0,40
2024-08-10T19:44:04,29,11,0,40
2024-08-10T20:00:00,29,11,0,40
2024-08-10T20:15:55,29,11,0,40
2024-08-10T20:31:51,29,11,0,40
2024-08-10T20:47:46,29,11,0,40
2024-08-10T21:03:43,29,11,0,40
2024-08-10T21:19:38,29,11,0,40
2024-08-10T21:35:34,29,11,0,40
2024-08-10T21:51:40,29,11,0,40
2024-08-10T22:07:36,29,11,0,40
2024-08-10T22:23:31,29,11,0,40
2024-08-10T22:39:26,29,11,0,40
2024-08-10T22:55:20,29,11,0,40
2024-08-10T23:11:17,29,11,0,40
2024-08-10T23:27:12,29,11,0,40
2024-08-10T23:43:07,29,11,0,40
2024-08-10T23:59:12,29,11,0,40
2024-08-11T00:15:11,29,11,0,40
2024-08-11T00:31:12,29,11,0,40
2024-08-11T00:47:09,29,11,0,40
2024-08-11T01:03:08,29,11,0,40
2024-08-11T01:19:04,29,11,0,40
2024-08-11T01:34:59,29,11,0,40
2024-08-11T01:50:55,29,11,0,40
2024-08-11T02:06:52,29,11,0,40
2024-08-11T02:22:58,29,11,0,40
2024-08-11T02:38:56,29,11,0,40
2024-08-11T02:54:53,29,11,0,40
2024-08-11T03:10:50,29,11,0,40
2024-08-11T03:26:52,29,11,0,40
2024-08-11T03:42:54,29,11,0,40
2024-08-11T03:58:56,29,11,0,40
2024-08-11T04:24:14,29,11,0,40
2024-08-11T04:41:28,29,11,0,40
2024-08-11T04:58:26,29,11,0,40
2024-08-11T05:14:30,29,11,0,40
2024-08-11T05:30:29,29,11,0,40
2024-08-11T05:46:29,29,11,0,40
2024-08-11T06:02:29,29,11,0,40
2024-08-11T06:18:30,29,11,0,40
2024-08-11T06:34:32,29,11,0,40
2024-08-11T06:50:31,29,11,0,40
2024-08-11T07:06:33,29,11,0,40
2024-08-11T07:22:34,29,11,0,40
2024-08-11T07:38:33,29,11,0,40
2024-08-11T07:54:40,29,11,0,40
2024-08-11T08:10:39,29,11,0,40
2024-08-11T08:26:38,29,11,0,40
2024-08-11T08:42:36,29,11,0,40
2024-08-11T08:58:32,29,11,0,40
2024-08-11T09:14:34,29,11,0,40
2024-08-11T09:30:36,29,11,0,40
2024-08-11T09:46:34,29,11,0,40
2024-08-11T10:02:33,29,11,0,40
2024-08-11T10:18:30,29,11,0,40
2024-08-11T10:34:30,29,11,0,40
2024-08-11T10:50:29,29,11,0,40
2024-08-11T11:06:32,29,11,0,40
2024-08-11T11:22:27,29,11,0,40
2024-08-11T11:38:22,29,11,0,40
2024-08-11T11:54:16,29,11,0,40
2024-08-11T12:10:11,29,11,0,40
2024-08-11T12:26:06,29,11,0,40
2024-08-11T12:42:01,29,11,0,40
2024-08-11T12:58:00,29,11,0,40
2024-08-11T13:13:56,29,11,0,40
2024-08-11T13:30:00,29,11,0,40
2024-08-11T13:45:55,29,11,0,40
2024-08-11T14:01:49,29,11,0,40
2024-08-11T14:17:44,29,11,0,40
2024-08-11T14:33:38,29,11,0,40
2024-08-11T14:49:34,29,11,0,40
2024-08-11T15:05:29,29,11,0,40
2024-08-11T15:21:23,29,11,0,40
2024-08-11T15:37:19,29,11,0,40
2024-08-11T15:53:14,29,11,0,40
2024-08-11T16:09:22,29,11,0,40
2024-08-11T16:25:18,29,11,0,40
2024-08-11T16:41:14,29,11,0,40
2024-08-11T16:57:10,29,11,0,40
2024-08-11T17:13:05,29,11,0,40
2024-08-11T17:29:00,29,11,0,40
2024-08-11T17:44:55,29,11,0,40
2024-08-11T18:00:51,29,11,0,40
2024-08-11T18:16:45,29,11,0,40
2024-08-11T18:32:42,29,11,0,40
2024-08-11T18:48:46,29,11,0,40
2024-08-11T19:04:43,29,11,0,40
2024-08-11T19:20:39,29,11,0,40
2024-08-11T19:36:35,29,11,0,40
2024-08-11T19:52:30,29,11,0,40
2024-08-11T20:08:26,29,11,0,40
2024-08-11T20:24:29,29,11,0,40
2024-08-11T20:40:24,29,11,0,40
2024-08-11T20:56:19,29,11,0,40
2024-08-11T21:12:14,29,11,0,40
2024-08-11T21:28:09,29,11,0,40
2024-08-11T21:44:06,29,11,0,40
2024-08-11T22:00:02,29,11,0,40
2024-08-11T22:16:07,29,11,0,40
2024-08-11T22:32:01,29,11,0,40
2024-08-11T22:47:56,29,11,0,40
2024-08-11T23:03:50,29,11,0,40
2024-08-11T23:19:47,29,11,0,40
2024-08-11T23:35:42,29,11,0,40
2024-08-11T23:51:49,29,11,0,40
2024-08-12T00:07:46,29,11,0,40
2024-08-12T00:23:51,29,11,0,40
2024-08-12T00:39:54,29,11,0,40
2024-08-12T00:55:58,29,11,0,40
2024-08-12T01:12:13,29,11,0,40
2024-08-12T01:28:15,29,11,0,40
2024-08-12T01:44:24,29,11,0,40
2024-08-12T02:00:23,29,11,0,40
2024-08-12T02:16:48,29,11,0,40
2024-08-12T02:32:47,29,11,0,40
2024-08-12T02:48:44,29,11,0,40
2024-08-12T03:04:40,29,11,0,40
2024-08-12T03:20:37,29,11,0,40
2024-08-12T03:36:35,29,11,0,40
2024-08-12T03:52:34,29,11,0,40
2024-08-12T04:08:32,29,11,0,40
2024-08-12T04:35:45,29,11,0,40
2024-08-12T04:51:47,29,11,0,40
2024-08-12T05:07:51,29,11,0,40
2024-08-12T05:23:49,29,11,0,40
2024-08-12T05:39:49,29,11,0,40
2024-08-12T05:55:49,29,11,0,40
2024-08-12T06:11:49,29,11,0,40
2024-08-12T06:27:52,29,11,0,40
2024-08-12T06:43:50,29,11,0,40
2024-08-12T06:59:45,29,11,0,40
2024-08-12T07:15:42,29,11,0,40
2024-08-12T07:31:37,29,11,0,40
2024-08-12T07:47:36,29,11,0,40
2024-08-12T08:03:38,29,11,0,40
2024-08-12T08:19:33,29,11,0,40
2024-08-12T08:35:30,29,11,0,40
2024-08-12T08:51:25,29,11,0,40
2024-08-12T09:07:21,29,11,0,40
2024-08-12T09:23:16,29,11,0,40
2024-08-12T09:39:13,29,11,0,40
2024-08-12T09:55:22,29,11,0,40
2024-08-12T10:11:19,29,11,0,40
2024-08-12T10:27:15,29,11,0,40
2024-08-12T10:43:11,29,11,0,40
2024-08-12T10:59:08,29,11,0,40
2024-08-12T11:15:14,29,11,0,40
2024-08-12T11:31:11,29,11,0,40
2024-08-12T11:47:09,29,11,0,40
2024-08-12T12:03:05,29,11,0,40
2024-08-12T12:19:00,29,11,0,40
2024-08-12T12:35:05,29,11,0,40
2024-08-12T12:51:00,29,11,0,40
2024-08-12T13:06:56,29,11,0,40
2024-08-12T13:22:50,29,11,0,40
2024-08-12T13:38:46,29,11,0,40
2024-08-12T13:54:51,29,11,0,40
2024-08-12T14:10:47,29,11,0,40
2024-08-12T14:26:43,29,11,0,40
2024-08-12T14:42:38,29,11,0,40
2024-08-12T14:58:34,29,11,0,40
2024-08-12T15:14:42,29,11,0,40
2024-08-12T15:30:37,29,11,0,40
2024-08-12T15:46:32,29,11,0,40
2024-08-12T16:02:28,29,11,0,40
2024-08-12T16:18:23,29,11,0,40
2024-08-12T16:34:31,29,11,0,40
2024-08-12T16:50:28,29,11,0,40
2024-08-12T17:06:24,29,11,0,40
2024-08-12T17:22:20,29,11,0,40
2024-08-12T17:38:14,29,11,0,40
2024-08-12T17:54:10,29,11,0,40
2024-08-12T18:10:15,29,11,0,40
2024-08-12T18:26:09,29,11,0,40
2024-08-12T18:42:04,29,11,0,40
2024-08-12T18:57:59,29,11,0,40
2024-08-12T19:13:54,29,11,0,40
2024-08-12T19:29:50,29,11,0,40
2024-08-12T19:45:58,29,11,0,40
2024-08-12T20:01:55,29,11,0,40
2024-08-12T20:17:50,29,11,0,40
2024-08-12T20:33:46,29,11,0,40
2024-08-12T20:49:41,29,11,0,40
2024-08-12T21:05:36,29,11,0,40
2024-08-12T21:21:41,29,11,0,40
2024-08-12T21:37:37,29,11,0,40
2024-08-12T21:53:33,29,11,0,40
2024-08-12T22:09:30,29,11,0,40
2024-08-12T22:25:26,29,11,0,40
2024-08-12T22:41:25,29,11,0,40
2024-08-12T22:57:21,29,11,0,40
2024-08-12T23:13:17,29,11,0,40
2024-08-12T23:29:24,29,11,0,40
2024-08-12T23:45:19,29,11,0,40
2024-08-13T00:01:15,29,11,0,40
2024-08-13T00:17:14,29,11,0,40
2024-08-13T00:33:15,29,11,0,40
2024-08-13T00:49:16,29,11,0,40
2024-08-13T01:05:21,29,11,0,40
2024-08-13T01:21:21,29,11,0,40
2024-08-13T01:37:20,29,11,0,40
2024-08-13T01:53:17,29,11,0,40
2024-08-13T02:09:16,29,11,0,40
2024-08-13T02:25:23,29,11,0,40
2024-08-13T02:41:23,29,11,0,40
2024-08-13T02:57:20,29,11,0,40
2024-08-13T03:13:18,29,11,0,40
2024-08-13T03:29:15,29,11,0,40
2024-08-13T03:45:13,29,11,0,40
2024-08-13T04:01:11,29,11,0,40
2024-08-13T04:32:41,29,11,0,40
2024-08-13T04:48:41,29,11,0,40
2024-08-13T05:04:38,29,11,0,40
2024-08-13T05:20:35,29,11,0,40
2024-08-13T05:36:32,29,11,0,40
2024-08-13T05:52:29,29,11,0,40
2024-08-13T06:08:26,29,11,0,40
2024-08-13T06:24:22,29,11,0,40
2024-08-13T06:40:20,29,11,0,40
2024-08-13T06:56:37,29,11,0,40
2024-08-13T07:12:38,29,11,0,40
2024-08-13T07:28:36,29,11,0,40
2024-08-13T07:44:36,29,11,0,40
2024-08-13T08:00:33,29,11,0,40
2024-08-13T08:16:32,29,11,0,40
2024-08-13T08:32:30,29,11,0,40
2024-08-13T08:48:28,29,11,0,40
2024-08-13T09:04:34,29,11,0,40
2024-08-13T09:20:32,29,11,0,40
2024-08-13T09:36:28,29,11,0,40
2024-08-13T09:52:27,29,11,0,40
2024-08-13T10:08:24,29,11,0,40
2024-08-13T10:24:21,29,11,0,40
2024-08-13T10:40:18,29,11,0,40
2024-08-13T10:56:25,29,11,0,40
2024-08-13T11:12:22,29,11,0,40
2024-08-13T11:28:20,29,11,0,40
2024-08-13T11:44:19,29,11,0,40
2024-08-13T12:00:17,29,11,0,40
2024-08-13T12:16:23,29,11,0,40
2024-08-13T12:32:19,29,11,0,40
2024-08-13T12:48:15,29,11,0,40
2024-08-13T13:04:09,29,11,0,40
2024-08-13T13:20:04,29,11,0,40
2024-08-13T13:36:10,29,11,0,40
2024-08-13T13:52:06,29,11,0,40
2024-08-13T14:08:03,29,11,0,40
2024-08-13T14:23:59,29,11,0,40
2024-08-13T14:39:55,29,11,0,40
2024-08-13T14:55:50,29,11,0,40
2024-08-13T15:11:55,29,11,0,40
2024-08-13T15:27:52,29,11,0,40
2024-08-13T15:43:47,29,11,0,40
2024-08-13T15:59:42,29,11,0,40
2024-08-13T16:15:38,29,11,0,40
2024-08-13T16:31:44,29,11,0,40
2024-08-13T16:47:39,29,11,0,40
2024-08-13T17:03:35,29,11,0,40
2024-08-13T17:19:33,29,11,0,40
2024-08-13T17:35:28,29,11,0,40
2024-08-13T17:51:34,29,11,0,40
2024-08-13T18:07:30,29,11,0,40
2024-08-13T18:23:25,29,11,0,40
2024-08-13T18:39:20,29,11,0,40
2024-08-13T18:55:15,29,11,0,40
2024-08-13T19:11:10,29,11,0,40
2024-08-13T19:27:15,29,11,0,40
2024-08-13T19:43:11,29,11,0,40
2024-08-13T19:59:06,29,11,0,40
2024-08-13T20:15:01,29,11,0,40
2024-08-13T20:30:56,29,11,0,40
2024-08-13T20:47:01,29,11,0,40
2024-08-13T21:02:56,29,11,0,40
2024-08-13T21:18:56,29,11,0,40
2024-08-13T21:34:52,29,11,0,40
2024-08-13T21:50:47,29,11,0,40
2024-08-13T22:06:43,29,11,0,40
2024-08-13T22:22:51,29,11,0,40
2024-08-13T22:38:46,29,11,0,40
2024-08-13T22:54:41,29,11,0,40
2024-08-13T23:10:38,29,11,0,40
2024-08-13T23:26:35,29,11,0,40
2024-08-13T23:42:40,29,11,0,40
2024-08-13T23:58:36,29,11,0,40
2024-08-14T00:14:33,29,11,0,40
2024-08-14T00:30:34,29,11,0,40
2024-08-14T00:46:33,29,11,0,40
2024-08-14T01:02:33,29,11,0,40
2024-08-14T01:18:43,29,11,0,40
2024-08-14T01:34:42,29,11,0,40
2024-08-14T01:50:42,29,11,0,40
2024-08-14T02:06:41,29,11,0,40
2024-08-14T02:22:39,29,11,0,40
2024-08-14T02:38:36,29,11,0,40
2024-08-14T02:54:32,29,11,0,40
2024-08-14T03:10:28,29,11,0,40
2024-08-14T03:26:25,29,11,0,40
2024-08-14T03:42:23,29,11,0,40
2024-08-14T03:58:18,29,11,0,40
2024-08-14T04:22:31,29,11,0,40
2024-08-14T04:38:27,29,11,0,40
2024-08-14T04:54:22,29,11,0,40
2024-08-14T05:10:18,29,11,0,40
2024-08-14T05:26:15,29,11,0,40
2024-08-14T05:42:11,29,11,0,40
2024-08-14T05:58:08,29,11,0,40
2024-08-14T06:14:07,29,11,0,40
2024-08-14T06:30:04,29,11,0,40
2024-08-14T06:46:13,29,11,0,40
2024-08-14T07:02:25,29,11,0,40
2024-08-14T07:18:27,29,11,0,40
2024-08-14T07:34:40,29,11,0,40
2024-08-14T07:50:38,29,11,0,40
2024-08-14T08:06:36,29,11,0,40
2024-08-14T08:22:35,29,11,0,40
2024-08-14T08:38:32,29,11,0,40
2024-08-14T08:54:39,29,11,0,40
2024-08-14T09:10:38,29,11,0,40
2024-08-14T09:26:36,29,11,0,40
2024-08-14T09:42:34,29,11,0,40
2024-08-14T09:58:44,29,11,0,40
2024-08-14T10:14:45,29,11,0,40
2024-08-14T10:30:46,29,11,0,40
2024-08-14T10:46:46,29,11,0,40
2024-08-14T11:02:55,29,11,0,40
2024-08-14T11:18:55,29,11,0,40
2024-08-14T11:35:04,29,11,0,40
2024-08-14T11:51:04,29,11,0,40
2024-08-14T12:07:04,29,11,0,40
2024-08-14T12:23:03,29,11,0,40
2024-08-14T12:39:14,29,11,0,40
2024-08-14T12:55:14,29,11,0,40
2024-08-14T13:11:14,29,11,0,40
2024-08-14T13:27:19,29,11,0,40
2024-08-14T13:43:18,29,11,0,40
2024-08-14T13:59:16,29,11,0,40
2024-08-14T14:15:27,29,11,0,40
2024-08-14T14:31:24,29,11,0,40
2024-08-14T14:47:20,29,11,0,40
2024-08-14T15:03:21,29,11,0,40
2024-08-14T15:19:29,29,11,0,40
2024-08-14T15:35:25,29,11,0,40
2024-08-14T15:51:20,29,11,0,40
2024-08-14T16:07:29,29,11,0,40
2024-08-14T16:23:26,29,11,0,40
2024-08-14T16:39:21,29,11,0,40
2024-08-14T16:55:16,29,11,0,40
2024-08-14T17:11:24,29,11,0,40
2024-08-14T17:27:20,29,11,0,40
2024-08-14T17:43:15,29,11,0,40
2024-08-14T17:59:09,29,11,0,40
2024-08-14T18:15:05,29,11,0,40
2024-08-14T18:31:10,29,11,0,40
2024-08-14T18:47:05,29,11,0,40
2024-08-14T19:02:59,29,11,0,40
2024-08-14T19:18:55,29,11,0,40
2024-08-14T19:34:51,29,11,0,40
2024-08-14T19:50:55,29,11,0,40
2024-08-14T20:06:50,29,11,0,40
2024-08-14T20:22:45,29,11,0,40
2024-08-14T20:38:41,29,11,0,40
2024-08-14T20:54:45,29,11,0,40
2024-08-14T21:10:42,29,11,0,40
2024-08-14T21:26:39,29,11,0,40
2024-08-14T21:42:35,29,11,0,40
2024-08-14T21:58:30,29,11,0,40
2024-08-14T22:14:37,29,11,0,40
2024-08-14T22:30:32,29,11,0,40
2024-08-14T22:46:28,29,11,0,40
2024-08-14T23:02:23,29,11,0,40
2024-08-14T23:18:29,29,11,0,40
2024-08-14T23:34:25,29,11,0,40
2024-08-14T23:50:20,29,11,0,40
2024-08-15T00:06:17,29,11,0,40
2024-08-15T00:22:28,29,11,0,40
2024-08-15T00:38:29,29,11,0,40
2024-08-15T00:54:31,29,11,0,40
2024-08-15T01:10:36,29,11,0,40
2024-08-15T01:26:34,29,11,0,40
2024-08-15T01:42:34,29,11,0,40
2024-08-15T01:58:42,29,11,0,40
2024-08-15T02:14:38,29,11,0,40
2024-08-15T02:30:34,29,11,0,40
2024-08-15T02:46:39,29,11,0,40
2024-08-15T03:02:35,29,11,0,40
2024-08-15T03:18:33,29,11,0,40
2024-08-15T03:34:34,29,11,0,40
2024-08-15T03:50:31,29,11,0,40
2024-08-15T04:06:31,29,11,0,40
2024-08-15T04:33:08,29,11,0,40
2024-08-15T04:49:08,29,11,0,40
2024-08-15T05:05:03,29,11,0,40
2024-08-15T05:21:00,29,11,0,40
2024-08-15T05:36:56,29,11,0,40
2024-08-15T05:52:57,29,11,0,40
2024-08-15T06:09:12,29,11,0,40
2024-08-15T06:25:11,29,11,0,40
2024-08-15T06:41:08,29,11,0,40
2024-08-15T06:57:03,29,11,0,40
2024-08-15T07:13:09,29,11,0,40
2024-08-15T07:29:07,29,11,0,40
2024-08-15T07:45:13,29,11,0,40
2024-08-15T08:01:09,29,11,0,40
2024-08-15T08:17:07,29,11,0,40
2024-08-15T08:33:09,29,11,0,40
2024-08-15T08:49:06,29,11,0,40
2024-08-15T09:26:56,29,11,0,40
2024-08-15T09:43:03,29,11,0,40
2024-08-15T09:59:01,29,11,0,40
2024-08-15T10:15:03,29,11,0,40
2024-08-15T10:31:03,29,11,0,40
2024-08-15T10:47:14,29,11,0,40
2024-08-15T11:03:16,29,11,0,40
2024-08-15T11:19:16,29,11,0,40
2024-08-15T11:35:25,29,11,0,40
2024-08-15T11:51:25,29,11,0,40
2024-08-15T12:07:32,29,11,0,40
2024-08-15T12:23:33,29,11,0,40
2024-08-15T12:39:31,29,11,0,40
2024-08-15T12:55:40,29,11,0,40
2024-08-15T13:11:39,29,11,0,40
2024-08-15T13:27:40,29,11,0,40
2024-08-15T13:44:01,29,11,0,40
2024-08-15T13:59:58,29,11,0,40
2024-08-15T14:16:01,29,11,0,40
2024-08-15T14:32:10,29,11,0,40
2024-08-15T14:48:09,29,11,0,40
2024-08-15T15:04:15,29,11,0,40
2024-08-15T15:20:23,29,11,0,40
2024-08-15T15:36:21,29,11,0,40
2024-08-15T15:52:21,29,11,0,40
2024-08-15T16:08:30,29,11,0,40
2024-08-15T16:24:31,29,11,0,40
2024-08-15T16:40:43,29,11,0,40
2024-08-15T16:56:53,29,11,0,40
2024-08-15T17:13:04,29,11,0,40
2024-08-15T17:29:01,29,11,0,40
2024-08-15T17:45:11,29,11,0,40
2024-08-15T18:01:10,29,11,0,40
2024-08-15T18:17:10,29,11,0,40
2024-08-15T18:33:12,29,11,0,40
2024-08-15T18:49:18,29,11,0,40
2024-08-15T19:05:16,29,11,0,40
2024-08-15T19:21:15,29,11,0,40
2024-08-15T19:37:21,29,11,0,40
2024-08-15T19:53:19,29,11,0,40
2024-08-15T20:09:15,29,11,0,40
2024-08-15T20:25:26,29,11,0,40
2024-08-15T20:41:24,29,11,0,40
2024-08-15T20:57:21,29,11,0,40
2024-08-15T21:13:19,29,11,0,40
2024-08-15T21:29:23,29,11,0,40
2024-08-15T21:45:19,29,11,0,40
2024-08-15T22:01:14,29,11,0,40
2024-08-15T22:17:10,29,11,0,40
2024-08-15T22:33:06,29,11,0,40
2024-08-15T22:49:11,29,11,0,40
2024-08-15T23:05:06,29,11,0,40
2024-08-15T23:21:01,29,11,0,40
2024-08-15T23:36:56,29,11,0,40
2024-08-15T23:52:51,29,11,0,40
2024-08-16T00:08:48,29,11,0,40
2024-08-16T00:24:44,29,11,0,40
2024-08-16T00:40:54,29,11,0,40
2024-08-16T00:56:58,29,11,0,40
2024-08-16T01:13:03,29,11,0,40
2024-08-16T01:29:05,29,11,0,40
2024-08-16T01:45:05,29,11,0,40
2024-08-16T02:01:03,29,11,0,40
2024-08-16T02:17:11,29,11,0,40
2024-08-16T02:33:14,29,11,0,40
2024-08-16T02:49:10,29,11,0,40
2024-08-16T03:05:07,29,11,0,40
2024-08-16T03:21:05,29,11,0,40
2024-08-16T03:37:04,29,11,0,40
2024-08-16T03:53:30,29,11,0,40
2024-08-16T04:09:29,29,11,0,40
2024-08-16T04:36:57,29,11,0,40
2024-08-16T04:52:57,29,11,0,40
2024-08-16T05:09:01,29,11,0,40
2024-08-16T05:25:01,29,11,0,40
2024-08-16T05:41:00,29,11,0,40
2024-08-16T05:56:59,29,11,0,40
2024-08-16T06:12:57,29,11,0,40
2024-08-16T06:28:55,29,11,0,40
2024-08-16T06:44:55,29,11,0,40
2024-08-16T07:00:53,29,11,0,40
2024-08-16T07:16:55,29,11,0,40
2024-08-16T07:32:52,29,11,0,40
2024-08-16T07:48:49,29,11,0,40
2024-08-16T08:04:53,29,11,0,40
2024-08-16T08:20:56,29,11,0,40
2024-08-16T08:36:53,29,11,0,40
2024-08-16T08:52:48,29,11,0,40
2024-08-16T09:08:44,29,11,0,40
2024-08-16T09:24:39,29,11,0,40
2024-08-16T09:40:35,29,11,0,40
2024-08-16T09:56:30,29,11,0,40
2024-08-16T10:12:37,29,11,0,40
2024-08-16T10:28:31,29,11,0,40
2024-08-16T11:06:35,29,11,0,40
2024-08-16T11:22:30,29,11,0,40
2024-08-16T11:38:25,29,11,0,40
2024-08-16T11:54:30,29,11,0,40
2024-08-16T12:10:25,29,11,0,40
2024-08-16T12:26:21,29,11,0,40
2024-08-16T12:42:15,29,11,0,40
2024-08-16T12:58:09,29,11,0,40
2024-08-16T13:14:13,29,11,0,40
2024-08-16T13:30:08,29,11,0,40
2024-08-16T13:46:03,29,11,0,40
2024-08-16T14:01:58,29,11,0,40
2024-08-16T14:17:53,29,11,0,40
2024-08-16T14:33:48,29,11,0,40
2024-08-16T14:49:53,29,11,0,40
2024-08-16T15:05:47,29,11,0,40
2024-08-16T15:21:42,29,11,0,40
2024-08-16T15:37:36,29,11,0,40
2024-08-16T15:53:31,29,11,0,40
2024-08-16T16:09:26,29,11,0,40
2024-08-16T16:25:29,29,11,0,40
2024-08-16T16:41:24,29,11,0,40
2024-08-16T16:57:19,29,11,0,40
2024-08-16T17:13:15,29,11,0,40
2024-08-16T17:29:11,29,11,0,40
2024-08-16T17:45:07,29,11,0,40
2024-08-16T18:01:01,29,11,0,40
2024-08-16T18:17:05,29,11,0,40
2024-08-16T18:33:00,29,11,0,40
2024-08-16T18:48:54,29,11,0,40
2024-08-16T19:04:49,29,11,0,40
2024-08-16T19:20:45,29,11,0,40
2024-08-16T19:36:40,29,11,0,40
2024-08-16T19:52:35,29,11,0,40
2024-08-16T20:08:38,29,11,0,40
2024-08-16T20:24:33,29,11,0,40
2024-08-16T20:40:28,29,11,0,40
2024-08-16T20:56:24,29,11,0,40
2024-08-16T21:12:19,29,11,0,40
2024-08-16T21:28:16,29,11,0,40
2024-08-16T21:44:12,29,11,0,40
2024-08-16T22:00:07,29,11,0,40
2024-08-16T22:16:12,29,11,0,40
2024-08-16T22:32:07,29,11,0,40
2024-08-16T22:48:02,29,11,0,40
2024-08-16T23:03:58,29,11,0,40
2024-08-16T23:19:53,29,11,0,40
2024-08-16T23:35:49,29,11,0,40
2024-08-16T23:51:45,29,11,0,40
2024-08-17T00:07:44,29,11,0,40
2024-08-17T00:23:56,29,11,0,40
2024-08-17T00:39:57,29,11,0,40
2024-08-17T00:55:58,29,11,0,40
2024-08-17T01:11:58,29,11,0,40
2024-08-17T01:27:57,29,11,0,40
2024-08-17T01:43:58,29,11,0,40
2024-08-17T01:59:56,29,11,0,40
2024-08-17T02:15:52,29,11,0,40
2024-08-17T02:31:56,29,11,0,40
2024-08-17T02:47:53,29,11,0,40
2024-08-17T03:03:48,29,11,0,40
2024-08-17T03:19:45,29,11,0,40
2024-08-17T03:35:52,29,11,0,40
2024-08-17T03:51:50,29,11,0,40
2024-08-17T04:07:48,29,11,0,40
2024-08-17T04:29:34,29,11,0,40
2024-08-17T04:45:45,29,11,0,40
2024-08-17T05:01:46,29,11,0,40
2024-08-17T05:17:45,29,11,0,40
2024-08-17T05:33:43,29,11,0,40
2024-08-17T05:49:42,29,11,0,40
2024-08-17T06:05:41,29,11,0,40
2024-08-17T06:21:39,29,11,0,40
2024-08-17T06:37:36,29,11,0,40
2024-08-17T06:53:35,29,11,0,40
2024-08-17T07:09:33,29,11,0,40
2024-08-17T07:25:32,29,11,0,40
2024-08-17T07:41:30,29,11,0,40
2024-08-17T07:57:26,29,11,0,40
2024-08-17T08:13:25,29,11,0,40
2024-08-17T08:29:32,29,11,0,40
2024-08-17T08:45:30,29,11,0,40
2024-08-17T09:01:28,29,11,0,40
2024-08-17T09:17:27,29,11,0,40
2024-08-17T09:33:25,29,11,0,40
2024-08-17T09:49:23,29,11,0,40
2024-08-17T10:05:19,29,11,0,40
2024-08-17T10:21:24,29,11,0,40
2024-08-17T10:37:21,29,11,0,40
2024-08-17T10:53:17,29,11,0,40
2024-08-17T11:09:14,29,11,0,40
2024-08-17T11:25:11,29,11,0,40
2024-08-17T11:41:08,29,11,0,40
2024-08-17T11:57:05,29,11,0,40
2024-08-17T12:13:02,29,11,0,40
2024-08-17T12:28:58,29,11,0,40
2024-08-17T12:45:00,29,11,0,40
2024-08-17T13:00:56,29,11,0,40
2024-08-17T13:16:51,29,11,0,40
2024-08-17T13:32:45,29,11,0,40
2024-08-17T13:48:41,29,11,0,40
2024-08-17T14:04:36,29,11,0,40
2024-08-17T14:20:31,29,11,0,40
2024-08-17T14:36:26,29,11,0,40
2024-08-17T14:52:22,29,11,0,40
2024-08-17T15:08:18,29,11,0,40
2024-08-17T15:24:21,29,11,0,40
2024-08-17T15:40:15,29,11,0,40
2024-08-17T15:56:10,29,11,0,40
2024-08-17T16:12:06,29,11,0,40
2024-08-17T16:28:01,29,11,0,40
2024-08-17T16:43:57,29,11,0,40
2024-08-17T16:59:52,29,11,0,40
2024-08-17T17:15:48,29,11,0,40
2024-08-17T17:31:43,29,11,0,40
2024-08-17T17:47:49,29,11,0,40
2024-08-17T18:03:44,29,11,0,40
2024-08-17T18:19:39,29,11,0,40
2024-08-17T18:35:34,29,11,0,40
2024-08-17T18:51:29,29,11,0,40
2024-08-17T19:07:24,29,11,0,40
2024-08-17T19:23:20,29,11,0,40
2024-08-17T19:39:14,29,11,0,40
2024-08-17T19:55:09,29,11,0,40
2024-08-17T20:11:13,29,11,0,40
2024-08-17T20:27:08,29,11,0,40
2024-08-17T20:43:03,29,11,0,40
2024-08-17T20:58:58,29,11,0,40
2024-08-17T21:14:53,29,11,0,40
2024-08-17T21:30:49,29,11,0,40
2024-08-17T21:46:43,29,11,0,40
2024-08-17T22:02:39,29,11,0,40
2024-08-17T22:18:37,29,11,0,40
2024-08-17T22:34:32,29,11,0,40
2024-08-17T22:50:36,29,11,0,40
2024-08-17T23:06:31,29,11,0,40
2024-08-17T23:22:27,29,11,0,40
2024-08-17T23:38:21,29,11,0,40
2024-08-17T23:54:15,29,11,0,40
2024-08-18T00:23:09,29,11,0,40
2024-08-18T00:52:46,29,11,0,40
2024-08-18T01:08:43,29,11,0,40
2024-08-18T01:24:38,29,11,0,40
2024-08-18T01:40:34,29,11,0,40
2024-08-18T01:56:39,29,11,0,40
2024-08-18T02:12:40,29,11,0,40
2024-08-18T02:28:40,29,11,0,40
2024-08-18T02:45:18,29,11,0,40
2024-08-18T03:01:26,29,11,0,40
2024-08-18T03:17:26,29,11,0,40
2024-08-18T03:33:25,29,11,0,40
2024-08-18T03:49:23,29,11,0,40
2024-08-18T04:05:23,29,11,0,40
2024-08-18T04:22:09,29,11,0,40
2024-08-18T04:38:11,29,11,0,40
2024-08-18T04:54:10,29,11,0,40
2024-08-18T05:10:09,29,11,0,40
2024-08-18T05:26:09,29,11,0,40
2024-08-18T05:42:08,29,11,0,40
2024-08-18T05:58:07,29,11,0,40
2024-08-18T06:14:06,29,11,0,40
2024-08-18T06:30:04,29,11,0,40
2024-08-18T06:46:02,29,11,0,40
2024-08-18T07:01:59,29,11,0,40
2024-08-18T07:17:57,29,11,0,40
2024-08-18T07:33:56,29,11,0,40
2024-08-18T07:49:57,29,11,0,40
2024-08-18T08:05:55,29,11,0,40
2024-08-18T08:21:51,29,11,0,40
2024-08-18T08:37:51,29,11,0,40
2024-08-18T08:53:47,29,11,0,40
2024-08-18T09:09:45,29,11,0,40
2024-08-18T09:25:50,29,11,0,40
2024-08-18T09:41:48,29,11,0,40
2024-08-18T09:57:44,29,11,0,40
2024-08-18T10:13:39,29,11,0,40
2024-08-18T10:29:36,29,11,0,40
2024-08-18T10:45:31,29,11,0,40
2024-08-18T11:01:25,29,11,0,40
2024-08-18T11:17:20,29,11,0,40
2024-08-18T11:33:14,29,11,0,40
2024-08-18T11:49:08,29,11,0,40
2024-08-18T12:05:03,29,11,0,40
2024-08-18T12:20:58,29,11,0,40
2024-08-18T12:37:01,29,11,0,40
2024-08-18T12:52:54,29,11,0,40
2024-08-18T13:08:49,29,11,0,40
2024-08-18T13:24:43,29,11,0,40
2024-08-18T13:40:38,29,11,0,40
2024-08-18T13:56:33,29,11,0,40
2024-08-18T14:12:28,29,11,0,40
2024-08-18T14:28:22,29,11,0,40
2024-08-18T14:44:18,29,11,0,40
2024-08-18T15:00:12,29,11,0,40
2024-08-18T15:16:16,29,11,0,40
2024-08-18T15:32:10,29,11,0,40
2024-08-18T15:48:04,29,11,0,40
2024-08-18T16:03:59,29,11,0,40
2024-08-18T16:19:54,29,11,0,40
2024-08-18T16:35:49,29,11,0,40
2024-08-18T16:51:45,29,11,0,40
2024-08-18T17:07:40,29,11,0,40
2024-08-18T17:23:36,29,11,0,40
2024-08-18T17:39:31,29,11,0,40
2024-08-18T17:55:25,29,11,0,40
2024-08-18T18:11:31,29,11,0,40
2024-08-18T18:27:27,29,11,0,40
2024-08-18T18:43:22,29,11,0,40
2024-08-18T18:59:19,29,11,0,40
2024-08-18T19:15:16,29,11,0,40
2024-08-18T19:31:22,29,11,0,40
2024-08-18T19:47:17,29,11,0,40
2024-08-18T20:03:12,29,11,0,40
2024-08-18T20:19:08,29,11,0,40
2024-08-18T20:35:03,29,11,0,40
2024-08-18T20:50:58,29,11,0,40
2024-08-18T21:06:53,29,11,0,40
2024-08-18T21:22:53,29,11,0,40
2024-08-18T21:38:51,29,11,0,40
2024-08-18T21:54:48,29,11,0,40
2024-08-18T22:10:54,29,11,0,40
2024-08-18T22:26:49,29,11,0,40
2024-08-18T22:42:45,29,11,0,40
2024-08-18T22:58:40,29,11,0,40
2024-08-18T23:14:36,29,11,0,40
2024-08-18T23:30:32,29,11,0,40
2024-08-18T23:46:28,29,11,0,40
2024-08-19T00:02:24,29,11,0,40
2024-08-19T00:18:38,29,11,0,40
2024-08-19T00:34:41,29,11,0,40
2024-08-19T00:50:45,29,11,0,40
2024-08-19T01:06:45,29,11,0,40
2024-08-19T01:22:42,29,11,0,40
2024-08-19T01:38:39,29,11,0,40
2024-08-19T01:54:55,29,11,0,40
2024-08-19T02:11:02,29,11,0,40
2024-08-19T02:26:59,29,11,0,40
2024-08-19T02:42:59,29,11,0,40
2024-08-19T02:59:09,29,11,0,40
2024-08-19T03:15:07,29,11,0,40
2024-08-19T03:31:05,29,11,0,40
2024-08-19T03:47:03,29,11,0,40
2024-08-19T04:03:03,29,11,0,40
2024-08-19T04:31:24,29,11,0,40
2024-08-19T04:47:24,29,11,0,40
2024-08-19T05:03:22,29,11,0,40
2024-08-19T05:19:22,29,11,0,40
2024-08-19T05:35:21,29,11,0,40
2024-08-19T05:51:21,29,11,0,40
2024-08-19T06:07:20,29,11,0,40
2024-08-19T06:23:19,29,11,0,40
2024-08-19T06:39:17,29,11,0,40
2024-08-19T06:55:16,29,11,0,40
2024-08-19T07:11:13,29,11,0,40
2024-08-19T07:27:15,29,11,0,40
2024-08-19T07:43:12,29,11,0,40
2024-08-19T07:59:06,29,11,0,40
2024-08-19T08:15:10,29,11,0,40
2024-08-19T08:31:08,29,11,0,40
2024-08-19T08:47:03,29,11,0,40
2024-08-19T09:03:00,29,11,0,40
2024-08-19T09:18:56,29,11,0,40
2024-08-19T09:34:52,29,11,0,40
2024-08-19T09:50:57,29,11,0,40
2024-08-19T10:06:52,29,11,0,40
2024-08-19T10:22:50,29,11,0,40
2024-08-19T10:38:45,29,11,0,40
2024-08-19T10:54:52,29,11,0,40
2024-08-19T11:10:50,29,11,0,40
2024-08-19T11:26:46,29,11,0,40
2024-08-19T11:42:43,29,11,0,40
2024-08-19T11:58:48,29,11,0,40
2024-08-19T12:14:44,29,11,0,40
2024-08-19T12:30:39,29,11,0,40
2024-08-19T12:46:34,29,11,0,40
2024-08-19T13:02:43,29,11,0,40
2024-08-19T13:18:40,29,11,0,40
2024-08-19T13:34:35,29,11,0,40
2024-08-19T13:50:34,29,11,0,40
2024-08-19T14:06:41,29,11,0,40
2024-08-19T14:22:36,29,11,0,40
2024-08-19T14:38:32,29,11,0,40
2024-08-19T14:54:29,29,11,0,40
2024-08-19T15:10:36,29,11,0,40
2024-08-19T15:26:33,29,11,0,40
2024-08-19T15:42:31,29,11,0,40
2024-08-19T15:58:28,29,11,0,40
2024-08-19T16:14:24,29,11,0,40
2024-08-19T16:30:32,29,11,0,40
2024-08-19T16:46:29,29,11,0,40
2024-08-19T17:02:26,29,11,0,40
2024-08-19T17:18:24,29,11,0,40
2024-08-19T17:34:21,29,11,0,40
2024-08-19T17:50:27,29,11,0,40
2024-08-19T18:06:24,29,11,0,40
2024-08-19T18:22:20,29,11,0,40
2024-08-19T18:38:16,29,11,0,40
2024-08-19T18:54:12,29,11,0,40
2024-08-19T19:10:08,29,11,0,40
2024-08-19T19:26:13,29,11,0,40
2024-08-19T19:42:09,29,11,0,40
2024-08-19T19:58:06,29,11,0,40
2024-08-19T20:14:02,29,11,0,40
2024-08-19T20:29:59,29,11,0,40
2024-08-19T20:45:55,29,11,0,40
2024-08-19T21:02:01,29,11,0,40
2024-08-19T21:17:57,29,11,0,40
2024-08-19T21:33:54,29,11,0,40
2024-08-19T21:49:50,29,11,0,40
2024-08-19T22:05:47,29,11,0,40
2024-08-19T22:21:43,29,11,0,40
2024-08-19T22:37:50,29,11,0,40
2024-08-19T22:53:46,29,11,0,40
2024-08-19T23:09:43,29,11,0,40
2024-08-19T23:25:39,29,11,0,40
2024-08-19T23:41:36,29,11,0,40
2024-08-19T23:57:33,29,11,0,40
2024-08-20T00:13:45,29,11,0,40
2024-08-20T00:29:56,29,11,0,40
2024-08-20T00:45:57,29,11,0,40
2024-08-20T01:02:02,29,11,0,40
2024-08-20T01:18:10,29,11,0,40
2024-08-20T01:34:58,29,11,0,40
2024-08-20T01:51:00,29,11,0,40
2024-08-20T02:06:58,29,11,0,40
2024-08-20T02:22:56,29,11,0,40
2024-08-20T02:39:08,29,11,0,40
2024-08-20T02:55:05,29,11,0,40
2024-08-20T03:11:02,29,11,0,40
2024-08-20T03:26:59,29,11,0,40
2024-08-20T03:43:07,29,11,0,40
2024-08-20T03:59:06,29,11,0,40
2024-08-20T04:36:46,29,11,0,40
2024-08-20T04:52:47,29,11,0,40
2024-08-20T05:08:46,29,11,0,40
2024-08-20T05:24:46,29,11,0,40
2024-08-20T05:40:44,29,11,0,40
2024-08-20T05:56:41,29,11,0,40
2024-08-20T06:12:36,29,11,0,40
2024-08-20T06:28:39,29,11,0,40
2024-08-20T06:44:57,29,11,0,40
2024-08-20T07:00:56,29,11,0,40
2024-08-20T07:16:56,29,11,0,40
2024-08-20T07:32:55,29,11,0,40
2024-08-20T07:48:52,29,11,0,40
2024-08-20T08:04:49,29,11,0,40
2024-08-20T08:20:55,29,11,0,40
2024-08-20T08:36:52,29,11,0,40
2024-08-20T08:52:49,29,11,0,40
2024-08-20T09:08:46,29,11,0,40
2024-08-20T09:24:45,29,11,0,40
2024-08-20T09:40:55,29,11,0,40
2024-08-20T09:56:54,29,11,0,40
2024-08-20T10:12:53,29,11,0,40
2024-08-20T10:29:01,29,11,0,40
2024-08-20T10:45:01,29,11,0,40
2024-08-20T11:01:00,29,11,0,40
2024-08-20T11:17:01,29,11,0,40
2024-08-20T11:33:11,29,11,0,40
2024-08-20T11:49:11,29,11,0,40
2024-08-20T12:05:09,29,11,0,40
2024-08-20T12:21:22,29,11,0,40
2024-08-20T12:37:20,29,11,0,40
2024-08-20T12:53:18,29,11,0,40
2024-08-20T13:09:30,29,11,0,40
2024-08-20T13:25:31,29,11,0,40
2024-08-20T13:41:28,29,11,0,40
2024-08-20T13:57:27,29,11,0,40
2024-08-20T14:13:37,29,11,0,40
2024-08-20T14:29:41,29,11,0,40
2024-08-20T14:45:40,29,11,0,40
2024-08-20T15:01:51,29,11,0,40
2024-08-20T15:17:52,29,11,0,40
2024-08-20T15:33:54,29,11,0,40
2024-08-20T15:50:02,29,11,0,40
2024-08-20T16:06:02,29,11,0,40
2024-08-20T16:22:00,29,11,0,40
2024-08-20T16:38:07,29,11,0,40
2024-08-20T16:54:04,29,11,0,40
2024-08-20T17:10:04,29,11,0,40
2024-08-20T17:26:15,29,11,0,40
2024-08-20T17:42:14,29,11,0,40
2024-08-20T17:58:10,29,11,0,40
2024-08-20T18:14:08,29,11,0,40
2024-08-20T18:30:18,29,11,0,40
2024-08-20T18:46:15,29,11,0,40
2024-08-20T19:02:14,29,11,0,40
2024-08-20T19:18:12,29,11,0,40
2024-08-20T19:34:23,29,11,0,40
2024-08-20T19:50:20,29,11,0,40
2024-08-20T20:06:17,29,11,0,40
2024-08-20T20:22:16,29,11,0,40
2024-08-20T20:38:23,29,11,0,40
2024-08-20T20:54:21,29,11,0,40
2024-08-20T21:10:17,29,11,0,40
2024-08-20T21:26:15,29,11,0,40
2024-08-20T21:42:22,29,11,0,40
2024-08-20T21:58:17,29,11,0,40
2024-08-20T22:14:13,29,11,0,40
2024-08-20T22:30:09,29,11,0,40
2024-08-20T22:46:05,29,11,0,40
2024-08-20T23:02:13,29,11,0,40
2024-08-20T23:18:10,29,11,0,40
2024-08-20T23:34:06,29,11,0,40
2024-08-20T23:50:02,29,11,0,40
2024-08-21T00:06:00,29,11,0,40
2024-08-21T00:22:02,29,11,0,40
2024-08-21T00:38:03,29,11,0,40
2024-08-21T00:54:09,29,11,0,40
2024-08-21T01:10:14,29,11,0,40
2024-08-21T01:26:25,29,11,0,40
2024-08-21T01:42:26,29,11,0,40
2024-08-21T01:58:28,29,11,0,40
2024-08-21T02:14:27,29,11,0,40
2024-08-21T02:30:27,29,11,0,40
2024-08-21T02:46:33,29,11,0,40
2024-08-21T03:02:34,29,11,0,40
2024-08-21T03:19:09,29,11,0,40
2024-08-21T03:35:10,29,11,0,40
2024-08-21T03:51:09,29,11,0,40
2024-08-21T04:07:08,29,11,0,40
2024-08-21T04:29:57,29,11,0,40
2024-08-21T04:45:59,29,11,0,40
2024-08-21T05:02:02,29,11,0,40
2024-08-21T05:18:04,29,11,0,40
2024-08-21T05:34:04,29,11,0,40
2024-08-21T05:50:05,29,11,0,40
2024-08-21T06:06:06,29,11,0,40
2024-08-21T06:22:06,29,11,0,40
2024-08-21T06:38:06,29,11,0,40
2024-08-21T06:54:05,29,11,0,40
2024-08-21T07:10:05,29,11,0,40
2024-08-21T07:26:04,29,11,0,40
2024-08-21T07:42:03,29,11,0,40
2024-08-21T07:58:02,29,11,0,40
2024-08-21T08:14:00,29,11,0,40
2024-08-21T08:29:58,29,11,0,40
2024-08-21T08:45:55,29,11,0,40
2024-08-21T09:02:06,29,11,0,40
2024-08-21T09:18:03,29,11,0,40
2024-08-21T09:34:07,29,11,0,40
2024-08-21T09:50:05,29,11,0,40
2024-08-21T10:06:23,29,11,0,40
2024-08-21T10:22:54,29,11,0,40
2024-08-21T10:39:44,29,11,0,40
2024-08-21T10:56:25,29,11,0,40
2024-08-21T11:13:04,29,11,0,40
2024-08-21T11:29:56,29,11,0,40
2024-08-21T11:46:48,29,11,0,40
2024-08-21T12:04:05,29,11,0,40
2024-08-21T12:20:50,29,11,0,40
2024-08-21T12:37:37,29,11,0,40
2024-08-21T12:54:26,29,11,0,40
2024-08-21T13:11:17,29,11,0,40
2024-08-21T13:28:25,29,11,0,40
2024-08-21T13:45:16,29,11,0,40
2024-08-21T14:02:06,29,11,0,40
2024-08-21T14:18:56,29,11,0,40
2024-08-21T14:36:00,29,11,0,40
2024-08-21T14:52:51,29,11,0,40
2024-08-21T15:09:44,29,11,0,40
2024-08-21T15:26:42,29,11,0,40
2024-08-21T15:43:56,29,11,0,40
2024-08-21T16:00:19,29,11,0,40
2024-08-21T16:16:16,29,11,0,40
2024-08-21T16:32:13,29,11,0,40
2024-08-21T16:48:11,29,11,0,40
2024-08-21T17:04:18,29,11,0,40
2024-08-21T17:20:16,29,11,0,40
2024-08-21T17:36:13,29,11,0,40
2024-08-21T17:52:09,29,11,0,40
2024-08-21T18:08:06,29,11,0,40
2024-08-21T18:24:02,29,11,0,40
2024-08-21T18:39:58,29,11,0,40
2024-08-21T18:56:04,29,11,0,40
2024-08-21T19:12:01,29,11,0,40
2024-08-21T19:27:58,29,11,0,40
2024-08-21T19:43:55,29,11,0,40
2024-08-21T19:59:51,29,11,0,40
2024-08-21T20:15:48,29,11,0,40
2024-08-21T20:31:44,29,11,0,40
2024-08-21T20:47:49,29,11,0,40
2024-08-21T21:03:45,29,11,0,40
2024-08-21T21:19:44,29,11,0,40
2024-08-21T21:35:41,29,11,0,40
2024-08-21T21:51:38,29,11,0,40
2024-08-21T22:07:35,29,11,0,40
2024-08-21T22:23:51,29,11,0,40
2024-08-21T22:39:47,29,11,0,40
2024-08-21T22:55:48,29,11,0,40
2024-08-21T23:11:46,29,11,0,40
2024-08-21T23:27:43,29,11,0,40
2024-08-21T23:43:40,29,11,0,40
2024-08-21T23:59:39,29,11,0,40
2024-08-22T00:15:51,29,11,0,40
2024-08-22T00:31:59,29,11,0,40
2024-08-22T00:48:04,29,11,0,40
2024-08-22T01:04:15,29,11,0,40
2024-08-22T01:20:20,29,11,0,40
2024-08-22T01:36:21,29,11,0,40
2024-08-22T01:52:22,29,11,0,40
2024-08-22T02:08:21,29,11,0,40
2024-08-22T02:24:20,29,11,0,40
2024-08-22T02:40:18,29,11,0,40
2024-08-22T02:56:16,29,11,0,40
2024-08-22T03:12:38,29,11,0,40
2024-08-22T03:28:37,29,11,0,40
2024-08-22T03:44:38,29,11,0,40
2024-08-22T04:01:17,29,11,0,40
2024-08-22T04:29:24,29,11,0,40
2024-08-22T04:45:26,29,11,0,40
2024-08-22T05:01:29,29,11,0,40
2024-08-22T05:17:30,29,11,0,40
2024-08-22T05:33:30,29,11,0,40
2024-08-22T05:49:34,29,11,0,40
2024-08-22T06:05:34,29,11,0,40
2024-08-22T06:21:35,29,11,0,40
2024-08-22T06:37:36,29,11,0,40
2024-08-22T06:53:38,29,11,0,40
2024-08-22T07:09:39,29,11,0,40
2024-08-22T07:25:38,29,11,0,40
2024-08-22T07:41:37,29,11,0,40
2024-08-22T07:57:35,29,11,0,40
2024-08-22T08:13:34,29,11,0,40
2024-08-22T08:29:34,29,11,0,40
2024-08-22T08:45:35,29,11,0,40
2024-08-22T09:01:41,29,11,0,40
2024-08-22T09:17:39,29,11,0,40
2024-08-22T09:33:36,29,11,0,40
2024-08-22T09:49:33,29,11,0,40
2024-08-22T10:05:30,29,11,0,40
2024-08-22T10:21:28,29,11,0,40
2024-08-22T10:37:25,29,11,0,40
2024-08-22T10:53:32,29,11,0,40
2024-08-22T11:09:33,29,11,0,40
2024-08-22T11:25:37,29,11,0,40
2024-08-22T11:41:41,29,11,0,40
2024-08-22T11:57:45,29,11,0,40
2024-08-22T12:13:48,29,11,0,40
2024-08-22T12:30:01,29,11,0,40
2024-08-22T12:46:06,29,11,0,40
2024-08-22T13:02:10,29,11,0,40
2024-08-22T13:18:14,29,11,0,40
2024-08-22T13:34:19,29,11,0,40
2024-08-22T13:50:24,29,11,0,40
2024-08-22T14:06:37,29,11,0,40
2024-08-22T14:22:41,29,11,0,40
2024-08-22T14:38:46,29,11,0,40
2024-08-22T14:54:50,29,11,0,40
2024-08-22T15:10:54,29,11,0,40
2024-08-22T15:26:58,29,11,0,40
2024-08-22T15:43:12,29,11,0,40
2024-08-22T15:59:12,29,11,0,40
2024-08-22T16:15:13,29,11,0,40
2024-08-22T16:31:17,29,11,0,40
2024-08-22T16:47:21,29,11,0,40
2024-08-22T17:03:25,29,11,0,40
2024-08-22T17:19:42,29,11,0,40
2024-08-22T17:35:46,29,11,0,40
2024-08-22T17:51:50,29,11,0,40
2024-08-22T18:07:54,29,11,0,40
2024-08-22T18:23:58,29,11,0,40
2024-08-22T18:40:01,29,11,0,40
2024-08-22T18:56:05,29,11,0,40
2024-08-22T19:12:09,29,11,0,40
2024-08-22T19:28:22,29,11,0,40
2024-08-22T19:44:26,29,11,0,40
2024-08-22T20:00:30,29,11,0,40
2024-08-22T20:16:35,29,11,0,40
2024-08-22T20:32:39,29,11,0,40
2024-08-22T20:48:43,29,11,0,40
2024-08-22T21:04:47,29,11,0,40
2024-08-22T21:20:52,29,11,0,40
2024-08-22T21:37:05,29,11,0,40
2024-08-22T21:53:09,29,11,0,40
2024-08-22T22:09:13,29,11,0,40
2024-08-22T22:25:18,29,11,0,40
2024-08-22T22:41:25,29,11,0,40
2024-08-22T22:57:34,29,11,0,40
2024-08-22T23:13:39,29,11,0,40
2024-08-22T23:29:54,29,11,0,40
2024-08-22T23:45:59,29,11,0,40
2024-08-23T00:02:04,29,11,0,40
2024-08-23T00:18:12,29,11,0,40
2024-08-23T00:34:21,29,11,0,40
2024-08-23T00:50:34,29,11,0,40
2024-08-23T01:06:50,29,11,0,40
2024-08-23T01:22:59,29,11,0,40
2024-08-23T01:39:07,29,11,0,40
2024-08-23T01:55:20,29,11,0,40
2024-08-23T02:11:28,29,11,0,40
2024-08-23T02:27:36,29,11,0,40
2024-08-23T02:43:51,29,11,0,40
2024-08-23T02:59:56,29,11,0,40
2024-08-23T03:16:03,29,11,0,40
2024-08-23T03:32:10,29,11,0,40
2024-08-23T03:48:17,29,11,0,40
2024-08-23T04:04:25,29,11,0,40
2024-08-23T04:25:24,29,11,0,40
2024-08-23T04:41:33,29,11,0,40
2024-08-23T04:57:41,29,11,0,40
2024-08-23T05:13:48,29,11,0,40
2024-08-23T05:29:54,29,11,0,40
2024-08-23T05:46:02,29,11,0,40
2024-08-23T06:02:08,29,11,0,40
2024-08-23T06:18:16,29,11,0,40
2024-08-23T06:34:22,29,11,0,40
2024-08-23T06:50:28,29,11,0,40
2024-08-23T07:07:02,29,11,0,40
2024-08-23T07:23:13,29,11,0,40
2024-08-23T07:39:21,29,11,0,40
2024-08-23T07:55:27,29,11,0,40
2024-08-23T08:11:34,29,11,0,40
2024-08-23T08:27:42,29,11,0,40
2024-08-23T08:43:49,29,11,0,40
2024-08-23T08:59:55,29,11,0,40
2024-08-23T09:16:11,29,11,0,40
2024-08-23T09:32:18,29,11,0,40
2024-08-23T09:48:25,29,11,0,40
2024-08-23T10:04:31,29,11,0,40
2024-08-23T10:20:37,29,11,0,40
2024-08-23T10:36:47,29,11,0,40
2024-08-23T10:52:54,29,11,0,40
2024-08-23T11:09:01,29,11,0,40
2024-08-23T11:25:20,29,11,0,40
2024-08-23T11:41:27,29,11,0,40
2024-08-23T11:57:33,29,11,0,40
2024-08-23T12:13:39,29,11,0,40
2024-08-23T12:29:46,29,11,0,40
2024-08-23T12:45:52,29,11,0,40
2024-08-23T13:01:59,29,11,0,40
2024-08-23T13:18:14,29,11,0,40
2024-08-23T13:34:21,29,11,0,40
2024-08-23T13:50:28,29,11,0,40
2024-08-23T14:06:34,29,11,0,40
2024-08-23T14:22:42,29,11,0,40
2024-08-23T14:38:49,29,11,0,40
2024-08-23T14:54:56,29,11,0,40
2024-08-23T15:11:12,29,11,0,40
2024-08-23T15:27:19,29,11,0,40
2024-08-23T15:43:26,29,11,0,40
2024-08-23T15:59:33,29,11,0,40
2024-08-23T16:15:41,29,11,0,40
2024-08-23T16:31:48,29,11,0,40
2024-08-23T16:47:54,29,11,0,40
2024-08-23T17:04:10,29,11,0,40
2024-08-23T17:20:18,29,11,0,40
2024-08-23T17:36:25,29,11,0,40
2024-08-23T17:52:32,29,11,0,40
2024-08-23T18:08:39,29,11,0,40
2024-08-23T18:24:46,29,11,0,40
2024-08-23T18:40:52,29,11,0,40
2024-08-23T18:56:58,29,11,0,40
2024-08-23T19:13:08,29,11,0,40
2024-08-23T19:29:24,29,11,0,40
2024-08-23T19:45:31,29,11,0,40
2024-08-23T20:01:38,29,11,0,40
2024-08-23T20:17:45,29,11,0,40
2024-08-23T20:33:53,29,11,0,40
2024-08-23T20:49:59,29,11,0,40
2024-08-23T21:06:06,29,11,0,40
2024-08-23T21:22:14,29,11,0,40
2024-08-23T21:38:21,29,11,0,40
2024-08-23T21:54:28,29,11,0,40
2024-08-23T22:10:35,29,11,0,40
2024-08-23T22:26:52,29,11,0,40
2024-08-23T22:43:00,29,11,0,40
2024-08-23T22:59:09,29,11,0,40
2024-08-23T23:15:17,29,11,0,40
2024-08-23T23:31:24,29,11,0,40
2024-08-23T23:47:31,29,11,0,40
2024-08-24T00:03:43,29,11,0,40
2024-08-24T00:19:57,29,11,0,40
2024-08-24T00:36:09,29,11,0,40
2024-08-24T00:52:21,29,11,0,40
2024-08-24T01:08:43,29,11,0,40
2024-08-24T01:24:53,29,11,0,40
2024-08-24T01:41:03,29,11,0,40
2024-08-24T01:57:13,29,11,0,40
2024-08-24T02:13:22,29,11,0,40
2024-08-24T02:29:39,29,11,0,40
2024-08-24T02:45:48,29,11,0,40
2024-08-24T03:01:55,29,11,0,40
2024-08-24T03:18:04,29,11,0,40
2024-08-24T03:34:13,29,11,0,40
2024-08-24T03:50:22,29,11,0,40
2024-08-24T04:06:32,29,11,0,40
2024-08-24T04:28:01,29,11,0,40
2024-08-24T04:44:13,29,11,0,40
2024-08-24T05:00:23,29,11,0,40
2024-08-24T05:16:29,29,11,0,40
2024-08-24T05:32:37,29,11,0,40
2024-08-24T05:48:45,29,11,0,40
2024-08-24T06:04:52,29,11,0,40
2024-08-24T06:20:58,29,11,0,40
2024-08-24T06:37:05,29,11,0,40
2024-08-24T06:53:40,29,11,0,40
2024-08-24T07:09:58,29,11,0,40
2024-08-24T07:26:08,29,11,0,40
2024-08-24T07:42:26,29,11,0,40
2024-08-24T07:58:35,29,11,0,40
2024-08-24T08:14:44,29,11,0,40
2024-08-24T08:30:53,29,11,0,40
2024-08-24T08:47:02,29,11,0,40
2024-08-24T09:03:11,29,11,0,40
2024-08-24T09:19:21,29,11,0,40
2024-08-24T09:35:30,29,11,0,40
2024-08-24T09:51:40,29,11,0,40
2024-08-24T10:07:50,29,11,0,40
2024-08-24T10:24:07,29,11,0,40
2024-08-24T10:40:16,29,11,0,40
2024-08-24T10:56:26,29,11,0,40
2024-08-24T11:12:35,29,11,0,40
2024-08-24T11:28:44,29,11,0,40
2024-08-24T11:44:54,29,11,0,40
2024-08-24T12:01:11,29,11,0,40
2024-08-24T12:17:20,29,11,0,40
2024-08-24T12:33:28,29,11,0,40
2024-08-24T12:49:36,29,11,0,40
2024-08-24T13:05:43,29,11,0,40
2024-08-24T13:21:52,29,11,0,40
2024-08-24T13:38:00,29,11,0,40
2024-08-24T13:54:08,29,11,0,40
2024-08-24T14:10:25,29,11,0,40
2024-08-24T14:26:34,30,10,0,40
2024-08-24T14:42:40,30,10,0,40
2024-08-24T14:58:47,30,10,0,40
2024-08-24T15:14:53,30,10,0,40
2024-08-24T15:31:00,30,10,0,40
2024-08-24T15:47:06,30,10,0,40
2024-08-24T16:03:12,30,10,0,40
2024-08-24T16:19:18,30,10,0,40
2024-08-24T16:35:25,30,10,0,40
2024-08-24T16:51:40,30,10,0,40
2024-08-24T17:07:47,30,10,0,40
2024-08-24T17:23:54,30,10,0,40
2024-08-24T17:40:00,30,10,0,40
2024-08-24T17:56:07,30,10,0,40
2024-08-24T18:12:13,30,10,0,40
2024-08-24T18:28:20,30,10,0,40
2024-08-24T18:44:26,30,10,0,40
2024-08-24T19:00:32,30,10,0,40
2024-08-24T19:16:48,30,10,0,40
2024-08-24T19:32:54,30,10,0,40
2024-08-24T19:49:01,30,10,0,40
2024-08-24T20:05:08,30,10,0,40
2024-08-24T20:21:14,30,10,0,40
2024-08-24T20:37:21,30,10,0,40
2024-08-24T20:53:30,30,10,0,40
2024-08-24T21:09:37,30,10,0,40
2024-08-24T21:25:44,30,10,0,40
2024-08-24T21:41:51,30,10,0,40
2024-08-24T21:58:08,30,10,0,40
2024-08-24T22:14:14,30,10,0,40
2024-08-24T22:30:21,30,10,0,40
2024-08-24T22:46:28,30,10,0,40
2024-08-24T23:02:36,30,10,0,40
2024-08-24T23:18:44,30,10,0,40
2024-08-24T23:34:51,30,10,0,40
2024-08-24T23:50:58,30,10,0,40
2024-08-25T00:07:06,30,10,0,40
2024-08-25T00:23:19,30,10,0,40
2024-08-25T00:39:36,30,10,0,40
2024-08-25T00:55:47,30,10,0,40
2024-08-25T01:11:56,30,10,0,40
2024-08-25T01:28:03,30,10,0,40
2024-08-25T01:44:10,30,10,0,40
2024-08-25T02:00:17,30,10,0,40
2024-08-25T02:16:25,30,10,0,40
2024-08-25T02:32:39,30,10,0,40
2024-08-25T02:48:49,30,10,0,40
2024-08-25T03:04:56,30,10,0,40
2024-08-25T03:21:08,30,10,0,40
2024-08-25T03:37:19,30,10,0,40
2024-08-25T03:53:33,30,10,0,40
2024-08-25T04:09:47,30,10,0,40
2024-08-25T04:29:12,30,10,0,40
2024-08-25T04:47:41,30,10,0,40
2024-08-25T05:04:54,30,10,0,40
2024-08-25T05:21:07,30,10,0,40
2024-08-25T05:37:19,30,10,0,40
2024-08-25T05:53:31,30,10,0,40
2024-08-25T06:09:43,30,10,0,40
2024-08-25T06:25:57,30,10,0,40
2024-08-25T06:42:10,30,10,0,40
2024-08-25T06:58:22,30,10,0,40
2024-08-25T07:14:34,30,10,0,40
2024-08-25T07:30:45,30,10,0,40
2024-08-25T07:46:56,30,10,0,40
2024-08-25T08:03:11,30,10,0,40
2024-08-25T08:19:22,30,10,0,40
2024-08-25T08:35:42,30,10,0,40
2024-08-25T08:51:55,30,10,0,40
2024-08-25T09:08:07,30,10,0,40
2024-08-25T09:24:21,30,10,0,40
2024-08-25T09:40:35,30,10,0,40
2024-08-25T09:56:49,30,10,0,40
2024-08-25T10:12:58,30,10,0,40
2024-08-25T10:29:06,30,10,0,40
2024-08-25T10:45:14,30,10,0,40
2024-08-25T11:01:22,30,10,0,40
2024-08-25T11:17:29,30,10,0,40
2024-08-25T11:33:36,30,10,0,40
2024-08-25T11:49:52,30,10,0,40
2024-08-25T12:06:00,30,10,0,40
2024-08-25T12:22:07,30,10,0,40
2024-08-25T12:38:15,30,10,0,40
2024-08-25T12:54:23,30,10,0,40
2024-08-25T13:10:31,30,10,0,40
2024-08-25T13:26:38,30,10,0,40
2024-08-25T13:42:46,30,10,0,40
2024-08-25T13:58:53,30,10,0,40
2024-08-25T14:15:00,30,10,0,40
2024-08-25T14:31:07,30,10,0,40
2024-08-25T14:47:26,30,10,0,40
2024-08-25T15:03:33,30,10,0,40
2024-08-25T15:19:42,30,10,0,40
2024-08-25T15:35:49,30,10,0,40
2024-08-25T15:51:56,30,10,0,40
2024-08-25T16:08:03,30,10,0,40
2024-08-25T16:24:12,30,10,0,40
2024-08-25T16:40:20,30,10,0,40
2024-08-25T16:56:28,30,10,0,40
2024-08-25T17:12:35,30,10,0,40
2024-08-25T17:28:44,30,10,0,40
2024-08-25T17:45:04,30,10,0,40
2024-08-25T18:01:10,30,10,0,40
2024-08-25T18:17:18,30,10,0,40
2024-08-25T18:33:26,30,10,0,40
2024-08-25T18:49:34,30,10,0,40
2024-08-25T19:05:43,30,10,0,40
2024-08-25T19:21:52,30,10,0,40
2024-08-25T19:37:59,30,10,0,40
2024-08-25T19:54:16,30,10,0,40
2024-08-25T20:10:23,30,10,0,40
2024-08-25T20:26:31,30,10,0,40
2024-08-25T20:42:38,30,10,0,40
2024-08-25T20:58:46,30,10,0,40
2024-08-25T21:14:53,30,10,0,40
2024-08-25T21:31:02,30,10,0,40
2024-08-25T21:47:12,30,10,0,40
2024-08-25T22:03:25,30,10,0,40
2024-08-25T22:19:33,30,10,0,40
2024-08-25T22:35:53,30,10,0,40
2024-08-25T22:52:01,30,10,0,40
2024-08-25T23:08:09,30,10,0,40
2024-08-25T23:24:17,30,10,0,40
2024-08-25T23:40:26,30,10,0,40
2024-08-25T23:56:34,30,10,0,40
2024-08-26T00:12:44,30,10,0,40
2024-08-26T00:29:06,30,10,0,40
2024-08-26T00:45:20,30,10,0,40
2024-08-26T01:01:47,30,10,0,40
2024-08-26T01:18:13,30,10,0,40
2024-08-26T01:34:27,30,10,0,40
2024-08-26T01:50:39,30,10,0,40
2024-08-26T02:06:52,30,10,0,40
2024-08-26T02:23:33,30,10,0,40
2024-08-26T02:39:44,30,10,0,40
2024-08-26T02:55:54,30,10,0,40
2024-08-26T03:12:05,30,10,0,40
2024-08-26T03:28:17,30,10,0,40
2024-08-26T03:44:28,30,10,0,40
2024-08-26T04:00:39,30,10,0,40
2024-08-26T04:28:10,30,10,0,40
2024-08-26T04:44:24,30,10,0,40
2024-08-26T05:00:36,30,10,0,40
2024-08-26T05:16:51,30,10,0,40
2024-08-26T05:33:03,30,10,0,40
2024-08-26T05:49:15,30,10,0,40
2024-08-26T06:05:26,30,10,0,40
2024-08-26T06:21:40,30,10,0,40
2024-08-26T06:37:52,30,10,0,40
2024-08-26T06:54:03,30,10,0,40
2024-08-26T07:10:13,30,10,0,40
2024-08-26T07:26:21,30,10,0,40
2024-08-26T07:42:29,30,10,0,40
2024-08-26T07:58:36,30,10,0,40
2024-08-26T08:14:44,30,10,0,40
2024-08-26T08:30:55,30,10,0,40
2024-08-26T08:47:03,30,10,0,40
2024-08-26T09:03:11,30,10,0,40
2024-08-26T09:19:26,30,10,0,40
2024-08-26T09:35:35,30,10,0,40
2024-08-26T09:51:43,30,10,0,40
2024-08-26T10:07:50,30,10,0,40
2024-08-26T10:23:58,30,10,0,40
2024-08-26T10:40:07,30,10,0,40
2024-08-26T10:56:14,30,10,0,40
2024-08-26T11:12:32,30,10,0,40
2024-08-26T11:28:41,30,10,0,40
2024-08-26T11:44:50,30,10,0,40
2024-08-26T12:01:04,30,10,0,40
2024-08-26T12:17:25,30,10,0,40
2024-08-26T12:33:56,30,10,0,40
2024-08-26T12:50:17,30,10,0,40
2024-08-26T13:06:38,30,10,0,40
2024-08-26T13:23:00,30,10,0,40
2024-08-26T13:39:22,30,10,0,40
2024-08-26T13:55:52,30,10,0,40
2024-08-26T14:12:13,30,10,0,40
2024-08-26T14:28:34,30,10,0,40
2024-08-26T14:44:54,30,10,0,40
2024-08-26T15:01:15,30,10,0,40
2024-08-26T15:17:36,30,10,0,40
2024-08-26T15:34:07,30,10,0,40
2024-08-26T15:50:28,30,10,0,40
2024-08-26T16:06:49,30,10,0,40
2024-08-26T16:23:09,30,10,0,40
2024-08-26T16:39:30,30,10,0,40
2024-08-26T16:55:50,30,10,0,40
2024-08-26T17:12:22,30,10,0,40
2024-08-26T17:28:43,30,10,0,40
2024-08-26T17:45:04,30,10,0,40
2024-08-26T18:01:25,30,10,0,40
2024-08-26T18:17:47,30,10,0,40
2024-08-26T18:34:08,30,10,0,40
2024-08-26T18:50:39,30,10,0,40
2024-08-26T19:07:00,30,10,0,40
2024-08-26T19:23:22,30,10,0,40
2024-08-26T19:39:48,30,10,0,40
2024-08-26T20:03:37,30,10,0,40
2024-08-26T20:45:15,30,10,0,40
2024-08-26T21:12:28,30,10,0,40
2024-08-26T21:30:04,30,10,0,40
2024-08-26T21:57:26,30,10,0,40
2024-08-26T22:18:54,30,10,0,40
2024-08-26T22:44:07,30,10,0,40
2024-08-26T23:00:40,30,10,0,40
2024-08-26T23:17:02,30,10,0,40
2024-08-26T23:33:24,30,10,0,40
2024-08-26T23:49:58,30,10,0,40
2024-08-27T00:06:20,30,10,0,40
2024-08-27T00:22:44,30,10,0,40
2024-08-27T00:39:16,30,10,0,40
2024-08-27T00:55:52,30,10,0,40
2024-08-27T01:12:22,30,10,0,40
2024-08-27T01:28:48,30,10,0,40
2024-08-27T01:45:25,30,10,0,40
2024-08-27T02:01:50,30,10,0,40
2024-08-27T02:18:13,30,10,0,40
2024-08-27T02:34:36,30,10,0,40
2024-08-27T02:50:58,30,10,0,40
2024-08-27T03:07:21,30,10,0,40
2024-08-27T03:23:50,30,10,0,40
2024-08-27T03:40:14,30,10,0,40
2024-08-27T03:56:38,30,10,0,40
2024-08-27T04:13:03,30,10,0,40
2024-08-27T04:30:54,30,10,0,40
2024-08-27T04:47:21,30,10,0,40
2024-08-27T05:03:46,30,10,0,40
2024-08-27T05:20:10,30,10,0,40
2024-08-27T05:36:33,30,10,0,40
2024-08-27T05:52:55,30,10,0,40
2024-08-27T06:09:22,30,10,0,40
2024-08-27T06:26:22,30,10,0,40
2024-08-27T06:42:47,30,10,0,40
2024-08-27T06:59:12,30,10,0,40
2024-08-27T07:15:39,29,11,0,40
2024-08-27T07:32:07,29,11,0,40
2024-08-27T07:48:29,29,11,0,40
2024-08-27T08:04:56,29,11,0,40
2024-08-27T08:21:20,29,11,0,40
2024-08-27T08:37:52,29,11,0,40
2024-08-27T08:54:16,29,11,0,40
2024-08-27T09:10:40,29,11,0,40
2024-08-27T09:27:04,29,11,0,40
2024-08-27T09:43:27,29,11,0,40
2024-08-27T09:59:52,29,11,0,40
2024-08-27T10:16:17,29,11,0,40
2024-08-27T10:32:52,29,11,0,40
2024-08-27T10:49:16,29,11,0,40
2024-08-27T11:05:40,29,11,0,40
2024-08-27T11:22:02,29,11,0,40
2024-08-27T11:38:30,29,11,0,40
2024-08-27T11:55:02,29,11,0,40
2024-08-27T12:11:25,29,11,0,40
2024-08-27T12:27:48,29,11,0,40
2024-08-27T12:44:12,29,11,0,40
2024-08-27T13:00:33,29,11,0,40
2024-08-27T13:17:11,29,11,0,40
2024-08-27T13:33:33,29,11,0,40
2024-08-27T13:49:54,29,11,0,40
2024-08-27T14:06:18,29,11,0,40
2024-08-27T14:22:51,29,11,0,40
2024-08-27T14:39:14,29,11,0,40
2024-08-27T14:55:36,29,11,0,40
2024-08-27T15:11:58,29,11,0,40
2024-08-27T15:28:20,29,11,0,40
2024-08-27T15:44:54,29,11,0,40
2024-08-27T16:01:16,29,11,0,40
2024-08-27T16:17:38,29,11,0,40
2024-08-27T16:34:00,29,11,0,40
2024-08-27T16:50:23,29,11,0,40
2024-08-27T17:06:46,29,11,0,40
2024-08-27T17:23:18,29,11,0,40
2024-08-27T17:39:39,29,11,0,40
2024-08-27T17:56:02,29,11,0,40
2024-08-27T18:12:24,29,11,0,40
2024-08-27T18:28:46,29,11,0,40
2024-08-27T18:45:09,29,11,0,40
2024-08-27T19:01:40,29,11,0,40
2024-08-27T19:18:02,29,11,0,40
2024-08-27T19:34:24,29,11,0,40
2024-08-27T19:50:50,29,11,0,40
2024-08-27T20:07:15,29,11,0,40
2024-08-27T20:23:37,29,11,0,40
2024-08-27T20:40:00,29,11,0,40
2024-08-27T20:56:39,29,11,0,40
2024-08-27T21:13:01,29,11,0,40
2024-08-27T21:29:23,29,11,0,40
2024-08-27T21:45:45,29,11,0,40
2024-08-27T22:02:12,29,11,0,40
2024-08-27T22:18:34,29,11,0,40
2024-08-27T22:35:07,29,11,0,40
2024-08-27T22:51:28,29,11,0,40
2024-08-27T23:07:51,29,11,0,40
2024-08-27T23:24:18,29,11,0,40
2024-08-27T23:40:40,29,11,0,40
2024-08-27T23:57:02,29,11,0,40
2024-08-28T00:13:32,29,11,0,40
2024-08-28T00:30:06,29,11,0,40
2024-08-28T00:46:34,29,11,0,40
2024-08-28T01:03:17,29,11,0,40
2024-08-28T01:19:47,29,11,0,40
2024-08-28T01:36:14,29,11,0,40
2024-08-28T01:52:40,29,11,0,40
2024-08-28T02:09:06,29,11,0,40
2024-08-28T02:25:31,29,11,0,40
2024-08-28T02:41:59,29,11,0,40
2024-08-28T02:58:26,29,11,0,40
2024-08-28T03:15:13,29,11,0,40
2024-08-28T03:31:44,29,11,0,40
2024-08-28T03:48:10,29,11,0,40
2024-08-28T04:04:36,29,11,0,40
2024-08-28T04:22:16,29,11,0,40
2024-08-28T04:38:44,29,11,0,40
2024-08-28T04:55:12,29,11,0,40
2024-08-28T05:11:42,29,11,0,40
2024-08-28T05:28:06,29,11,0,40
2024-08-28T05:44:32,29,11,0,40
2024-08-28T06:00:59,29,11,0,40
2024-08-28T06:17:25,29,11,0,40
2024-08-28T06:33:51,29,11,0,40
2024-08-28T06:50:17,29,11,0,40
2024-08-28T07:06:44,29,11,0,40
2024-08-28T07:23:10,29,11,0,40
2024-08-28T07:39:35,29,11,0,40
2024-08-28T07:56:02,29,11,0,40
2024-08-28T08:12:30,29,11,0,40
2024-08-28T08:28:57,29,11,0,40
2024-08-28T08:45:18,29,11,0,40
2024-08-28T09:01:40,29,11,0,40
2024-08-28T09:18:02,29,11,0,40
2024-08-28T09:34:35,29,11,0,40
2024-08-28T09:50:56,29,11,0,40
2024-08-28T10:07:18,29,11,0,40
2024-08-28T10:23:43,29,11,0,40
2024-08-28T10:40:04,29,11,0,40
2024-08-28T10:56:27,29,11,0,40
2024-08-28T11:12:49,29,11,0,40
2024-08-28T11:29:20,29,11,0,40
2024-08-28T11:45:42,29,11,0,40
2024-08-28T12:02:04,29,11,0,40
2024-08-28T12:18:27,29,11,0,40
2024-08-28T12:34:49,29,11,0,40
2024-08-28T12:51:10,29,11,0,40
2024-08-28T13:07:42,29,11,0,40
2024-08-28T13:24:04,29,11,0,40
2024-08-28T13:40:26,29,11,0,40
2024-08-28T13:56:52,29,11,0,40
2024-08-28T14:13:14,29,11,0,40
2024-08-28T14:29:37,29,11,0,40
2024-08-28T14:46:11,29,11,0,40
2024-08-28T15:02:35,29,11,0,40
2024-08-28T15:19:02,29,11,0,40
2024-08-28T15:35:25,29,11,0,40
2024-08-28T15:51:49,29,11,0,40
2024-08-28T16:08:24,29,11,0,40
2024-08-28T16:24:48,29,11,0,40
2024-08-28T16:41:11,29,11,0,40
2024-08-28T16:57:35,29,11,0,40
2024-08-28T17:14:00,29,11,0,40
2024-08-28T17:30:23,29,11,0,40
2024-08-28T17:46:56,29,11,0,40
2024-08-28T18:03:19,29,11,0,40
2024-08-28T18:19:42,29,11,0,40
2024-08-28T18:36:06,29,11,0,40
2024-08-28T18:52:29,29,11,0,40
2024-08-28T19:08:54,29,11,0,40
2024-08-28T19:25:27,29,11,0,40
2024-08-28T19:41:50,29,11,0,40
2024-08-28T19:58:15,29,11,0,40
2024-08-28T20:14:38,29,11,0,40
2024-08-28T20:31:03,29,11,0,40
2024-08-28T20:47:37,29,11,0,40
2024-08-28T21:04:00,29,11,0,40
2024-08-28T21:20:24,29,11,0,40
2024-08-28T21:36:49,29,11,0,40
2024-08-28T21:53:22,29,11,0,40
2024-08-28T22:09:46,29,11,0,40
2024-08-28T22:26:10,29,11,0,40
2024-08-28T22:42:43,29,11,0,40
2024-08-28T22:59:07,29,11,0,40
2024-08-28T23:15:31,29,11,0,40
2024-08-28T23:31:56,29,11,0,40
2024-08-28T23:48:20,29,11,0,40
2024-08-29T00:04:47,29,11,0,40
2024-08-29T00:21:23,29,11,0,40
2024-08-29T00:37:53,29,11,0,40
2024-08-29T00:54:27,29,11,0,40
2024-08-29T01:11:00,29,11,0,40
2024-08-29T01:27:29,29,11,0,40
2024-08-29T01:44:07,29,11,0,40
2024-08-29T02:00:38,29,11,0,40
2024-08-29T02:17:05,29,11,0,40
2024-08-29T02:33:31,29,11,0,40
2024-08-29T02:49:56,29,11,0,40
2024-08-29T03:06:26,29,11,0,40
2024-08-29T03:22:52,29,11,0,40
2024-08-29T03:39:18,29,11,0,40
2024-08-29T03:55:44,29,11,0,40
2024-08-29T04:12:12,29,11,0,40
2024-08-29T04:34:02,29,11,0,40
2024-08-29T04:50:30,29,11,0,40
2024-08-29T05:06:56,29,11,0,40
2024-08-29T05:23:39,29,11,0,40
2024-08-29T05:40:28,29,11,0,40
2024-08-29T05:57:11,29,11,0,40
2024-08-29T06:13:41,29,11,0,40
2024-08-29T06:30:08,29,11,0,40
2024-08-29T06:46:36,29,11,0,40
2024-08-29T07:03:08,29,11,0,40
2024-08-29T07:19:39,29,11,0,40
2024-08-29T07:36:06,29,11,0,40
2024-08-29T07:52:32,29,11,0,40
2024-08-29T08:08:59,29,11,0,40
2024-08-29T08:25:26,29,11,0,40
2024-08-29T08:41:52,29,11,0,40
2024-08-29T08:58:20,29,11,0,40
2024-08-29T09:14:48,29,11,0,40
2024-08-29T09:31:22,29,11,0,40
2024-08-29T09:47:53,29,11,0,40
2024-08-29T10:04:19,29,11,0,40
2024-08-29T10:20:45,29,11,0,40
2024-08-29T10:37:10,29,11,0,40
2024-08-29T10:53:33,29,11,0,40
2024-08-29T11:10:05,29,11,0,40
2024-08-29T11:26:29,29,11,0,40
2024-08-29T11:42:52,29,11,0,40
2024-08-29T11:59:17,29,11,0,40
2024-08-29T12:15:40,29,11,0,40
2024-08-29T12:32:13,29,11,0,40
2024-08-29T12:48:35,29,11,0,40
2024-08-29T13:04:58,29,11,0,40
2024-08-29T13:21:20,29,11,0,40
2024-08-29T13:37:43,29,11,0,40
2024-08-29T13:54:06,29,11,0,40
2024-08-29T14:10:38,29,11,0,40
2024-08-29T14:27:00,29,11,0,40
2024-08-29T14:43:23,29,11,0,40
2024-08-29T14:59:50,29,11,0,40
2024-08-29T15:16:13,29,11,0,40
2024-08-29T15:32:37,29,11,0,40
2024-08-29T15:49:11,29,11,0,40
2024-08-29T16:05:35,29,11,0,40
2024-08-29T16:21:59,29,11,0,40
2024-08-29T16:38:23,29,11,0,40
2024-08-29T16:54:47,29,11,0,40
2024-08-29T17:11:11,29,11,0,40
2024-08-29T17:27:35,29,11,0,40
2024-08-29T17:44:10,29,11,0,40
2024-08-29T18:00:33,29,11,0,40
2024-08-29T18:16:57,29,11,0,40
2024-08-29T18:33:21,29,11,0,40
2024-08-29T18:49:45,29,11,0,40
2024-08-29T19:06:12,29,11,0,40
2024-08-29T19:22:36,29,11,0,40
2024-08-29T19:39:14,29,11,0,40
2024-08-29T19:55:38,29,11,0,40
2024-08-29T20:12:02,29,11,0,40
2024-08-29T20:28:26,29,11,0,40
2024-08-29T20:44:50,29,11,0,40
2024-08-29T21:01:13,29,11,0,40
2024-08-29T21:17:37,29,11,0,40
2024-08-29T21:34:02,29,11,0,40
2024-08-29T21:50:38,29,11,0,40
2024-08-29T22:07:03,29,11,0,40
2024-08-29T22:23:27,29,11,0,40
2024-08-29T22:39:52,29,11,0,40
2024-08-29T22:56:17,29,11,0,40
2024-08-29T23:12:42,29,11,0,40
2024-08-29T23:29:07,29,11,0,40
2024-08-29T23:45:31,29,11,0,40
2024-08-30T00:01:55,29,11,0,40
2024-08-30T00:18:40,29,11,0,40
2024-08-30T00:35:10,29,11,0,40
2024-08-30T00:51:44,29,11,0,40
2024-08-30T01:08:18,29,11,0,40
2024-08-30T01:24:49,29,11,0,40
2024-08-30T01:41:17,29,11,0,40
2024-08-30T01:58:04,29,11,0,40
2024-08-30T02:15:42,29,11,0,40
2024-08-30T02:32:10,29,11,0,40
2024-08-30T02:48:41,29,11,0,40
2024-08-30T03:05:08,29,11,0,40
2024-08-30T03:21:35,29,11,0,40
2024-08-30T03:38:10,29,11,0,40
2024-08-30T03:56:19,29,11,0,40
2024-08-30T04:22:06,29,11,0,40
2024-08-30T04:38:38,29,11,0,40
2024-08-30T04:55:06,29,11,0,40
2024-08-30T05:11:33,29,11,0,40
2024-08-30T05:28:03,29,11,0,40
2024-08-30T05:44:31,29,11,0,40
2024-08-30T06:00:58,29,11,0,40
2024-08-30T06:17:23,29,11,0,40
2024-08-30T06:33:50,29,11,0,40
2024-08-30T06:50:16,29,11,0,40
2024-08-30T07:06:46,29,11,0,40
2024-08-30T07:23:16,29,11,0,40
2024-08-30T07:39:53,29,11,0,40
2024-08-30T07:56:23,29,11,0,40
2024-08-30T08:12:50,29,11,0,40
2024-08-30T08:29:17,29,11,0,40
2024-08-30T08:45:44,29,11,0,40
2024-08-30T09:02:20,29,11,0,40
2024-08-30T09:18:48,29,11,0,40
2024-08-30T09:35:14,29,11,0,40
2024-08-30T09:51:40,29,11,0,40
2024-08-30T10:08:06,29,11,0,40
2024-08-30T10:24:32,29,11,0,40
2024-08-30T10:40:58,29,11,0,40
2024-08-30T10:57:24,29,11,0,40
2024-08-30T11:14:01,29,11,0,40
2024-08-30T11:30:27,29,11,0,40
2024-08-30T11:46:53,29,11,0,40
2024-08-30T12:03:21,29,11,0,40
2024-08-30T12:19:48,29,11,0,40
2024-08-30T12:36:13,29,11,0,40
2024-08-30T12:52:47,29,11,0,40
2024-08-30T13:09:11,29,11,0,40
2024-08-30T13:25:34,29,11,0,40
2024-08-30T13:41:58,29,11,0,40
2024-08-30T13:58:22,29,11,0,40
2024-08-30T14:14:55,29,11,0,40
2024-08-30T14:31:21,29,11,0,40
2024-08-30T14:47:49,29,11,0,40
2024-08-30T15:04:13,29,11,0,40
2024-08-30T15:20:37,29,11,0,40
2024-08-30T15:37:01,29,11,0,40
2024-08-30T15:53:35,29,11,0,40
2024-08-30T16:09:59,29,11,0,40
2024-08-30T16:26:27,29,11,0,40
2024-08-30T16:42:50,29,11,0,40
2024-08-30T16:59:14,29,11,0,40
2024-08-30T17:15:39,29,11,0,40
2024-08-30T17:32:02,29,11,0,40
2024-08-30T17:48:35,29,11,0,40
2024-08-30T18:04:58,29,11,0,40
2024-08-30T18:21:22,29,11,0,40
2024-08-30T18:37:46,29,11,0,40
2024-08-30T18:54:10,29,11,0,40
2024-08-30T19:10:33,29,11,0,40
2024-08-30T19:26:57,29,11,0,40
2024-08-30T19:43:30,29,11,0,40
2024-08-30T19:59:54,29,11,0,40
2024-08-30T20:16:19,29,11,0,40
2024-08-30T20:32:47,29,11,0,40
2024-08-30T20:49:10,29,11,0,40
2024-08-30T21:05:34,29,11,0,40
2024-08-30T21:21:59,29,11,0,40
2024-08-30T21:38:33,29,11,0,40
2024-08-30T21:54:58,29,11,0,40
2024-08-30T22:11:26,29,11,0,40
2024-08-30T22:27:50,29,11,0,40
2024-08-30T22:44:14,29,11,0,40
2024-08-30T23:00:40,29,11,0,40
2024-08-30T23:17:09,29,11,0,40
2024-08-30T23:33:34,29,11,0,40
2024-08-30T23:50:08,29,11,0,40
2024-08-31T00:06:32,29,11,0,40
2024-08-31T00:23:05,29,11,0,40
2024-08-31T00:39:35,29,11,0,40
2024-08-31T00:56:10,29,11,0,40
2024-08-31T01:12:39,29,11,0,40
2024-08-31T01:29:06,29,11,0,40
2024-08-31T01:45:33,29,11,0,40
2024-08-31T02:02:07,29,11,0,40
2024-08-31T02:18:31,29,11,0,40
2024-08-31T02:34:55,29,11,0,40
2024-08-31T02:51:21,29,11,0,40
2024-08-31T03:07:45,29,11,0,40
2024-08-31T03:24:10,29,11,0,40
2024-08-31T03:40:36,29,11,0,40
2024-08-31T03:57:07,29,11,0,40
2024-08-31T04:13:42,29,11,0,40
2024-08-31T04:33:35,29,11,0,40
2024-08-31T04:50:05,29,11,0,40
2024-08-31T05:06:33,29,11,0,40
2024-08-31T05:23:06,29,11,0,40
2024-08-31T05:39:33,29,11,0,40
2024-08-31T05:56:00,29,11,0,40
2024-08-31T06:12:24,29,11,0,40
2024-08-31T06:28:48,29,11,0,40
2024-08-31T06:45:12,29,11,0,40
2024-08-31T07:01:36,29,11,0,40
2024-08-31T07:18:01,29,11,0,40
2024-08-31T07:34:28,29,11,0,40
2024-08-31T07:50:51,29,11,0,40
2024-08-31T08:07:16,29,11,0,40
2024-08-31T08:24:18,29,11,0,40
2024-08-31T08:41:59,29,11,0,40
2024-08-31T08:58:26,29,11,0,40
2024-08-31T09:14:54,29,11,0,40
2024-08-31T09:31:21,29,11,0,40
2024-08-31T09:47:48,29,11,0,40
2024-08-31T10:04:14,29,11,0,40
2024-08-31T10:20:50,29,11,0,40
2024-08-31T10:37:18,29,11,0,40
2024-08-31T10:53:44,29,11,0,40
2024-08-31T11:10:11,29,11,0,40
2024-08-31T11:26:39,29,11,0,40
2024-08-31T11:43:09,29,11,0,40
2024-08-31T11:59:35,29,11,0,40
2024-08-31T12:16:03,29,11,0,40
2024-08-31T12:32:39,29,11,0,40
2024-08-31T12:49:06,29,11,0,40
2024-08-31T13:05:33,29,11,0,40
2024-08-31T13:22:00,29,11,0,40
2024-08-31T13:38:27,29,11,0,40
2024-08-31T13:54:52,29,11,0,40
2024-08-31T14:11:18,29,11,0,40
2024-08-31T14:27:44,29,11,0,40
2024-08-31T14:44:10,29,11,0,40
2024-08-31T15:00:44,29,11,0,40
2024-08-31T15:17:11,29,11,0,40
2024-08-31T15:33:37,29,11,0,40
2024-08-31T15:50:03,29,11,0,40
2024-08-31T16:06:31,29,11,0,40
2024-08-31T16:22:55,29,11,0,40
2024-08-31T16:39:18,29,11,0,40
2024-08-31T16:55:42,29,11,0,40
2024-08-31T17:12:06,29,11,0,40
2024-08-31T17:28:30,29,11,0,40
2024-08-31T17:45:01,29,11,0,40
2024-08-31T18:01:25,29,11,0,40
2024-08-31T18:17:48,29,11,0,40
2024-08-31T18:34:11,29,11,0,40
2024-08-31T18:50:35,29,11,0,40
2024-08-31T19:06:59,29,11,0,40
2024-08-31T19:23:22,29,11,0,40
2024-08-31T19:39:46,29,11,0,40
2024-08-31T19:56:10,29,11,0,40
2024-08-31T20:12:33,29,11,0,40
2024-08-31T20:28:56,29,11,0,40
2024-08-31T20:45:30,29,11,0,40
2024-08-31T21:01:53,29,11,0,40
2024-08-31T21:18:17,29,11,0,40
2024-08-31T21:34:41,29,11,0,40
2024-08-31T21:51:04,29,11,0,40
2024-08-31T22:07:28,29,11,0,40
2024-08-31T22:23:51,29,11,0,40
2024-08-31T22:40:14,29,11,0,40
2024-08-31T22:56:39,29,11,0,40
2024-08-31T23:13:04,29,11,0,40
2024-08-31T23:29:29,29,11,0,40
2024-08-31T23:45:53,29,11,0,40
2024-09-01T00:02:26,29,11,0,40
2024-09-01T00:18:56,29,11,0,40
2024-09-01T00:35:27,29,11,0,40
2024-09-01T00:51:55,29,11,0,40
2024-09-01T01:08:22,29,11,0,40
2024-09-01T01:24:47,29,11,0,40
2024-09-01T01:41:14,29,11,0,40
2024-09-01T01:57:40,29,11,0,40
2024-09-01T02:14:07,29,11,0,40
2024-09-01T02:30:32,29,11,0,40
2024-09-01T02:46:59,29,11,0,40
2024-09-01T03:03:23,29,11,0,40
2024-09-01T03:19:47,29,11,0,40
2024-09-01T03:36:10,29,11,0,40
2024-09-01T03:52:34,29,11,0,40
2024-09-01T04:22:21,29,11,0,40
2024-09-01T04:38:47,29,11,0,40
2024-09-01T04:55:13,29,11,0,40
2024-09-01T05:11:39,29,11,0,40
2024-09-01T05:28:02,29,11,0,40
2024-09-01T05:44:26,29,11,0,40
2024-09-01T06:00:51,29,11,0,40
2024-09-01T06:17:14,29,11,0,40
2024-09-01T06:33:37,29,11,0,40
2024-09-01T06:50:03,29,11,0,40
2024-09-01T07:06:30,29,11,0,40
2024-09-01T07:22:55,29,11,0,40
2024-09-01T07:39:20,29,11,0,40
2024-09-01T07:55:45,29,11,0,40
2024-09-01T08:12:09,29,11,0,40
2024-09-01T08:28:34,29,11,0,40
2024-09-01T08:45:03,29,11,0,40
2024-09-01T09:01:59,29,11,0,40
2024-09-01T09:18:28,29,11,0,40
2024-09-01T09:35:07,29,11,0,40
2024-09-01T09:51:36,29,11,0,40
2024-09-01T10:08:04,29,11,0,40
2024-09-01T10:24:33,29,11,0,40
2024-09-01T10:41:03,29,11,0,40
2024-09-01T10:57:34,29,11,0,40
2024-09-01T11:14:03,29,11,0,40
2024-09-01T11:30:35,29,11,0,40
2024-09-01T11:47:05,29,11,0,40
2024-09-01T12:03:45,29,11,0,40
2024-09-01T12:20:12,29,11,0,40
2024-09-01T12:36:38,29,11,0,40
2024-09-01T12:53:07,29,11,0,40
2024-09-01T13:09:37,29,11,0,40
2024-09-01T13:26:04,29,11,0,40
2024-09-01T13:42:29,29,11,0,40
2024-09-01T13:58:52,29,11,0,40
2024-09-01T14:15:16,29,11,0,40
2024-09-01T14:31:50,29,11,0,40
2024-09-01T14:48:13,29,11,0,40
2024-09-01T15:04:38,29,11,0,40
2024-09-01T15:21:02,29,11,0,40
2024-09-01T15:37:26,29,11,0,40
2024-09-01T15:53:50,29,11,0,40
2024-09-01T16:10:15,29,11,0,40
2024-09-01T16:26:39,29,11,0,40
2024-09-01T16:43:04,29,11,0,40
2024-09-01T16:59:28,29,11,0,40
2024-09-01T17:16:02,29,11,0,40
2024-09-01T17:32:25,29,11,0,40
2024-09-01T17:48:49,29,11,0,40
2024-09-01T18:05:13,29,11,0,40
2024-09-01T18:21:36,29,11,0,40
2024-09-01T18:38:00,29,11,0,40
2024-09-01T18:54:25,29,11,0,40
2024-09-01T19:10:51,29,11,0,40
2024-09-01T19:27:16,29,11,0,40
2024-09-01T19:43:40,29,11,0,40
2024-09-01T20:00:12,29,11,0,40
2024-09-01T20:16:36,29,11,0,40
2024-09-01T20:33:00,29,11,0,40
2024-09-01T20:49:24,29,11,0,40
2024-09-01T21:05:48,29,11,0,40
2024-09-01T21:22:13,29,11,0,40
2024-09-01T21:38:42,29,11,0,40
2024-09-01T21:55:07,29,11,0,40
2024-09-01T22:11:31,29,11,0,40
2024-09-01T22:27:55,29,11,0,40
2024-09-01T22:44:19,29,11,0,40
2024-09-01T23:00:52,29,11,0,40
2024-09-01T23:17:17,29,11,0,40
2024-09-01T23:33:43,29,11,0,40
2024-09-01T23:50:07,29,11,0,40
2024-09-02T00:06:32,29,11,0,40
2024-09-02T00:23:04,29,11,0,40
2024-09-02T00:39:35,29,11,0,40
2024-09-02T00:56:12,29,11,0,40
2024-09-02T01:13:00,29,11,0,40
2024-09-02T01:29:32,29,11,0,40
2024-09-02T01:46:01,29,11,0,40
2024-09-02T02:02:29,29,11,0,40
2024-09-02T02:19:07,29,11,0,40
2024-09-02T02:35:42,29,11,0,40
2024-09-02T02:52:08,29,11,0,40
2024-09-02T03:08:35,29,11,0,40
2024-09-02T03:25:02,29,11,0,40
2024-09-02T03:41:29,29,11,0,40
2024-09-02T03:57:57,29,11,0,40
2024-09-02T04:30:49,29,11,0,40
2024-09-02T04:47:19,29,11,0,40
2024-09-02T05:03:49,29,11,0,40
2024-09-02T05:20:22,29,11,0,40
2024-09-02T05:36:51,29,11,0,40
2024-09-02T05:53:19,29,11,0,40
2024-09-02T06:09:48,29,11,0,40
2024-09-02T06:26:17,29,11,0,40
2024-09-02T06:42:45,29,11,0,40
2024-09-02T06:59:12,29,11,0,40
2024-09-02T07:15:38,29,11,0,40
2024-09-02T07:32:03,29,11,0,40
2024-09-02T07:48:28,29,11,0,40
2024-09-02T08:04:53,29,11,0,40
2024-09-02T08:21:17,29,11,0,40
2024-09-02T08:37:45,29,11,0,40
2024-09-02T08:54:10,29,11,0,40
2024-09-02T09:10:34,29,11,0,40
2024-09-02T09:26:58,29,11,0,40
2024-09-02T09:43:30,29,11,0,40
2024-09-02T09:59:54,29,11,0,40
2024-09-02T10:16:19,29,11,0,40
2024-09-02T10:32:43,29,11,0,40
2024-09-02T10:49:08,29,11,0,40
2024-09-02T11:05:31,29,11,0,40
2024-09-02T11:21:56,29,11,0,40
2024-09-02T11:38:20,29,11,0,40
2024-09-02T11:54:44,29,11,0,40
2024-09-02T12:11:08,29,11,0,40
2024-09-02T12:27:35,29,11,0,40
2024-09-02T12:44:09,29,11,0,40
2024-09-02T13:00:34,29,11,0,40
2024-09-02T13:16:58,29,11,0,40
2024-09-02T13:33:23,29,11,0,40
2024-09-02T13:49:48,29,11,0,40
2024-09-02T14:06:12,29,11,0,40
2024-09-02T14:22:37,29,11,0,40
2024-09-02T14:39:09,29,11,0,40
2024-09-02T14:55:33,29,11,0,40
2024-09-02T15:11:57,29,11,0,40
2024-09-02T15:28:21,29,11,0,40
2024-09-02T15:44:45,29,11,0,40
2024-09-02T16:01:09,29,11,0,40
2024-09-02T16:17:34,29,11,0,40
2024-09-02T16:33:58,29,11,0,40
2024-09-02T16:50:22,29,11,0,40
2024-09-02T17:06:55,29,11,0,40
2024-09-02T17:23:21,29,11,0,40
2024-09-02T17:39:46,29,11,0,40
2024-09-02T17:56:09,29,11,0,40
2024-09-02T18:12:33,29,11,0,40
2024-09-02T18:28:56,29,11,0,40
2024-09-02T18:45:20,29,11,0,40
2024-09-02T19:01:43,29,11,0,40
2024-09-02T19:18:07,29,11,0,40
2024-09-02T19:34:30,29,11,0,40
2024-09-02T19:51:02,29,11,0,40
2024-09-02T20:07:25,29,11,0,40
2024-09-02T20:23:48,29,11,0,40
2024-09-02T20:40:12,29,11,0,40
2024-09-02T20:56:35,29,11,0,40
2024-09-02T21:12:59,29,11,0,40
2024-09-02T21:29:24,29,11,0,40
2024-09-02T21:45:50,29,11,0,40
2024-09-02T22:02:24,29,11,0,40
2024-09-02T22:18:47,29,11,0,40
2024-09-02T22:35:12,29,11,0,40
2024-09-02T22:51:37,29,11,0,40
2024-09-02T23:08:02,29,11,0,40
2024-09-02T23:24:27,29,11,0,40
2024-09-02T23:40:51,29,11,0,40
2024-09-02T23:57:16,29,11,0,40
2024-09-03T00:13:42,29,11,0,40
2024-09-03T00:30:22,29,11,0,40
2024-09-03T00:46:52,29,11,0,40
2024-09-03T01:03:39,29,11,0,40
2024-09-03T01:20:09,29,11,0,40
2024-09-03T01:36:43,29,11,0,40
2024-09-03T01:53:12,29,11,0,40
2024-09-03T02:09:40,29,11,0,40
2024-09-03T02:26:07,29,11,0,40
2024-09-03T02:42:33,29,11,0,40
2024-09-03T02:58:58,29,11,0,40
2024-09-03T03:15:24,29,11,0,40
2024-09-03T03:31:50,29,11,0,40
2024-09-03T03:48:17,29,11,0,40
2024-09-03T04:04:45,29,11,0,40
2024-09-03T04:33:42,29,11,0,40
2024-09-03T04:50:11,29,11,0,40
2024-09-03T05:06:40,29,11,0,40
2024-09-03T05:23:06,29,11,0,40
2024-09-03T05:39:33,29,11,0,40
2024-09-03T05:56:01,29,11,0,40
2024-09-03T06:12:28,29,11,0,40
2024-09-03T06:28:57,29,11,0,40
2024-09-03T06:45:25,29,11,0,40
2024-09-03T07:01:50,29,11,0,40
2024-09-03T07:18:18,29,11,0,40
2024-09-03T07:34:45,29,11,0,40
2024-09-03T07:51:10,29,11,0,40
2024-09-03T08:07:36,29,11,0,40
2024-09-03T08:24:02,29,11,0,40
2024-09-03T08:40:30,29,11,0,40
2024-09-03T08:57:04,29,11,0,40
2024-09-03T09:13:30,29,11,0,40
2024-09-03T09:29:54,29,11,0,40
2024-09-03T09:46:18,29,11,0,40
2024-09-03T10:02:42,29,11,0,40
2024-09-03T10:19:06,29,11,0,40
2024-09-03T10:35:30,29,11,0,40
2024-09-03T10:51:55,29,11,0,40
2024-09-03T11:08:33,29,11,0,40
2024-09-03T11:25:00,29,11,0,40
2024-09-03T11:41:26,29,11,0,40
2024-09-03T11:57:54,29,11,0,40
2024-09-03T12:14:19,29,11,0,40
2024-09-03T12:30:45,29,11,0,40
2024-09-03T12:47:19,29,11,0,40
2024-09-03T13:03:44,29,11,0,40
2024-09-03T13:20:09,29,11,0,40
2024-09-03T13:36:34,29,11,0,40
2024-09-03T13:52:59,29,11,0,40
2024-09-03T14:09:34,29,11,0,40
2024-09-03T14:25:59,29,11,0,40
2024-09-03T14:42:24,29,11,0,40
2024-09-03T14:58:50,29,11,0,40
2024-09-03T15:15:26,29,11,0,40
2024-09-03T15:31:51,29,11,0,40
2024-09-03T15:48:16,29,11,0,40
2024-09-03T16:04:42,29,11,0,40
2024-09-03T16:21:16,29,11,0,40
2024-09-03T16:37:43,29,11,0,40
2024-09-03T16:54:08,29,11,0,40
2024-09-03T17:10:36,29,11,0,40
2024-09-03T17:27:03,29,11,0,40
2024-09-03T17:43:38,29,11,0,40
2024-09-03T18:00:03,29,11,0,40
2024-09-03T18:16:29,29,11,0,40
2024-09-03T18:32:53,29,11,0,40
2024-09-03T18:49:17,29,11,0,40
2024-09-03T19:05:42,29,11,0,40
2024-09-03T19:22:17,29,11,0,40
2024-09-03T19:38:42,29,11,0,40
2024-09-03T19:55:07,29,11,0,40
2024-09-03T20:11:31,29,11,0,40
2024-09-03T20:27:56,29,11,0,40
2024-09-03T20:44:21,29,11,0,40
2024-09-03T21:00:56,29,11,0,40
2024-09-03T21:17:21,29,11,0,40
2024-09-03T21:33:47,29,11,0,40
2024-09-03T21:50:12,29,11,0,40
2024-09-03T22:06:37,29,11,0,40
2024-09-03T22:23:01,29,11,0,40
2024-09-03T22:39:27,29,11,0,40
2024-09-03T22:56:03,29,11,0,40
2024-09-03T23:12:28,29,11,0,40
2024-09-03T23:28:54,29,11,0,40
2024-09-03T23:45:20,29,11,0,40
2024-09-04T00:01:46,29,11,0,40
2024-09-04T00:18:14,29,11,0,40
2024-09-04T00:34:53,29,11,0,40
2024-09-04T00:51:27,29,11,0,40
2024-09-04T01:08:04,29,11,0,40
2024-09-04T01:24:46,29,11,0,40
2024-09-04T01:41:17,29,11,0,40
2024-09-04T01:57:47,29,11,0,40
2024-09-04T02:14:19,29,11,0,40
2024-09-04T02:30:47,29,11,0,40
2024-09-04T02:47:16,29,11,0,40
2024-09-04T03:03:54,29,11,0,40
2024-09-04T03:20:24,29,11,0,40
2024-09-04T03:36:52,29,11,0,40
2024-09-04T03:53:21,29,11,0,40
2024-09-04T04:24:17,29,11,0,40
2024-09-04T04:40:49,29,11,0,40
2024-09-04T04:57:30,29,11,0,40
2024-09-04T05:14:00,29,11,0,40
2024-09-04T05:30:29,29,11,0,40
2024-09-04T05:46:58,29,11,0,40
2024-09-04T06:03:28,29,11,0,40
2024-09-04T06:19:56,29,11,0,40
2024-09-04T06:36:25,29,11,0,40
2024-09-04T06:52:54,29,11,0,40
2024-09-04T07:09:23,29,11,0,40
2024-09-04T07:25:54,29,11,0,40
2024-09-04T07:42:23,29,11,0,40
2024-09-04T07:58:51,29,11,0,40
2024-09-04T08:15:20,29,11,0,40
2024-09-04T08:31:57,29,11,0,40
2024-09-04T08:48:25,29,11,0,40
2024-09-04T09:04:53,29,11,0,40
2024-09-04T09:21:21,29,11,0,40
2024-09-04T09:37:49,29,11,0,40
2024-09-04T09:54:16,29,11,0,40
2024-09-04T10:10:41,29,11,0,40
2024-09-04T10:27:08,29,11,0,40
2024-09-04T10:43:43,29,11,0,40
2024-09-04T11:00:10,29,11,0,40
2024-09-04T11:16:37,29,11,0,40
2024-09-04T11:33:03,29,11,0,40
2024-09-04T11:49:30,29,11,0,40
2024-09-04T12:06:05,29,11,0,40
2024-09-04T12:22:30,29,11,0,40
2024-09-04T12:38:55,29,11,0,40
2024-09-04T12:55:21,29,11,0,40
2024-09-04T13:11:47,29,11,0,40
2024-09-04T13:28:23,29,11,0,40
2024-09-04T13:44:50,29,11,0,40
2024-09-04T14:01:16,29,11,0,40
2024-09-04T14:17:41,29,11,0,40
2024-09-04T14:34:07,29,11,0,40
2024-09-04T14:50:33,29,11,0,40
2024-09-04T15:07:15,29,11,0,40
2024-09-04T15:23:42,29,11,0,40
2024-09-04T15:40:10,29,11,0,40
2024-09-04T15:56:38,29,11,0,40
2024-09-04T16:13:14,29,11,0,40
2024-09-04T16:29:40,29,11,0,40
2024-09-04T16:46:08,29,11,0,40
2024-09-04T17:02:35,29,11,0,40
2024-09-04T17:19:04,29,11,0,40
2024-09-04T17:35:40,29,11,0,40
2024-09-04T17:52:07,29,11,0,40
2024-09-04T18:08:33,29,11,0,40
2024-09-04T18:25:00,29,11,0,40
2024-09-04T18:41:28,29,11,0,40
2024-09-04T18:58:04,29,11,0,40
2024-09-04T19:14:32,29,11,0,40
2024-09-04T19:31:00,29,11,0,40
2024-09-04T19:47:27,29,11,0,40
2024-09-04T20:03:52,29,11,0,40
2024-09-04T20:20:19,29,11,0,40
2024-09-04T20:36:45,29,11,0,40
2024-09-04T20:53:12,29,11,0,40
2024-09-04T21:09:49,29,11,0,40
2024-09-04T21:26:17,29,11,0,40
2024-09-04T21:42:44,29,11,0,40
2024-09-04T21:59:11,29,11,0,40
2024-09-04T22:15:37,29,11,0,40
2024-09-04T22:32:08,29,11,0,40
2024-09-04T22:48:34,29,11,0,40
2024-09-04T23:05:11,29,11,0,40
2024-09-04T23:21:38,29,11,0,40
2024-09-04T23:38:05,29,11,0,40
2024-09-04T23:54:32,29,11,0,40
2024-09-05T00:11:01,29,11,0,40
2024-09-05T00:27:31,29,11,0,40
2024-09-05T00:44:01,29,11,0,40
2024-09-05T01:00:56,29,11,0,40
2024-09-05T01:17:36,29,11,0,40
2024-09-05T01:34:07,29,11,0,40
2024-09-05T01:50:38,29,11,0,40
2024-09-05T02:07:08,29,11,0,40
2024-09-05T02:23:37,29,11,0,40
2024-09-05T02:40:08,29,11,0,40
2024-09-05T02:56:36,29,11,0,40
2024-09-05T03:13:05,29,11,0,40
2024-09-05T03:29:34,29,11,0,40
2024-09-05T03:46:02,29,11,0,40
2024-09-05T04:02:32,29,11,0,40
2024-09-05T04:29:11,29,11,0,40
2024-09-05T04:45:44,29,11,0,40
2024-09-05T05:02:14,29,11,0,40
2024-09-05T05:18:45,29,11,0,40
2024-09-05T05:35:16,29,11,0,40
2024-09-05T05:51:47,29,11,0,40
2024-09-05T06:08:16,29,11,0,40
2024-09-05T06:24:45,29,11,0,40
2024-09-05T06:41:19,29,11,0,40
2024-09-05T06:58:01,29,11,0,40
2024-09-05T07:14:41,29,11,0,40
2024-09-05T07:31:19,29,11,0,40
2024-09-05T07:47:55,29,11,0,40
2024-09-05T08:04:34,29,11,0,40
2024-09-05T08:21:08,29,11,0,40
2024-09-05T08:37:47,29,11,0,40
2024-09-05T08:54:18,29,11,0,40
2024-09-05T09:10:49,29,11,0,40
2024-09-05T09:27:22,29,11,0,40
2024-09-05T09:43:52,29,11,0,40
2024-09-05T10:00:23,29,11,0,40
2024-09-05T10:17:05,29,11,0,40
2024-09-05T10:33:36,29,11,0,40
2024-09-05T10:50:07,29,11,0,40
2024-09-05T11:06:51,29,11,0,40
2024-09-05T11:23:25,29,11,0,40
2024-09-05T11:40:08,29,11,0,40
2024-09-05T11:56:38,29,11,0,40
2024-09-05T12:13:10,29,11,0,40
2024-09-05T12:29:50,29,11,0,40
2024-09-05T12:46:22,29,11,0,40
2024-09-05T13:02:51,29,11,0,40
2024-09-05T13:19:20,29,11,0,40
2024-09-05T13:35:59,29,11,0,40
2024-09-05T13:52:28,29,11,0,40
2024-09-05T14:08:56,29,11,0,40
2024-09-05T14:25:34,29,11,0,40
2024-09-05T14:42:02,29,11,0,40
2024-09-05T14:58:31,29,11,0,40
2024-09-05T15:15:03,29,11,0,40
2024-09-05T15:31:43,29,11,0,40
2024-09-05T15:48:11,29,11,0,40
2024-09-05T16:04:40,29,11,0,40
2024-09-05T16:21:09,29,11,0,40
2024-09-05T16:37:46,29,11,0,40
2024-09-05T16:54:15,29,11,0,40
2024-09-05T17:10:44,29,11,0,40
2024-09-05T17:27:12,29,11,0,40
2024-09-05T17:43:42,29,11,0,40
2024-09-05T18:00:19,29,11,0,40
2024-09-05T18:16:47,29,11,0,40
2024-09-05T18:33:16,29,11,0,40
2024-09-05T18:49:44,29,11,0,40
2024-09-05T19:06:12,29,11,0,40
2024-09-05T19:22:52,29,11,0,40
2024-09-05T19:39:20,29,11,0,40
2024-09-05T19:55:47,29,11,0,40
2024-09-05T20:12:14,29,11,0,40
2024-09-05T20:28:41,29,11,0,40
2024-09-05T20:45:18,29,11,0,40
2024-09-05T21:01:45,29,11,0,40
2024-09-05T21:18:12,29,11,0,40
2024-09-05T21:34:41,29,11,0,40
2024-09-05T21:51:08,29,11,0,40
2024-09-05T22:07:36,29,11,0,40
2024-09-05T22:24:14,29,11,0,40
2024-09-05T22:40:40,29,11,0,40
2024-09-05T22:57:09,29,11,0,40
2024-09-05T23:13:36,29,11,0,40
2024-09-05T23:30:03,29,11,0,40
2024-09-05T23:46:30,29,11,0,40
2024-09-06T00:02:57,29,11,0,40
2024-09-06T00:19:29,29,11,0,40
2024-09-06T00:36:12,29,11,0,40
2024-09-06T00:52:47,29,11,0,40
2024-09-06T01:09:24,29,11,0,40
2024-09-06T01:25:56,29,11,0,40
2024-09-06T01:42:27,29,11,0,40
2024-09-06T01:58:58,29,11,0,40
2024-09-06T02:15:29,29,11,0,40
2024-09-06T02:32:05,29,11,0,40
2024-09-06T02:48:37,29,11,0,40
2024-09-06T03:05:07,29,11,0,40
2024-09-06T03:21:38,29,11,0,40
2024-09-06T03:38:08,29,11,0,40
2024-09-06T03:54:38,29,11,0,40
2024-09-06T04:11:09,29,11,0,40
2024-09-06T04:32:18,29,11,0,40
2024-09-06T04:48:51,29,11,0,40
2024-09-06T05:05:24,29,11,0,40
2024-09-06T05:21:57,29,11,0,40
2024-09-06T05:38:27,29,11,0,40
2024-09-06T05:54:58,29,11,0,40
2024-09-06T06:11:27,29,11,0,40
2024-09-06T06:27:57,29,11,0,40
2024-09-06T06:44:28,29,11,0,40
2024-09-06T07:00:58,29,11,0,40
2024-09-06T07:17:30,29,11,0,40
2024-09-06T07:34:00,29,11,0,40
2024-09-06T07:50:28,29,11,0,40
2024-09-06T08:06:57,29,11,0,40
2024-09-06T08:23:26,29,11,0,40
2024-09-06T08:40:07,29,11,0,40
2024-09-06T08:56:37,29,11,0,40
2024-09-06T09:13:07,29,11,0,40
2024-09-06T09:29:35,29,11,0,40
2024-09-06T09:46:03,29,11,0,40
2024-09-06T10:02:30,29,11,0,40
2024-09-06T10:18:58,29,11,0,40
2024-09-06T10:35:35,29,11,0,40
2024-09-06T10:52:04,29,11,0,40
2024-09-06T11:08:34,29,11,0,40
2024-09-06T11:25:02,29,11,0,40
2024-09-06T11:41:30,28,12,0,40
2024-09-06T11:58:08,28,12,0,40
2024-09-06T12:14:36,28,12,0,40
2024-09-06T12:31:03,28,12,0,40
2024-09-06T12:47:30,28,12,0,40
2024-09-06T13:03:59,28,12,0,40
2024-09-06T13:20:34,28,12,0,40
2024-09-06T13:37:02,28,12,0,40
2024-09-06T13:53:30,28,12,0,40
2024-09-06T14:09:57,28,12,0,40
2024-09-06T14:26:25,28,12,0,40
2024-09-06T14:42:52,28,12,0,40
2024-09-06T14:59:29,28,12,0,40
2024-09-06T15:15:57,28,12,0,40
2024-09-06T15:32:24,28,12,0,40
2024-09-06T15:48:51,28,12,0,40
2024-09-06T16:05:18,28,12,0,40
2024-09-06T16:21:56,28,12,0,40
2024-09-06T16:38:23,28,12,0,40
2024-09-06T16:54:49,28,12,0,40
2024-09-06T17:11:17,28,12,0,40
2024-09-06T17:27:45,28,12,0,40
2024-09-06T17:44:11,28,12,0,40
2024-09-06T18:00:47,28,12,0,40
2024-09-06T18:17:14,28,12,0,40
2024-09-06T18:33:42,28,12,0,40
2024-09-06T18:50:08,28,12,0,40
2024-09-06T19:06:35,28,12,0,40
2024-09-06T19:23:02,28,12,0,40
2024-09-06T19:39:29,28,12,0,40
2024-09-06T19:55:56,28,12,0,40
2024-09-06T20:12:33,28,12,0,40
2024-09-06T20:28:59,28,12,0,40
2024-09-06T20:45:27,28,12,0,40
2024-09-06T21:01:55,28,12,0,40
2024-09-06T21:18:22,28,12,0,40
2024-09-06T21:34:49,28,12,0,40
2024-09-06T21:51:16,28,12,0,40
2024-09-06T22:07:54,28,12,0,40
2024-09-06T22:24:21,28,12,0,40
2024-09-06T22:40:48,28,12,0,40
2024-09-06T22:57:15,28,12,0,40
2024-09-06T23:13:46,28,12,0,40
2024-09-06T23:30:24,28,12,0,40
2024-09-06T23:46:51,28,12,0,40
2024-09-07T00:03:19,28,12,0,40
2024-09-07T00:19:50,28,12,0,40
2024-09-07T00:36:23,28,12,0,40
2024-09-07T00:52:57,28,12,0,40
2024-09-07T01:09:29,28,12,0,40
2024-09-07T01:26:00,28,12,0,40
2024-09-07T01:42:32,28,12,0,40
2024-09-07T01:59:04,28,12,0,40
2024-09-07T02:15:33,28,12,0,40
2024-09-07T02:32:16,28,12,0,40
2024-09-07T02:48:44,28,12,0,40
2024-09-07T03:05:11,28,12,0,40
2024-09-07T03:21:40,28,12,0,40
2024-09-07T03:38:08,28,12,0,40
2024-09-07T03:54:38,28,12,0,40
2024-09-07T04:11:07,28,12,0,40
2024-09-07T04:33:28,28,12,0,40
2024-09-07T04:50:01,28,12,0,40
2024-09-07T05:06:30,28,12,0,40
2024-09-07T05:22:57,28,12,0,40
2024-09-07T05:39:25,28,12,0,40
2024-09-07T05:55:52,28,12,0,40
2024-09-07T06:12:20,28,12,0,40
2024-09-07T06:28:47,28,12,0,40
2024-09-07T06:45:13,28,12,0,40
2024-09-07T07:01:44,28,12,0,40
2024-09-07T07:18:15,28,12,0,40
2024-09-07T07:34:44,28,12,0,40
2024-09-07T07:51:19,28,12,0,40
2024-09-07T08:08:49,28,12,0,40
2024-09-07T08:25:20,28,12,0,40
2024-09-07T08:41:50,28,12,0,40
2024-09-07T08:58:21,28,12,0,40
2024-09-07T09:14:52,28,12,0,40
2024-09-07T09:31:23,28,12,0,40
2024-09-07T09:47:52,28,12,0,40
2024-09-07T10:04:22,28,12,0,40
2024-09-07T10:21:03,28,12,0,40
2024-09-07T10:37:34,28,12,0,40
2024-09-07T10:54:05,28,12,0,40
2024-09-07T11:10:35,28,12,0,40
2024-09-07T11:27:05,28,12,0,40
2024-09-07T11:43:35,28,12,0,40
2024-09-07T12:00:05,28,12,0,40
2024-09-07T12:16:46,28,12,0,40
2024-09-07T12:33:16,28,12,0,40
2024-09-07T12:49:46,28,12,0,40
2024-09-07T13:06:17,28,12,0,40
2024-09-07T13:22:47,28,12,0,40
2024-09-07T13:39:17,28,12,0,40
2024-09-07T13:55:46,28,12,0,40
2024-09-07T14:12:17,28,12,0,40
2024-09-07T14:28:55,28,12,0,40
2024-09-07T14:45:24,28,12,0,40
2024-09-07T15:01:51,28,12,0,40
2024-09-07T15:18:19,28,12,0,40
2024-09-07T15:34:47,28,12,0,40
2024-09-07T15:51:14,28,12,0,40
2024-09-07T16:07:42,28,12,0,40
2024-09-07T16:24:10,28,12,0,40
2024-09-07T16:40:38,28,12,0,40
2024-09-07T16:57:15,28,12,0,40
2024-09-07T17:13:43,28,12,0,40
2024-09-07T17:30:11,28,12,0,40
2024-09-07T17:46:39,28,12,0,40
2024-09-07T18:03:07,28,12,0,40
2024-09-07T18:19:34,28,12,0,40
2024-09-07T18:36:02,28,12,0,40
2024-09-07T18:52:29,28,12,0,40
2024-09-07T19:09:07,28,12,0,40
2024-09-07T19:25:35,28,12,0,40
2024-09-07T19:42:03,28,12,0,40
2024-09-07T19:58:30,28,12,0,40
2024-09-07T20:14:57,28,12,0,40
2024-09-07T20:31:24,28,12,0,40
2024-09-07T20:47:51,28,12,0,40
2024-09-07T21:04:18,28,12,0,40
2024-09-07T21:20:46,28,12,0,40
2024-09-07T21:37:25,28,12,0,40
2024-09-07T21:53:53,28,12,0,40
2024-09-07T22:10:20,28,12,0,40
2024-09-07T22:26:47,28,12,0,40
2024-09-07T22:43:14,28,12,0,40
2024-09-07T22:59:42,28,12,0,40
2024-09-07T23:16:12,28,12,0,40
2024-09-07T23:32:41,28,12,0,40
2024-09-07T23:49:08,28,12,0,40
2024-09-08T00:05:39,28,12,0,40
2024-09-08T00:22:21,28,12,0,40
2024-09-08T00:38:50,28,12,0,40
2024-09-08T00:55:20,28,12,0,40
2024-09-08T01:11:48,28,12,0,40
2024-09-08T01:28:16,28,12,0,40
2024-09-08T01:44:42,28,12,0,40
2024-09-08T02:01:13,28,12,0,40
2024-09-08T02:17:47,28,12,0,40
2024-09-08T02:34:19,28,12,0,40
2024-09-08T02:50:51,28,12,0,40
2024-09-08T03:07:23,28,12,0,40
2024-09-08T03:24:04,28,12,0,40
2024-09-08T03:40:37,28,12,0,40
2024-09-08T03:57:09,28,12,0,40
2024-09-08T04:13:43,28,12,0,40
2024-09-08T04:34:26,28,12,0,40
2024-09-08T04:51:02,28,12,0,40
2024-09-08T05:07:39,28,12,0,40
2024-09-08T05:24:10,28,12,0,40
2024-09-08T05:40:44,28,12,0,40
2024-09-08T05:57:16,28,12,0,40
2024-09-08T06:13:48,28,12,0,40
2024-09-08T06:30:19,28,12,0,40
2024-09-08T06:46:51,28,12,0,40
2024-09-08T07:03:22,28,12,0,40
2024-09-08T07:19:54,28,12,0,40
2024-09-08T07:36:31,28,12,0,40
2024-09-08T07:53:00,28,12,0,40
2024-09-08T08:09:28,28,12,0,40
2024-09-08T08:25:59,28,12,0,40
2024-09-08T08:42:31,28,12,0,40
2024-09-08T08:59:01,28,12,0,40
2024-09-08T09:15:34,28,12,0,40
2024-09-08T09:32:10,28,12,0,40
2024-09-08T09:48:53,28,12,0,40
2024-09-08T10:05:25,28,12,0,40
2024-09-08T10:21:57,28,12,0,40
2024-09-08T10:38:29,28,12,0,40
2024-09-08T10:54:57,28,12,0,40
2024-09-08T11:11:25,28,12,0,40
2024-09-08T11:27:52,28,12,0,40
2024-09-08T11:44:19,28,12,0,40
2024-09-08T12:00:46,28,12,0,40
2024-09-08T12:17:14,28,12,0,40
2024-09-08T12:33:52,28,12,0,40
2024-09-08T12:50:19,28,12,0,40
2024-09-08T13:06:47,28,12,0,40
2024-09-08T13:23:14,28,12,0,40
2024-09-08T13:39:45,28,12,0,40
2024-09-08T13:56:13,28,12,0,40
2024-09-08T14:12:43,28,12,0,40
2024-09-08T14:29:20,28,12,0,40
2024-09-08T14:45:47,28,12,0,40
2024-09-08T15:02:14,28,12,0,40
2024-09-08T15:18:40,28,12,0,40
2024-09-08T15:35:06,28,12,0,40
2024-09-08T15:51:34,28,12,0,40
2024-09-08T16:08:02,28,12,0,40
2024-09-08T16:24:40,28,12,0,40
2024-09-08T16:41:09,28,12,0,40
2024-09-08T16:57:37,28,12,0,40
2024-09-08T17:14:05,28,12,0,40
2024-09-08T17:30:32,28,12,0,40
2024-09-08T17:47:00,28,12,0,40
2024-09-08T18:03:27,28,12,0,40
2024-09-08T18:19:54,28,12,0,40
2024-09-08T18:36:21,28,12,0,40
2024-09-08T18:52:58,28,12,0,40
2024-09-08T19:09:28,28,12,0,40
2024-09-08T19:25:58,28,12,0,40
2024-09-08T19:42:27,28,12,0,40
2024-09-08T19:58:56,28,12,0,40
2024-09-08T20:15:25,28,12,0,40
2024-09-08T20:31:52,28,12,0,40
2024-09-08T20:48:21,28,12,0,40
2024-09-08T21:04:50,28,12,0,40
2024-09-08T21:21:31,28,12,0,40
2024-09-08T21:38:02,28,12,0,40
2024-09-08T21:54:31,28,12,0,40
2024-09-08T22:10:59,28,12,0,40
2024-09-08T22:27:28,28,12,0,40
2024-09-08T22:43:57,28,12,0,40
2024-09-08T23:00:25,28,12,0,40
2024-09-08T23:16:54,28,12,0,40
2024-09-08T23:33:23,28,12,0,40
2024-09-08T23:49:51,28,12,0,40
2024-09-09T00:06:31,28,12,0,40
2024-09-09T00:23:10,28,12,0,40
2024-09-09T00:39:46,28,12,0,40
2024-09-09T00:56:30,28,12,0,40
2024-09-09T01:13:15,28,12,0,40
2024-09-09T01:29:51,28,12,0,40
2024-09-09T01:46:23,28,12,0,40
2024-09-09T02:02:55,28,12,0,40
2024-09-09T02:19:28,28,12,0,40
2024-09-09T02:35:59,28,12,0,40
2024-09-09T02:52:40,28,12,0,40
2024-09-09T03:09:13,28,12,0,40
2024-09-09T03:25:46,28,12,0,40
2024-09-09T03:42:17,28,12,0,40
2024-09-09T03:58:50,28,12,0,40
2024-09-09T04:21:58,28,12,0,40
2024-09-09T04:38:35,28,12,0,40
2024-09-09T04:55:09,28,12,0,40
2024-09-09T05:11:46,28,12,0,40
2024-09-09T05:28:19,28,12,0,40
2024-09-09T05:44:52,28,12,0,40
2024-09-09T06:01:26,28,12,0,40
2024-09-09T06:18:02,28,12,0,40
2024-09-09T06:34:41,28,12,0,40
2024-09-09T06:51:18,28,12,0,40
2024-09-09T07:07:51,28,12,0,40
2024-09-09T07:24:21,28,12,0,40
2024-09-09T07:40:53,28,12,0,40
2024-09-09T07:57:25,28,12,0,40
2024-09-09T08:14:08,28,12,0,40
2024-09-09T08:30:43,28,12,0,40
2024-09-09T08:47:14,28,12,0,40
2024-09-09T09:03:42,28,12,0,40
2024-09-09T09:20:11,28,12,0,40
2024-09-09T09:36:39,28,12,0,40
2024-09-09T09:53:07,28,12,0,40
2024-09-09T10:09:50,28,12,0,40
2024-09-09T10:26:18,28,12,0,40
2024-09-09T10:42:48,28,12,0,40
2024-09-09T10:59:16,28,12,0,40
2024-09-09T11:15:46,28,12,0,40
2024-09-09T11:32:26,28,12,0,40
2024-09-09T11:48:56,28,12,0,40
2024-09-09T12:05:28,28,12,0,40
2024-09-09T12:22:01,28,12,0,40
2024-09-09T12:38:40,28,12,0,40
2024-09-09T12:55:09,28,12,0,40
2024-09-09T13:11:40,28,12,0,40
2024-09-09T13:28:10,28,12,0,40
2024-09-09T13:44:50,28,12,0,40
2024-09-09T14:01:20,28,12,0,40
2024-09-09T14:17:50,28,12,0,40
2024-09-09T14:34:20,28,12,0,40
2024-09-09T14:50:52,28,12,0,40
2024-09-09T15:07:33,28,12,0,40
2024-09-09T15:24:05,28,12,0,40
2024-09-09T15:40:35,28,12,0,40
2024-09-09T15:57:07,28,12,0,40
2024-09-09T16:13:50,28,12,0,40
2024-09-09T16:30:22,28,12,0,40
2024-09-09T16:46:54,28,12,0,40
2024-09-09T17:03:25,28,12,0,40
2024-09-09T17:19:59,28,12,0,40
2024-09-09T17:36:40,28,12,0,40
2024-09-09T17:53:12,28,12,0,40
2024-09-09T18:09:43,28,12,0,40
2024-09-09T18:26:15,28,12,0,40
2024-09-09T18:42:46,28,12,0,40
2024-09-09T18:59:27,28,12,0,40
2024-09-09T19:16:00,28,12,0,40
2024-09-09T19:32:32,28,12,0,40
2024-09-09T19:49:03,28,12,0,40
2024-09-09T20:05:34,28,12,0,40
2024-09-09T20:22:14,28,12,0,40
2024-09-09T20:38:45,28,12,0,40
2024-09-09T20:55:16,28,12,0,40
2024-09-09T21:11:47,28,12,0,40
2024-09-09T21:28:21,28,12,0,40
2024-09-09T21:44:52,28,12,0,40
2024-09-09T22:01:36,28,12,0,40
2024-09-09T22:18:09,28,12,0,40
2024-09-09T22:34:41,28,12,0,40
2024-09-09T22:51:12,28,12,0,40
2024-09-09T23:07:44,28,12,0,40
2024-09-09T23:24:16,28,12,0,40
2024-09-09T23:40:49,28,12,0,40
2024-09-09T23:57:31,28,12,0,40
2024-09-10T00:14:26,28,12,0,40
2024-09-10T00:31:11,28,12,0,40
2024-09-10T00:47:49,28,12,0,40
2024-09-10T01:04:36,28,12,0,40
2024-09-10T01:21:15,28,12,0,40
2024-09-10T01:37:50,28,12,0,40
2024-09-10T01:54:26,28,12,0,40
2024-09-10T02:11:00,28,12,0,40
2024-09-10T02:27:34,28,12,0,40
2024-09-10T02:44:08,28,12,0,40
2024-09-10T03:00:52,28,12,0,40
2024-09-10T03:17:24,28,12,0,40
2024-09-10T03:34:06,28,12,0,40
2024-09-10T03:50:40,28,12,0,40
2024-09-10T04:07:14,28,12,0,40
2024-09-10T04:36:04,28,12,0,40
2024-09-10T04:52:41,28,12,0,40
2024-09-10T05:09:18,28,12,0,40
2024-09-10T05:25:54,28,12,0,40
2024-09-10T05:42:28,28,12,0,40
2024-09-10T05:59:00,28,12,0,40
2024-09-10T06:15:35,28,12,0,40
2024-09-10T06:32:12,28,12,0,40
2024-09-10T06:49:20,28,12,0,40
2024-09-10T07:05:57,28,12,0,40
2024-09-10T07:22:33,28,12,0,40
2024-09-10T07:39:08,28,12,0,40
2024-09-10T07:55:42,28,12,0,40
2024-09-10T08:12:27,28,12,0,40
2024-09-10T08:29:02,28,12,0,40
2024-09-10T08:45:38,28,12,0,40
2024-09-10T09:02:12,28,12,0,40
2024-09-10T09:18:51,28,12,0,40
2024-09-10T09:35:25,28,12,0,40
2024-09-10T09:51:59,28,12,0,40
2024-09-10T10:08:45,28,12,0,40
2024-09-10T10:25:18,28,12,0,40
2024-09-10T10:41:52,28,12,0,40
2024-09-10T10:58:29,28,12,0,40
2024-09-10T11:15:05,28,12,0,40
2024-09-10T11:31:40,28,12,0,40
2024-09-10T11:48:25,28,12,0,40
2024-09-10T12:04:59,28,12,0,40
2024-09-10T12:21:34,28,12,0,40
2024-09-10T12:38:10,28,12,0,40
2024-09-10T12:54:52,28,12,0,40
2024-09-10T13:11:24,28,12,0,40
2024-09-10T13:27:56,28,12,0,40
2024-09-10T13:44:28,28,12,0,40
2024-09-10T14:01:00,28,12,0,40
2024-09-10T14:17:47,28,12,0,40
2024-09-10T14:34:21,28,12,0,40
2024-09-10T14:50:54,28,12,0,40
2024-09-10T15:07:33,28,12,0,40
2024-09-10T15:24:19,28,12,0,40
2024-09-10T15:40:56,28,12,0,40
2024-09-10T15:57:31,28,12,0,40
2024-09-10T16:14:06,28,12,0,40
2024-09-10T16:30:40,28,12,0,40
2024-09-10T16:47:24,28,12,0,40
2024-09-10T17:03:57,28,12,0,40
2024-09-10T17:20:32,28,12,0,40
2024-09-10T17:37:06,28,12,0,40
2024-09-10T17:53:50,28,12,0,40
2024-09-10T18:10:23,28,12,0,40
2024-09-10T18:26:56,28,12,0,40
2024-09-10T18:43:29,28,12,0,40
2024-09-10T19:00:02,28,12,0,40
2024-09-10T19:16:36,28,12,0,40
2024-09-10T19:33:10,28,12,0,40
2024-09-10T19:49:54,28,12,0,40
2024-09-10T20:06:27,28,12,0,40
2024-09-10T20:22:59,28,12,0,40
2024-09-10T20:39:31,28,12,0,40
2024-09-10T20:56:04,28,12,0,40
2024-09-10T21:12:38,28,12,0,40
2024-09-10T21:29:24,28,12,0,40
2024-09-10T21:45:59,28,12,0,40
2024-09-10T22:02:33,28,12,0,40
2024-09-10T22:19:07,28,12,0,40
2024-09-10T22:35:40,28,12,0,40
2024-09-10T22:52:12,28,12,0,40
2024-09-10T23:08:46,28,12,0,40
2024-09-10T23:25:30,28,12,0,40
2024-09-10T23:42:04,28,12,0,40
2024-09-10T23:58:38,28,12,0,40
2024-09-11T00:15:15,28,12,0,40
2024-09-11T00:31:57,28,12,0,40
2024-09-11T00:48:38,28,12,0,40
2024-09-11T01:05:24,28,12,0,40
2024-09-11T01:22:03,28,12,0,40
2024-09-11T01:38:52,28,12,0,40
2024-09-11T01:55:51,28,12,0,40
2024-09-11T02:12:31,28,12,0,40
2024-09-11T02:29:08,28,12,0,40
2024-09-11T02:45:43,28,12,0,40
2024-09-11T03:02:19,28,12,0,40
2024-09-11T03:18:57,28,12,0,40
2024-09-11T03:35:35,28,12,0,40
2024-09-11T03:52:12,28,12,0,40
2024-09-11T04:25:06,28,12,0,40
2024-09-11T04:41:45,28,12,0,40
2024-09-11T04:58:23,28,12,0,40
2024-09-11T05:15:02,28,12,0,40
2024-09-11T05:31:41,28,12,0,40
2024-09-11T05:48:17,28,12,0,40
2024-09-11T06:04:54,28,12,0,40
2024-09-11T06:21:30,28,12,0,40
2024-09-11T06:38:09,28,12,0,40
2024-09-11T06:54:49,28,12,0,40
2024-09-11T07:11:28,28,12,0,40
2024-09-11T07:28:06,28,12,0,40
2024-09-11T07:44:51,28,12,0,40
2024-09-11T08:01:26,28,12,0,40
2024-09-11T08:18:04,28,12,0,40
2024-09-11T08:34:40,28,12,0,40
2024-09-11T08:51:17,28,12,0,40
2024-09-11T09:07:53,28,12,0,40
2024-09-11T09:24:28,28,12,0,40
2024-09-11T09:41:07,28,12,0,40
2024-09-11T09:57:42,28,12,0,40
2024-09-11T10:14:30,28,12,0,40
2024-09-11T10:31:08,28,12,0,40
2024-09-11T10:47:43,28,12,0,40
2024-09-11T11:04:17,28,12,0,40
2024-09-11T11:20:52,28,12,0,40
2024-09-11T11:37:27,28,12,0,40
2024-09-11T11:54:13,28,12,0,40
2024-09-11T12:10:48,28,12,0,40
2024-09-11T12:27:22,28,12,0,40
2024-09-11T12:43:56,28,12,0,40
2024-09-11T13:00:31,28,12,0,40
2024-09-11T13:17:16,28,12,0,40
2024-09-11T13:33:51,28,12,0,40
2024-09-11T13:50:26,28,12,0,40
2024-09-11T14:07:00,28,12,0,40
2024-09-11T14:23:34,28,12,0,40
2024-09-11T14:40:10,28,12,0,40
2024-09-11T14:56:54,28,12,0,40
2024-09-11T15:13:28,28,12,0,40
2024-09-11T15:30:03,28,12,0,40
2024-09-11T15:46:40,28,12,0,40
2024-09-11T16:03:15,28,12,0,40
2024-09-11T16:20:02,28,12,0,40
2024-09-11T16:36:37,28,12,0,40
2024-09-11T16:53:12,28,12,0,40
2024-09-11T17:09:47,28,12,0,40
2024-09-11T17:26:23,28,12,0,40
2024-09-11T17:43:06,28,12,0,40
2024-09-11T17:59:40,28,12,0,40
2024-09-11T18:16:15,28,12,0,40
2024-09-11T18:32:50,28,12,0,40
2024-09-11T18:49:25,28,12,0,40
2024-09-11T19:06:00,28,12,0,40
2024-09-11T19:22:43,28,12,0,40
2024-09-11T19:39:17,28,12,0,40
2024-09-11T19:55:50,28,12,0,40
2024-09-11T20:12:24,28,12,0,40
2024-09-11T20:28:58,28,12,0,40
2024-09-11T20:45:32,28,12,0,40
2024-09-11T21:02:06,28,12,0,40
2024-09-11T21:18:50,28,12,0,40
2024-09-11T21:35:25,28,12,0,40
2024-09-11T21:52:01,28,12,0,40
2024-09-11T22:08:37,28,12,0,40
2024-09-11T22:25:11,28,12,0,40
2024-09-11T22:41:45,28,12,0,40
2024-09-11T22:58:19,28,12,0,40
2024-09-11T23:14:54,28,12,0,40
2024-09-11T23:31:39,28,12,0,40
2024-09-11T23:48:14,28,12,0,40
2024-09-12T00:04:49,28,12,0,40
2024-09-12T00:21:29,28,12,0,40
2024-09-12T00:38:11,28,12,0,40
2024-09-12T00:54:55,28,12,0,40
2024-09-12T01:11:41,28,12,0,40
2024-09-12T01:28:21,28,12,0,40
2024-09-12T01:45:01,28,12,0,40
2024-09-12T02:01:39,28,12,0,40
2024-09-12T02:18:27,28,12,0,40
2024-09-12T02:35:04,28,12,0,40
2024-09-12T02:51:41,28,12,0,40
2024-09-12T03:08:17,28,12,0,40
2024-09-12T03:24:54,28,12,0,40
2024-09-12T03:41:32,28,12,0,40
2024-09-12T03:58:09,28,12,0,40
2024-09-12T04:14:47,28,12,0,40
2024-09-12T19:04:34,28,12,0,40
2024-09-12T19:37:03,28,12,0,40
2024-09-12T20:09:23,28,12,0,40
2024-09-12T20:41:43,28,12,0,40
2024-09-12T21:14:12,28,12,0,40
2024-09-12T21:46:34,28,12,0,40
2024-09-12T22:18:58,28,12,0,40
2024-09-12T22:51:27,28,12,0,40
2024-09-12T23:23:48,28,12,0,40
2024-09-12T23:56:08,28,12,0,40
2024-09-13T00:28:38,28,12,0,40
2024-09-13T01:01:17,28,12,0,40
2024-09-13T01:33:44,28,12,0,40
2024-09-13T02:06:09,28,12,0,40
2024-09-13T02:38:33,28,12,0,40
2024-09-13T03:10:57,28,12,0,40
2024-09-13T03:43:19,28,12,0,40
2024-09-13T04:33:03,28,12,0,40
2024-09-13T05:05:30,28,12,0,40
2024-09-13T05:37:56,28,12,0,40
2024-09-13T06:10:21,28,12,0,40
2024-09-13T06:42:45,28,12,0,40
2024-09-13T07:15:12,28,12,0,40
2024-09-13T07:47:34,28,12,0,40
2024-09-13T08:20:04,28,12,0,40
2024-09-13T08:52:26,28,12,0,40
2024-09-13T09:24:49,28,12,0,40
2024-09-13T09:58:02,28,12,0,40
2024-09-13T10:30:34,28,12,0,40
2024-09-13T11:02:54,28,12,0,40
2024-09-13T11:35:25,28,12,0,40
2024-09-13T12:07:57,28,12,0,40
2024-09-13T12:42:09,28,12,0,40
2024-09-13T13:15:32,28,12,0,40
2024-09-13T13:48:03,28,12,0,40
2024-09-13T14:20:24,28,12,0,40
2024-09-13T14:52:45,28,12,0,40
2024-09-13T15:25:16,28,12,0,40
2024-09-13T15:57:39,28,12,0,40
2024-09-13T16:30:08,28,12,0,40
2024-09-13T17:02:30,28,12,0,40
2024-09-13T17:34:52,28,12,0,40
2024-09-13T18:07:24,28,12,0,40
2024-09-13T18:39:46,28,12,0,40
2024-09-13T19:12:13,28,12,0,40
2024-09-13T19:44:44,28,12,0,40
2024-09-13T20:17:07,28,12,0,40
2024-09-13T20:49:30,28,12,0,40
2024-09-13T21:22:02,28,12,0,40
2024-09-13T21:54:32,28,12,0,40
2024-09-13T22:26:55,28,12,0,40
2024-09-13T22:59:17,28,12,0,40
2024-09-13T23:31:49,28,12,0,40
2024-09-14T00:04:13,28,12,0,40
2024-09-14T00:36:47,28,12,0,40
2024-09-14T01:09:18,28,12,0,40
2024-09-14T01:41:51,28,12,0,40
2024-09-14T02:14:27,28,12,0,40
2024-09-14T02:46:53,28,12,0,40
2024-09-14T03:19:18,28,12,0,40
2024-09-14T03:51:43,28,12,0,40
2024-09-14T04:39:47,28,12,0,40
2024-09-14T05:12:14,28,12,0,40
2024-09-14T05:44:37,28,12,0,40
2024-09-14T06:17:00,28,12,0,40
2024-09-14T06:49:24,28,12,0,40
2024-09-14T07:21:50,28,12,0,40
2024-09-14T07:55:20,28,12,0,40
2024-09-14T08:27:53,28,12,0,40
2024-09-14T09:00:20,28,12,0,40
2024-09-14T09:32:46,28,12,0,40
2024-09-14T10:05:21,28,12,0,40
2024-09-14T10:37:48,28,12,0,40
2024-09-14T11:10:14,28,12,0,40
2024-09-14T11:42:46,28,12,0,40
2024-09-14T12:15:12,28,12,0,40
2024-09-14T12:47:46,28,12,0,40
2024-09-14T13:20:10,28,12,0,40
2024-09-14T13:52:34,28,12,0,40
2024-09-14T14:24:59,28,12,0,40
2024-09-14T14:57:24,28,12,0,40
2024-09-14T15:29:56,28,12,0,40
2024-09-14T16:02:18,28,12,0,40
2024-09-14T16:34:40,28,12,0,40
2024-09-14T17:07:10,28,12,0,40
2024-09-14T17:39:32,28,12,0,40
2024-09-14T18:11:55,28,12,0,40
2024-09-14T18:44:17,28,12,0,40
2024-09-14T19:16:47,28,12,0,40
2024-09-14T19:49:09,28,12,0,40
2024-09-14T20:21:32,28,12,0,40
2024-09-14T20:54:01,28,12,0,40
2024-09-14T21:26:23,28,12,0,40
2024-09-14T21:58:47,28,12,0,40
2024-09-14T22:31:10,28,12,0,40
2024-09-14T23:03:32,28,12,0,40
2024-09-14T23:36:02,28,12,0,40
2024-09-15T00:08:25,28,12,0,40
2024-09-15T00:40:48,28,12,0,40
2024-09-15T01:19:11,28,12,0,40
2024-09-15T01:51:38,28,12,0,40
2024-09-15T02:24:06,28,12,0,40
2024-09-15T02:57:19,28,12,0,40
2024-09-15T03:29:48,28,12,0,40
2024-09-15T04:02:16,28,12,0,40
2024-09-15T04:28:01,28,12,0,40
2024-09-15T05:00:31,28,12,0,40
2024-09-15T05:33:00,28,12,0,40
2024-09-15T06:05:27,28,12,0,40
2024-09-15T06:37:56,28,12,0,40
2024-09-15T07:10:24,28,12,0,40
2024-09-15T07:42:55,28,12,0,40
2024-09-15T08:15:19,28,12,0,40
2024-09-15T08:47:53,28,12,0,40
2024-09-15T09:20:26,28,12,0,40
2024-09-15T09:53:00,28,12,0,40
2024-09-15T10:25:30,28,12,0,40
2024-09-15T10:57:55,28,12,0,40
2024-09-15T11:30:28,28,12,0,40
2024-09-15T12:02:52,28,12,0,40
2024-09-15T12:35:15,28,12,0,40
2024-09-15T13:07:49,28,12,0,40
2024-09-15T13:40:13,28,12,0,40
2024-09-15T14:12:37,28,12,0,40
2024-09-15T14:45:01,28,12,0,40
2024-09-15T15:17:34,28,12,0,40
2024-09-15T15:49:59,28,12,0,40
2024-09-15T16:22:22,28,12,0,40
2024-09-15T16:54:55,28,12,0,40
2024-09-15T17:27:18,28,12,0,40
2024-09-15T17:59:41,28,12,0,40
2024-09-15T18:32:05,28,12,0,40
2024-09-15T19:04:41,28,12,0,40
2024-09-15T19:37:09,28,12,0,40
2024-09-15T20:09:39,28,12,0,40
2024-09-15T20:42:04,28,12,0,40
2024-09-15T21:14:37,28,12,0,40
2024-09-15T21:47:08,28,12,0,40
2024-09-15T22:19:32,28,12,0,40
2024-09-15T22:52:05,28,12,0,40
2024-09-15T23:24:30,28,12,0,40
2024-09-15T23:56:55,28,12,0,40
2024-09-16T00:29:31,28,12,0,40
2024-09-16T01:02:07,28,12,0,40
2024-09-16T01:34:52,28,12,0,40
2024-09-16T02:07:20,28,12,0,40
2024-09-16T02:39:48,28,12,0,40
2024-09-16T03:12:35,28,12,0,40
2024-09-16T03:45:02,28,12,0,40
2024-09-16T04:26:52,28,12,0,40
2024-09-16T04:59:22,28,12,0,40
2024-09-16T05:31:57,28,12,0,40
2024-09-16T06:04:28,28,12,0,40
2024-09-16T06:36:56,28,12,0,40
2024-09-16T07:09:26,28,12,0,40
2024-09-16T07:41:52,28,12,0,40
2024-09-16T08:14:19,28,12,0,40
2024-09-16T08:46:53,28,12,0,40
2024-09-16T09:19:17,28,12,0,40
2024-09-16T09:51:42,28,12,0,40
2024-09-16T10:24:06,28,12,0,40
2024-09-16T10:56:41,28,12,0,40
2024-09-16T11:29:05,28,12,0,40
2024-09-16T12:01:45,28,12,0,40
2024-09-16T12:34:09,28,12,0,40
2024-09-16T13:06:43,28,12,0,40
2024-09-16T13:39:07,28,12,0,40
2024-09-16T14:11:31,28,12,0,40
2024-09-16T14:44:05,28,12,0,40
2024-09-16T15:16:29,28,12,0,40
2024-09-16T15:49:04,28,12,0,40
2024-09-16T16:21:28,28,12,0,40
2024-09-16T16:54:04,28,12,0,40
2024-09-16T17:26:30,28,12,0,40
2024-09-16T17:58:56,28,12,0,40
2024-09-16T18:32:40,28,12,0,40
2024-09-16T19:05:06,28,12,0,40
2024-09-16T19:37:32,28,12,0,40
2024-09-16T20:10:06,28,12,0,40
2024-09-16T20:42:32,28,12,0,40
2024-09-16T21:15:07,28,12,0,40
2024-09-16T21:47:32,28,12,0,40
2024-09-16T22:19:57,28,12,0,40
2024-09-16T22:52:22,28,12,0,40
2024-09-16T23:24:59,28,12,0,40
2024-09-16T23:57:25,28,12,0,40
2024-09-17T00:29:55,28,12,0,40
2024-09-17T01:02:33,28,12,0,40
2024-09-17T01:35:04,28,12,0,40
2024-09-17T02:07:38,28,12,0,40
2024-09-17T02:40:18,28,12,0,40
2024-09-17T03:12:44,28,12,0,40
2024-09-17T03:45:17,28,12,0,40
2024-09-17T04:34:59,28,12,0,40
2024-09-17T05:07:32,28,12,0,40
2024-09-17T05:40:03,28,12,0,40
2024-09-17T06:12:30,28,12,0,40
2024-09-17T06:44:57,28,12,0,40
2024-09-17T07:17:25,28,12,0,40
2024-09-17T07:49:50,28,12,0,40
2024-09-17T08:22:43,28,12,0,40
2024-09-17T08:55:21,28,12,0,40
2024-09-17T09:27:51,28,12,0,40
2024-09-17T10:00:20,28,12,0,40
2024-09-17T10:32:59,28,12,0,40
2024-09-17T11:05:28,28,12,0,40
2024-09-17T11:38:07,28,12,0,40
2024-09-17T12:10:36,28,12,0,40
2024-09-17T12:43:14,28,12,0,40
2024-09-17T13:15:41,28,12,0,40
2024-09-17T13:48:09,28,12,0,40
2024-09-17T14:20:44,28,12,0,40
2024-09-17T14:53:08,28,12,0,40
2024-09-17T15:25:43,28,12,0,40
2024-09-17T15:58:08,28,12,0,40
2024-09-17T16:30:44,28,12,0,40
2024-09-17T17:03:10,28,12,0,40
2024-09-17T17:35:37,28,12,0,40
2024-09-17T18:08:13,28,12,0,40
2024-09-17T18:40:39,28,12,0,40
2024-09-17T19:13:05,28,12,0,40
2024-09-17T19:45:40,28,12,0,40
2024-09-17T20:18:06,28,12,0,40
2024-09-17T20:50:32,28,12,0,40
2024-09-17T21:23:09,28,12,0,40
2024-09-17T21:55:36,28,12,0,40
2024-09-17T22:28:02,28,12,0,40
2024-09-17T23:00:28,28,12,0,40
2024-09-17T23:33:07,28,12,0,40
2024-09-18T00:05:34,28,12,0,40
2024-09-18T00:38:06,28,12,0,40
2024-09-18T01:10:45,28,12,0,40
2024-09-18T01:43:18,28,12,0,40
2024-09-18T02:15:58,28,12,0,40
2024-09-18T02:48:35,28,12,0,40
2024-09-18T03:21:05,28,12,0,40
2024-09-18T03:53:37,28,12,0,40
2024-09-18T04:27:44,28,12,0,40
2024-09-18T05:00:18,28,12,0,40
2024-09-18T05:32:51,28,12,0,40
2024-09-18T06:07:55,28,12,0,40
2024-09-18T06:40:28,28,12,0,40
2024-09-18T07:13:03,28,12,0,40
2024-09-18T07:45:34,28,12,0,40
2024-09-18T08:18:03,28,12,0,40
2024-09-18T08:50:43,28,12,0,40
2024-09-18T09:23:13,28,12,0,40
2024-09-18T09:55:41,28,12,0,40
2024-09-18T10:28:22,28,12,0,40
2024-09-18T11:00:50,28,12,0,40
2024-09-18T11:33:18,28,12,0,40
2024-09-18T12:05:54,28,12,0,40
2024-09-18T12:38:21,28,12,0,40
2024-09-18T13:10:57,28,12,0,40
2024-09-18T13:43:23,28,12,0,40
2024-09-18T14:16:01,28,12,0,40
2024-09-18T14:48:28,28,12,0,40
2024-09-18T15:20:56,28,12,0,40
2024-09-18T15:53:35,28,12,0,40
2024-09-18T16:26:06,28,12,0,40
2024-09-18T16:58:44,28,12,0,40
2024-09-18T17:31:14,28,12,0,40
2024-09-18T18:03:44,28,12,0,40
2024-09-18T18:36:24,28,12,0,40
2024-09-18T19:08:54,28,12,0,40
2024-09-18T19:41:24,28,12,0,40
2024-09-18T20:14:05,28,12,0,40
2024-09-18T20:46:35,28,12,0,40
2024-09-18T21:19:05,28,12,0,40
2024-09-18T21:51:46,28,12,0,40
2024-09-18T22:24:15,28,12,0,40
2024-09-18T22:56:44,28,12,0,40
2024-09-18T23:29:14,28,12,0,40
2024-09-19T00:01:53,28,12,0,40
2024-09-19T00:34:29,28,12,0,40
2024-09-19T01:07:12,28,12,0,40
2024-09-19T01:39:49,28,12,0,40
2024-09-19T02:12:22,28,12,0,40
2024-09-19T02:45:02,28,12,0,40
2024-09-19T03:17:34,28,12,0,40
2024-09-19T03:50:10,28,12,0,40
2024-09-19T04:40:23,28,12,0,40
2024-09-19T05:13:14,28,12,0,40
2024-09-19T05:45:52,28,12,0,40
2024-09-19T06:18:24,28,12,0,40
2024-09-19T06:51:21,28,12,0,40
2024-09-19T07:23:54,28,12,0,40
2024-09-19T07:56:26,28,12,0,40
2024-09-19T08:29:08,28,12,0,40
2024-09-19T09:01:40,28,12,0,40
2024-09-19T09:34:11,28,12,0,40
2024-09-19T10:06:41,28,12,0,40
2024-09-19T10:39:23,28,12,0,40
2024-09-19T11:11:53,28,12,0,40
2024-09-19T11:44:34,28,12,0,40
2024-09-19T12:17:04,28,12,0,40
2024-09-19T12:49:43,28,12,0,40
2024-09-19T13:22:12,28,12,0,40
2024-09-19T13:54:43,28,12,0,40
2024-09-19T14:27:21,28,12,0,40
2024-09-19T14:59:50,28,12,0,40
2024-09-19T15:32:31,28,12,0,40
2024-09-19T16:04:59,28,12,0,40
2024-09-19T16:37:37,28,12,0,40
2024-09-19T17:10:05,28,12,0,40
2024-09-19T17:42:34,28,12,0,40
2024-09-19T18:15:12,28,12,0,40
2024-09-19T18:47:40,28,12,0,40
2024-09-19T19:20:08,28,12,0,40
2024-09-19T19:52:36,28,12,0,40
2024-09-19T20:25:15,28,12,0,40
2024-09-19T20:57:44,28,12,0,40
2024-09-19T21:30:14,28,12,0,40
2024-09-19T22:02:54,28,12,0,40
2024-09-19T22:35:21,28,12,0,40
2024-09-19T23:07:55,28,12,0,40
2024-09-19T23:40:23,28,12,0,40
2024-09-20T00:13:03,28,12,0,40
2024-09-20T00:45:40,28,12,0,40
2024-09-20T01:18:19,28,12,0,40
2024-09-20T01:50:56,28,12,0,40
2024-09-20T02:23:29,28,12,0,40
2024-09-20T02:56:02,28,12,0,40
2024-09-20T03:28:32,28,12,0,40
2024-09-20T04:01:18,28,12,0,40
2024-09-20T04:34:22,28,12,0,40
2024-09-20T05:07:17,28,12,0,40
2024-09-20T05:39:52,28,12,0,40
2024-09-20T06:12:26,28,12,0,40
2024-09-20T06:45:02,28,12,0,40
2024-09-20T07:17:38,28,12,0,40
2024-09-20T07:50:08,28,12,0,40
2024-09-20T08:22:40,28,12,0,40
2024-09-20T08:55:17,28,12,0,40
2024-09-20T09:27:49,28,12,0,40
2024-09-20T10:00:16,28,12,0,40
2024-09-20T10:32:53,28,12,0,40
2024-09-20T11:05:22,28,12,0,40
2024-09-20T11:37:58,28,12,0,40
2024-09-20T12:10:27,28,12,0,40
2024-09-20T12:43:08,28,12,0,40
2024-09-20T13:15:38,28,12,0,40
2024-09-20T13:48:18,28,12,0,40
2024-09-20T14:20:49,28,12,0,40
2024-09-20T14:53:19,28,12,0,40
2024-09-20T15:25:58,28,12,0,40
2024-09-20T15:58:29,28,12,0,40
2024-09-20T16:31:09,28,12,0,40
2024-09-20T17:03:39,28,12,0,40
2024-09-20T17:36:18,28,12,0,40
2024-09-20T18:08:48,28,12,0,40
2024-09-20T18:41:18,28,12,0,40
2024-09-20T19:13:58,28,12,0,40
2024-09-20T19:46:28,28,12,0,40
2024-09-20T20:18:58,28,12,0,40
2024-09-20T20:51:38,28,12,0,40
2024-09-20T21:24:09,28,12,0,40
2024-09-20T21:56:52,28,12,0,40
2024-09-20T22:29:24,28,12,0,40
2024-09-20T23:01:53,28,12,0,40
2024-09-20T23:34:34,28,12,0,40
2024-09-21T00:07:05,28,12,0,40
2024-09-21T00:39:44,28,12,0,40
2024-09-21T01:12:19,28,12,0,40
2024-09-21T01:45:04,28,12,0,40
2024-09-21T02:17:39,28,12,0,40
2024-09-21T02:50:11,28,12,0,40
2024-09-21T03:22:44,28,12,0,40
2024-09-21T03:55:18,28,12,0,40
2024-09-21T04:36:02,28,12,0,40
2024-09-21T05:08:36,28,12,0,40
2024-09-21T05:41:10,28,12,0,40
2024-09-21T06:13:44,28,12,0,40
2024-09-21T06:46:14,28,12,0,40
2024-09-21T07:18:54,28,12,0,40
2024-09-21T07:53:08,28,12,0,40
2024-09-21T08:25:43,28,12,0,40
2024-09-21T08:58:16,28,12,0,40
2024-09-21T09:30:56,28,12,0,40
2024-09-21T10:03:31,28,12,0,40
2024-09-21T10:36:04,28,12,0,40
2024-09-21T11:08:45,28,12,0,40
2024-09-21T11:41:18,28,12,0,40
2024-09-21T12:13:52,28,12,0,40
2024-09-21T12:46:34,28,12,0,40
2024-09-21T13:19:05,28,12,0,40
2024-09-21T13:51:37,28,12,0,40
2024-09-21T14:24:17,28,12,0,40
2024-09-21T14:56:49,28,12,0,40
2024-09-21T15:29:23,28,12,0,40
2024-09-21T16:02:00,28,12,0,40
2024-09-21T16:34:30,28,12,0,40
2024-09-21T17:06:59,28,12,0,40
2024-09-21T17:39:37,28,12,0,40
2024-09-21T18:12:08,28,12,0,40
2024-09-21T18:44:38,28,12,0,40
2024-09-21T19:17:10,28,12,0,40
2024-09-21T19:49:46,28,12,0,40
2024-09-21T20:22:16,28,12,0,40
2024-09-21T20:54:46,28,12,0,40
2024-09-21T21:27:17,28,12,0,40
2024-09-21T21:59:57,28,12,0,40
2024-09-21T22:32:27,28,12,0,40
2024-09-21T23:04:56,28,12,0,40
2024-09-21T23:37:26,28,12,0,40
2024-09-22T00:10:05,28,12,0,40
2024-09-22T00:42:42,28,12,0,40
2024-09-22T01:15:17,28,12,0,40
2024-09-22T01:47:48,28,12,0,40
2024-09-22T02:20:22,28,12,0,40
2024-09-22T02:52:55,28,12,0,40
2024-09-22T03:25:32,28,12,0,40
2024-09-22T03:58:09,28,12,0,40
2024-09-22T04:38:09,28,12,0,40
2024-09-22T05:13:13,28,12,0,40
2024-09-22T05:45:56,28,12,0,40
2024-09-22T06:18:34,28,12,0,40
2024-09-22T06:51:19,28,12,0,40
2024-09-22T07:23:57,28,12,0,40
2024-09-22T07:56:35,28,12,0,40
2024-09-22T08:29:11,28,12,0,40
2024-09-22T09:01:47,28,12,0,40
2024-09-22T09:34:25,28,12,0,40
2024-09-22T10:07:03,28,12,0,40
2024-09-22T10:39:39,28,12,0,40
2024-09-22T11:12:14,28,12,0,40
2024-09-22T11:44:54,28,12,0,40
2024-09-22T12:17:26,28,12,0,40
2024-09-22T12:50:06,28,12,0,40
2024-09-22T13:22:37,28,12,0,40
2024-09-22T13:55:09,28,12,0,40
2024-09-22T14:27:48,28,12,0,40
2024-09-22T15:00:19,28,12,0,40
2024-09-22T15:32:50,28,12,0,40
2024-09-22T16:05:29,28,12,0,40
2024-09-22T16:38:01,28,12,0,40
2024-09-22T17:10:32,28,12,0,40
2024-09-22T17:43:10,28,12,0,40
2024-09-22T18:15:41,28,12,0,40
2024-09-22T18:48:12,28,12,0,40
2024-09-22T19:20:47,28,12,0,40
2024-09-22T19:53:25,28,12,0,40
2024-09-22T20:25:56,28,12,0,40
2024-09-22T20:58:26,28,12,0,40
2024-09-22T21:31:04,28,12,0,40
2024-09-22T22:03:35,28,12,0,40
2024-09-22T22:36:06,28,12,0,40
2024-09-22T23:08:45,28,12,0,40
2024-09-22T23:41:17,28,12,0,40
2024-09-23T00:13:51,28,12,0,40
2024-09-23T00:46:33,28,12,0,40
2024-09-23T01:19:28,28,12,0,40
2024-09-23T01:52:07,28,12,0,40
2024-09-23T02:24:43,28,12,0,40
2024-09-23T02:57:27,28,12,0,40
2024-09-23T03:30:05,28,12,0,40
2024-09-23T04:02:40,28,12,0,40
2024-09-23T04:38:32,28,12,0,40
2024-09-23T05:11:14,28,12,0,40
2024-09-23T05:43:52,28,12,0,40
2024-09-23T06:16:30,28,12,0,40
2024-09-23T06:49:08,28,12,0,40
2024-09-23T07:21:44,28,12,0,40
2024-09-23T07:54:17,28,12,0,40
2024-09-23T08:26:51,28,12,0,40
2024-09-23T08:59:30,28,12,0,40
2024-09-23T09:32:01,28,12,0,40
2024-09-23T10:04:41,28,12,0,40
2024-09-23T10:37:16,28,12,0,40
2024-09-23T11:09:55,28,12,0,40
2024-09-23T11:42:45,28,12,0,40
2024-09-23T12:15:19,28,12,0,40
2024-09-23T12:48:01,28,12,0,40
2024-09-23T13:20:49,28,12,0,40
2024-09-23T13:53:34,28,12,0,40
2024-09-23T14:26:08,28,12,0,40
2024-09-23T14:58:57,28,12,0,40
2024-09-23T15:31:41,28,12,0,40
2024-09-23T16:04:25,28,12,0,40
2024-09-23T16:37:00,28,12,0,40
2024-09-23T17:09:48,28,12,0,40
2024-09-23T17:42:22,28,12,0,40
2024-09-23T18:15:04,28,12,0,40
2024-09-23T18:47:35,28,12,0,40
2024-09-23T19:20:13,28,12,0,40
2024-09-23T19:52:41,28,12,0,40
2024-09-23T20:25:16,28,12,0,40
2024-09-23T20:57:44,28,12,0,40
2024-09-23T21:30:26,28,12,0,40
2024-09-23T22:03:03,28,12,0,40
2024-09-23T22:35:43,28,12,0,40
2024-09-23T23:08:15,28,12,0,40
2024-09-23T23:40:56,28,12,0,40
2024-09-24T00:13:30,28,12,0,40
2024-09-24T00:46:14,28,12,0,40
2024-09-24T01:18:59,28,12,0,40
2024-09-24T01:51:55,28,12,0,40
2024-09-24T02:24:30,28,12,0,40
2024-09-24T02:57:06,28,12,0,40
2024-09-24T03:29:40,28,12,0,40
2024-09-24T04:02:26,28,12,0,40
2024-09-24T04:34:52,28,12,0,40
2024-09-24T05:07:31,28,12,0,40
2024-09-24T05:40:10,28,12,0,40
2024-09-24T06:12:47,28,12,0,40
2024-09-24T06:45:54,28,12,0,40
2024-09-24T07:18:38,28,12,0,40
2024-09-24T07:51:13,28,12,0,40
2024-09-24T08:23:51,28,12,0,40
2024-09-24T08:56:34,28,12,0,40
2024-09-24T09:29:13,28,12,0,40
2024-09-24T10:01:50,28,12,0,40
2024-09-24T10:34:34,28,12,0,40
2024-09-24T11:07:17,28,12,0,40
2024-09-24T11:39:53,28,12,0,40
2024-09-24T12:12:37,28,12,0,40
2024-09-24T12:45:21,28,12,0,40
2024-09-24T13:17:55,28,12,0,40
2024-09-24T13:50:36,28,12,0,40
2024-09-24T14:23:18,28,12,0,40
2024-09-24T14:55:53,28,12,0,40
2024-09-24T15:28:35,28,12,0,40
2024-09-24T16:01:19,28,12,0,40
2024-09-24T16:33:54,28,12,0,40
2024-09-24T17:06:35,28,12,0,40
2024-09-24T17:39:10,28,12,0,40
2024-09-24T18:11:53,28,12,0,40
2024-09-24T18:44:27,28,12,0,40
2024-09-24T19:17:09,28,12,0,40
2024-09-24T19:49:42,28,12,0,40
2024-09-24T20:22:24,28,12,0,40
2024-09-24T20:54:58,28,12,0,40
2024-09-24T21:27:42,28,12,0,40
2024-09-24T22:00:16,28,12,0,40
2024-09-24T22:32:50,28,12,0,40
2024-09-24T23:05:31,28,12,0,40
2024-09-24T23:38:05,28,12,0,40
2024-09-25T00:10:49,28,12,0,40
2024-09-25T00:43:33,28,12,0,40
2024-09-25T01:16:20,28,12,0,40
2024-09-25T01:49:07,28,12,0,40
2024-09-25T02:21:45,28,12,0,40
2024-09-25T02:54:22,28,12,0,40
2024-09-25T03:27:06,28,12,0,40
2024-09-25T03:59:47,28,12,0,40
2024-09-25T04:35:53,28,12,0,40
2024-09-25T05:08:33,28,12,0,40
2024-09-25T05:41:14,28,12,0,40
2024-09-25T06:14:06,28,12,0,40
2024-09-25T06:46:48,28,12,0,40
2024-09-25T07:19:30,28,12,0,40
2024-09-25T07:52:07,28,12,0,40
2024-09-25T08:24:51,28,12,0,40
2024-09-25T08:57:27,28,12,0,40
2024-09-25T09:30:03,28,12,0,40
2024-09-25T10:02:48,28,12,0,40
2024-09-25T10:35:23,28,12,0,40
2024-09-25T11:08:07,28,12,0,40
2024-09-25T11:40:54,28,12,0,40
2024-09-25T12:13:36,28,12,0,40
2024-09-25T12:46:19,28,12,0,40
2024-09-25T13:19:01,28,12,0,40
2024-09-25T13:51:40,28,12,0,40
2024-09-25T14:24:23,28,12,0,40
2024-09-25T14:57:08,28,12,0,40
2024-09-25T15:31:26,28,12,0,40
2024-09-25T16:04:08,28,12,0,40
2024-09-25T16:36:52,28,12,0,40
2024-09-25T17:09:38,28,12,0,40
2024-09-25T17:42:22,28,12,0,40
2024-09-25T18:15:04,28,12,0,40
2024-09-25T18:47:46,28,12,0,40
2024-09-25T19:20:20,28,12,0,40
2024-09-25T19:53:01,28,12,0,40
2024-09-25T20:25:42,28,12,0,40
2024-09-25T20:58:24,28,12,0,40
2024-09-25T21:31:08,28,12,0,40
2024-09-25T22:03:52,28,12,0,40
2024-09-25T22:36:36,28,12,0,40
2024-09-25T23:09:18,28,12,0,40
2024-09-25T23:41:59,28,12,0,40
2024-09-26T00:14:47,28,12,0,40
2024-09-26T00:47:39,28,12,0,40
2024-09-26T01:20:21,28,12,0,40
2024-09-26T01:52:59,28,12,0,40
2024-09-26T02:25:44,28,12,0,40
2024-09-26T02:58:19,28,12,0,40
2024-09-26T03:31:01,28,12,0,40
2024-09-26T04:05:32,28,12,0,40
2024-09-26T04:39:04,28,12,0,40
2024-09-26T05:12:03,28,12,0,40
2024-09-26T05:44:44,28,12,0,40
2024-09-26T06:17:25,28,12,0,40
2024-09-26T06:50:02,28,12,0,40
2024-09-26T07:22:49,28,12,0,40
2024-09-26T07:55:25,28,12,0,40
2024-09-26T08:28:18,28,12,0,40
2024-09-26T09:01:05,28,12,0,40
2024-09-26T09:34:05,28,12,0,40
2024-09-26T10:07:07,29,11,0,40
2024-09-26T10:40:05,29,11,0,40
2024-09-26T11:13:05,29,11,0,40
2024-09-26T11:45:51,29,11,0,40
2024-09-26T12:18:54,29,11,0,40
2024-09-26T12:51:52,29,11,0,40
2024-09-26T13:24:53,29,11,0,40
2024-09-26T13:57:40,29,11,0,40
2024-09-26T14:30:40,29,11,0,40
2024-09-26T15:03:28,29,11,0,40
2024-09-26T15:36:26,29,11,0,40
2024-09-26T16:09:14,29,11,0,40
2024-09-26T16:42:02,29,11,0,40
2024-09-26T17:14:51,29,11,0,40
2024-09-26T17:47:48,29,11,0,40
2024-09-26T18:20:25,29,11,0,40
2024-09-26T18:53:11,29,11,0,40
2024-09-26T19:25:59,29,11,0,40
2024-09-26T19:58:46,29,11,0,40
2024-09-26T20:31:21,29,11,0,40
2024-09-26T21:04:07,29,11,0,40
2024-09-26T21:36:53,29,11,0,40
2024-09-26T22:09:29,29,11,0,40
2024-09-26T22:42:15,29,11,0,40
2024-09-26T23:15:02,29,11,0,40
2024-09-26T23:47:38,29,11,0,40
2024-09-27T00:20:29,29,11,0,40
2024-09-27T00:53:13,29,11,0,40
2024-09-27T01:25:58,29,11,0,40
2024-09-27T01:58:50,29,11,0,40
2024-09-27T02:31:31,29,11,0,40
2024-09-27T03:04:09,29,11,0,40
2024-09-27T03:36:51,29,11,0,40
2024-09-27T04:09:33,29,11,0,40
2024-09-27T04:34:34,29,11,0,40
2024-09-27T05:07:18,29,11,0,40
2024-09-27T05:39:59,29,11,0,40
2024-09-27T06:12:40,29,11,0,40
2024-09-27T06:45:23,29,11,0,40
2024-09-27T07:18:03,29,11,0,40
2024-09-27T07:50:49,29,11,0,40
2024-09-27T08:23:26,29,11,0,40
2024-09-27T08:56:24,29,11,0,40
2024-09-27T09:29:12,29,11,0,40
2024-09-27T10:02:11,29,11,0,40
2024-09-27T10:34:59,29,11,0,40
2024-09-27T11:08:03,29,11,0,40
2024-09-27T11:40:55,29,11,0,40
2024-09-27T12:13:40,29,11,0,40
2024-09-27T12:46:43,29,11,0,40
2024-09-27T13:19:29,29,11,0,40
2024-09-27T13:52:23,29,11,0,40
2024-09-27T14:25:18,29,11,0,40
2024-09-27T14:57:54,29,11,0,40
2024-09-27T15:30:41,29,11,0,40
2024-09-27T16:03:27,29,11,0,40
2024-09-27T16:36:14,29,11,0,40
2024-09-27T17:09:10,29,11,0,40
2024-09-27T17:41:45,29,11,0,40
2024-09-27T18:14:31,29,11,0,40
2024-09-27T18:47:08,29,11,0,40
2024-09-27T19:19:54,29,11,0,40
2024-09-27T19:52:29,29,11,0,40
2024-09-27T20:25:04,29,11,0,40
2024-09-27T20:57:50,29,11,0,40
2024-09-27T21:30:25,29,11,0,40
2024-09-27T22:03:01,29,11,0,40
2024-09-27T22:35:38,29,11,0,40
2024-09-27T23:08:23,29,11,0,40
2024-09-27T23:41:00,29,11,0,40
2024-09-28T00:13:37,29,11,0,40
2024-09-28T00:46:22,29,11,0,40
2024-09-28T01:19:14,29,11,0,40
2024-09-28T01:51:54,29,11,0,40
2024-09-28T02:24:33,29,11,0,40
2024-09-28T02:57:09,29,11,0,40
2024-09-28T03:29:47,29,11,0,40
2024-09-28T04:02:26,29,11,0,40
2024-09-28T04:35:20,29,11,0,40
2024-09-28T05:08:00,29,11,0,40
2024-09-28T05:40:37,29,11,0,40
2024-09-28T06:13:13,29,11,0,40
2024-09-28T06:46:34,29,11,0,40
2024-09-28T07:19:14,29,11,0,40
2024-09-28T07:51:54,29,11,0,40
2024-09-28T08:24:33,29,11,0,40
2024-09-28T08:57:28,29,11,0,40
2024-09-28T09:30:07,29,11,0,40
2024-09-28T10:02:46,29,11,0,40
2024-09-28T10:35:24,29,11,0,40
2024-09-28T11:08:14,29,11,0,40
2024-09-28T11:40:52,29,11,0,40
2024-09-28T12:13:39,29,11,0,40
2024-09-28T12:46:16,29,11,0,40
2024-09-28T13:18:53,29,11,0,40
2024-09-28T13:51:38,29,11,0,40
2024-09-28T14:24:15,29,11,0,40
2024-09-28T14:56:51,29,11,0,40
2024-09-28T15:29:43,29,11,0,40
2024-09-28T16:02:17,29,11,0,40
2024-09-28T16:34:52,29,11,0,40
2024-09-28T17:07:27,29,11,0,40
2024-09-28T17:40:13,29,11,0,40
2024-09-28T18:12:47,29,11,0,40
2024-09-28T18:45:22,29,11,0,40
2024-09-28T19:18:07,29,11,0,40
2024-09-28T19:50:42,29,11,0,40
2024-09-28T20:23:17,29,11,0,40
2024-09-28T20:56:08,29,11,0,40
2024-09-28T21:28:43,29,11,0,40
2024-09-28T22:01:19,29,11,0,40
2024-09-28T22:33:56,29,11,0,40
2024-09-28T23:06:47,29,11,0,40
2024-09-28T23:39:24,29,11,0,40
2024-09-29T00:12:01,29,11,0,40
2024-09-29T00:44:43,29,11,0,40
2024-09-29T01:17:23,29,11,0,40
2024-09-29T01:50:20,29,11,0,40
2024-09-29T02:23:00,29,11,0,40
2024-09-29T02:55:39,29,11,0,40
2024-09-29T03:28:19,29,11,0,40
2024-09-29T04:01:00,29,11,0,40
2024-09-29T04:34:19,29,11,0,40
2024-09-29T05:07:05,29,11,0,40
2024-09-29T05:39:47,29,11,0,40
2024-09-29T06:12:28,29,11,0,40
2024-09-29T06:45:10,29,11,0,40
2024-09-29T07:17:49,29,11,0,40
2024-09-29T07:50:28,29,11,0,40
2024-09-29T08:23:03,29,11,0,40
2024-09-29T08:55:48,29,11,0,40
2024-09-29T09:28:27,29,11,0,40
2024-09-29T10:01:22,29,11,0,40
2024-09-29T10:34:02,29,11,0,40
2024-09-29T11:06:40,29,11,0,40
2024-09-29T11:39:15,29,11,0,40
2024-09-29T12:12:00,29,11,0,40
2024-09-29T12:44:39,29,11,0,40
2024-09-29T13:17:23,29,11,0,40
2024-09-29T13:49:58,29,11,0,40
2024-09-29T14:22:33,29,11,0,40
2024-09-29T14:55:17,29,11,0,40
2024-09-29T15:27:52,29,11,0,40
2024-09-29T16:00:36,29,11,0,40
2024-09-29T16:33:12,29,11,0,40
2024-09-29T17:05:58,29,11,0,40
2024-09-29T17:38:35,29,11,0,40
2024-09-29T18:11:20,29,11,0,40
2024-09-29T18:43:55,29,11,0,40
2024-09-29T19:16:41,29,11,0,40
2024-09-29T19:49:19,29,11,0,40
2024-09-29T20:21:55,29,11,0,40
2024-09-29T20:54:39,29,11,0,40
2024-09-29T21:27:27,29,11,0,40
2024-09-29T22:00:03,29,11,0,40
2024-09-29T22:32:49,29,11,0,40
2024-09-29T23:05:24,29,11,0,40
2024-09-29T23:38:11,29,11,0,40
2024-09-30T00:10:48,29,11,0,40
2024-09-30T00:43:42,29,11,0,40
2024-09-30T01:16:32,29,11,0,40
2024-09-30T01:49:14,29,11,0,40
2024-09-30T02:22:13,29,11,0,40
2024-09-30T02:54:51,29,11,0,40
2024-09-30T03:27:31,29,11,0,40
2024-09-30T04:00:11,29,11,0,40
2024-09-30T04:31:31,29,11,0,40
2024-09-30T05:04:15,29,11,0,40
2024-09-30T05:36:58,29,11,0,40
2024-09-30T06:09:40,29,11,0,40
2024-09-30T06:42:22,29,11,0,40
2024-09-30T07:15:01,29,11,0,40
2024-09-30T07:47:45,29,11,0,40
2024-09-30T08:20:21,29,11,0,40
2024-09-30T08:53:06,29,11,0,40
2024-09-30T09:25:51,29,11,0,40
2024-09-30T09:58:26,29,11,0,40
2024-09-30T10:31:24,29,11,0,40
2024-09-30T11:04:13,29,11,0,40
2024-09-30T11:37:00,29,11,0,40
2024-09-30T12:09:47,29,11,0,40
2024-09-30T12:42:34,29,11,0,40
2024-09-30T13:15:19,29,11,0,40
2024-09-30T13:48:07,29,11,0,40
2024-09-30T14:20:56,29,11,0,40
2024-09-30T14:53:43,29,11,0,40
2024-09-30T15:26:32,29,11,0,40
2024-09-30T15:59:29,29,11,0,40
2024-09-30T16:32:17,29,11,0,40
2024-09-30T17:04:54,29,11,0,40
2024-09-30T17:37:41,29,11,0,40
2024-09-30T18:10:30,29,11,0,40
2024-09-30T18:43:17,29,11,0,40
2024-09-30T19:15:53,29,11,0,40
2024-09-30T19:48:39,29,11,0,40
2024-09-30T20:21:14,29,11,0,40
2024-09-30T20:54:01,29,11,0,40
2024-09-30T21:26:37,29,11,0,40
2024-09-30T21:59:23,29,11,0,40
2024-09-30T22:31:59,29,11,0,40
2024-09-30T23:04:45,29,11,0,40
2024-09-30T23:37:22,29,11,0,40
2024-10-01T00:10:11,29,11,0,40
2024-10-01T00:42:57,29,11,0,40
2024-10-01T01:15:47,29,11,0,40
2024-10-01T01:48:38,29,11,0,40
2024-10-01T02:21:19,29,11,0,40
2024-10-01T02:53:59,29,11,0,40
2024-10-01T03:26:38,29,11,0,40
2024-10-01T03:59:15,29,11,0,40
2024-10-01T04:31:21,29,11,0,40
2024-10-01T05:04:03,29,11,0,40
2024-10-01T05:38:32,29,11,0,40
2024-10-01T06:11:14,29,11,0,40
2024-10-01T06:44:00,29,11,0,40
2024-10-01T07:16:40,29,11,0,40
2024-10-01T07:49:19,29,11,0,40
2024-10-01T08:22:05,29,11,0,40
2024-10-01T08:54:43,29,11,0,40
2024-10-01T09:27:30,29,11,0,40
2024-10-01T10:00:18,29,11,0,40
2024-10-01T10:33:05,29,11,0,40
2024-10-01T11:05:43,29,11,0,40
2024-10-01T11:38:32,29,11,0,40
2024-10-01T12:11:19,29,11,0,40
2024-10-01T12:44:06,28,12,0,40
2024-10-01T13:16:53,28,12,0,40
2024-10-01T13:49:39,28,12,0,40
2024-10-01T14:22:25,28,12,0,40
2024-10-01T14:55:14,28,12,0,40
2024-10-01T15:28:03,28,12,0,40
2024-10-01T16:00:53,28,12,0,40
2024-10-01T16:33:30,28,12,0,40
2024-10-01T17:06:18,28,12,0,40
2024-10-01T17:39:04,28,12,0,40
2024-10-01T18:11:50,28,12,0,40
2024-10-01T18:44:26,28,12,0,40
2024-10-01T19:17:12,28,12,0,40
2024-10-01T19:49:58,28,12,0,40
2024-10-01T20:22:33,28,12,0,40
2024-10-01T20:55:09,28,12,0,40
2024-10-01T21:27:56,28,12,0,40
2024-10-01T22:00:32,28,12,0,40
2024-10-01T22:33:17,28,12,0,40
2024-10-01T23:05:54,28,12,0,40
2024-10-01T23:38:41,28,12,0,40
2024-10-02T00:11:20,28,12,0,40
2024-10-02T00:44:02,28,12,0,40
2024-10-02T01:17:01,28,12,0,40
2024-10-02T01:49:43,28,12,0,40
2024-10-02T02:22:24,28,12,0,40
2024-10-02T02:55:05,28,12,0,40
2024-10-02T03:27:45,28,12,0,40
2024-10-02T04:00:26,28,12,0,40
2024-10-02T04:40:10,28,12,0,40
2024-10-02T05:12:53,28,12,0,40
2024-10-02T05:45:38,28,12,0,40
2024-10-02T06:18:20,28,12,0,40
2024-10-02T06:51:11,28,12,0,40
2024-10-02T07:24:10,28,12,0,40
2024-10-02T07:57:00,28,12,0,40
2024-10-02T08:29:40,28,12,0,40
2024-10-02T09:02:21,28,12,0,40
2024-10-02T09:35:09,28,12,0,40
2024-10-02T10:07:57,28,12,0,40
2024-10-02T10:40:34,28,12,0,40
2024-10-02T11:22:37,28,12,0,40
2024-10-02T12:11:32,28,12,0,40
2024-10-02T12:44:26,28,12,0,40
2024-10-02T13:17:17,28,12,0,40
2024-10-02T13:50:06,28,12,0,40
2024-10-02T14:22:56,28,12,0,40
2024-10-02T14:55:34,28,12,0,40
2024-10-02T15:28:23,28,12,0,40
2024-10-02T16:01:13,28,12,0,40
2024-10-02T16:34:03,28,12,0,40
2024-10-02T17:06:51,28,12,0,40
2024-10-02T17:39:33,28,12,0,40
2024-10-02T18:12:21,28,12,0,40
2024-10-02T18:44:58,28,12,0,40
2024-10-02T19:17:46,28,12,0,40
2024-10-02T19:50:23,28,12,0,40
2024-10-02T20:23:11,28,12,0,40
2024-10-02T20:55:49,28,12,0,40
2024-10-02T21:28:39,28,12,0,40
2024-10-02T22:01:17,28,12,0,40
2024-10-02T22:33:56,28,12,0,40
2024-10-02T23:06:45,28,12,0,40
2024-10-02T23:39:24,28,12,0,40
2024-10-03T00:12:03,28,12,0,40
2024-10-03T00:44:59,28,12,0,40
2024-10-03T01:17:49,28,12,0,40
2024-10-03T01:50:33,28,12,0,40
2024-10-03T02:23:15,28,12,0,40
2024-10-03T02:55:56,28,12,0,40
2024-10-03T03:28:44,28,12,0,40
2024-10-03T04:01:40,28,12,0,40
2024-10-03T04:29:27,28,12,0,40
2024-10-03T05:04:03,28,12,0,40
2024-10-03T05:36:49,28,12,0,40
2024-10-03T06:09:36,28,12,0,40
2024-10-03T06:42:19,28,12,0,40
2024-10-03T07:15:04,28,12,0,40
2024-10-03T07:47:45,28,12,0,40
2024-10-03T08:20:27,28,12,0,40
2024-10-03T08:53:16,28,12,0,40
2024-10-03T09:25:58,28,12,0,40
2024-10-03T09:58:46,28,12,0,40
2024-10-03T10:31:25,28,12,0,40
2024-10-03T11:04:15,28,12,0,40
2024-10-03T11:36:55,28,12,0,40
2024-10-03T12:09:47,28,12,0,40
2024-10-03T12:42:36,28,12,0,40
2024-10-03T13:15:16,28,12,0,40
2024-10-03T13:48:05,28,12,0,40
2024-10-03T14:20:57,28,12,0,40
2024-10-03T14:53:39,28,12,0,40
2024-10-03T15:26:30,28,12,0,40
2024-10-03T15:59:20,28,12,0,40
2024-10-03T16:32:02,28,12,0,40
2024-10-03T17:04:43,28,12,0,40
2024-10-03T17:37:34,28,12,0,40
2024-10-03T18:10:26,28,12,0,40
2024-10-03T18:43:06,28,12,0,40
2024-10-03T19:15:47,28,12,0,40
2024-10-03T19:48:37,28,12,0,40
2024-10-03T20:21:18,28,12,0,40
2024-10-03T20:53:58,28,12,0,40
2024-10-03T21:26:50,28,12,0,40
2024-10-03T21:59:31,28,12,0,40
2024-10-03T22:32:12,28,12,0,40
2024-10-03T23:05:04,28,12,0,40
2024-10-03T23:37:46,28,12,0,40
2024-10-04T00:10:27,28,12,0,40
2024-10-04T00:43:28,28,12,0,40
2024-10-04T01:16:22,28,12,0,40
2024-10-04T01:49:10,28,12,0,40
2024-10-04T02:21:55,28,12,0,40
2024-10-04T02:54:48,28,12,0,40
2024-10-04T03:27:37,28,12,0,40
2024-10-04T04:00:23,28,12,0,40
2024-10-04T04:38:00,28,12,0,40
2024-10-04T05:10:53,28,12,0,40
2024-10-04T05:43:40,28,12,0,40
2024-10-04T06:16:28,28,12,0,40
2024-10-04T06:49:13,28,12,0,40
2024-10-04T07:21:58,28,12,0,40
2024-10-04T07:54:40,28,12,0,40
2024-10-04T08:27:32,28,12,0,40
2024-10-04T09:00:13,28,12,0,40
2024-10-04T09:32:53,28,12,0,40
2024-10-04T10:05:44,28,12,0,40
2024-10-04T10:38:24,28,12,0,40
2024-10-04T11:11:16,28,12,0,40
2024-10-04T11:43:55,28,12,0,40
2024-10-04T12:16:44,28,12,0,40
2024-10-04T12:55:39,28,12,0,40
2024-10-04T13:28:29,28,12,0,40
2024-10-04T14:01:08,28,12,0,40
2024-10-04T14:33:57,28,12,0,40
2024-10-04T15:06:37,28,12,0,40
2024-10-04T15:39:26,28,12,0,40
2024-10-04T16:12:05,28,12,0,40
2024-10-04T16:44:55,28,12,0,40
2024-10-04T17:17:34,28,12,0,40
2024-10-04T17:50:13,28,12,0,40
2024-10-04T18:23:04,28,12,0,40
2024-10-04T18:55:44,28,12,0,40
2024-10-04T19:28:24,28,12,0,40
2024-10-04T20:01:04,28,12,0,40
2024-10-04T20:33:53,28,12,0,40
2024-10-04T21:06:33,28,12,0,40
2024-10-04T21:39:13,28,12,0,40
2024-10-04T22:11:55,28,12,0,40
2024-10-04T22:44:43,28,12,0,40
2024-10-04T23:17:24,28,12,0,40
2024-10-04T23:50:05,28,12,0,40
2024-10-05T00:22:50,28,12,0,40
2024-10-05T00:55:40,28,12,0,40
2024-10-05T01:28:37,28,12,0,40
2024-10-05T02:01:24,28,12,0,40
2024-10-05T02:34:08,28,12,0,40
2024-10-05T03:06:49,28,12,0,40
2024-10-05T03:39:33,28,12,0,40
2024-10-05T04:12:17,28,12,0,40
2024-10-05T04:39:15,28,12,0,40
2024-10-05T05:12:00,28,12,0,40
2024-10-05T05:44:48,28,12,0,40
2024-10-05T06:18:49,28,12,0,40
2024-10-05T06:51:38,28,12,0,40
2024-10-05T07:24:28,28,12,0,40
2024-10-05T07:57:21,28,12,0,40
2024-10-05T08:30:07,28,12,0,40
2024-10-05T09:02:52,28,12,0,40
2024-10-05T09:35:38,28,12,0,40
2024-10-05T10:08:35,28,12,0,40
2024-10-05T10:41:19,28,12,0,40
2024-10-05T11:14:03,28,12,0,40
2024-10-05T11:46:47,28,12,0,40
2024-10-05T12:19:31,28,12,0,40
2024-10-05T12:52:21,28,12,0,40
2024-10-05T13:25:03,28,12,0,40
2024-10-05T13:57:44,28,12,0,40
2024-10-05T14:30:35,28,12,0,40
2024-10-05T15:03:16,28,12,0,40
2024-10-05T15:35:59,28,12,0,40
2024-10-05T16:08:41,28,12,0,40
2024-10-05T16:41:30,28,12,0,40
2024-10-05T17:14:12,28,12,0,40
2024-10-05T17:46:53,28,12,0,40
2024-10-05T18:19:35,28,12,0,40
2024-10-05T18:52:17,28,12,0,40
2024-10-05T19:25:00,28,12,0,40
2024-10-05T19:57:50,28,12,0,40
2024-10-05T20:30:32,28,12,0,40
2024-10-05T21:03:13,28,12,0,40
2024-10-05T21:35:56,28,12,0,40
2024-10-05T22:08:38,28,12,0,40
2024-10-05T22:41:20,28,12,0,40
2024-10-05T23:14:14,28,12,0,40
2024-10-05T23:46:56,28,12,0,40
2024-10-06T00:19:39,28,12,0,40
2024-10-06T00:52:28,28,12,0,40
2024-10-06T01:25:14,28,12,0,40
2024-10-06T01:58:00,28,12,0,40
2024-10-06T02:30:45,28,12,0,40
2024-10-06T03:03:29,28,12,0,40
2024-10-06T03:36:13,28,12,0,40
2024-10-06T04:43:49,28,12,0,40
2024-10-06T05:16:35,28,12,0,40
2024-10-06T05:49:19,28,12,0,40
2024-10-06T06:22:01,28,12,0,40
2024-10-06T06:54:43,28,12,0,40
2024-10-06T07:27:26,28,12,0,40
2024-10-06T08:00:13,28,12,0,40
2024-10-06T08:33:02,28,12,0,40
2024-10-06T09:05:49,28,12,0,40
2024-10-06T09:38:40,28,12,0,40
2024-10-06T10:11:30,28,12,0,40
2024-10-06T10:44:19,28,12,0,40
2024-10-06T11:17:23,28,12,0,40
2024-10-06T11:50:11,28,12,0,40
2024-10-06T12:22:57,28,12,0,40
2024-10-06T12:55:42,28,12,0,40
2024-10-06T13:28:35,28,12,0,40
2024-10-06T14:01:17,28,12,0,40
2024-10-06T14:33:57,28,12,0,40
2024-10-06T15:06:39,28,12,0,40
2024-10-06T15:39:27,28,12,0,40
2024-10-06T16:12:07,28,12,0,40
2024-10-06T16:44:48,28,12,0,40
2024-10-06T17:17:29,28,12,0,40
2024-10-06T17:50:17,28,12,0,40
2024-10-06T18:22:57,28,12,0,40
2024-10-06T18:55:40,28,12,0,40
2024-10-06T19:28:34,28,12,0,40
2024-10-06T20:01:15,28,12,0,40
2024-10-06T20:33:55,28,12,0,40
2024-10-06T21:06:35,28,12,0,40
2024-10-06T21:39:25,28,12,0,40
2024-10-06T22:12:10,28,12,0,40
2024-10-06T22:44:51,28,12,0,40
2024-10-06T23:17:50,28,12,0,40
2024-10-06T23:50:32,28,12,0,40
2024-10-07T00:23:14,28,12,0,40
2024-10-07T00:56:11,28,12,0,40
2024-10-07T01:29:18,28,12,0,40
2024-10-07T02:02:17,28,12,0,40
2024-10-07T02:35:03,28,12,0,40
2024-10-07T03:07:48,28,12,0,40
2024-10-07T03:40:35,28,12,0,40
2024-10-07T04:31:41,28,12,0,40
2024-10-07T05:04:47,28,12,0,40
2024-10-07T05:37:38,28,12,0,40
2024-10-07T06:10:28,28,12,0,40
2024-10-07T06:43:15,28,12,0,40
2024-10-07T07:16:00,28,12,0,40
2024-10-07T07:48:44,28,12,0,40
2024-10-07T08:21:26,28,12,0,40
2024-10-07T08:54:17,28,12,0,40
2024-10-07T09:26:58,28,12,0,40
2024-10-07T09:59:39,28,12,0,40
2024-10-07T10:32:30,28,12,0,40
2024-10-07T11:05:23,28,12,0,40
2024-10-07T11:38:03,28,12,0,40
2024-10-07T12:10:53,28,12,0,40
2024-10-07T12:43:32,29,11,0,40
2024-10-07T13:16:23,29,11,0,40
2024-10-07T13:49:03,29,11,0,40
2024-10-07T14:21:55,29,11,0,40
2024-10-07T14:54:50,29,11,0,40
2024-10-07T15:27:36,29,11,0,40
2024-10-07T16:00:28,29,11,0,40
2024-10-07T16:33:10,29,11,0,40
2024-10-07T17:06:02,29,11,0,40
2024-10-07T17:38:46,29,11,0,40
2024-10-07T18:11:40,29,11,0,40
2024-10-07T18:44:23,29,11,0,40
2024-10-07T19:17:07,29,11,0,40
2024-10-07T19:50:00,29,11,0,40
2024-10-07T20:22:43,29,11,0,40
2024-10-07T20:55:26,29,11,0,40
2024-10-07T21:28:20,29,11,0,40
2024-10-07T22:01:04,29,11,0,40
2024-10-07T22:33:47,29,11,0,40
2024-10-07T23:06:41,29,11,0,40
2024-10-07T23:39:25,29,11,0,40
2024-10-08T00:12:12,29,11,0,40
2024-10-08T00:45:03,29,11,0,40
2024-10-08T01:18:14,29,11,0,40
2024-10-08T01:51:04,29,11,0,40
2024-10-08T02:23:57,29,11,0,40
2024-10-08T02:56:45,29,11,0,40
2024-10-08T03:29:33,29,11,0,40
2024-10-08T04:02:22,29,11,0,40
2024-10-08T04:39:59,29,11,0,40
2024-10-08T05:12:50,29,11,0,40
2024-10-08T05:45:39,29,11,0,40
2024-10-08T06:18:29,29,11,0,40
2024-10-08T06:51:17,29,11,0,40
2024-10-08T07:24:07,29,11,0,40
2024-10-08T07:56:53,29,11,0,40
2024-10-08T08:29:43,29,11,0,40
2024-10-08T09:02:41,29,11,0,40
2024-10-08T09:35:27,29,11,0,40
2024-10-08T10:08:21,29,11,0,40
2024-10-08T10:41:05,29,11,0,40
2024-10-08T11:14:08,29,11,0,40
2024-10-08T11:46:52,29,11,0,40
2024-10-08T12:19:48,29,11,0,40
2024-10-08T12:52:32,29,11,0,40
2024-10-08T13:25:34,29,11,0,40
2024-10-08T13:58:19,29,11,0,40
2024-10-08T14:31:13,29,11,0,40
2024-10-08T15:03:58,29,11,0,40
2024-10-08T15:36:56,29,11,0,40
2024-10-08T16:09:52,29,11,0,40
2024-10-08T16:42:38,29,11,0,40
2024-10-08T17:15:35,29,11,0,40
2024-10-08T17:48:19,29,11,0,40
2024-10-08T18:21:04,29,11,0,40
2024-10-08T18:53:59,29,11,0,40
2024-10-08T19:26:43,29,11,0,40
2024-10-08T19:59:48,29,11,0,40
2024-10-08T20:32:33,29,11,0,40
2024-10-08T21:05:17,29,11,0,40
2024-10-08T21:38:01,29,11,0,40
2024-10-08T22:10:56,29,11,0,40
2024-10-08T22:43:41,29,11,0,40
2024-10-08T23:16:26,29,11,0,40
2024-10-08T23:49:31,29,11,0,40
2024-10-09T00:22:19,29,11,0,40
2024-10-09T00:55:14,29,11,0,40
2024-10-09T01:28:08,29,11,0,40
2024-10-09T02:00:57,29,11,0,40
2024-10-09T02:33:55,29,11,0,40
2024-10-09T03:06:42,29,11,0,40
2024-10-09T03:39:28,29,11,0,40
2024-10-09T04:33:17,29,11,0,40
2024-10-09T05:06:11,29,11,0,40
2024-10-09T05:39:05,29,11,0,40
2024-10-09T06:11:54,29,11,0,40
2024-10-09T06:44:46,29,11,0,40
2024-10-09T07:17:37,29,11,0,40
2024-10-09T07:50:26,29,11,0,40
2024-10-09T08:23:22,29,11,0,40
2024-10-09T08:56:08,29,11,0,40
2024-10-09T09:28:55,29,11,0,40
2024-10-09T10:01:59,29,11,0,40
2024-10-09T10:34:44,29,11,0,40
2024-10-09T11:07:27,29,11,0,40
2024-10-09T11:40:24,29,11,0,40
2024-10-09T12:13:08,29,11,0,40
2024-10-09T12:46:11,29,11,0,40
2024-10-09T13:18:56,29,11,0,40
2024-10-09T13:51:51,29,11,0,40
2024-10-09T14:24:55,29,11,0,40
2024-10-09T14:57:43,29,11,0,40
2024-10-09T15:30:39,29,11,0,40
2024-10-09T16:03:23,29,11,0,40
2024-10-09T16:36:26,29,11,0,40
2024-10-09T17:09:11,29,11,0,40
2024-10-09T17:42:07,29,11,0,40
2024-10-09T18:14:51,29,11,0,40
2024-10-09T18:47:35,29,11,0,40
2024-10-09T19:20:31,29,11,0,40
2024-10-09T19:53:15,29,11,0,40
2024-10-09T20:25:59,29,11,0,40
2024-10-09T20:58:53,29,11,0,40
2024-10-09T21:31:39,29,11,0,40
2024-10-09T22:04:23,29,11,0,40
2024-10-09T22:37:17,29,11,0,40
2024-10-09T23:10:04,29,11,0,40
2024-10-09T23:42:48,29,11,0,40
2024-10-10T00:15:56,29,11,0,40
2024-10-10T00:48:49,29,11,0,40
2024-10-10T01:21:41,29,11,0,40
2024-10-10T01:54:28,29,11,0,40
2024-10-10T02:27:14,29,11,0,40
2024-10-10T03:00:00,29,11,0,40
2024-10-10T03:33:00,29,11,0,40
2024-10-10T04:05:46,29,11,0,40
2024-10-10T04:36:46,29,11,0,40
2024-10-10T05:11:14,29,11,0,40
2024-10-10T05:44:15,29,11,0,40
2024-10-10T06:17:05,29,11,0,40
2024-10-10T06:54:41,29,11,0,40
2024-10-10T07:27:31,29,11,0,40
2024-10-10T08:00:19,29,11,0,40
2024-10-10T08:33:19,29,11,0,40
2024-10-10T09:06:06,29,11,0,40
2024-10-10T09:38:53,29,11,0,40
2024-10-10T10:11:50,29,11,0,40
2024-10-10T10:44:37,29,11,0,40
2024-10-10T11:17:35,29,11,0,40
2024-10-10T11:50:22,29,11,0,40
2024-10-10T12:23:21,29,11,0,40
2024-10-10T12:56:17,29,11,0,40
2024-10-10T13:29:02,29,11,0,40
2024-10-10T14:01:49,29,11,0,40
2024-10-10T14:34:44,29,11,0,40
2024-10-10T15:07:32,29,11,0,40
2024-10-10T15:40:28,29,11,0,40
2024-10-10T16:13:16,29,11,0,40
2024-10-10T16:46:13,29,11,0,40
2024-10-10T17:19:02,29,11,0,40
2024-10-10T17:52:00,29,11,0,40
2024-10-10T18:24:48,29,11,0,40
2024-10-10T18:57:36,29,11,0,40
2024-10-10T19:30:34,29,11,0,40
2024-10-10T20:03:22,29,11,0,40
2024-10-10T20:36:09,29,11,0,40
2024-10-10T21:09:07,29,11,0,40
2024-10-10T21:41:56,29,11,0,40
2024-10-10T22:14:47,29,11,0,40
2024-10-10T22:47:35,29,11,0,40
2024-10-10T23:20:35,29,11,0,40
2024-10-10T23:53:23,29,11,0,40
2024-10-11T00:26:33,29,11,0,40
2024-10-11T00:59:31,29,11,0,40
2024-10-11T01:32:28,29,11,0,40
2024-10-11T02:05:26,29,11,0,40
2024-10-11T02:38:30,29,11,0,40
2024-10-11T03:11:24,29,11,0,40
2024-10-11T03:44:14,29,11,0,40
2024-10-11T04:30:39,29,11,0,40
2024-10-11T05:03:36,29,11,0,40
2024-10-11T05:36:32,29,11,0,40
2024-10-11T06:09:26,29,11,0,40
2024-10-11T06:42:19,29,11,0,40
2024-10-11T07:15:12,29,11,0,40
2024-10-11T07:48:11,29,11,0,40
2024-10-11T08:21:02,29,11,0,40
2024-10-11T08:53:52,29,11,0,40
2024-10-11T09:26:40,29,11,0,40
2024-10-11T09:59:38,29,11,0,40
2024-10-11T10:32:25,29,11,0,40
2024-10-11T11:05:24,29,11,0,40
2024-10-11T11:38:11,29,11,0,40
2024-10-11T12:11:08,29,11,0,40
2024-10-11T12:43:54,29,11,0,40
2024-10-11T13:16:51,29,11,0,40
2024-10-11T13:49:38,29,11,0,40
2024-10-11T14:22:35,29,11,0,40
2024-10-11T14:55:22,29,11,0,40
2024-10-11T15:28:19,29,11,0,40
2024-10-11T16:01:06,29,11,0,40
2024-10-11T16:34:03,29,11,0,40
2024-10-11T17:06:52,29,11,0,40
2024-10-11T17:39:42,29,11,0,40
2024-10-11T18:12:41,29,11,0,40
2024-10-11T18:45:29,29,11,0,40
2024-10-11T19:18:17,29,11,0,40
2024-10-11T19:51:05,29,11,0,40
2024-10-11T20:24:02,29,11,0,40
2024-10-11T20:56:50,29,11,0,40
2024-10-11T21:29:37,29,11,0,40
2024-10-11T22:02:24,29,11,0,40
2024-10-11T22:35:12,29,11,0,40
2024-10-11T23:08:10,29,11,0,40
2024-10-11T23:40:57,29,11,0,40
2024-10-12T00:13:47,29,11,0,40
2024-10-12T00:46:44,29,11,0,40
2024-10-12T01:19:37,29,11,0,40
2024-10-12T01:52:33,29,11,0,40
2024-10-12T02:25:24,29,11,0,40
2024-10-12T02:58:14,29,11,0,40
2024-10-12T03:31:07,29,11,0,40
2024-10-12T04:03:59,29,11,0,40
2024-10-12T04:38:27,29,11,0,40
2024-10-12T05:11:35,29,11,0,40
2024-10-12T05:44:24,29,11,0,40
2024-10-12T06:17:13,29,11,0,40
2024-10-12T06:50:05,29,11,0,40
2024-10-12T07:24:41,29,11,0,40
2024-10-12T07:57:32,29,11,0,40
2024-10-12T08:30:26,29,11,0,40
2024-10-12T09:03:26,29,11,0,40
2024-10-12T09:36:19,29,11,0,40
2024-10-12T10:09:11,29,11,0,40
2024-10-12T10:42:02,29,11,0,40
2024-10-12T11:14:54,29,11,0,40
2024-10-12T11:47:54,29,11,0,40
2024-10-12T12:20:48,29,11,0,40
2024-10-12T12:53:38,29,11,0,40
2024-10-12T13:26:42,29,11,0,40
2024-10-12T13:59:33,29,11,0,40
2024-10-12T14:32:23,29,11,0,40
2024-10-12T15:05:12,29,11,0,40
2024-10-12T15:38:00,29,11,0,40
2024-10-12T16:10:57,29,11,0,40
2024-10-12T16:43:45,29,11,0,40
2024-10-12T17:16:33,29,11,0,40
2024-10-12T17:49:21,29,11,0,40
2024-10-12T18:22:08,29,11,0,40
2024-10-12T18:54:55,29,11,0,40
2024-10-12T19:27:53,29,11,0,40
2024-10-12T20:00:40,29,11,0,40
2024-10-12T20:33:27,29,11,0,40
2024-10-12T21:06:15,29,11,0,40
2024-10-12T21:39:04,29,11,0,40
2024-10-12T22:12:02,29,11,0,40
2024-10-12T22:44:49,29,11,0,40
2024-10-12T23:17:38,29,11,0,40
2024-10-12T23:50:25,29,11,0,40
2024-10-13T00:23:17,29,11,0,40
2024-10-13T00:56:07,29,11,0,40
2024-10-13T01:29:04,29,11,0,40
2024-10-13T02:01:55,29,11,0,40
2024-10-13T02:34:51,29,11,0,40
2024-10-13T03:07:44,29,11,0,40
2024-10-13T03:40:37,29,11,0,40
2024-10-13T04:15:56,29,11,0,40
2024-10-13T04:39:01,29,11,0,40
2024-10-13T05:11:57,29,11,0,40
2024-10-13T05:44:49,29,11,0,40
2024-10-13T06:17:41,29,11,0,40
2024-10-13T06:50:33,29,11,0,40
2024-10-13T07:23:30,29,11,0,40
2024-10-13T07:56:28,29,11,0,40
2024-10-13T08:29:20,29,11,0,40
2024-10-13T09:02:11,29,11,0,40
2024-10-13T09:35:06,29,11,0,40
2024-10-13T10:08:04,29,11,0,40
2024-10-13T10:40:57,29,11,0,40
2024-10-13T11:13:50,29,11,0,40
2024-10-13T11:46:45,29,11,0,40
2024-10-13T12:19:36,29,11,0,40
2024-10-13T12:52:30,29,11,0,40
2024-10-13T13:25:30,29,11,0,40
2024-10-13T13:58:19,29,11,0,40
2024-10-13T14:31:05,29,11,0,40
2024-10-13T15:03:49,29,11,0,40
2024-10-13T15:36:33,29,11,0,40
2024-10-13T16:09:27,29,11,0,40
2024-10-13T16:42:13,29,11,0,40
2024-10-13T17:14:57,29,11,0,40
2024-10-13T17:47:45,29,11,0,40
2024-10-13T18:20:32,29,11,0,40
2024-10-13T18:53:26,29,11,0,40
2024-10-13T19:26:11,29,11,0,40
2024-10-13T19:58:55,29,11,0,40
2024-10-13T20:31:39,29,11,0,40
2024-10-13T21:04:33,29,11,0,40
2024-10-13T21:37:17,29,11,0,40
2024-10-13T22:10:00,29,11,0,40
2024-10-13T22:42:53,29,11,0,40
2024-10-13T23:15:40,29,11,0,40
2024-10-13T23:48:25,29,11,0,40
2024-10-14T00:21:14,29,11,0,40
2024-10-14T00:54:08,29,11,0,40
2024-10-14T01:27:05,29,11,0,40
2024-10-14T02:00:05,29,11,0,40
2024-10-14T02:33:21,29,11,0,40
2024-10-14T03:06:11,29,11,0,40
2024-10-14T03:39:01,29,11,0,40
2024-10-14T04:32:23,29,11,0,40
2024-10-14T05:05:40,29,11,0,40
2024-10-14T05:38:36,29,11,0,40
2024-10-14T06:11:32,29,11,0,40
2024-10-14T06:44:27,29,11,0,40
2024-10-14T07:17:19,29,11,0,40
2024-10-14T07:50:09,29,11,0,40
2024-10-14T08:22:59,29,11,0,40
2024-10-14T08:55:48,29,11,0,40
2024-10-14T09:28:47,29,11,0,40
2024-10-14T10:01:36,29,11,0,40
2024-10-14T10:34:24,29,11,0,40
2024-10-14T11:07:25,29,11,0,40
2024-10-14T11:40:15,29,11,0,40
2024-10-14T12:13:03,29,11,0,40
2024-10-14T12:46:01,29,11,0,40
2024-10-14T13:18:51,29,11,0,40
2024-10-14T13:51:47,29,11,0,40
2024-10-14T14:24:36,29,11,0,40
2024-10-14T14:57:26,29,11,0,40
2024-10-14T15:30:27,29,11,0,40
2024-10-14T16:03:16,29,11,0,40
2024-10-14T16:36:14,29,11,0,40
2024-10-14T17:09:03,29,11,0,40
2024-10-14T17:41:53,29,11,0,40
2024-10-14T18:15:00,29,11,0,40
2024-10-14T18:47:49,29,11,0,40
2024-10-14T19:20:38,29,11,0,40
2024-10-14T19:53:27,29,11,0,40
2024-10-14T20:26:15,29,11,0,40
2024-10-14T20:59:13,29,11,0,40
2024-10-14T21:32:02,29,11,0,40
2024-10-14T22:04:50,29,11,0,40
2024-10-14T22:37:56,29,11,0,40
2024-10-14T23:10:45,29,11,0,40
2024-10-14T23:43:34,29,11,0,40
2024-10-15T00:16:24,29,11,0,40
2024-10-15T00:49:22,29,11,0,40
2024-10-15T01:22:30,29,11,0,40
2024-10-15T01:55:27,29,11,0,40
2024-10-15T02:28:20,29,11,0,40
2024-10-15T03:01:12,29,11,0,40
2024-10-15T03:34:03,29,11,0,40
2024-10-15T04:30:08,29,11,0,40
2024-10-15T05:03:31,29,11,0,40
2024-10-15T05:36:28,29,11,0,40
2024-10-15T06:09:22,29,11,0,40
2024-10-15T06:42:18,29,11,0,40
2024-10-15T07:15:15,29,11,0,40
2024-10-15T07:48:07,29,11,0,40
2024-10-15T08:21:01,29,11,0,40
2024-10-15T08:54:02,29,11,0,40
2024-10-15T09:26:55,29,11,0,40
2024-10-15T09:59:44,29,11,0,40
2024-10-15T10:32:33,29,11,0,40
2024-10-15T11:05:47,29,11,0,40
2024-10-15T11:38:36,29,11,0,40
2024-10-15T12:11:26,29,11,0,40
2024-10-15T12:44:25,29,11,0,40
2024-10-15T13:17:14,29,11,0,40
2024-10-15T13:50:28,29,11,0,40
2024-10-15T14:23:19,29,11,0,40
2024-10-15T14:56:09,29,11,0,40
2024-10-15T15:29:10,29,11,0,40
2024-10-15T16:01:59,29,11,0,40
2024-10-15T16:35:00,29,11,0,40
2024-10-15T17:07:50,29,11,0,40
2024-10-15T17:40:39,29,11,0,40
2024-10-15T18:13:45,29,11,0,40
2024-10-15T18:46:34,29,11,0,40
2024-10-15T19:19:24,29,11,0,40
2024-10-15T19:52:21,29,11,0,40
2024-10-15T20:25:10,29,11,0,40
2024-10-15T20:57:58,29,11,0,40
2024-10-15T21:30:48,29,11,0,40
2024-10-15T22:03:36,29,11,0,40
2024-10-15T22:36:36,29,11,0,40
2024-10-15T23:09:26,29,11,0,40
2024-10-15T23:42:15,29,11,0,40
2024-10-16T00:15:49,29,11,0,40
2024-10-16T00:50:50,29,11,0,40
2024-10-16T01:24:54,29,11,0,40
2024-10-16T02:20:49,29,11,0,40
2024-10-16T02:53:43,29,11,0,40
2024-10-16T03:26:34,29,11,0,40
2024-10-16T04:01:33,29,11,0,40
2024-10-16T04:37:07,29,11,0,40
2024-10-16T05:10:06,29,11,0,40
2024-10-16T05:43:02,29,11,0,40
2024-10-16T06:15:57,29,11,0,40
2024-10-16T06:49:00,29,11,0,40
2024-10-16T07:21:56,29,11,0,40
2024-10-16T07:54:49,29,11,0,40
2024-10-16T08:27:44,29,11,0,40
2024-10-16T09:00:44,29,11,0,40
2024-10-16T09:33:34,29,11,0,40
2024-10-16T10:06:22,29,11,0,40
2024-10-16T10:39:11,29,11,0,40
2024-10-16T11:12:11,29,11,0,40
2024-10-16T11:44:59,29,11,0,40
2024-10-16T12:17:49,29,11,0,40
2024-10-16T12:50:47,29,11,0,40
2024-10-16T13:23:38,29,11,0,40
2024-10-16T13:56:26,29,11,0,40
2024-10-16T14:29:25,29,11,0,40
2024-10-16T15:02:16,29,11,0,40
2024-10-16T15:35:08,29,11,0,40
2024-10-16T16:08:09,29,11,0,40
2024-10-16T16:40:57,29,11,0,40
2024-10-16T17:13:47,29,11,0,40
2024-10-16T17:46:47,29,11,0,40
2024-10-16T18:19:36,29,11,0,40
2024-10-16T18:52:25,29,11,0,40
2024-10-16T19:25:15,29,11,0,40
2024-10-16T19:58:03,29,11,0,40
2024-10-16T20:31:01,29,11,0,40
2024-10-16T21:03:50,29,11,0,40
2024-10-16T21:36:39,29,11,0,40
2024-10-16T22:10:57,29,11,0,40
2024-10-16T22:43:45,29,11,0,40
2024-10-16T23:16:35,29,11,0,40
2024-10-16T23:49:35,29,11,0,40
2024-10-17T00:22:30,29,11,0,40
2024-10-17T00:55:28,29,11,0,40
2024-10-17T01:28:24,29,11,0,40
2024-10-17T02:01:21,29,11,0,40
2024-10-17T02:34:15,29,11,0,40
2024-10-17T03:07:05,29,11,0,40
2024-10-17T03:39:59,29,11,0,40
2024-10-17T04:12:52,29,11,0,40
2024-10-17T04:42:42,29,11,0,40
2024-10-17T05:15:39,29,11,0,40
2024-10-17T05:48:35,29,11,0,40
2024-10-17T06:21:30,29,11,0,40
2024-10-17T06:54:25,29,11,0,40
2024-10-17T07:27:19,29,11,0,40
2024-10-17T08:00:11,29,11,0,40
2024-10-17T08:33:06,29,11,0,40
2024-10-17T09:06:01,29,11,0,40
2024-10-17T09:38:49,29,11,0,40
2024-10-17T10:11:48,29,11,0,40
2024-10-17T10:44:36,29,11,0,40
2024-10-17T11:17:25,29,11,0,40
2024-10-17T11:50:13,29,11,0,40
2024-10-17T12:23:12,29,11,0,40
2024-10-17T12:56:00,29,11,0,40
2024-10-17T13:28:50,29,11,0,40
2024-10-17T14:01:49,29,11,0,40
2024-10-17T14:34:38,29,11,0,40
2024-10-17T15:07:27,29,11,0,40
2024-10-17T15:40:17,29,11,0,40
2024-10-17T16:13:16,29,11,0,40
2024-10-17T16:46:06,29,11,0,40
2024-10-17T17:18:56,29,11,0,40
2024-10-17T17:51:47,29,11,0,40
2024-10-17T18:24:45,29,11,0,40
2024-10-17T18:57:34,29,11,0,40
2024-10-17T19:30:23,29,11,0,40
2024-10-17T20:03:13,29,11,0,40
2024-10-17T20:36:01,29,11,0,40
2024-10-17T21:09:01,29,11,0,40
2024-10-17T21:41:51,29,11,0,40
2024-10-17T22:14:40,29,11,0,40
2024-10-17T22:47:30,29,11,0,40
2024-10-17T23:20:20,29,11,0,40
2024-10-17T23:53:21,29,11,0,40
2024-10-18T00:26:16,29,11,0,40
2024-10-18T00:59:14,29,11,0,40
2024-10-18T01:32:12,29,11,0,40
2024-10-18T02:05:13,29,11,0,40
2024-10-18T02:38:19,29,11,0,40
2024-10-18T03:11:14,29,11,0,40
2024-10-18T03:44:07,29,11,0,40
2024-10-18T04:28:01,29,11,0,40
2024-10-18T05:00:57,29,11,0,40
2024-10-18T05:33:54,29,11,0,40
2024-10-18T06:06:56,29,11,0,40
2024-10-18T06:39:52,29,11,0,40
2024-10-18T07:12:58,29,11,0,40
2024-10-18T07:45:52,29,11,0,40
2024-10-18T08:18:45,29,11,0,40
2024-10-18T08:51:37,29,11,0,40
2024-10-18T09:24:31,29,11,0,40
2024-10-18T09:57:29,29,11,0,40
2024-10-18T10:30:17,29,11,0,40
2024-10-18T11:03:07,29,11,0,40
2024-10-18T11:36:10,29,11,0,40
2024-10-18T12:08:59,29,11,0,40
2024-10-18T12:41:57,29,11,0,40
2024-10-18T13:14:46,29,11,0,40
2024-10-18T13:47:35,29,11,0,40
2024-10-18T14:20:23,29,11,0,40
2024-10-18T14:53:22,29,11,0,40
2024-10-18T15:26:11,29,11,0,40
2024-10-18T15:59:02,29,11,0,40
2024-10-18T16:31:52,29,11,0,40
2024-10-18T17:04:52,29,11,0,40
2024-10-18T17:37:42,29,11,0,40
2024-10-18T18:10:31,29,11,0,40
2024-10-18T18:43:20,29,11,0,40
2024-10-18T19:16:09,29,11,0,40
2024-10-18T19:48:59,29,11,0,40
2024-10-18T20:21:58,29,11,0,40
2024-10-18T20:54:47,29,11,0,40
2024-10-18T21:27:37,29,11,0,40
2024-10-18T22:00:28,29,11,0,40
2024-10-18T22:33:18,29,11,0,40
2024-10-18T23:06:09,29,11,0,40
2024-10-18T23:39:08,29,11,0,40
2024-10-19T00:11:58,29,11,0,40
2024-10-19T00:44:57,29,11,0,40
2024-10-19T01:17:54,29,11,0,40
2024-10-19T01:50:54,29,11,0,40
2024-10-19T02:23:53,29,11,0,40
2024-10-19T02:56:46,29,11,0,40
2024-10-19T03:29:39,29,11,0,40
2024-10-19T04:02:33,29,11,0,40
2024-10-19T04:32:12,29,11,0,40
2024-10-19T05:05:07,29,11,0,40
2024-10-19T05:37:57,29,11,0,40
2024-10-19T06:10:49,29,11,0,40
2024-10-19T06:43:46,29,11,0,40
2024-10-19T07:16:41,29,11,0,40
2024-10-19T07:49:36,29,11,0,40
2024-10-19T08:22:38,29,11,0,40
2024-10-19T08:55:29,29,11,0,40
2024-10-19T09:28:19,29,11,0,40
2024-10-19T10:01:09,29,11,0,40
2024-10-19T10:33:59,29,11,0,40
2024-10-19T11:06:49,29,11,0,40
2024-10-19T11:39:48,29,11,0,40
2024-10-19T12:12:36,29,11,0,40
2024-10-19T12:45:25,29,11,0,40
2024-10-19T13:18:13,29,11,0,40
2024-10-19T13:51:01,29,11,0,40
2024-10-19T14:23:48,29,11,0,40
2024-10-19T14:56:40,29,11,0,40
2024-10-19T15:29:27,29,11,0,40
2024-10-19T16:02:12,29,11,0,40
2024-10-19T16:34:57,29,11,0,40
2024-10-19T17:07:43,29,11,0,40
2024-10-19T17:40:37,29,11,0,40
2024-10-19T18:13:24,29,11,0,40
2024-10-19T18:46:07,29,11,0,40
2024-10-19T19:18:52,29,11,0,40
2024-10-19T19:51:37,29,11,0,40
2024-10-19T20:24:22,29,11,0,40
2024-10-19T20:57:52,29,11,0,40
2024-10-19T21:30:37,29,11,0,40
2024-10-19T22:03:30,29,11,0,40
2024-10-19T22:36:15,29,11,0,40
2024-10-19T23:09:05,29,11,0,40
2024-10-19T23:41:50,29,11,0,40
2024-10-20T00:14:39,29,11,0,40
2024-10-27T00:55:23,29,11,0,40
2024-10-27T01:28:16,29,11,0,40
2024-10-27T02:01:11,29,11,0,40
2024-10-27T02:34:09,29,11,0,40
2024-10-27T03:07:04,29,11,0,40
2024-10-27T03:39:59,29,11,0,40
2024-10-27T04:33:34,29,11,0,40
2024-10-27T05:06:36,29,11,0,40
2024-10-27T05:39:35,29,11,0,40
2024-10-27T06:12:35,29,11,0,40
2024-10-27T06:45:33,29,11,0,40
2024-10-27T07:18:30,29,11,0,40
2024-10-27T07:51:27,29,11,0,40
2024-10-27T08:24:21,29,11,0,40
2024-10-27T08:57:17,29,11,0,40
2024-10-27T09:30:12,29,11,0,40
2024-10-27T10:03:23,29,11,0,40
2024-10-27T10:36:13,29,11,0,40
2024-10-27T11:09:03,29,11,0,40
2024-10-27T11:41:54,29,11,0,40
2024-10-27T12:14:44,29,11,0,40
2024-10-27T12:47:41,29,11,0,40
2024-10-27T13:20:31,29,11,0,40
2024-10-27T13:53:21,29,11,0,40
2024-10-27T14:26:10,29,11,0,40
2024-10-27T14:59:04,29,11,0,40
2024-10-27T15:32:04,29,11,0,40
2024-10-27T16:04:53,29,11,0,40
2024-10-27T16:37:44,29,11,0,40
2024-10-27T17:10:34,29,11,0,40
2024-10-27T17:43:34,29,11,0,40
2024-10-27T18:16:26,29,11,0,40
2024-10-27T18:49:17,29,11,0,40
2024-10-27T19:22:08,29,11,0,40
2024-10-27T19:54:58,29,11,0,40
2024-10-27T20:27:47,29,11,0,40
2024-10-27T21:00:53,29,11,0,40
2024-10-27T21:33:42,29,11,0,40
2024-10-27T22:06:37,29,11,0,40
2024-10-27T22:39:27,29,11,0,40
2024-10-27T23:12:16,29,11,0,40
2024-10-27T23:45:06,29,11,0,40
2024-10-28T00:18:00,29,11,0,40
2024-10-28T00:52:07,29,11,0,40
2024-10-28T01:25:05,29,11,0,40
2024-10-28T01:58:10,29,11,0,40
2024-10-28T02:31:04,29,11,0,40
2024-10-28T03:03:56,29,11,0,40
2024-10-28T03:36:49,29,11,0,40
2024-10-28T04:31:00,29,11,0,40
2024-10-28T05:05:38,29,11,0,40
2024-10-28T05:38:34,29,11,0,40
2024-10-28T06:11:31,29,11,0,40
2024-10-28T06:44:42,29,11,0,40
2024-10-28T07:17:42,29,11,0,40
2024-10-28T07:50:34,29,11,0,40
2024-10-28T08:23:28,29,11,0,40
2024-10-28T08:56:18,29,11,0,40
2024-10-28T09:29:10,29,11,0,40
2024-10-28T10:02:10,29,11,0,40
2024-10-28T10:35:03,29,11,0,40
2024-10-28T11:07:52,29,11,0,40
2024-10-28T11:40:41,29,11,0,40
2024-10-28T12:13:40,29,11,0,40
2024-10-28T12:46:29,29,11,0,40
2024-10-28T13:19:29,29,11,0,40
2024-10-28T13:52:17,29,11,0,40
2024-10-28T14:25:06,29,11,0,40
2024-10-28T14:57:56,29,11,0,40
2024-10-28T15:30:54,29,11,0,40
2024-10-28T16:03:44,29,11,0,40
2024-10-28T16:36:32,29,11,0,40
2024-10-28T17:09:32,29,11,0,40
2024-10-28T17:42:20,29,11,0,40
2024-10-28T18:15:08,29,11,0,40
2024-10-28T18:47:56,29,11,0,40
2024-10-28T19:20:44,29,11,0,40
2024-10-28T19:53:43,29,11,0,40
2024-10-28T20:26:31,29,11,0,40
2024-10-28T20:59:19,29,11,0,40
2024-10-28T21:32:07,29,11,0,40
2024-10-28T22:05:06,29,11,0,40
2024-10-28T22:38:05,29,11,0,40
2024-10-28T23:10:55,29,11,0,40
2024-10-28T23:43:47,29,11,0,40
2024-10-29T00:16:38,29,11,0,40
2024-10-29T00:49:38,29,11,0,40
2024-10-29T01:22:36,29,11,0,40
2024-10-29T01:55:29,29,11,0,40
2024-10-29T02:28:21,29,11,0,40
2024-10-29T03:01:21,29,11,0,40
2024-10-29T03:34:17,29,11,0,40
2024-10-29T04:09:31,29,11,0,40
2024-10-29T04:36:00,29,11,0,40
2024-10-29T05:08:57,29,11,0,40
2024-10-29T05:41:54,29,11,0,40
2024-10-29T06:14:48,29,11,0,40
2024-10-29T06:47:42,29,11,0,40
2024-10-29T07:20:36,29,11,0,40
2024-10-29T07:53:29,29,11,0,40
2024-10-29T08:26:21,29,11,0,40
2024-10-29T08:59:22,29,11,0,40
2024-10-29T09:32:13,29,11,0,40
2024-10-29T10:05:03,29,11,0,40
2024-10-29T10:37:52,29,11,0,40
2024-10-29T11:10:40,29,11,0,40
2024-10-29T11:43:40,29,11,0,40
2024-10-29T12:16:29,29,11,0,40
2024-10-29T12:49:18,29,11,0,40
2024-10-29T13:22:17,29,11,0,40
2024-10-29T13:55:06,29,11,0,40
2024-10-29T14:27:54,29,11,0,40
2024-10-29T15:00:56,29,11,0,40
2024-10-29T15:33:46,29,11,0,40
2024-10-29T16:06:36,29,11,0,40
2024-10-29T16:39:25,29,11,0,40
2024-10-29T17:12:28,29,11,0,40
2024-10-29T17:45:17,29,11,0,40
2024-10-29T18:18:05,29,11,0,40
2024-10-29T18:50:55,29,11,0,40
2024-10-29T19:23:44,29,11,0,40
2024-10-29T19:56:33,29,11,0,40
2024-10-29T20:29:33,29,11,0,40
2024-10-29T21:02:21,29,11,0,40
2024-10-29T21:35:11,29,11,0,40
2024-10-29T22:08:04,29,11,0,40
2024-10-29T22:40:54,29,11,0,40
2024-10-29T23:13:44,29,11,0,40
2024-10-29T23:46:43,29,11,0,40
2024-10-30T00:19:38,29,11,0,40
2024-10-30T00:53:53,29,11,0,40
2024-10-30T01:26:51,29,11,0,40
2024-10-30T01:59:47,29,11,0,40
2024-10-30T02:32:41,29,11,0,40
2024-10-30T03:05:38,29,11,0,40
2024-10-30T03:38:30,29,11,0,40
2024-10-30T04:28:21,29,11,0,40
2024-10-30T05:01:17,29,11,0,40
2024-10-30T05:34:12,29,11,0,40
2024-10-30T06:07:06,29,11,0,40
2024-10-30T06:40:00,29,11,0,40
2024-10-30T07:12:53,29,11,0,40
2024-10-30T07:45:45,29,11,0,40
2024-10-30T08:18:38,29,11,0,40
2024-10-30T08:51:39,29,11,0,40
2024-10-30T09:24:29,29,11,0,40
2024-10-30T09:57:19,29,11,0,40
2024-10-30T10:30:10,29,11,0,40
2024-10-30T11:03:13,29,11,0,40
2024-10-30T11:36:03,29,11,0,40
2024-10-30T12:08:52,29,11,0,40
2024-10-30T12:41:42,29,11,0,40
2024-10-30T13:14:41,29,11,0,40
2024-10-30T13:47:30,29,11,0,40
2024-10-30T14:20:19,29,11,0,40
2024-10-30T14:53:09,29,11,0,40
2024-10-30T15:26:11,29,11,0,40
2024-10-30T15:59:02,29,11,0,40
2024-10-30T16:31:52,29,11,0,40
2024-10-30T17:04:42,29,11,0,40
2024-10-30T17:37:43,29,11,0,40
2024-10-30T18:10:32,29,11,0,40
2024-10-30T18:43:21,29,11,0,40
2024-10-30T19:16:11,29,11,0,40
2024-10-30T19:49:00,29,11,0,40
2024-10-30T20:22:01,29,11,0,40
2024-10-30T20:54:51,29,11,0,40
2024-10-30T21:27:42,29,11,0,40
2024-10-30T22:00:36,29,11,0,40
2024-10-30T22:33:35,29,11,0,40
2024-10-30T23:06:25,29,11,0,40
2024-10-30T23:39:15,29,11,0,40
2024-10-31T00:12:07,29,11,0,40
2024-10-31T00:45:04,29,11,0,40
2024-10-31T01:18:02,29,11,0,40
2024-10-31T01:51:00,29,11,0,40
2024-10-31T02:24:05,29,11,0,40
2024-10-31T02:56:48,29,11,0,40
2024-10-31T03:29:36,29,11,0,40
2024-10-31T04:02:30,29,11,0,40
2024-10-31T04:37:30,29,11,0,40
2024-10-31T05:10:27,29,11,0,40
2024-10-31T05:45:08,29,11,0,40
2024-10-31T06:18:03,29,11,0,40
2024-10-31T06:50:58,29,11,0,40
2024-10-31T07:23:53,29,11,0,40
2024-10-31T07:56:48,29,11,0,40
2024-10-31T08:29:41,29,11,0,40
2024-10-31T09:02:36,29,11,0,40
2024-10-31T09:35:35,29,11,0,40
2024-10-31T10:08:26,29,11,0,40
2024-10-31T10:41:16,29,11,0,40
2024-10-31T11:14:07,29,11,0,40
2024-10-31T11:46:57,29,11,0,40
2024-10-31T12:20:01,29,11,0,40
2024-10-31T12:52:51,29,11,0,40
2024-10-31T13:25:53,29,11,0,40
2024-10-31T13:58:43,29,11,0,40
2024-10-31T14:31:31,29,11,0,40
2024-10-31T15:04:20,29,11,0,40
2024-10-31T15:37:20,29,11,0,40
2024-10-31T16:10:08,29,11,0,40
2024-10-31T16:42:57,29,11,0,40
2024-10-31T17:15:46,29,11,0,40
2024-10-31T17:48:43,29,11,0,40
2024-10-31T18:21:32,29,11,0,40
2024-10-31T18:54:20,29,11,0,40
2024-10-31T19:27:09,29,11,0,40
2024-10-31T19:59:59,29,11,0,40
2024-10-31T20:32:57,29,11,0,40
2024-10-31T21:05:45,29,11,0,40
2024-10-31T21:38:35,29,11,0,40
2024-10-31T22:11:25,29,11,0,40
2024-10-31T22:44:14,29,11,0,40
2024-10-31T23:17:05,29,11,0,40
2024-10-31T23:49:55,29,11,0,40
2024-11-01T00:22:49,29,11,0,40
2024-11-01T00:55:55,29,11,0,40
2024-11-01T01:28:53,29,11,0,40
2024-11-01T02:01:59,29,11,0,40
2024-11-01T02:34:56,29,11,0,40
2024-11-01T03:07:51,29,11,0,40
2024-11-01T03:40:47,29,11,0,40
2024-11-01T04:13:42,29,11,0,40
2024-11-01T04:38:24,29,11,0,40
2024-11-01T05:11:21,29,11,0,40
2024-11-01T05:44:15,29,11,0,40
2024-11-01T06:17:09,29,11,0,40
2024-11-01T06:50:06,29,11,0,40
2024-11-01T07:23:01,29,11,0,40
2024-11-01T07:55:55,29,11,0,40
2024-11-01T08:28:50,29,11,0,40
2024-11-01T09:01:51,29,11,0,40
2024-11-01T09:34:41,29,11,0,40
2024-11-01T10:07:31,29,11,0,40
2024-11-01T10:40:21,29,11,0,40
2024-11-01T11:13:13,29,11,0,40
2024-11-01T11:46:14,29,11,0,40
2024-11-01T12:19:06,29,11,0,40
2024-11-01T12:51:55,29,11,0,40
2024-11-01T13:24:57,29,11,0,40
2024-11-01T13:57:46,29,11,0,40
2024-11-01T14:30:35,29,11,0,40
2024-11-01T15:03:26,29,11,0,40
2024-11-01T15:36:28,29,11,0,40
2024-11-01T16:09:18,29,11,0,40
2024-11-01T16:42:08,29,11,0,40
2024-11-01T17:14:57,29,11,0,40
2024-11-01T17:47:46,29,11,0,40
2024-11-01T18:20:43,29,11,0,40
2024-11-01T18:53:32,29,11,0,40
2024-11-01T19:26:22,29,11,0,40
2024-11-01T19:59:11,29,11,0,40
2024-11-01T20:32:00,29,11,0,40
2024-11-01T21:04:50,29,11,0,40
2024-11-01T21:37:51,29,11,0,40
2024-11-01T22:10:42,29,11,0,40
2024-11-01T22:43:32,29,11,0,40
2024-11-01T23:16:24,29,11,0,40
2024-11-01T23:49:14,29,11,0,40
2024-11-02T00:22:09,29,11,0,40
2024-11-02T00:55:06,29,11,0,40
2024-11-02T01:27:59,29,11,0,40
2024-11-02T02:01:05,29,11,0,40
2024-11-02T02:33:58,29,11,0,40
2024-11-02T03:06:49,29,11,0,40
2024-11-02T03:39:43,29,11,0,40
2024-11-02T04:12:35,29,11,0,40
2024-11-02T04:36:40,29,11,0,40
2024-11-02T05:09:33,29,11,0,40
2024-11-02T05:42:25,29,11,0,40
2024-11-02T06:16:17,29,11,0,40
2024-11-02T06:49:11,29,11,0,40
2024-11-02T07:22:06,29,11,0,40
2024-11-02T07:55:02,29,11,0,40
2024-11-02T08:28:03,29,11,0,40
2024-11-02T09:01:00,29,11,0,40
2024-11-02T09:33:54,29,11,0,40
2024-11-02T10:06:50,29,11,0,40
2024-11-02T10:39:45,29,11,0,40
2024-11-02T11:12:37,29,11,0,40
2024-11-02T11:45:33,29,11,0,40
2024-11-02T12:18:37,29,11,0,40
2024-11-02T12:51:30,29,11,0,40
2024-11-02T13:24:24,29,11,0,40
2024-11-02T13:57:18,29,11,0,40
2024-11-02T14:30:10,29,11,0,40
2024-11-02T15:03:14,29,11,0,40
2024-11-02T15:36:06,29,11,0,40
2024-11-02T16:08:57,29,11,0,40
2024-11-02T16:41:46,29,11,0,40
2024-11-02T17:14:37,29,11,0,40
2024-11-02T17:47:34,29,11,0,40
2024-11-02T18:20:33,29,11,0,40
2024-11-02T18:53:21,29,11,0,40
2024-11-02T19:26:13,29,11,0,40
2024-11-02T19:59:08,29,11,0,40
2024-11-02T20:31:58,29,11,0,40
2024-11-02T21:04:47,29,11,0,40
2024-11-02T21:37:37,29,11,0,40
2024-11-02T22:10:26,29,11,0,40
2024-11-02T22:43:24,29,11,0,40
2024-11-02T23:16:15,29,11,0,40
2024-11-02T23:49:04,29,11,0,40
2024-11-03T00:21:57,29,11,0,40
2024-11-03T00:54:49,29,11,0,40
2024-11-03T01:27:41,29,11,0,40
2024-11-03T01:00:31,29,11,0,40
2024-11-03T01:33:23,29,11,0,40
2024-11-03T02:06:23,29,11,0,40
2024-11-03T02:39:20,29,11,0,40
2024-11-03T03:12:15,29,11,0,40
2024-11-03T03:45:10,29,11,0,40
2024-11-03T04:39:36,29,11,0,40
2024-11-03T05:12:34,29,11,0,40
2024-11-03T05:45:29,29,11,0,40
2024-11-03T06:18:25,29,11,0,40
2024-11-03T06:51:20,29,11,0,40
2024-11-03T07:24:15,29,11,0,40
2024-11-03T07:57:12,29,11,0,40
2024-11-03T08:30:04,29,11,0,40
2024-11-03T09:03:00,29,11,0,40
2024-11-03T09:36:17,29,11,0,40
2024-11-03T10:09:11,29,11,0,40
2024-11-03T10:42:15,29,11,0,40
2024-11-03T11:15:12,29,11,0,40
2024-11-03T11:48:14,29,11,0,40
2024-11-03T12:21:05,29,11,0,40
2024-11-03T12:53:56,29,11,0,40
2024-11-03T13:26:46,29,11,0,40
2024-11-03T13:59:36,29,11,0,40
2024-11-03T14:32:26,29,11,0,40
2024-11-03T15:05:16,29,11,0,40
2024-11-03T15:38:16,29,11,0,40
2024-11-03T16:11:06,29,11,0,40
2024-11-03T16:43:57,29,11,0,40
2024-11-03T17:16:48,29,11,0,40
2024-11-03T17:49:38,29,11,0,40
2024-11-03T18:22:27,29,11,0,40
2024-11-03T18:55:30,29,11,0,40
2024-11-03T19:28:24,29,11,0,40
2024-11-03T20:01:15,29,11,0,40
2024-11-03T20:34:04,29,11,0,40
2024-11-03T21:07:02,29,11,0,40
2024-11-03T21:39:54,29,11,0,40
2024-11-03T22:12:46,29,11,0,40
2024-11-03T22:45:35,29,11,0,40
2024-11-03T23:18:25,29,11,0,40
2024-11-03T23:51:26,29,11,0,40
2024-11-04T00:24:27,29,11,0,40
2024-11-04T00:57:30,29,11,0,40
2024-11-04T01:30:33,29,11,0,40
2024-11-04T02:03:31,29,11,0,40
2024-11-04T02:36:26,29,11,0,40
2024-11-04T03:09:20,29,11,0,40
2024-11-04T03:42:13,29,11,0,40
2024-11-04T04:38:52,29,11,0,40
2024-11-04T05:11:54,29,11,0,40
2024-11-04T05:44:50,29,11,0,40
2024-11-04T06:17:46,29,11,0,40
2024-11-04T06:50:42,29,11,0,40
2024-11-04T07:23:35,29,11,0,40
2024-11-04T07:56:24,29,11,0,40
2024-11-04T08:29:17,29,11,0,40
2024-11-04T09:02:08,29,11,0,40
2024-11-04T09:35:19,29,11,0,40
2024-11-04T10:08:09,29,11,0,40
2024-11-04T10:41:00,29,11,0,40
2024-11-04T11:13:50,29,11,0,40
2024-11-04T11:46:49,29,11,0,40
2024-11-04T12:19:40,29,11,0,40
2024-11-04T12:52:49,29,11,0,40
2024-11-04T13:25:38,29,11,0,40
2024-11-04T13:58:29,29,11,0,40
2024-11-04T14:31:28,29,11,0,40
2024-11-04T15:04:17,29,11,0,40
2024-11-04T15:37:08,29,11,0,40
2024-11-04T16:10:17,29,11,0,40
2024-11-04T16:43:07,29,11,0,40
2024-11-04T17:15:58,29,11,0,40
2024-11-04T17:48:59,29,11,0,40
2024-11-04T18:21:49,29,11,0,40
2024-11-04T18:54:38,29,11,0,40
2024-11-04T19:27:28,29,11,0,40
2024-11-04T20:00:33,29,11,0,40
2024-11-04T20:33:22,29,11,0,40
2024-11-04T21:06:12,29,11,0,40
2024-11-04T21:39:01,29,11,0,40
2024-11-04T22:11:52,29,11,0,40
2024-11-04T22:44:52,29,11,0,40
2024-11-04T23:17:42,29,11,0,40
2024-11-04T23:50:32,29,11,0,40
2024-11-05T00:23:25,29,11,0,40
2024-11-05T00:56:24,29,11,0,40
2024-11-05T01:29:22,29,11,0,40
2024-11-05T02:02:22,29,11,0,40
2024-11-05T02:35:36,29,11,0,40
2024-11-05T03:08:28,29,11,0,40
2024-11-05T03:41:22,29,11,0,40
2024-11-05T04:33:40,29,11,0,40
2024-11-05T05:08:14,29,11,0,40
2024-11-05T05:41:09,29,11,0,40
2024-11-05T06:14:05,29,11,0,40
2024-11-05T06:47:00,29,11,0,40
2024-11-05T07:19:56,29,11,0,40
2024-11-05T07:52:49,29,11,0,40
2024-11-05T08:25:40,29,11,0,40
2024-11-05T08:58:39,29,11,0,40
2024-11-05T09:31:30,29,11,0,40
2024-11-05T10:04:20,29,11,0,40
2024-11-05T10:37:10,29,11,0,40
2024-11-05T11:10:12,29,11,0,40
2024-11-05T11:43:02,29,11,0,40
2024-11-05T12:15:53,29,11,0,40
2024-11-05T12:48:54,29,11,0,40
2024-11-05T13:21:44,29,11,0,40
2024-11-05T13:54:35,29,11,0,40
2024-11-05T14:27:35,29,11,0,40
2024-11-05T15:00:26,29,11,0,40
2024-11-05T15:33:16,29,11,0,40
2024-11-05T16:06:16,29,11,0,40
2024-11-05T16:39:07,29,11,0,40
2024-11-05T17:11:57,29,11,0,40
2024-11-05T17:44:56,29,11,0,40
2024-11-05T18:17:45,29,11,0,40
2024-11-05T18:50:34,29,11,0,40
2024-11-05T19:23:23,29,11,0,40
2024-11-05T19:56:13,29,11,0,40
2024-11-05T20:29:03,29,11,0,40
2024-11-05T21:02:00,29,11,0,40
2024-11-05T21:34:51,29,11,0,40
2024-11-05T22:07:40,29,11,0,40
2024-11-05T22:41:06,29,11,0,40
2024-11-05T23:13:55,29,11,0,40
2024-11-05T23:46:45,29,11,0,40
2024-11-06T00:19:41,29,11,0,40
2024-11-06T00:52:39,29,11,0,40
2024-11-06T01:25:46,29,11,0,40
2024-11-06T01:58:48,29,11,0,40
2024-11-06T02:31:46,29,11,0,40
2024-11-06T03:04:42,29,11,0,40
2024-11-06T03:37:37,29,11,0,40
2024-11-06T04:10:31,29,11,0,40
2024-11-06T04:42:05,29,11,0,40
2024-11-06T05:15:02,29,11,0,40
2024-11-06T05:47:57,29,11,0,40
2024-11-06T06:20:53,29,11,0,40
2024-11-06T06:53:49,29,11,0,40
2024-11-06T07:26:43,29,11,0,40
2024-11-06T07:59:37,29,11,0,40
2024-11-06T08:32:32,29,11,0,40
2024-11-06T09:05:49,29,11,0,40
2024-11-06T09:39:01,29,11,0,40
2024-11-06T10:12:10,29,11,0,40
2024-11-06T10:48:24,29,11,0,40
2024-11-06T11:22:41,29,11,0,40
2024-11-06T11:56:11,29,11,0,40
2024-11-06T12:29:37,29,11,0,40
2024-11-06T13:02:44,29,11,0,40
2024-11-06T13:35:51,29,11,0,40
2024-11-06T14:09:07,29,11,0,40
2024-11-06T14:42:14,29,11,0,40
2024-11-06T15:15:21,29,11,0,40
2024-11-06T15:48:23,29,11,0,40
2024-11-06T16:21:25,29,11,0,40
2024-11-06T16:54:26,29,11,0,40
2024-11-06T17:27:29,29,11,0,40
2024-11-06T18:00:18,29,11,0,40
2024-11-06T18:33:20,29,11,0,40
2024-11-06T19:06:23,29,11,0,40
2024-11-06T19:39:13,29,11,0,40
2024-11-06T20:12:13,29,11,0,40
2024-11-06T20:45:03,29,11,0,40
2024-11-06T21:18:07,29,11,0,40
2024-11-06T21:50:57,29,11,0,40
2024-11-06T22:23:57,29,11,0,40
2024-11-06T22:56:46,29,11,0,40
2024-11-06T23:29:50,29,11,0,40
2024-11-07T00:02:41,29,11,0,40
2024-11-07T00:35:40,29,11,0,40
2024-11-07T01:08:49,29,11,0,40
2024-11-07T01:41:45,29,11,0,40
2024-11-07T02:14:46,29,11,0,40
2024-11-07T02:47:39,29,11,0,40
2024-11-07T03:20:33,29,11,0,40
2024-11-07T03:53:27,29,11,0,40
2024-11-07T04:40:31,29,11,0,40
2024-11-07T05:13:29,29,11,0,40
2024-11-07T05:46:26,29,11,0,40
2024-11-07T06:19:20,29,11,0,40
2024-11-07T06:52:14,29,11,0,40
2024-11-07T07:25:09,29,11,0,40
2024-11-07T07:58:05,29,11,0,40
2024-11-07T08:31:06,29,11,0,40
2024-11-07T09:03:56,29,11,0,40
2024-11-07T09:36:45,29,11,0,40
2024-11-07T10:09:51,29,11,0,40
2024-11-07T10:42:41,29,11,0,40
2024-11-07T11:15:43,29,11,0,40
2024-11-07T11:48:49,29,11,0,40
2024-11-07T12:21:39,29,11,0,40
2024-11-07T12:54:41,29,11,0,40
2024-11-07T13:27:42,29,11,0,40
2024-11-07T14:00:31,29,11,0,40
2024-11-07T14:33:37,29,11,0,40
2024-11-07T15:06:37,29,11,0,40
2024-11-07T15:39:39,29,11,0,40
2024-11-07T16:12:28,29,11,0,40
2024-11-07T16:45:30,29,11,0,40
2024-11-07T17:18:21,29,11,0,40
2024-11-07T17:51:23,29,11,0,40
2024-11-07T18:24:23,29,11,0,40
2024-11-07T18:57:11,29,11,0,40
2024-11-07T19:30:12,29,11,0,40
2024-11-07T20:03:01,29,11,0,40
2024-11-07T20:35:51,29,11,0,40
2024-11-07T21:08:52,29,11,0,40
2024-11-07T21:41:44,29,11,0,40
2024-11-07T22:14:46,29,11,0,40
2024-11-07T22:47:35,29,11,0,40
2024-11-07T23:20:26,29,11,0,40
2024-11-07T23:53:27,29,11,0,40
2024-11-08T00:26:24,29,11,0,40
2024-11-08T00:59:19,29,11,0,40
2024-11-08T01:32:28,29,11,0,40
2024-11-08T02:05:32,29,11,0,40
2024-11-08T02:38:28,29,11,0,40
2024-11-08T03:11:22,29,11,0,40
2024-11-08T03:44:16,29,11,0,40
2024-11-08T04:34:23,29,11,0,40
2024-11-08T05:07:41,29,11,0,40
2024-11-08T05:40:40,29,11,0,40
2024-11-08T06:13:34,29,11,0,40
2024-11-08T06:46:29,29,11,0,40
2024-11-08T07:19:38,29,11,0,40
2024-11-08T07:52:30,29,11,0,40
2024-11-08T08:25:23,29,11,0,40
2024-11-08T08:58:13,29,11,0,40
2024-11-08T09:31:03,29,11,0,40
2024-11-08T10:04:03,29,11,0,40
2024-11-08T10:37:10,29,11,0,40
2024-11-08T11:10:01,29,11,0,40
2024-11-08T11:42:51,29,11,0,40
2024-11-08T12:15:50,29,11,0,40
2024-11-08T12:48:56,29,11,0,40
2024-11-08T13:21:46,29,11,0,40
2024-11-08T13:54:45,29,11,0,40
2024-11-08T14:27:37,29,11,0,40
2024-11-08T15:00:38,29,11,0,40
2024-11-08T15:33:28,29,11,0,40
2024-11-08T16:06:36,29,11,0,40
2024-11-08T16:39:24,29,11,0,40
2024-11-08T17:12:25,29,11,0,40
2024-11-08T17:45:13,29,11,0,40
2024-11-08T18:18:01,29,11,0,40
2024-11-08T18:51:09,29,11,0,40
2024-11-08T19:23:58,29,11,0,40
2024-11-08T19:56:48,29,11,0,40
2024-11-08T20:29:46,29,11,0,40
2024-11-08T21:02:35,29,11,0,40
2024-11-08T21:35:26,29,11,0,40
2024-11-08T22:08:18,29,11,0,40
2024-11-08T22:41:26,29,11,0,40
2024-11-08T23:14:16,29,11,0,40
2024-11-08T23:47:05,29,11,0,40
2024-11-09T00:20:10,29,11,0,40
2024-11-09T00:53:07,29,11,0,40
2024-11-09T01:26:02,29,11,0,40
2024-11-09T01:58:59,29,11,0,40
2024-11-09T02:31:51,29,11,0,40
2024-11-09T03:04:42,29,11,0,40
2024-11-09T03:37:58,29,11,0,40
2024-11-09T04:10:51,29,11,0,40
2024-11-09T04:35:32,29,11,0,40
2024-11-09T05:08:29,29,11,0,40
2024-11-09T05:41:29,29,11,0,40
2024-11-09T06:14:24,29,11,0,40
2024-11-09T06:47:18,29,11,0,40
2024-11-09T07:20:13,29,11,0,40
2024-11-09T07:53:17,29,11,0,40
2024-11-09T08:26:11,29,11,0,40
2024-11-09T08:59:05,29,11,0,40
2024-11-09T09:31:59,29,11,0,40
2024-11-09T10:05:02,29,11,0,40
2024-11-09T10:37:55,29,11,0,40
2024-11-09T11:10:47,29,11,0,40
2024-11-09T11:43:38,29,11,0,40
2024-11-09T12:16:40,29,11,0,40
2024-11-09T12:49:32,29,11,0,40
2024-11-09T13:22:21,29,11,0,40
2024-11-09T13:55:10,29,11,0,40
2024-11-09T14:28:12,29,11,0,40
2024-11-09T15:01:03,29,11,0,40
2024-11-09T15:33:52,29,11,0,40
2024-11-09T16:06:51,29,11,0,40
2024-11-09T16:39:40,29,11,0,40
2024-11-09T17:12:29,29,11,0,40
2024-11-09T17:45:19,29,11,0,40
2024-11-09T18:18:19,29,11,0,40
2024-11-09T18:51:07,29,11,0,40
2024-11-09T19:23:58,29,11,0,40
2024-11-09T19:56:47,29,11,0,40
2024-11-09T20:29:46,29,11,0,40
2024-11-09T21:02:35,29,11,0,40
2024-11-09T21:35:25,29,11,0,40
2024-11-09T22:08:14,29,11,0,40
2024-11-09T22:41:03,29,11,0,40
2024-11-09T23:14:02,29,11,0,40
2024-11-09T23:46:50,29,11,0,40
2024-11-10T00:19:41,29,11,0,40
2024-11-10T00:52:34,29,11,0,40
2024-11-10T01:25:25,29,11,0,40
2024-11-10T01:58:23,29,11,0,40
2024-11-10T02:31:14,29,11,0,40
2024-11-10T03:04:06,29,11,0,40
2024-11-10T03:37:01,29,11,0,40
2024-11-10T04:43:49,29,11,0,40
2024-11-10T05:16:47,29,11,0,40
2024-11-10T05:49:46,29,11,0,40
2024-11-10T06:22:51,29,11,0,40
2024-11-10T06:55:48,29,11,0,40
2024-11-10T07:28:50,29,11,0,40
2024-11-10T08:02:01,29,11,0,40
2024-11-10T08:35:02,29,11,0,40
2024-11-10T09:08:00,29,11,0,40
2024-11-10T09:37:34,29,11,0,40
2024-11-10T10:10:33,29,11,0,40
2024-11-10T10:43:34,29,11,0,40
2024-11-10T11:16:24,29,11,0,40
2024-11-10T11:49:18,29,11,0,40
2024-11-10T12:22:19,29,11,0,40
2024-11-10T12:55:08,29,11,0,40
2024-11-10T13:28:01,29,11,0,40
2024-11-10T14:01:00,29,11,0,40
2024-11-10T14:33:51,29,11,0,40
2024-11-10T15:06:42,29,11,0,40
2024-11-10T15:39:37,29,11,0,40
2024-11-10T16:12:37,29,11,0,40
2024-11-10T16:45:28,29,11,0,40
2024-11-10T17:18:19,29,11,0,40
2024-11-10T17:51:21,29,11,0,40
2024-11-10T18:24:13,29,11,0,40
2024-11-10T18:57:04,29,11,0,40
2024-11-10T19:30:04,29,11,0,40
2024-11-10T20:02:56,29,11,0,40
2024-11-10T20:35:45,29,11,0,40
2024-11-10T21:08:37,29,11,0,40
2024-11-10T21:41:41,29,11,0,40
2024-11-10T22:14:31,29,11,0,40
2024-11-10T22:47:22,29,11,0,40
2024-11-10T23:20:23,29,11,0,40
2024-11-10T23:53:14,29,11,0,40
2024-11-11T00:26:13,29,11,0,40
2024-11-11T00:59:13,29,11,0,40
2024-11-11T01:32:28,29,11,0,40
2024-11-11T02:05:25,29,11,0,40
2024-11-11T02:38:20,29,11,0,40
2024-11-11T03:11:15,29,11,0,40
2024-11-11T03:44:09,29,11,0,40
2024-11-11T04:42:58,29,11,0,40
2024-11-11T05:15:55,29,11,0,40
2024-11-11T05:48:55,29,11,0,40
2024-11-11T06:21:48,29,11,0,40
2024-11-11T06:54:42,29,11,0,40
2024-11-11T07:27:46,29,11,0,40
2024-11-11T08:00:36,29,11,0,40
2024-11-11T08:33:27,29,11,0,40
2024-11-11T09:06:15,29,11,0,40
2024-11-11T09:39:12,29,11,0,40
2024-11-11T10:12:01,29,11,0,40
2024-11-11T10:44:50,29,11,0,40
2024-11-11T11:17:49,29,11,0,40
2024-11-11T11:50:37,29,11,0,40
2024-11-11T12:23:25,29,11,0,40
2024-11-11T12:56:23,29,11,0,40
2024-11-11T13:29:12,29,11,0,40
2024-11-11T14:02:02,29,11,0,40
2024-11-11T14:35:02,29,11,0,40
2024-11-11T15:07:51,29,11,0,40
2024-11-11T15:40:40,29,11,0,40
2024-11-11T16:13:42,29,11,0,40
2024-11-11T16:46:32,29,11,0,40
2024-11-11T17:19:31,29,11,0,40
2024-11-11T17:52:21,29,11,0,40
2024-11-11T18:25:10,29,11,0,40
2024-11-11T18:58:10,29,11,0,40
2024-11-11T19:30:59,29,11,0,40
2024-11-11T20:03:48,29,11,0,40
2024-11-11T20:36:47,29,11,0,40
2024-11-11T21:09:38,29,11,0,40
2024-11-11T21:42:39,29,11,0,40
2024-11-11T22:15:29,29,11,0,40
2024-11-11T22:48:29,29,11,0,40
2024-11-11T23:21:29,29,11,0,40
2024-11-11T23:54:19,29,11,0,40
2024-11-12T00:30:22,29,11,0,40
2024-11-12T01:03:21,29,11,0,40
2024-11-12T01:36:30,29,11,0,40
2024-11-12T02:09:26,29,11,0,40
2024-11-12T02:42:31,29,11,0,40
2024-11-12T03:15:23,29,11,0,40
2024-11-12T03:48:26,29,11,0,40
2024-11-12T04:31:13,29,11,0,40
2024-11-12T05:04:09,29,11,0,40
2024-11-12T05:37:08,29,11,0,40
2024-11-12T06:10:02,29,11,0,40
2024-11-12T06:42:56,29,11,0,40
2024-11-12T07:15:51,29,11,0,40
2024-11-12T07:48:40,29,11,0,40
2024-11-12T08:21:39,29,11,0,40
2024-11-12T08:54:35,29,11,0,40
2024-11-12T09:27:38,29,11,0,40
2024-11-12T10:00:30,29,11,0,40
2024-11-12T10:33:44,29,11,0,40
2024-11-12T11:06:46,29,11,0,40
2024-11-12T11:39:52,29,11,0,40
2024-11-12T12:12:56,29,11,0,40
2024-11-12T12:45:59,29,11,0,40
2024-11-12T13:19:08,29,11,0,40
2024-11-12T13:52:13,29,11,0,40
2024-11-12T14:25:22,29,11,0,40
2024-11-12T14:58:24,29,11,0,40
2024-11-12T15:31:27,29,11,0,40
2024-11-12T16:04:31,29,11,0,40
2024-11-12T16:37:33,29,11,0,40
2024-11-12T17:10:35,29,11,0,40
2024-11-12T17:43:36,29,11,0,40
2024-11-12T18:16:36,29,11,0,40
2024-11-12T18:49:36,29,11,0,40
2024-11-12T19:22:25,29,11,0,40
2024-11-12T19:55:27,29,11,0,40
2024-11-12T20:28:28,29,11,0,40
2024-11-12T21:01:21,29,11,0,40
2024-11-12T21:34:21,29,11,0,40
2024-11-12T22:07:22,29,11,0,40
2024-11-12T22:40:23,29,11,0,40
2024-11-12T23:13:13,29,11,0,40
2024-11-12T23:46:13,29,11,0,40
2024-11-13T00:19:09,29,11,0,40
2024-11-13T00:52:21,29,11,0,40
2024-11-13T01:25:22,29,11,0,40
2024-11-13T01:58:26,29,11,0,40
2024-11-13T02:31:26,29,11,0,40
2024-11-13T03:04:35,29,11,0,40
2024-11-13T03:37:31,29,11,0,40
2024-11-13T04:10:25,29,11,0,40
2024-11-13T04:37:10,29,11,0,40
2024-11-13T05:10:03,29,11,0,40
2024-11-13T05:44:50,29,11,0,40
2024-11-13T06:17:42,29,11,0,40
2024-11-13T09:47:26,29,11,0,40
2024-11-13T10:20:25,29,11,0,40
2024-11-13T10:53:23,29,11,0,40
2024-11-13T11:26:33,29,11,0,40
2024-11-13T11:59:34,29,11,0,40
2024-11-13T12:32:34,29,11,0,40
2024-11-13T13:05:33,29,11,0,40
2024-11-13T13:38:44,29,11,0,40
2024-11-13T14:11:45,29,11,0,40
2024-11-13T14:44:45,29,11,0,40
2024-11-13T15:17:48,29,11,0,40
2024-11-13T15:50:52,29,11,0,40
2024-11-13T16:23:56,29,11,0,40
2024-11-13T16:56:55,29,11,0,40
2024-11-13T17:29:57,29,11,0,40
2024-11-13T18:02:48,29,11,0,40
2024-11-13T18:35:48,29,11,0,40
2024-11-13T19:08:50,29,11,0,40
2024-11-13T19:41:50,29,11,0,40
2024-11-13T20:14:50,29,11,0,40
2024-11-13T20:47:38,29,11,0,40
2024-11-13T21:20:54,29,11,0,40
2024-11-13T21:54:27,29,11,0,40
2024-11-13T22:27:17,29,11,0,40
2024-11-13T23:00:16,29,11,0,40
2024-11-13T23:33:05,29,11,0,40
2024-11-14T00:06:06,29,11,0,40
2024-11-14T00:39:03,29,11,0,40
2024-11-14T01:12:10,29,11,0,40
2024-11-14T01:45:06,29,11,0,40
2024-11-14T02:18:11,29,11,0,40
2024-11-14T02:51:01,29,11,0,40
2024-11-14T03:24:05,29,11,0,40
2024-11-14T03:56:58,29,11,0,40
2024-11-14T07:15:59,29,11,0,40
2024-11-14T07:48:58,29,11,0,40
2024-11-14T08:21:49,29,11,0,40
2024-11-14T08:54:41,29,11,0,40
2024-11-14T09:27:44,29,11,0,40
2024-11-14T10:00:48,29,11,0,40
2024-11-14T10:33:42,29,11,0,40
2024-11-14T11:06:48,29,11,0,40
2024-11-14T11:40:00,29,11,0,40
2024-11-14T12:13:07,29,11,0,40
2024-11-14T12:46:11,29,11,0,40
2024-11-14T13:19:14,29,11,0,40
2024-11-14T13:52:19,29,11,0,40
2024-11-14T14:25:25,29,11,0,40
2024-11-14T14:58:29,29,11,0,40
2024-11-14T15:31:33,29,11,0,40
2024-11-14T16:04:41,29,11,0,40
2024-11-14T16:37:44,29,11,0,40
2024-11-14T17:10:47,29,11,0,40
2024-11-14T17:43:51,29,11,0,40
2024-11-14T18:16:57,29,11,0,40
2024-11-14T18:49:49,29,11,0,40
2024-11-14T19:22:52,29,11,0,40
2024-11-14T19:55:56,29,11,0,40
2024-11-14T20:28:59,29,11,0,40
2024-11-14T21:01:49,29,11,0,40
2024-11-14T21:36:11,29,11,0,40
2024-11-14T22:09:01,29,11,0,40
2024-11-14T22:42:02,29,11,0,40
2024-11-14T23:14:54,29,11,0,40
2024-11-14T23:47:56,29,11,0,40
2024-11-15T00:20:53,29,11,0,40
2024-11-15T00:54:01,29,11,0,40
2024-11-15T01:27:00,29,11,0,40
2024-11-15T01:59:59,29,11,0,40
2024-11-15T02:33:07,29,11,0,40
2024-11-15T03:06:01,29,11,0,40
2024-11-15T03:38:56,29,11,0,40
2024-11-15T04:11:58,29,11,0,40
2024-11-15T04:43:24,29,11,0,40
2024-11-15T05:16:22,29,11,0,40
2024-11-15T05:49:15,29,11,0,40
2024-11-15T06:22:07,29,11,0,40
2024-11-15T06:55:01,29,11,0,40
2024-11-15T07:27:59,29,11,0,40
2024-11-15T08:00:53,29,11,0,40
2024-11-15T08:33:58,29,11,0,40
2024-11-15T09:06:52,29,11,0,40
2024-11-15T09:39:58,29,11,0,40
2024-11-15T10:12:54,29,11,0,40
2024-11-15T10:45:58,29,11,0,40
2024-11-15T11:19:08,29,11,0,40
2024-11-15T11:52:12,29,11,0,40
2024-11-15T12:25:16,29,11,0,40
2024-11-15T12:58:20,29,11,0,40
2024-11-15T13:31:26,29,11,0,40
2024-11-15T14:04:21,29,11,0,40
2024-11-15T14:37:34,29,11,0,40
2024-11-15T15:10:36,29,11,0,40
2024-11-15T15:43:29,29,11,0,40
2024-11-15T16:16:36,29,11,0,40
2024-11-15T16:49:39,29,11,0,40
2024-11-15T17:22:48,29,11,0,40
2024-11-15T17:55:50,29,11,0,40
2024-11-15T18:28:54,29,11,0,40
2024-11-15T19:01:52,29,11,0,40
2024-11-15T19:34:54,29,11,0,40
2024-11-15T20:07:48,29,11,0,40
2024-11-15T20:40:52,29,11,0,40
2024-11-15T21:14:24,29,11,0,40
2024-11-15T21:47:50,29,11,0,40
2024-11-15T22:20:49,29,11,0,40
2024-11-15T22:53:39,29,11,0,40
2024-11-15T23:26:41,29,11,0,40
2024-11-15T23:59:31,29,11,0,40
2024-11-16T00:32:33,29,11,0,40
2024-11-16T01:05:37,29,11,0,40
2024-11-16T01:38:31,29,11,0,40
2024-11-16T02:11:28,29,11,0,40
2024-11-16T02:44:29,29,11,0,40
2024-11-16T03:17:21,29,11,0,40
2024-11-16T03:50:13,29,11,0,40
2024-11-16T04:23:06,29,11,0,40
2024-11-16T04:46:22,29,11,0,40
2024-11-16T05:19:16,29,11,0,40
2024-11-16T05:52:10,29,11,0,40
2024-11-16T06:25:04,29,11,0,40
2024-11-16T06:57:58,29,11,0,40
2024-11-16T07:30:54,29,11,0,40
2024-11-16T08:03:55,29,11,0,40
2024-11-16T08:36:49,29,11,0,40
2024-11-16T09:09:42,29,11,0,40
2024-11-16T09:42:48,29,11,0,40
2024-11-16T10:15:43,29,11,0,40
2024-11-16T10:48:56,29,11,0,40
2024-11-16T11:22:00,29,11,0,40
2024-11-16T11:55:10,29,11,0,40
2024-11-16T12:28:06,29,11,0,40
2024-11-16T13:01:10,29,11,0,40
2024-11-16T13:34:14,29,11,0,40
2024-11-16T14:07:23,29,11,0,40
2024-11-16T14:40:18,29,11,0,40
2024-11-16T15:13:20,29,11,0,40
2024-11-16T15:46:30,29,11,0,40
2024-11-16T16:19:36,29,11,0,40
2024-11-16T16:52:30,29,11,0,40
2024-11-16T17:25:31,29,11,0,40
2024-11-16T17:58:41,29,11,0,40
2024-11-16T18:31:51,29,11,0,40
2024-11-16T19:04:41,29,11,0,40
2024-11-16T19:37:47,29,11,0,40
2024-11-16T20:10:37,29,11,0,40
2024-11-16T20:43:35,29,11,0,40
2024-11-16T21:16:34,29,11,0,40
2024-11-16T21:50:08,29,11,0,40
2024-11-16T22:22:57,29,11,0,40
2024-11-16T22:55:45,29,11,0,40
2024-11-16T23:28:45,29,11,0,40
2024-11-17T00:01:34,29,11,0,40
2024-11-17T00:34:26,29,11,0,40
2024-11-17T00:59:17,29,11,0,40
2024-11-17T01:32:25,29,11,0,40
2024-11-17T02:05:25,29,11,0,40
2024-11-17T02:38:20,29,11,0,40
2024-11-17T03:11:14,29,11,0,40
2024-11-17T03:44:12,29,11,0,40
2024-11-17T04:17:09,29,11,0,40
2024-11-17T04:45:13,29,11,0,40
2024-11-17T05:18:33,29,11,0,40
2024-11-17T05:51:26,29,11,0,40
2024-11-17T06:24:21,29,11,0,40
2024-11-17T06:57:15,29,11,0,40
2024-11-17T07:30:10,29,11,0,40
2024-11-17T08:03:00,29,11,0,40
2024-11-17T08:35:53,29,11,0,40
2024-11-17T09:08:44,29,11,0,40
2024-11-17T09:41:35,29,11,0,40
2024-11-17T10:14:37,29,11,0,40
2024-11-17T10:47:29,29,11,0,40
2024-11-17T11:20:25,29,11,0,40
2024-11-17T11:53:15,29,11,0,40
2024-11-17T12:26:13,29,11,0,40
2024-11-17T12:59:03,29,11,0,40
2024-11-17T13:31:54,29,11,0,40
2024-11-17T14:04:51,29,11,0,40
2024-11-17T14:37:40,29,11,0,40
2024-11-17T15:10:39,29,11,0,40
2024-11-17T15:43:29,29,11,0,40
2024-11-17T16:16:19,29,11,0,40
2024-11-17T16:49:18,29,11,0,40
2024-11-17T17:22:09,29,11,0,40
2024-11-17T17:55:09,29,11,0,40
2024-11-17T18:27:59,29,11,0,40
2024-11-17T19:00:51,29,11,0,40
2024-11-17T19:33:51,29,11,0,40
2024-11-17T20:06:44,29,11,0,40
2024-11-17T20:39:36,29,11,0,40
2024-11-17T21:12:56,29,11,0,40
2024-11-17T21:45:55,29,11,0,40
2024-11-17T22:18:52,29,11,0,40
2024-11-17T22:51:50,29,11,0,40
2024-11-17T23:24:41,29,11,0,40
2024-11-17T23:57:31,29,11,0,40
2024-11-18T00:30:46,29,11,0,40
2024-11-18T01:03:47,29,11,0,40
2024-11-18T01:36:46,29,11,0,40
2024-11-18T02:09:42,29,11,0,40
2024-11-18T02:42:36,29,11,0,40
2024-11-18T03:15:29,29,11,0,40
2024-11-18T03:48:33,29,11,0,40
2024-11-18T04:36:37,29,11,0,40
2024-11-18T05:09:36,29,11,0,40
2024-11-18T05:42:34,29,11,0,40
2024-11-18T06:15:29,29,11,0,40
2024-11-18T06:48:22,29,11,0,40
2024-11-18T07:21:30,29,11,0,40
2024-11-18T07:54:20,29,11,0,40
2024-11-18T08:27:12,29,11,0,40
2024-11-18T09:00:04,29,11,0,40
2024-11-18T09:33:15,29,11,0,40
2024-11-18T10:06:06,29,11,0,40
2024-11-18T10:39:04,29,11,0,40
2024-11-18T11:11:59,29,11,0,40
2024-11-18T11:45:04,29,11,0,40
2024-11-18T12:18:15,29,11,0,40
2024-11-18T12:51:06,29,11,0,40
2024-11-18T13:24:08,29,11,0,40
2024-11-18T13:57:11,29,11,0,40
2024-11-18T14:30:01,29,11,0,40
2024-11-18T15:03:01,29,11,0,40
2024-11-18T15:36:12,29,11,0,40
2024-11-18T16:09:04,29,11,0,40
2024-11-18T16:42:04,29,11,0,40
2024-11-18T17:15:05,29,11,0,40
2024-11-18T17:47:54,29,11,0,40
2024-11-18T18:20:55,29,11,0,40
2024-11-18T18:53:55,29,11,0,40
2024-11-18T19:26:45,29,11,0,40
2024-11-18T19:59:54,29,11,0,40
2024-11-18T20:32:53,29,11,0,40
2024-11-18T21:06:18,29,11,0,40
2024-11-18T21:40:14,29,11,0,40
2024-11-18T22:13:04,29,11,0,40
2024-11-18T22:46:05,29,11,0,40
2024-11-18T23:18:56,29,11,0,40
2024-11-18T23:52:03,29,11,0,40
2024-11-19T00:27:37,29,11,0,40
2024-11-19T01:00:38,29,11,0,40
2024-11-19T01:33:47,29,11,0,40
2024-11-19T02:06:44,29,11,0,40
2024-11-19T02:39:56,29,11,0,40
2024-11-19T03:12:53,29,11,0,40
2024-11-19T03:45:46,29,11,0,40
2024-11-19T04:33:30,29,11,0,40
2024-11-19T05:08:00,29,11,0,40
2024-11-19T05:40:56,29,11,0,40
2024-11-19T06:13:51,29,11,0,40
2024-11-19T06:46:45,29,11,0,40
2024-11-19T07:19:46,29,11,0,40
2024-11-19T07:52:39,29,11,0,40
2024-11-19T08:25:47,29,11,0,40
2024-11-19T08:58:41,29,11,0,40
2024-11-19T09:31:32,29,11,0,40
2024-11-19T10:04:34,29,11,0,40
2024-11-19T10:37:42,29,11,0,40
2024-11-19T11:10:35,29,11,0,40
2024-11-19T11:44:23,29,11,0,40
2024-11-19T12:18:16,29,11,0,40
2024-11-19T12:51:59,29,11,0,40
2024-11-19T13:29:21,29,11,0,40
2024-11-19T14:04:52,29,11,0,40
2024-11-19T14:40:13,29,11,0,40
2024-11-19T15:13:17,29,11,0,40
2024-11-19T15:57:21,29,11,0,40
2024-11-19T16:30:24,29,11,0,40
2024-11-19T17:03:22,29,11,0,40
2024-11-19T17:36:28,29,11,0,40
2024-11-19T18:09:27,29,11,0,40
2024-11-19T18:42:20,29,11,0,40
2024-11-19T19:15:21,29,11,0,40
2024-11-19T19:48:11,29,11,0,40
2024-11-19T20:21:14,29,11,0,40
2024-11-19T20:54:14,29,11,0,40
2024-11-19T21:27:51,29,11,0,40
2024-11-19T22:00:56,29,11,0,40
2024-11-19T22:33:56,29,11,0,40
2024-11-19T23:06:46,29,11,0,40
2024-11-19T23:39:49,29,11,0,40
2024-11-20T00:12:49,29,11,0,40
2024-11-20T00:45:45,29,11,0,40
2024-11-20T01:18:55,29,11,0,40
2024-11-20T01:51:53,29,11,0,40
2024-11-20T02:24:50,29,11,0,40
2024-11-20T02:57:47,29,11,0,40
2024-11-20T03:30:44,29,11,0,40
2024-11-20T04:05:32,29,11,0,40
2024-11-20T04:45:05,29,11,0,40
2024-11-20T05:18:03,29,11,0,40
2024-11-20T05:50:57,29,11,0,40
2024-11-20T06:23:52,29,11,0,40
2024-11-20T06:56:45,29,11,0,40
2024-11-20T07:29:42,29,11,0,40
2024-11-20T08:02:38,29,11,0,40
2024-11-20T08:35:44,29,11,0,40
2024-11-20T09:08:37,29,11,0,40
2024-11-20T09:41:40,29,11,0,40
2024-11-20T10:14:33,29,11,0,40
2024-11-20T10:47:37,29,11,0,40
2024-11-20T11:20:31,29,11,0,40
2024-11-20T11:53:34,29,11,0,40
2024-11-20T12:26:36,29,11,0,40
2024-11-20T12:59:36,29,11,0,40
2024-11-20T13:32:41,29,11,0,40
2024-11-20T14:05:36,29,11,0,40
2024-11-20T14:38:39,29,11,0,40
2024-11-20T15:11:43,29,11,0,40
2024-11-20T15:44:45,29,11,0,40
2024-11-20T16:17:38,29,11,0,40
2024-11-20T16:50:42,29,11,0,40
2024-11-20T17:23:46,29,11,0,40
2024-11-20T17:56:36,29,11,0,40
2024-11-20T18:29:38,29,11,0,40
2024-11-20T19:02:28,29,11,0,40
2024-11-20T19:35:29,29,11,0,40
2024-11-20T20:08:22,29,11,0,40
2024-11-20T20:41:24,29,11,0,40
2024-11-20T21:14:25,29,11,0,40
2024-11-20T21:47:55,29,11,0,40
2024-11-20T22:20:58,29,11,0,40
2024-11-20T22:53:49,29,11,0,40
2024-11-20T23:26:39,29,11,0,40
2024-11-20T23:59:38,29,11,0,40
2024-11-21T00:32:36,29,11,0,40
2024-11-21T01:05:34,29,11,0,40
2024-11-21T01:38:32,29,11,0,40
2024-11-21T02:11:45,29,11,0,40
2024-11-21T02:44:41,29,11,0,40
2024-11-21T03:17:36,29,11,0,40
2024-11-21T03:50:30,29,11,0,40
2024-11-21T04:43:03,29,11,0,40
2024-11-21T05:15:59,29,11,0,40
2024-11-21T05:48:56,29,11,0,40
2024-11-21T06:21:50,29,11,0,40
2024-11-21T06:54:44,29,11,0,40
2024-11-21T07:27:47,29,11,0,40
2024-11-21T08:00:40,29,11,0,40
2024-11-21T08:33:35,29,11,0,40
2024-11-21T09:06:38,29,11,0,40
2024-11-21T09:39:35,29,11,0,40
2024-11-21T10:12:37,29,11,0,40
2024-11-21T10:45:39,29,11,0,40
2024-11-21T11:18:31,29,11,0,40
2024-11-21T11:51:32,29,11,0,40
2024-11-21T12:24:33,29,11,0,40
2024-11-21T12:57:37,29,11,0,40
2024-11-21T13:30:40,29,11,0,40
2024-11-21T14:03:32,29,11,0,40
2024-11-21T14:36:38,29,11,0,40
2024-11-21T15:09:48,29,11,0,40
2024-11-21T15:42:56,29,11,0,40
2024-11-21T16:16:00,29,11,0,40
2024-11-21T16:48:53,29,11,0,40
2024-11-21T17:21:55,29,11,0,40
2024-11-21T17:54:57,29,11,0,40
2024-11-21T18:27:48,29,11,0,40
2024-11-21T19:00:51,29,11,0,40
2024-11-21T19:33:53,29,11,0,40
2024-11-21T20:06:44,29,11,0,40
2024-11-21T20:39:47,29,11,0,40
2024-11-21T21:12:47,29,11,0,40
2024-11-21T21:45:38,29,11,0,40
2024-11-21T22:18:40,29,11,0,40
2024-11-21T22:51:29,29,11,0,40
2024-11-21T23:24:32,29,11,0,40
2024-11-21T23:57:24,29,11,0,40
2024-11-22T00:30:40,29,11,0,40
2024-11-22T01:03:37,29,11,0,40
2024-11-22T01:36:36,29,11,0,40
2024-11-22T02:09:44,29,11,0,40
2024-11-22T02:42:53,29,11,0,40
2024-11-22T03:15:48,29,11,0,40
2024-11-22T03:48:42,29,11,0,40
2024-11-22T04:40:27,29,11,0,40
2024-11-22T05:13:23,29,11,0,40
2024-11-22T05:46:16,29,11,0,40
2024-11-22T06:19:10,29,11,0,40
2024-11-22T06:52:05,29,11,0,40
2024-11-22T07:24:59,29,11,0,40
2024-11-22T07:57:54,29,11,0,40
2024-11-22T08:30:46,29,11,0,40
2024-11-22T09:03:46,29,11,0,40
2024-11-22T09:36:40,29,11,0,40
2024-11-22T10:09:43,29,11,0,40
2024-11-22T10:42:34,29,11,0,40
2024-11-22T11:15:35,29,11,0,40
2024-11-22T11:48:37,29,11,0,40
2024-11-22T12:21:39,29,11,0,40
2024-11-22T12:54:39,29,11,0,40
2024-11-22T13:27:32,29,11,0,40
2024-11-22T14:00:32,29,11,0,40
2024-11-22T14:33:32,29,11,0,40
2024-11-22T15:06:35,29,11,0,40
2024-11-22T15:39:38,29,11,0,40
2024-11-22T16:12:38,29,11,0,40
2024-11-22T16:45:31,29,11,0,40
2024-11-22T17:18:33,29,11,0,40
2024-11-22T17:51:35,29,11,0,40
2024-11-22T18:24:35,29,11,0,40
2024-11-22T18:57:27,29,11,0,40
2024-11-22T19:30:27,29,11,0,40
2024-11-22T20:03:17,29,11,0,40
2024-11-22T20:36:18,29,11,0,40
2024-11-22T21:09:10,29,11,0,40
2024-11-22T21:42:10,29,11,0,40
2024-11-22T22:15:01,29,11,0,40
2024-11-22T22:48:00,29,11,0,40
2024-11-22T23:20:52,29,11,0,40
2024-11-22T23:53:42,29,11,0,40
2024-11-23T00:26:48,29,11,0,40
2024-11-23T00:59:47,29,11,0,40
2024-11-23T01:32:42,29,11,0,40
2024-11-23T02:05:48,29,11,0,40
2024-11-23T02:38:43,29,11,0,40
2024-11-23T03:11:33,29,11,0,40
2024-11-23T03:44:26,29,11,0,40
2024-11-23T04:17:21,29,11,0,40
2024-11-23T04:44:16,29,11,0,40
2024-11-23T05:17:32,29,11,0,40
2024-11-23T05:50:27,29,11,0,40
2024-11-23T06:23:23,29,11,0,40
2024-11-23T06:56:17,29,11,0,40
2024-11-23T07:29:12,29,11,0,40
2024-11-23T08:02:12,29,11,0,40
2024-11-23T08:35:07,29,11,0,40
2024-11-23T09:08:01,29,11,0,40
2024-11-23T09:40:54,29,11,0,40
2024-11-23T10:13:57,29,11,0,40
2024-11-23T10:46:51,29,11,0,40
2024-11-23T11:19:55,29,11,0,40
2024-11-23T11:52:50,29,11,0,40
2024-11-23T12:25:52,29,11,0,40
2024-11-23T12:58:55,29,11,0,40
2024-11-23T13:31:50,29,11,0,40
2024-11-23T14:04:50,29,11,0,40
2024-11-23T14:37:51,29,11,0,40
2024-11-23T15:10:44,29,11,0,40
2024-11-23T15:43:46,29,11,0,40
2024-11-23T16:16:46,29,11,0,40
2024-11-23T16:49:39,29,11,0,40
2024-11-23T17:22:40,29,11,0,40
2024-11-23T17:55:44,29,11,0,40
2024-11-23T18:28:33,29,11,0,40
2024-11-23T19:01:35,29,11,0,40
2024-11-23T19:34:27,29,11,0,40
2024-11-23T20:07:23,29,11,0,40
2024-11-23T20:40:23,29,11,0,40
2024-11-23T21:13:15,29,11,0,40
2024-11-23T21:46:07,29,11,0,40
2024-11-23T22:19:06,29,11,0,40
2024-11-23T22:51:56,29,11,0,40
2024-11-23T23:24:46,29,11,0,40
2024-11-23T23:57:38,29,11,0,40
2024-11-24T00:30:41,29,11,0,40
2024-11-24T01:03:34,29,11,0,40
2024-11-24T01:36:29,29,11,0,40
2024-11-24T02:09:21,29,11,0,40
2024-11-24T02:42:23,29,11,0,40
2024-11-24T03:15:14,29,11,0,40
2024-11-24T03:48:43,29,11,0,40
2024-11-24T04:32:56,29,11,0,40
2024-11-24T05:05:54,29,11,0,40
2024-11-24T05:38:50,29,11,0,40
2024-11-24T06:11:48,29,11,0,40
2024-11-24T06:44:44,29,11,0,40
2024-11-24T07:17:42,29,11,0,40
2024-11-24T07:50:40,29,11,0,40
2024-11-24T08:23:38,29,11,0,40
2024-11-24T08:56:49,29,11,0,40
2024-11-24T09:29:41,29,11,0,40
2024-11-24T10:02:34,29,11,0,40
2024-11-24T10:35:31,29,11,0,40
2024-11-24T11:08:28,29,11,0,40
2024-11-24T11:41:35,29,11,0,40
2024-11-24T12:14:31,29,11,0,40
2024-11-24T12:47:21,29,11,0,40
2024-11-24T13:20:12,29,11,0,40
2024-11-24T13:53:12,29,11,0,40
2024-11-24T14:26:02,29,11,0,40
2024-11-24T14:58:56,29,11,0,40
2024-11-24T15:31:57,29,11,0,40
2024-11-24T16:05:21,29,11,0,40
2024-11-24T16:38:15,29,11,0,40
2024-11-24T17:11:15,29,11,0,40
2024-11-24T17:44:05,29,11,0,40
2024-11-24T18:16:55,29,11,0,40
2024-11-24T18:49:55,29,11,0,40
2024-11-24T19:22:47,29,11,0,40
2024-11-24T19:55:40,29,11,0,40
2024-11-24T20:28:31,29,11,0,40
2024-11-24T21:01:31,29,11,0,40
2024-11-24T21:34:22,29,11,0,40
2024-11-24T22:07:12,29,11,0,40
