time,enrolled,available,waitlisted,total
2024-05-21T23:38:47,0,14,0,14
2024-05-21T23:53:35,0,14,0,14
2024-05-22T00:08:24,0,14,0,14
2024-05-22T00:23:18,0,14,0,14
2024-05-22T00:38:10,0,14,0,14
2024-05-22T00:53:02,0,14,0,14
2024-05-22T01:07:54,0,14,0,14
2024-05-22T01:22:57,0,14,0,14
2024-05-22T01:37:48,0,14,0,14
2024-05-22T01:52:41,0,14,0,14
2024-05-22T02:07:33,0,14,0,14
2024-05-22T02:22:23,0,14,0,14
2024-05-22T02:37:13,0,14,0,14
2024-05-22T02:52:04,0,14,0,14
2024-05-22T03:06:54,0,14,0,14
2024-05-22T03:21:45,0,14,0,14
2024-05-22T03:36:35,0,14,0,14
2024-05-22T03:51:36,0,14,0,14
2024-05-22T04:06:29,0,14,0,14
2024-05-22T04:32:58,0,14,0,14
2024-05-22T04:47:50,0,14,0,14
2024-05-22T05:02:46,0,14,0,14
2024-05-22T05:17:41,0,14,0,14
2024-05-22T05:34:17,0,14,0,14
2024-05-22T05:49:08,0,14,0,14
2024-05-22T06:03:59,0,14,0,14
2024-05-22T06:18:53,0,14,0,14
2024-05-22T06:33:44,0,14,0,14
2024-05-22T06:48:34,0,14,0,14
2024-05-22T07:03:27,0,14,0,14
2024-05-22T07:18:18,0,14,0,14
2024-05-22T07:33:08,0,14,0,14
2024-05-22T07:47:58,0,14,0,14
2024-05-22T08:02:48,0,14,0,14
2024-05-22T08:17:38,0,14,0,14
2024-05-22T08:32:39,0,14,0,14
2024-05-22T08:47:29,0,14,0,14
2024-05-22T09:02:17,0,14,0,14
2024-05-22T09:17:08,0,14,0,14
2024-05-22T09:31:56,0,14,0,14
2024-05-22T09:46:46,0,14,0,14
2024-05-22T10:01:34,0,14,0,14
2024-05-22T10:16:22,0,14,0,14
2024-05-22T10:31:23,0,14,0,14
2024-05-22T10:46:10,0,14,0,14
2024-05-22T11:01:00,0,14,0,14
2024-05-22T11:15:50,0,14,0,14
2024-05-22T11:30:49,0,14,0,14
2024-05-22T11:45:37,0,14,0,14
2024-05-22T12:00:25,0,14,0,14
2024-05-22T12:15:25,0,14,0,14
2024-05-22T12:30:13,0,14,0,14
2024-05-22T12:45:12,0,14,0,14
2024-05-22T13:00:01,0,14,0,14
2024-05-22T13:14:49,0,14,0,14
2024-05-22T13:29:40,0,14,0,14
2024-05-22T13:44:41,0,14,0,14
2024-05-22T13:59:29,0,14,0,14
2024-05-22T14:14:19,0,14,0,14
2024-05-22T14:29:07,0,14,0,14
2024-05-22T14:44:06,0,14,0,14
2024-05-22T14:58:56,0,14,0,14
2024-05-22T15:13:47,0,14,0,14
2024-05-22T15:28:46,0,14,0,14
2024-05-22T15:43:36,0,14,0,14
2024-05-22T15:58:26,0,14,0,14
2024-05-22T16:13:16,0,14,0,14
2024-05-22T16:28:16,0,14,0,14
2024-05-22T16:43:05,0,14,0,14
2024-05-22T16:57:53,0,14,0,14
2024-05-22T17:12:43,0,14,0,14
2024-05-22T17:27:44,0,14,0,14
2024-05-22T17:42:34,0,14,0,14
2024-05-22T17:57:23,0,14,0,14
2024-05-22T18:12:14,0,14,0,14
2024-05-22T18:27:03,0,14,0,14
2024-05-22T18:42:02,0,14,0,14
2024-05-22T18:56:51,0,14,0,14
2024-05-22T19:11:40,0,14,0,14
2024-05-22T19:26:29,0,14,0,14
2024-05-22T19:41:18,0,14,0,14
2024-05-22T19:56:08,0,14,0,14
2024-05-22T20:10:57,0,14,0,14
2024-05-22T20:25:56,0,14,0,14
2024-05-22T20:40:45,0,14,0,14
2024-05-22T20:55:34,0,14,0,14
2024-05-22T21:10:25,0,14,0,14
2024-05-22T21:25:21,0,14,0,14
2024-05-22T21:40:20,0,14,0,14
2024-05-22T21:55:11,0,14,0,14
2024-05-22T22:10:01,0,14,0,14
2024-05-22T22:24:51,0,14,0,14
2024-05-22T22:39:41,0,14,0,14
2024-05-22T22:54:31,0,14,0,14
2024-05-22T23:09:21,0,14,0,14
2024-05-22T23:24:23,0,14,0,14
2024-05-22T23:39:12,0,14,0,14
2024-05-22T23:54:01,0,14,0,14
2024-05-23T00:08:53,0,14,0,14
2024-05-23T00:23:54,0,14,0,14
2024-05-23T00:38:49,0,14,0,14
2024-05-23T00:53:44,0,14,0,14
2024-05-23T01:08:36,0,14,0,14
2024-05-23T01:23:27,0,14,0,14
2024-05-23T01:38:22,0,14,0,14
2024-05-23T01:53:24,0,14,0,14
2024-05-23T02:08:15,0,14,0,14
2024-05-23T02:23:05,0,14,0,14
2024-05-23T02:37:57,0,14,0,14
2024-05-23T02:52:47,0,14,0,14
2024-05-23T03:07:39,0,14,0,14
2024-05-23T03:22:39,0,14,0,14
2024-05-23T03:37:31,0,14,0,14
2024-05-23T03:52:25,0,14,0,14
2024-05-23T04:07:20,0,14,0,14
2024-05-23T04:32:01,0,14,0,14
2024-05-23T04:48:13,0,14,0,14
2024-05-23T05:03:28,0,14,0,14
2024-05-23T05:18:33,0,14,0,14
2024-05-23T05:33:26,0,14,0,14
2024-05-23T05:48:19,0,14,0,14
2024-05-23T06:03:10,0,14,0,14
2024-05-23T06:18:02,0,14,0,14
2024-05-23T06:32:55,0,14,0,14
2024-05-23T06:47:47,0,14,0,14
2024-05-23T07:02:41,0,14,0,14
2024-05-23T07:17:35,0,14,0,14
2024-05-23T07:32:27,0,14,0,14
2024-05-23T07:47:17,0,14,0,14
2024-05-23T08:02:08,0,14,0,14
2024-05-23T08:17:02,0,14,0,14
2024-05-23T08:31:53,0,14,0,14
2024-05-23T08:46:43,0,14,0,14
2024-05-23T09:01:42,0,14,0,14
2024-05-23T09:16:33,0,14,0,14
2024-05-23T09:31:25,0,14,0,14
2024-05-23T09:46:17,0,14,0,14
2024-05-23T10:01:10,0,14,0,14
2024-05-23T10:16:04,0,14,0,14
2024-05-23T10:30:56,0,14,0,14
2024-05-23T10:45:58,0,14,0,14
2024-05-23T11:00:50,0,14,0,14
2024-05-23T11:15:41,0,14,0,14
2024-05-23T11:30:33,0,14,0,14
2024-05-23T11:45:25,0,14,0,14
2024-05-23T12:00:17,0,14,0,14
2024-05-23T12:15:18,0,14,0,14
2024-05-23T12:30:10,0,14,0,14
2024-05-23T12:45:05,0,14,0,14
2024-05-23T12:59:57,0,14,0,14
2024-05-23T13:14:49,0,14,0,14
2024-05-23T13:29:52,0,14,0,14
2024-05-23T13:44:54,0,14,0,14
2024-05-23T13:59:51,0,14,0,14
2024-05-23T14:14:44,0,14,0,14
2024-05-23T14:29:47,0,14,0,14
2024-05-23T14:44:40,0,14,0,14
2024-05-23T14:59:32,0,14,0,14
2024-05-23T15:14:25,0,14,0,14
2024-05-23T15:29:28,0,14,0,14
2024-05-23T15:44:21,0,14,0,14
2024-05-23T15:59:13,0,14,0,14
2024-05-23T16:14:16,0,14,0,14
2024-05-23T16:29:08,0,14,0,14
2024-05-23T16:44:00,0,14,0,14
2024-05-23T16:58:52,0,14,0,14
2024-05-23T17:13:45,0,14,0,14
2024-05-23T17:28:49,0,14,0,14
2024-05-23T17:43:44,0,14,0,14
2024-05-23T17:58:37,0,14,0,14
2024-05-23T18:13:29,0,14,0,14
2024-05-23T18:28:21,0,14,0,14
2024-05-23T18:43:26,0,14,0,14
2024-05-23T18:58:19,0,14,0,14
2024-05-23T19:13:12,0,14,0,14
2024-05-23T19:28:05,0,14,0,14
2024-05-23T19:43:00,0,14,0,14
2024-05-23T19:57:53,0,14,0,14
2024-05-23T20:12:46,0,14,0,14
2024-05-23T20:27:50,0,14,0,14
2024-05-23T20:42:43,0,14,0,14
2024-05-23T20:57:38,0,14,0,14
2024-05-23T21:12:31,0,14,0,14
2024-05-23T21:27:26,0,14,0,14
2024-05-23T21:42:19,0,14,0,14
2024-05-23T21:57:12,0,14,0,14
2024-05-23T22:12:18,0,14,0,14
2024-05-23T22:27:11,0,14,0,14
2024-05-23T22:42:04,0,14,0,14
2024-05-23T22:56:59,0,14,0,14
2024-05-23T23:11:53,0,14,0,14
2024-05-23T23:26:46,0,14,0,14
2024-05-23T23:41:40,0,14,0,14
2024-05-23T23:56:46,0,14,0,14
2024-05-24T00:11:44,0,14,0,14
2024-05-24T00:26:41,0,14,0,14
2024-05-24T00:41:37,0,14,0,14
2024-05-24T00:56:33,0,14,0,14
2024-05-24T01:11:29,0,14,0,14
2024-05-24T01:26:27,0,14,0,14
2024-05-24T01:41:26,0,14,0,14
2024-05-24T01:56:47,0,14,0,14
2024-05-24T02:11:42,0,14,0,14
2024-05-24T02:26:38,0,14,0,14
2024-05-24T02:41:33,0,14,0,14
2024-05-24T02:56:30,0,14,0,14
2024-05-24T03:11:30,0,14,0,14
2024-05-24T03:26:26,0,14,0,14
2024-05-24T03:41:22,0,14,0,14
2024-05-24T03:56:24,0,14,0,14
2024-05-24T04:28:54,0,14,0,14
2024-05-24T04:44:35,0,14,0,14
2024-05-24T05:00:25,0,14,0,14
2024-05-24T05:15:27,0,14,0,14
2024-05-24T05:30:24,0,14,0,14
2024-05-24T05:45:21,0,14,0,14
2024-05-24T06:00:17,0,14,0,14
2024-05-24T06:15:12,0,14,0,14
2024-05-24T06:30:11,0,14,0,14
2024-05-24T06:45:07,0,14,0,14
2024-05-24T07:00:02,0,14,0,14
2024-05-24T07:15:01,0,14,0,14
2024-05-24T07:29:56,0,14,0,14
2024-05-24T07:44:53,0,14,0,14
2024-05-24T07:59:57,0,14,0,14
2024-05-24T08:14:52,0,14,0,14
2024-05-24T08:29:47,0,14,0,14
2024-05-24T08:44:43,0,14,0,14
2024-05-24T08:59:37,0,14,0,14
2024-05-24T09:14:33,0,14,0,14
2024-05-24T09:29:26,0,14,0,14
2024-05-24T09:44:33,0,14,0,14
2024-05-24T09:59:26,0,14,0,14
2024-05-24T10:14:20,0,14,0,14
2024-05-24T10:29:13,0,14,0,14
2024-05-24T10:44:08,0,14,0,14
2024-05-24T10:59:02,0,14,0,14
2024-05-24T11:14:04,0,14,0,14
2024-05-24T11:28:57,0,14,0,14
2024-05-24T11:43:52,0,14,0,14
2024-05-24T11:58:45,0,14,0,14
2024-05-24T12:13:49,0,14,0,14
2024-05-24T12:28:42,0,14,0,14
2024-05-24T12:43:34,0,14,0,14
2024-05-24T12:58:29,0,14,0,14
2024-05-24T13:13:23,0,14,0,14
2024-05-24T13:28:26,0,14,0,14
2024-05-24T13:43:20,0,14,0,14
2024-05-24T13:58:14,0,14,0,14
2024-05-24T14:13:08,0,14,0,14
2024-05-24T14:28:12,0,14,0,14
2024-05-24T14:43:11,0,14,0,14
2024-05-24T14:58:04,0,14,0,14
2024-05-24T15:12:59,1,13,0,14
2024-05-24T15:28:02,1,13,0,14
2024-05-24T15:42:56,1,13,0,14
2024-05-24T15:57:50,1,13,0,14
2024-05-24T16:12:43,1,13,0,14
2024-05-24T16:27:38,1,13,0,14
2024-05-24T16:42:32,1,13,0,14
2024-05-24T16:57:43,1,13,0,14
2024-05-24T17:12:38,1,13,0,14
2024-05-24T17:27:34,1,13,0,14
2024-05-24T17:42:29,1,13,0,14
2024-05-24T17:57:24,1,13,0,14
2024-05-24T18:12:18,1,13,0,14
2024-05-24T18:27:23,1,13,0,14
2024-05-24T18:42:17,1,13,0,14
2024-05-24T18:57:11,1,13,0,14
2024-05-24T19:12:07,1,13,0,14
2024-05-24T19:27:01,1,13,0,14
2024-05-24T19:41:56,1,13,0,14
2024-05-24T19:56:50,1,13,0,14
2024-05-24T20:11:45,1,13,0,14
2024-05-24T20:26:40,1,13,0,14
2024-05-24T20:41:44,1,13,0,14
2024-05-24T20:56:38,1,13,0,14
2024-05-24T21:11:33,1,13,0,14
2024-05-24T21:26:29,1,13,0,14
2024-05-24T21:41:24,1,13,0,14
2024-05-24T21:56:20,1,13,0,14
2024-05-24T22:11:15,1,13,0,14
2024-05-24T22:26:10,1,13,0,14
2024-05-24T22:41:03,1,13,0,14
2024-05-24T22:56:07,1,13,0,14
2024-05-24T23:11:02,1,13,0,14
2024-05-24T23:25:58,1,13,0,14
2024-05-24T23:40:53,1,13,0,14
2024-05-24T23:55:48,1,13,0,14
2024-05-25T00:10:47,1,13,0,14
2024-05-25T00:25:51,1,13,0,14
2024-05-25T00:40:52,1,13,0,14
2024-05-25T00:55:51,1,13,0,14
2024-05-25T01:10:57,1,13,0,14
2024-05-25T01:25:54,1,13,0,14
2024-05-25T01:40:53,1,13,0,14
2024-05-25T01:55:49,1,13,0,14
2024-05-25T02:10:46,1,13,0,14
2024-05-25T02:25:42,1,13,0,14
2024-05-25T02:40:38,1,13,0,14
2024-05-25T02:55:35,1,13,0,14
2024-05-25T03:10:31,1,13,0,14
2024-05-25T03:25:28,1,13,0,14
2024-05-25T03:40:24,1,13,0,14
2024-05-25T03:55:23,1,13,0,14
2024-05-25T04:27:09,1,13,0,14
2024-05-25T04:43:18,1,13,0,14
2024-05-25T04:58:35,1,13,0,14
2024-05-25T05:13:29,1,13,0,14
2024-05-25T05:28:28,1,13,0,14
2024-05-25T05:43:26,1,13,0,14
2024-05-25T05:58:24,1,13,0,14
2024-05-25T06:13:22,1,13,0,14
2024-05-25T06:28:18,1,13,0,14
2024-05-25T06:43:14,1,13,0,14
2024-05-25T06:58:10,1,13,0,14
2024-05-25T07:13:07,1,13,0,14
2024-05-25T07:28:05,1,13,0,14
2024-05-25T07:43:00,1,13,0,14
2024-05-25T07:58:06,1,13,0,14
2024-05-25T08:13:03,1,13,0,14
2024-05-25T08:27:59,1,13,0,14
2024-05-25T08:42:54,1,13,0,14
2024-05-25T08:57:49,1,13,0,14
2024-05-25T09:12:45,1,13,0,14
2024-05-25T09:27:40,1,13,0,14
2024-05-25T09:42:35,1,13,0,14
2024-05-25T09:57:30,1,13,0,14
2024-05-25T10:12:27,1,13,0,14
2024-05-25T10:27:22,1,13,0,14
2024-05-25T10:42:18,1,13,0,14
2024-05-25T10:57:23,1,13,0,14
2024-05-25T11:12:17,1,13,0,14
2024-05-25T11:27:11,1,13,0,14
2024-05-25T11:42:04,1,13,0,14
2024-05-25T11:56:58,1,13,0,14
2024-05-25T12:11:54,1,13,0,14
2024-05-25T12:27:00,1,13,0,14
2024-05-25T12:41:54,1,13,0,14
2024-05-25T12:56:47,1,13,0,14
2024-05-25T13:11:41,1,13,0,14
2024-05-25T13:26:35,1,13,0,14
2024-05-25T13:41:29,1,13,0,14
2024-05-25T13:56:23,1,13,0,14
2024-05-25T14:11:16,1,13,0,14
2024-05-25T14:26:18,1,13,0,14
2024-05-25T14:41:11,1,13,0,14
2024-05-25T14:56:03,1,13,0,14
2024-05-25T15:10:56,1,13,0,14
2024-05-25T15:25:50,1,13,0,14
2024-05-25T15:40:53,1,13,0,14
2024-05-25T15:55:46,1,13,0,14
2024-05-25T16:10:40,1,13,0,14
2024-05-25T16:25:33,1,13,0,14
2024-05-25T16:40:25,1,13,0,14
2024-05-25T16:55:18,1,13,0,14
2024-05-25T17:10:12,1,13,0,14
2024-05-25T17:25:15,1,13,0,14
2024-05-25T17:40:08,1,13,0,14
2024-05-25T17:55:02,1,13,0,14
2024-05-25T18:09:55,1,13,0,14
2024-05-25T18:24:49,1,13,0,14
2024-05-25T18:39:43,1,13,0,14
2024-05-25T18:54:36,1,13,0,14
2024-05-25T19:09:29,1,13,0,14
2024-05-25T19:24:32,1,13,0,14
2024-05-25T19:39:26,1,13,0,14
2024-05-25T19:54:20,1,13,0,14
2024-05-25T20:09:13,1,13,0,14
2024-05-25T20:24:06,1,13,0,14
2024-05-25T20:39:00,1,13,0,14
2024-05-25T20:54:02,1,13,0,14
2024-05-25T21:08:57,1,13,0,14
2024-05-25T21:23:51,1,13,0,14
2024-05-25T21:38:45,1,13,0,14
2024-05-25T21:53:40,1,13,0,14
2024-05-25T22:08:43,1,13,0,14
2024-05-25T22:23:36,1,13,0,14
2024-05-25T22:38:29,1,13,0,14
2024-05-25T22:53:25,1,13,0,14
2024-05-25T23:08:19,1,13,0,14
2024-05-25T23:23:13,1,13,0,14
2024-05-25T23:38:06,1,13,0,14
2024-05-25T23:52:59,1,13,0,14
2024-05-26T00:07:54,1,13,0,14
2024-05-26T00:23:04,1,13,0,14
2024-05-26T00:38:01,1,13,0,14
2024-05-26T00:52:57,1,13,0,14
2024-05-26T01:07:54,1,13,0,14
2024-05-26T01:22:50,1,13,0,14
2024-05-26T01:37:44,1,13,0,14
2024-05-26T01:52:43,1,13,0,14
2024-05-26T02:07:39,1,13,0,14
2024-05-26T02:22:34,1,13,0,14
2024-05-26T02:37:32,1,13,0,14
2024-05-26T02:52:35,1,13,0,14
2024-05-26T03:07:37,1,13,0,14
2024-05-26T03:22:40,1,13,0,14
2024-05-26T03:37:37,1,13,0,14
2024-05-26T03:52:37,1,13,0,14
2024-05-26T04:07:47,1,13,0,14
2024-05-26T04:30:24,1,13,0,14
2024-05-26T04:46:03,1,13,0,14
2024-05-26T05:01:02,1,13,0,14
2024-05-26T05:16:06,1,13,0,14
2024-05-26T05:31:03,1,13,0,14
2024-05-26T05:46:01,1,13,0,14
2024-05-26T06:01:00,1,13,0,14
2024-05-26T06:15:58,1,13,0,14
2024-05-26T06:30:58,1,13,0,14
2024-05-26T06:45:54,1,13,0,14
2024-05-26T07:00:51,1,13,0,14
2024-05-26T07:15:49,1,13,0,14
2024-05-26T07:30:48,1,13,0,14
2024-05-26T07:45:49,1,13,0,14
2024-05-26T08:00:45,1,13,0,14
2024-05-26T08:15:41,1,13,0,14
2024-05-26T08:30:39,1,13,0,14
2024-05-26T08:45:36,1,13,0,14
2024-05-26T09:00:32,1,13,0,14
2024-05-26T09:15:29,1,13,0,14
2024-05-26T09:30:25,1,13,0,14
2024-05-26T09:45:28,1,13,0,14
2024-05-26T10:00:23,1,13,0,14
2024-05-26T10:15:17,1,13,0,14
2024-05-26T10:30:15,1,13,0,14
2024-05-26T10:45:10,1,13,0,14
2024-05-26T11:00:07,1,13,0,14
2024-05-26T11:15:06,1,13,0,14
2024-05-26T11:30:03,1,13,0,14
2024-05-26T11:44:59,1,13,0,14
2024-05-26T11:59:55,1,13,0,14
2024-05-26T12:14:51,1,13,0,14
2024-05-26T12:29:57,1,13,0,14
2024-05-26T12:44:52,1,13,0,14
2024-05-26T12:59:45,1,13,0,14
2024-05-26T13:14:40,1,13,0,14
2024-05-26T13:29:32,1,13,0,14
2024-05-26T13:44:26,1,13,0,14
2024-05-26T13:59:21,1,13,0,14
2024-05-26T14:14:24,1,13,0,14
2024-05-26T14:29:17,1,13,0,14
2024-05-26T14:44:11,1,13,0,14
2024-05-26T14:59:05,1,13,0,14
2024-05-26T15:13:58,1,13,0,14
2024-05-26T15:28:52,1,13,0,14
2024-05-26T15:43:46,1,13,0,14
2024-05-26T15:58:40,1,13,0,14
2024-05-26T16:13:44,1,13,0,14
2024-05-26T16:28:39,1,13,0,14
2024-05-26T16:43:35,1,13,0,14
2024-05-26T16:58:29,1,13,0,14
2024-05-26T17:13:24,1,13,0,14
2024-05-26T17:28:18,1,13,0,14
2024-05-26T17:43:12,1,13,0,14
2024-05-26T17:58:06,1,13,0,14
2024-05-26T18:13:10,1,13,0,14
2024-05-26T18:28:05,1,13,0,14
2024-05-26T18:43:00,1,13,0,14
2024-05-26T18:57:54,1,13,0,14
2024-05-26T19:12:52,1,13,0,14
2024-05-26T19:27:46,1,13,0,14
2024-05-26T19:42:40,1,13,0,14
2024-05-26T19:57:34,1,13,0,14
2024-05-26T20:12:28,1,13,0,14
2024-05-26T20:27:32,1,13,0,14
2024-05-26T20:42:25,1,13,0,14
2024-05-26T20:57:19,1,13,0,14
2024-05-26T21:12:14,1,13,0,14
2024-05-26T21:27:08,1,13,0,14
2024-05-26T21:42:05,1,13,0,14
2024-05-26T21:57:08,1,13,0,14
2024-05-26T22:12:02,1,13,0,14
2024-05-26T22:26:55,1,13,0,14
2024-05-26T22:41:51,1,13,0,14
2024-05-26T22:56:46,1,13,0,14
2024-05-26T23:11:49,1,13,0,14
2024-05-26T23:26:43,1,13,0,14
2024-05-26T23:41:39,1,13,0,14
2024-05-26T23:56:33,1,13,0,14
2024-05-27T00:11:31,1,13,0,14
2024-05-27T00:26:30,1,13,0,14
2024-05-27T00:41:30,1,13,0,14
2024-05-27T00:56:35,1,13,0,14
2024-05-27T01:11:43,1,13,0,14
2024-05-27T01:26:42,1,13,0,14
2024-05-27T01:41:39,1,13,0,14
2024-05-27T01:56:35,1,13,0,14
2024-05-27T02:11:32,1,13,0,14
2024-05-27T02:26:46,1,13,0,14
2024-05-27T02:41:43,1,13,0,14
2024-05-27T02:56:38,1,13,0,14
2024-05-27T03:11:35,1,13,0,14
2024-05-27T03:26:31,1,13,0,14
2024-05-27T03:41:27,1,13,0,14
2024-05-27T03:56:22,1,13,0,14
2024-05-27T04:13:17,1,13,0,14
2024-05-27T04:36:24,1,13,0,14
2024-05-27T04:51:23,1,13,0,14
2024-05-27T05:06:27,1,13,0,14
2024-05-27T05:21:24,1,13,0,14
2024-05-27T05:36:21,1,13,0,14
2024-05-27T05:51:17,1,13,0,14
2024-05-27T06:06:14,1,13,0,14
2024-05-27T06:21:10,1,13,0,14
2024-05-27T06:36:07,1,13,0,14
2024-05-27T06:51:03,1,13,0,14
2024-05-27T07:06:01,1,13,0,14
2024-05-27T07:20:57,1,13,0,14
2024-05-27T07:35:52,1,13,0,14
2024-05-27T07:50:46,1,13,0,14
2024-05-27T08:05:41,1,13,0,14
2024-05-27T08:20:36,1,13,0,14
2024-05-27T08:35:30,1,13,0,14
2024-05-27T08:50:32,1,13,0,14
2024-05-27T09:05:26,1,13,0,14
2024-05-27T09:20:21,1,13,0,14
2024-05-27T09:35:14,1,13,0,14
2024-05-27T09:50:07,1,13,0,14
2024-05-27T10:05:01,1,13,0,14
2024-05-27T10:19:55,1,13,0,14
2024-05-27T10:34:48,1,13,0,14
2024-05-27T10:49:44,1,13,0,14
2024-05-27T11:04:46,1,13,0,14
2024-05-27T11:19:40,1,13,0,14
2024-05-27T11:34:34,2,12,0,14
2024-05-27T11:49:28,2,12,0,14
2024-05-27T12:04:22,2,12,0,14
2024-05-27T12:19:17,2,12,0,14
2024-05-27T12:34:18,2,12,0,14
2024-05-27T12:49:11,3,11,0,14
2024-05-27T13:04:06,3,11,0,14
2024-05-27T13:19:00,3,11,0,14
2024-05-27T13:34:04,3,11,0,14
2024-05-27T13:48:58,3,11,0,14
2024-05-27T14:03:52,3,11,0,14
2024-05-27T14:18:56,3,11,0,14
2024-05-27T14:33:51,3,11,0,14
2024-05-27T14:48:45,3,11,0,14
2024-05-27T15:03:41,3,11,0,14
2024-05-27T15:18:36,3,11,0,14
2024-05-27T15:33:41,3,11,0,14
2024-05-27T15:48:34,3,11,0,14
2024-05-27T16:03:30,3,11,0,14
2024-05-27T16:18:35,3,11,0,14
2024-05-27T16:33:28,4,10,0,14
2024-05-27T16:48:22,4,10,0,14
2024-05-27T17:03:17,4,10,0,14
2024-05-27T17:18:14,4,10,0,14
2024-05-27T17:33:18,4,10,0,14
2024-05-27T17:48:15,4,10,0,14
2024-05-27T18:03:10,4,10,0,14
2024-05-27T18:18:15,4,10,0,14
2024-05-27T18:33:10,4,10,0,14
2024-05-27T18:48:04,4,10,0,14
2024-05-27T19:02:58,4,10,0,14
2024-05-27T19:18:03,4,10,0,14
2024-05-27T19:33:02,4,10,0,14
2024-05-27T19:47:59,4,10,0,14
2024-05-27T20:03:06,4,10,0,14
2024-05-27T20:18:01,4,10,0,14
2024-05-27T20:32:55,4,10,0,14
2024-05-27T20:47:49,4,10,0,14
2024-05-27T21:02:54,4,10,0,14
2024-05-27T21:17:49,4,10,0,14
2024-05-27T21:32:44,4,10,0,14
2024-05-27T21:47:38,4,10,0,14
2024-05-27T22:02:42,4,10,0,14
2024-05-27T22:17:36,4,10,0,14
2024-05-27T22:32:29,4,10,0,14
2024-05-27T22:47:23,4,10,0,14
2024-05-27T23:02:26,4,10,0,14
2024-05-27T23:17:19,4,10,0,14
2024-05-27T23:32:14,4,10,0,14
2024-05-27T23:47:08,4,10,0,14
2024-05-28T00:02:07,4,10,0,14
2024-05-28T00:17:19,4,10,0,14
2024-05-28T00:32:19,4,10,0,14
2024-05-28T00:47:18,4,10,0,14
2024-05-28T01:02:15,4,10,0,14
2024-05-28T01:17:22,4,10,0,14
2024-05-28T01:32:19,4,10,0,14
2024-05-28T01:47:15,4,10,0,14
2024-05-28T02:02:10,4,10,0,14
2024-05-28T02:17:23,4,10,0,14
2024-05-28T02:32:20,4,10,0,14
2024-05-28T02:47:14,4,10,0,14
2024-05-28T03:02:18,4,10,0,14
2024-05-28T03:17:16,4,10,0,14
2024-05-28T03:32:12,4,10,0,14
2024-05-28T03:47:08,4,10,0,14
2024-05-28T04:02:05,4,10,0,14
2024-05-28T04:28:52,4,10,0,14
2024-05-28T04:43:53,4,10,0,14
2024-05-28T04:58:51,4,10,0,14
2024-05-28T05:13:50,4,10,0,14
2024-05-28T05:28:47,4,10,0,14
2024-05-28T05:43:44,4,10,0,14
2024-05-28T05:58:41,4,10,0,14
2024-05-28T06:13:37,4,10,0,14
2024-05-28T06:28:37,4,10,0,14
2024-05-28T06:43:34,4,10,0,14
2024-05-28T06:58:30,4,10,0,14
2024-05-28T07:13:30,4,10,0,14
2024-05-28T07:28:27,4,10,0,14
2024-05-28T07:43:20,4,10,0,14
2024-05-28T07:58:14,4,10,0,14
2024-05-28T08:13:17,4,10,0,14
2024-05-28T08:28:19,4,10,0,14
2024-05-28T08:43:15,4,10,0,14
2024-05-28T08:58:10,5,9,0,14
2024-05-28T09:13:05,5,9,0,14
2024-05-28T09:27:59,5,9,0,14
2024-05-28T09:42:57,5,9,0,14
2024-05-28T09:58:03,5,9,0,14
2024-05-28T10:13:01,5,9,0,14
2024-05-28T10:27:58,5,9,0,14
2024-05-28T10:43:06,5,9,0,14
2024-05-28T10:58:02,5,9,0,14
2024-05-28T11:13:03,5,9,0,14
2024-05-28T11:28:11,5,9,0,14
2024-05-28T11:43:12,5,9,0,14
2024-05-28T11:58:10,5,9,0,14
2024-05-28T12:13:21,5,9,0,14
2024-05-28T12:28:17,5,9,0,14
2024-05-28T12:43:26,5,9,0,14
2024-05-28T12:58:22,5,9,0,14
2024-05-28T13:13:22,6,8,0,14
2024-05-28T13:28:30,7,7,0,14
2024-05-28T13:43:31,6,8,0,14
2024-05-28T13:58:41,6,8,0,14
2024-05-28T14:13:46,6,8,0,14
2024-05-28T14:28:45,6,8,0,14
2024-05-28T14:43:59,6,8,0,14
2024-05-28T14:58:57,6,8,0,14
2024-05-28T15:14:11,6,8,0,14
2024-05-28T15:29:10,7,7,0,14
2024-05-28T15:44:24,7,7,0,14
2024-05-28T15:59:23,7,7,0,14
2024-05-28T16:14:34,7,7,0,14
2024-05-28T16:29:30,7,7,0,14
2024-05-28T16:44:32,7,7,0,14
2024-05-28T16:59:40,7,7,0,14
2024-05-28T17:14:46,7,7,0,14
2024-05-28T17:29:46,7,7,0,14
2024-05-28T17:45:02,7,7,0,14
2024-05-28T18:00:01,7,7,0,14
2024-05-28T18:15:07,7,7,0,14
2024-05-28T18:30:19,7,7,0,14
2024-05-28T18:45:20,7,7,0,14
2024-05-28T19:00:17,7,7,0,14
2024-05-28T19:15:27,7,7,0,14
2024-05-28T19:30:27,7,7,0,14
2024-05-28T19:45:36,7,7,0,14
2024-05-28T20:00:33,7,7,0,14
2024-05-28T20:15:32,7,7,0,14
2024-05-28T20:30:34,7,7,0,14
2024-05-28T20:45:45,7,7,0,14
2024-05-28T21:00:42,7,7,0,14
2024-05-28T21:15:43,7,7,0,14
2024-05-28T21:30:42,7,7,0,14
2024-05-28T21:45:53,7,7,0,14
2024-05-28T22:00:52,8,6,0,14
2024-05-28T22:15:47,8,6,0,14
2024-05-28T22:30:54,8,6,0,14
2024-05-28T22:45:50,8,6,0,14
2024-05-28T23:00:47,8,6,0,14
2024-05-28T23:15:45,8,6,0,14
2024-05-28T23:30:52,8,6,0,14
2024-05-28T23:45:49,8,6,0,14
2024-05-29T00:00:46,8,6,0,14
2024-05-29T00:15:50,8,6,0,14
2024-05-29T00:30:57,8,6,0,14
2024-05-29T00:45:58,8,6,0,14
2024-05-29T01:01:06,8,6,0,14
2024-05-29T01:16:03,8,6,0,14
2024-05-29T01:31:02,8,6,0,14
2024-05-29T01:46:01,8,6,0,14
2024-05-29T02:01:01,8,6,0,14
2024-05-29T02:16:00,8,6,0,14
2024-05-29T02:31:06,8,6,0,14
2024-05-29T02:46:06,8,6,0,14
2024-05-29T03:01:03,8,6,0,14
2024-05-29T03:16:02,8,6,0,14
2024-05-29T03:31:00,8,6,0,14
2024-05-29T03:45:57,8,6,0,14
2024-05-29T04:00:57,8,6,0,14
2024-05-29T04:30:25,8,6,0,14
2024-05-29T04:46:50,8,6,0,14
2024-05-29T05:01:52,8,6,0,14
2024-05-29T05:17:04,8,6,0,14
2024-05-29T05:32:02,8,6,0,14
2024-05-29T05:47:00,8,6,0,14
2024-05-29T06:01:59,8,6,0,14
2024-05-29T06:16:56,8,6,0,14
2024-05-29T06:31:55,8,6,0,14
2024-05-29T06:46:53,8,6,0,14
2024-05-29T07:01:53,8,6,0,14
2024-05-29T07:16:55,8,6,0,14
2024-05-29T07:32:02,8,6,0,14
2024-05-29T07:47:00,8,6,0,14
2024-05-29T08:01:58,8,6,0,14
2024-05-29T08:17:01,8,6,0,14
2024-05-29T08:32:00,10,4,0,14
2024-05-29T08:46:57,10,4,0,14
2024-05-29T09:01:57,11,3,0,14
2024-05-29T09:16:57,11,3,0,14
2024-05-29T09:32:08,12,2,0,14
2024-05-29T09:47:08,13,1,0,14
2024-05-29T10:02:11,12,2,0,14
2024-05-29T10:17:18,12,2,0,14
2024-05-29T10:32:29,12,2,0,14
2024-05-29T10:47:31,12,2,0,14
2024-05-29T11:02:45,12,2,0,14
2024-05-29T11:17:57,12,2,0,14
2024-05-29T11:32:58,12,2,0,14
2024-05-29T11:48:07,12,2,0,14
2024-05-29T12:03:10,12,2,0,14
2024-05-29T12:18:23,13,1,0,14
2024-05-29T12:33:23,13,1,0,14
2024-05-29T12:48:29,13,1,0,14
2024-05-29T13:03:27,13,1,0,14
2024-05-29T13:18:25,13,1,0,14
2024-05-29T13:33:32,13,1,0,14
2024-05-29T13:48:30,13,1,0,14
2024-05-29T14:03:27,14,0,0,14
2024-05-29T14:18:33,14,0,0,14
2024-05-29T14:33:29,14,0,0,14
2024-05-29T14:48:26,14,0,0,14
2024-05-29T15:03:33,14,0,0,14
2024-05-29T15:18:31,14,0,0,14
2024-05-29T15:33:41,14,0,0,14
2024-05-29T15:48:38,14,0,0,14
2024-05-29T16:03:37,14,0,0,14
2024-05-29T16:18:35,14,0,0,14
2024-05-29T16:33:41,14,0,0,14
2024-05-29T16:48:36,14,0,0,14
2024-05-29T17:03:32,14,0,0,14
2024-05-29T17:18:29,14,0,0,14
2024-05-29T17:33:37,14,0,0,14
2024-05-29T17:48:33,14,0,0,14
2024-05-29T18:03:28,14,0,0,14
2024-05-29T18:18:24,14,0,0,14
2024-05-29T18:33:20,14,0,0,14
2024-05-29T18:48:26,14,0,0,14
2024-05-29T19:03:23,14,0,0,14
2024-05-29T19:18:18,14,0,0,14
2024-05-29T19:33:14,14,0,0,14
2024-05-29T19:48:09,14,0,0,14
2024-05-29T20:03:14,14,0,0,14
2024-05-29T20:18:10,14,0,0,14
2024-05-29T20:33:05,14,0,0,14
2024-05-29T20:48:01,14,0,0,14
2024-05-29T21:03:05,14,0,0,14
2024-05-29T21:18:02,14,0,0,14
2024-05-29T21:32:58,14,0,0,14
2024-05-29T21:47:54,14,0,0,14
2024-05-29T22:02:50,14,0,0,14
2024-05-29T22:17:45,14,0,0,14
2024-05-29T22:32:50,14,0,0,14
2024-05-29T22:47:46,14,0,0,14
2024-05-29T23:02:41,14,0,0,14
2024-05-29T23:17:37,14,0,0,14
2024-05-29T23:32:33,14,0,0,14
2024-05-29T23:47:30,14,0,0,14
2024-05-30T00:02:26,14,0,0,14
2024-05-30T00:17:34,14,0,0,14
2024-05-30T00:32:32,14,0,0,14
2024-05-30T00:47:35,14,0,0,14
2024-05-30T01:02:36,14,0,0,14
2024-05-30T01:17:33,14,0,0,14
2024-05-30T01:32:31,14,0,0,14
2024-05-30T01:47:30,14,0,0,14
2024-05-30T02:02:30,14,0,0,14
2024-05-30T02:17:26,14,0,0,14
2024-05-30T02:32:24,14,0,0,14
2024-05-30T02:47:21,14,0,0,14
2024-05-30T03:02:18,14,0,0,14
2024-05-30T03:17:25,14,0,0,14
2024-05-30T03:32:23,14,0,0,14
2024-05-30T03:47:21,14,0,0,14
2024-05-30T04:02:19,14,0,0,14
2024-05-30T04:17:20,14,0,0,14
2024-05-30T04:37:26,14,0,0,14
2024-05-30T04:54:12,14,0,0,14
2024-05-30T05:09:15,14,0,0,14
2024-05-30T05:24:14,14,0,0,14
2024-05-30T05:39:13,14,0,0,14
2024-05-30T05:54:13,14,0,0,14
2024-05-30T06:09:12,14,0,0,14
2024-05-30T06:24:14,14,0,0,14
2024-05-30T06:39:13,14,0,0,14
2024-05-30T06:54:13,14,0,0,14
2024-05-30T07:09:13,14,0,0,14
2024-05-30T07:24:12,14,0,0,14
2024-05-30T07:39:08,14,0,0,14
2024-05-30T07:54:06,14,0,0,14
2024-05-30T08:09:02,14,0,0,14
2024-05-30T08:24:00,14,0,0,14
2024-05-30T08:39:08,14,0,0,14
2024-05-30T08:54:05,14,0,0,14
2024-05-30T09:09:09,14,0,0,14
2024-05-30T09:24:08,14,0,0,14
2024-05-30T09:39:04,14,0,0,14
2024-05-30T09:53:59,14,0,0,14
2024-05-30T10:08:55,14,0,0,14
2024-05-30T10:23:51,14,0,0,14
2024-05-30T10:38:46,14,0,0,14
2024-05-30T10:53:50,14,0,0,14
2024-05-30T11:08:48,14,0,0,14
2024-05-30T11:23:46,14,0,0,14
2024-05-30T11:38:43,14,0,0,14
2024-05-30T11:53:40,14,0,0,14
2024-05-30T12:08:37,14,0,0,14
2024-05-30T12:23:44,14,0,0,14
2024-05-30T12:38:42,14,0,0,14
2024-05-30T12:53:41,14,0,0,14
2024-05-30T13:08:40,14,0,0,14
2024-05-30T13:40:26,14,0,0,14
2024-05-30T13:55:23,14,0,0,14
2024-05-30T14:10:21,14,0,0,14
2024-05-30T14:25:19,14,0,0,14
2024-05-30T14:40:21,14,0,0,14
2024-05-30T14:55:26,14,0,0,14
2024-05-30T15:10:24,14,0,0,14
2024-05-30T15:25:22,14,0,0,14
2024-05-30T15:40:20,14,0,0,14
2024-05-30T15:55:28,14,0,0,14
2024-05-30T16:10:26,14,0,0,14
2024-05-30T16:25:23,14,0,0,14
2024-05-30T16:40:21,14,0,0,14
2024-05-30T16:55:18,14,0,0,14
2024-05-30T17:10:17,14,0,0,14
2024-05-30T17:25:27,14,0,0,14
2024-05-30T17:40:24,14,0,0,14
2024-05-30T17:55:21,14,0,0,14
2024-05-30T18:10:19,14,0,0,14
2024-05-30T18:25:17,14,0,0,14
2024-05-30T18:40:15,14,0,0,14
2024-05-30T18:55:22,14,0,0,14
2024-05-30T19:10:20,14,0,0,14
2024-05-30T19:25:18,14,0,0,14
2024-05-30T19:40:16,14,0,0,14
2024-05-30T19:55:14,14,0,0,14
2024-05-30T20:10:11,14,0,0,14
2024-05-30T20:25:09,14,0,0,14
2024-05-30T20:40:17,14,0,0,14
2024-05-30T20:55:14,14,0,0,14
2024-05-30T21:10:11,14,0,0,14
2024-05-30T21:25:09,14,0,0,14
2024-05-30T21:40:07,14,0,0,14
2024-05-30T21:55:06,14,0,0,14
2024-05-30T22:10:03,14,0,0,14
2024-05-30T22:25:00,14,0,0,14
2024-05-30T22:40:08,14,0,0,14
2024-05-30T22:55:08,14,0,0,14
2024-05-30T23:10:06,14,0,0,14
2024-05-30T23:25:04,14,0,0,14
2024-05-30T23:40:02,14,0,0,14
2024-05-30T23:55:01,14,0,0,14
2024-05-31T00:10:01,14,0,0,14
2024-05-31T00:25:05,14,0,0,14
2024-05-31T00:40:07,14,0,0,14
2024-05-31T00:55:10,14,0,0,14
2024-05-31T01:10:26,14,0,0,14
2024-05-31T01:25:29,14,0,0,14
2024-05-31T01:40:34,14,0,0,14
2024-05-31T01:55:37,14,0,0,14
2024-05-31T02:10:40,14,0,0,14
2024-05-31T02:25:42,14,0,0,14
2024-05-31T02:40:45,14,0,0,14
2024-05-31T02:55:46,14,0,0,14
2024-05-31T03:10:48,14,0,0,14
2024-05-31T03:25:47,14,0,0,14
2024-05-31T03:40:46,14,0,0,14
2024-05-31T03:55:47,14,0,0,14
2024-05-31T04:25:09,14,0,0,14
2024-05-31T04:40:14,14,0,0,14
2024-05-31T04:55:18,14,0,0,14
2024-05-31T05:10:23,14,0,0,14
2024-05-31T05:25:26,14,0,0,14
2024-05-31T05:40:27,14,0,0,14
2024-05-31T05:55:30,14,0,0,14
2024-05-31T06:10:32,14,0,0,14
2024-05-31T06:26:11,14,0,0,14
2024-05-31T06:41:13,14,0,0,14
2024-05-31T06:56:15,14,0,0,14
2024-05-31T07:11:22,14,0,0,14
2024-05-31T07:26:23,14,0,0,14
2024-05-31T07:41:22,14,0,0,14
2024-05-31T07:56:20,14,0,0,14
2024-05-31T08:11:19,14,0,0,14
2024-05-31T08:26:18,14,0,0,14
2024-05-31T08:41:20,14,0,0,14
2024-05-31T08:56:29,14,0,0,14
2024-05-31T09:11:29,14,0,0,14
2024-05-31T09:26:27,14,0,0,14
2024-05-31T09:41:25,14,0,0,14
2024-05-31T09:56:24,14,0,0,14
2024-05-31T10:11:22,14,0,0,14
2024-05-31T10:26:20,14,0,0,14
2024-05-31T10:41:17,14,0,0,14
2024-05-31T10:56:26,14,0,0,14
2024-05-31T11:11:24,14,0,0,14
2024-05-31T11:26:22,14,0,0,14
2024-05-31T11:41:20,14,0,0,14
2024-05-31T11:56:18,14,0,0,14
2024-05-31T12:11:16,14,0,0,14
2024-05-31T12:26:29,14,0,0,14
2024-05-31T12:41:27,14,0,0,14
2024-05-31T12:56:24,14,0,0,14
2024-05-31T13:11:23,14,0,0,14
2024-05-31T13:26:32,14,0,0,14
2024-05-31T13:41:32,14,0,0,14
2024-05-31T13:56:33,14,0,0,14
2024-05-31T14:11:33,14,0,0,14
2024-05-31T14:26:34,14,0,0,14
2024-05-31T14:41:35,14,0,0,14
2024-05-31T14:56:35,14,0,0,14
2024-05-31T15:11:47,14,0,0,14
2024-05-31T15:26:49,14,0,0,14
2024-05-31T15:41:50,14,0,0,14
2024-05-31T15:56:50,14,0,0,14
2024-05-31T16:12:00,14,0,0,14
2024-05-31T16:27:00,14,0,0,14
2024-05-31T16:42:01,14,0,0,14
2024-05-31T16:57:02,14,0,0,14
2024-05-31T17:12:04,14,0,0,14
2024-05-31T17:27:06,14,0,0,14
2024-05-31T17:42:07,14,0,0,14
2024-05-31T17:57:08,14,0,0,14
2024-05-31T18:12:18,14,0,0,14
2024-05-31T18:27:19,14,0,0,14
2024-05-31T18:42:20,14,0,0,14
2024-05-31T18:57:21,14,0,0,14
2024-05-31T19:12:22,14,0,0,14
2024-05-31T19:27:22,14,0,0,14
2024-05-31T19:42:23,14,0,0,14
2024-05-31T19:57:25,14,0,0,14
2024-05-31T20:12:26,14,0,0,14
2024-05-31T20:27:37,14,0,0,14
2024-05-31T20:42:38,14,0,0,14
2024-05-31T20:57:38,14,0,0,14
2024-05-31T21:12:39,14,0,0,14
2024-05-31T21:27:42,14,0,0,14
2024-05-31T21:42:45,14,0,0,14
2024-05-31T21:57:47,14,0,0,14
2024-05-31T22:12:47,14,0,0,14
2024-05-31T22:27:48,14,0,0,14
2024-05-31T22:43:00,14,0,0,14
2024-05-31T22:58:01,14,0,0,14
2024-05-31T23:13:03,14,0,0,14
2024-05-31T23:28:05,14,0,0,14
2024-05-31T23:43:06,14,0,0,14
2024-05-31T23:58:08,14,0,0,14
2024-06-01T00:13:56,14,0,0,14
2024-06-01T00:29:00,14,0,0,14
2024-06-01T00:44:16,14,0,0,14
2024-06-01T00:59:21,14,0,0,14
2024-06-01T01:14:24,14,0,0,14
2024-06-01T01:29:30,14,0,0,14
2024-06-01T01:44:37,14,0,0,14
2024-06-01T01:59:42,14,0,0,14
2024-06-01T02:14:46,14,0,0,14
2024-06-01T02:29:49,14,0,0,14
2024-06-01T02:44:52,14,0,0,14
2024-06-01T02:59:53,14,0,0,14
2024-06-01T03:14:59,14,0,0,14
2024-06-01T03:30:04,14,0,0,14
2024-06-01T03:45:10,14,0,0,14
2024-06-01T04:00:15,14,0,0,14
2024-06-01T04:15:19,14,0,0,14
2024-06-01T04:36:40,14,0,0,14
2024-06-01T04:52:02,14,0,0,14
2024-06-01T05:07:08,14,0,0,14
2024-06-01T05:22:09,14,0,0,14
2024-06-01T05:37:10,14,0,0,14
2024-06-01T05:52:15,14,0,0,14
2024-06-01T06:07:50,14,0,0,14
2024-06-01T06:22:55,14,0,0,14
2024-06-01T06:38:01,14,0,0,14
2024-06-01T06:53:05,14,0,0,14
2024-06-01T07:08:10,14,0,0,14
2024-06-01T07:23:16,14,0,0,14
2024-06-01T07:38:19,14,0,0,14
2024-06-01T07:53:35,14,0,0,14
2024-06-01T08:08:38,14,0,0,14
2024-06-01T08:23:43,14,0,0,14
2024-06-01T08:38:47,14,0,0,14
2024-06-01T08:53:52,14,0,0,14
2024-06-01T09:08:57,14,0,0,14
2024-06-01T09:24:00,14,0,0,14
2024-06-01T09:39:04,14,0,0,14
2024-06-01T09:54:07,14,0,0,14
2024-06-01T10:09:11,14,0,0,14
2024-06-01T10:24:24,14,0,0,14
2024-06-01T10:39:27,14,0,0,14
2024-06-01T10:54:31,14,0,0,14
2024-06-01T11:09:35,14,0,0,14
2024-06-01T11:24:38,14,0,0,14
2024-06-01T11:39:42,14,0,0,14
2024-06-01T11:54:44,14,0,0,14
2024-06-01T12:09:46,14,0,0,14
2024-06-01T12:25:08,14,0,0,14
2024-06-01T12:40:10,14,0,0,14
2024-06-01T12:55:12,14,0,0,14
2024-06-01T13:10:15,14,0,0,14
2024-06-01T13:25:18,14,0,0,14
2024-06-01T13:40:21,14,0,0,14
2024-06-01T13:55:23,14,0,0,14
2024-06-01T14:10:34,14,0,0,14
2024-06-01T14:25:36,14,0,0,14
2024-06-01T14:40:37,14,0,0,14
2024-06-01T14:55:38,14,0,0,14
2024-06-01T15:10:39,14,0,0,14
2024-06-01T15:25:48,14,0,0,14
2024-06-01T15:40:49,14,0,0,14
2024-06-01T15:55:49,14,0,0,14
2024-06-01T16:10:49,14,0,0,14
2024-06-01T16:25:50,14,0,0,14
2024-06-01T16:40:50,14,0,0,14
2024-06-01T16:55:50,14,0,0,14
2024-06-01T17:10:52,14,0,0,14
2024-06-01T17:26:11,14,0,0,14
2024-06-01T17:41:12,14,0,0,14
2024-06-01T17:56:12,14,0,0,14
2024-06-01T18:11:13,14,0,0,14
2024-06-01T18:26:14,14,0,0,14
2024-06-01T18:41:15,14,0,0,14
2024-06-01T18:56:15,14,0,0,14
2024-06-01T19:11:16,14,0,0,14
2024-06-01T19:26:28,14,0,0,14
2024-06-01T19:41:29,14,0,0,14
2024-06-01T19:56:30,14,0,0,14
2024-06-01T20:11:31,14,0,0,14
2024-06-01T20:26:31,14,0,0,14
2024-06-01T20:41:31,14,0,0,14
2024-06-01T20:56:32,14,0,0,14
2024-06-01T21:11:49,14,0,0,14
2024-06-01T21:26:51,14,0,0,14
2024-06-01T21:41:54,14,0,0,14
2024-06-01T21:57:02,14,0,0,14
2024-06-01T22:12:04,14,0,0,14
2024-06-01T22:27:05,14,0,0,14
2024-06-01T22:42:05,14,0,0,14
2024-06-01T22:57:05,14,0,0,14
2024-06-01T23:12:07,14,0,0,14
2024-06-01T23:27:07,14,0,0,14
2024-06-01T23:42:22,14,0,0,14
2024-06-01T23:57:23,14,0,0,14
2024-06-02T00:12:24,14,0,0,14
2024-06-02T00:27:27,14,0,0,14
2024-06-02T00:42:30,14,0,0,14
2024-06-02T00:57:34,14,0,0,14
2024-06-02T01:12:36,14,0,0,14
2024-06-02T01:27:40,14,0,0,14
2024-06-02T01:42:45,14,0,0,14
2024-06-02T01:57:49,14,0,0,14
2024-06-02T02:12:53,14,0,0,14
2024-06-02T02:28:14,14,0,0,14
2024-06-02T02:43:20,14,0,0,14
2024-06-02T02:58:23,14,0,0,14
2024-06-02T03:13:38,14,0,0,14
2024-06-02T03:28:42,14,0,0,14
2024-06-02T03:43:45,14,0,0,14
2024-06-02T03:58:48,14,0,0,14
2024-06-02T04:13:53,14,0,0,14
2024-06-02T04:36:14,14,0,0,14
2024-06-02T04:51:24,14,0,0,14
2024-06-02T05:06:31,14,0,0,14
2024-06-02T05:21:34,14,0,0,14
2024-06-02T05:36:36,14,0,0,14
2024-06-02T05:53:21,14,0,0,14
2024-06-02T06:08:25,14,0,0,14
2024-06-02T06:23:29,14,0,0,14
2024-06-02T06:38:33,14,0,0,14
2024-06-02T06:53:36,14,0,0,14
2024-06-02T07:08:39,14,0,0,14
2024-06-02T07:23:43,14,0,0,14
2024-06-02T07:38:47,14,0,0,14
2024-06-02T07:53:48,14,0,0,14
2024-06-02T08:08:53,14,0,0,14
2024-06-02T08:23:55,14,0,0,14
2024-06-02T08:39:06,14,0,0,14
2024-06-02T08:54:08,14,0,0,14
2024-06-02T09:09:10,14,0,0,14
2024-06-02T09:24:12,14,0,0,14
2024-06-02T09:39:24,14,0,0,14
2024-06-02T09:54:27,14,0,0,14
2024-06-02T10:09:30,14,0,0,14
2024-06-02T10:24:31,14,0,0,14
2024-06-02T10:39:31,14,0,0,14
2024-06-02T10:54:32,14,0,0,14
2024-06-02T11:09:32,14,0,0,14
2024-06-02T11:24:32,14,0,0,14
2024-06-02T11:39:33,14,0,0,14
2024-06-02T11:54:35,14,0,0,14
2024-06-02T12:09:35,14,0,0,14
2024-06-02T12:24:37,14,0,0,14
2024-06-02T12:39:37,14,0,0,14
2024-06-02T12:54:48,14,0,0,14
2024-06-02T13:09:48,14,0,0,14
2024-06-02T13:24:48,14,0,0,14
2024-06-02T13:39:48,14,0,0,14
2024-06-02T13:54:48,14,0,0,14
2024-06-02T14:09:48,14,0,0,14
2024-06-02T14:24:48,14,0,0,14
2024-06-02T14:39:49,14,0,0,14
2024-06-02T14:54:49,14,0,0,14
2024-06-02T15:09:49,14,0,0,14
2024-06-02T15:25:00,14,0,0,14
2024-06-02T15:39:59,14,0,0,14
2024-06-02T15:54:59,14,0,0,14
2024-06-02T16:10:01,14,0,0,14
2024-06-02T16:25:06,14,0,0,14
2024-06-02T16:40:18,14,0,0,14
2024-06-02T16:55:19,14,0,0,14
2024-06-02T17:10:20,14,0,0,14
2024-06-02T17:25:21,14,0,0,14
2024-06-02T17:40:22,14,0,0,14
2024-06-02T17:55:22,14,0,0,14
2024-06-02T18:10:23,14,0,0,14
2024-06-02T18:25:28,14,0,0,14
2024-06-02T18:40:29,14,0,0,14
2024-06-02T18:55:40,14,0,0,14
2024-06-02T19:10:43,14,0,0,14
2024-06-02T19:25:46,14,0,0,14
2024-06-02T19:40:47,14,0,0,14
2024-06-02T19:55:48,14,0,0,14
2024-06-02T20:10:50,14,0,0,14
2024-06-02T20:25:52,14,0,0,14
2024-06-02T20:41:02,14,0,0,14
2024-06-02T20:56:04,14,0,0,14
2024-06-02T21:11:06,14,0,0,14
2024-06-02T21:26:08,14,0,0,14
2024-06-02T21:41:14,14,0,0,14
2024-06-02T21:56:37,14,0,0,14
2024-06-02T22:11:39,14,0,0,14
2024-06-02T22:26:41,14,0,0,14
2024-06-02T22:41:46,14,0,0,14
2024-06-02T22:56:48,14,0,0,14
2024-06-02T23:11:52,14,0,0,14
2024-06-02T23:26:55,14,0,0,14
2024-06-02T23:42:07,14,0,0,14
2024-06-02T23:57:10,14,0,0,14
2024-06-03T00:12:24,14,0,0,14
2024-06-03T00:27:31,14,0,0,14
2024-06-03T00:42:39,14,0,0,14
2024-06-03T00:57:43,14,0,0,14
2024-06-03T01:12:47,14,0,0,14
2024-06-03T01:27:49,14,0,0,14
2024-06-03T01:42:52,14,0,0,14
2024-06-03T01:58:19,14,0,0,14
2024-06-03T02:13:26,14,0,0,14
2024-06-03T02:28:39,14,0,0,14
2024-06-03T02:43:45,14,0,0,14
2024-06-03T02:58:48,14,0,0,14
2024-06-03T03:13:53,14,0,0,14
2024-06-03T03:29:24,14,0,0,14
2024-06-03T03:44:28,14,0,0,14
2024-06-03T03:59:32,14,0,0,14
2024-06-03T04:31:40,14,0,0,14
2024-06-03T04:46:47,14,0,0,14
2024-06-03T05:01:59,14,0,0,14
2024-06-03T05:17:11,14,0,0,14
2024-06-03T05:32:16,14,0,0,14
2024-06-03T05:47:20,14,0,0,14
2024-06-03T06:02:25,14,0,0,14
2024-06-03T06:17:35,14,0,0,14
2024-06-03T06:32:39,14,0,0,14
2024-06-03T06:47:44,14,0,0,14
2024-06-03T07:02:48,14,0,0,14
2024-06-03T07:17:54,14,0,0,14
2024-06-03T07:32:59,14,0,0,14
2024-06-03T07:48:06,14,0,0,14
2024-06-03T08:03:12,14,0,0,14
2024-06-03T08:18:13,14,0,0,14
2024-06-03T08:33:15,14,0,0,14
2024-06-03T08:48:16,14,0,0,14
2024-06-03T09:03:17,14,0,0,14
2024-06-03T09:18:30,14,0,0,14
2024-06-03T09:33:31,14,0,0,14
2024-06-03T09:48:31,14,0,0,14
2024-06-03T10:03:32,14,0,0,14
2024-06-03T10:18:34,14,0,0,14
2024-06-03T10:33:36,14,0,0,14
2024-06-03T10:48:52,14,0,0,14
2024-06-03T11:03:53,14,0,0,14
2024-06-03T11:18:54,14,0,0,14
2024-06-03T11:33:55,14,0,0,14
2024-06-03T11:48:57,14,0,0,14
2024-06-03T12:04:11,14,0,0,14
2024-06-03T12:19:14,14,0,0,14
2024-06-03T12:34:18,14,0,0,14
2024-06-03T12:49:35,14,0,0,14
2024-06-03T13:04:36,14,0,0,14
2024-06-03T13:19:39,14,0,0,14
2024-06-03T13:34:43,14,0,0,14
2024-06-03T13:49:54,14,0,0,14
2024-06-03T14:04:57,14,0,0,14
2024-06-03T14:20:01,14,0,0,14
2024-06-03T14:35:15,14,0,0,14
2024-06-03T14:50:17,14,0,0,14
2024-06-03T15:05:20,14,0,0,14
2024-06-03T15:20:23,14,0,0,14
2024-06-03T15:35:37,14,0,0,14
2024-06-03T15:50:39,14,0,0,14
2024-06-03T16:05:41,14,0,0,14
2024-06-03T16:20:44,14,0,0,14
2024-06-03T16:35:58,14,0,0,14
2024-06-03T16:51:02,14,0,0,14
2024-06-03T17:06:06,14,0,0,14
2024-06-03T17:21:21,14,0,0,14
2024-06-03T17:36:24,14,0,0,14
2024-06-03T17:51:28,14,0,0,14
2024-06-03T18:06:30,14,0,0,14
2024-06-03T18:21:32,14,0,0,14
2024-06-03T18:36:44,14,0,0,14
2024-06-03T18:51:45,14,0,0,14
2024-06-03T19:06:47,14,0,0,14
2024-06-03T19:21:49,14,0,0,14
2024-06-03T19:36:52,14,0,0,14
2024-06-03T19:52:05,14,0,0,14
2024-06-03T20:07:07,14,0,0,14
2024-06-03T20:22:09,14,0,0,14
2024-06-03T20:37:11,14,0,0,14
2024-06-03T20:52:13,14,0,0,14
2024-06-03T21:07:14,14,0,0,14
2024-06-03T21:22:28,14,0,0,14
2024-06-03T21:37:30,14,0,0,14
2024-06-03T21:52:37,14,0,0,14
2024-06-03T22:07:39,14,0,0,14
2024-06-03T22:22:41,14,0,0,14
2024-06-03T22:37:59,14,0,0,14
2024-06-03T22:53:01,14,0,0,14
2024-06-03T23:08:05,14,0,0,14
2024-06-03T23:23:08,14,0,0,14
2024-06-03T23:38:10,14,0,0,14
2024-06-03T23:53:12,14,0,0,14
2024-06-04T00:08:26,14,0,0,14
2024-06-04T00:23:31,14,0,0,14
2024-06-04T00:38:37,14,0,0,14
2024-06-04T00:53:44,14,0,0,14
2024-06-04T01:08:49,14,0,0,14
2024-06-04T01:23:52,14,0,0,14
2024-06-04T01:39:01,14,0,0,14
2024-06-04T01:54:08,14,0,0,14
2024-06-04T02:09:12,14,0,0,14
2024-06-04T02:24:25,14,0,0,14
2024-06-04T02:39:31,14,0,0,14
2024-06-04T02:54:35,14,0,0,14
2024-06-04T03:09:44,14,0,0,14
2024-06-04T03:24:51,14,0,0,14
2024-06-04T03:39:59,14,0,0,14
2024-06-04T03:55:02,14,0,0,14
2024-06-04T04:10:06,14,0,0,14
2024-06-04T04:37:36,14,0,0,14
2024-06-04T04:52:47,14,0,0,14
2024-06-04T05:08:05,14,0,0,14
2024-06-04T05:23:11,14,0,0,14
2024-06-04T05:38:16,14,0,0,14
2024-06-04T05:53:22,14,0,0,14
2024-06-04T06:08:28,14,0,0,14
2024-06-04T06:23:34,14,0,0,14
2024-06-04T06:38:40,14,0,0,14
2024-06-04T06:53:46,14,0,0,14
2024-06-04T07:08:54,14,0,0,14
2024-06-04T07:23:58,14,0,0,14
2024-06-04T07:39:02,14,0,0,14
2024-06-04T07:54:04,14,0,0,14
2024-06-04T08:09:10,14,0,0,14
2024-06-04T08:24:22,14,0,0,14
2024-06-04T08:39:26,14,0,0,14
2024-06-04T08:54:30,14,0,0,14
2024-06-04T09:09:34,14,0,0,14
2024-06-04T09:24:39,14,0,0,14
2024-06-04T09:39:45,14,0,0,14
2024-06-05T04:35:36,14,0,0,14
2024-06-05T04:50:57,14,0,0,14
2024-06-05T05:06:11,14,0,0,14
2024-06-05T05:21:25,14,0,0,14
2024-06-05T05:36:37,14,0,0,14
2024-06-05T05:51:49,14,0,0,14
2024-06-05T06:07:00,14,0,0,14
2024-06-05T06:22:12,14,0,0,14
2024-06-05T06:37:24,14,0,0,14
2024-06-05T06:52:35,14,0,0,14
2024-06-05T07:07:55,14,0,0,14
2024-06-05T07:23:19,14,0,0,14
2024-06-05T07:38:41,14,0,0,14
2024-06-05T07:53:54,14,0,0,14
2024-06-05T08:09:07,14,0,0,14
2024-06-05T08:24:19,14,0,0,14
2024-06-05T08:39:31,14,0,0,14
2024-06-05T08:55:11,14,0,0,14
2024-06-05T09:10:50,14,0,0,14
2024-06-05T09:26:27,14,0,0,14
2024-06-05T09:42:04,14,0,0,14
2024-06-05T09:57:31,14,0,0,14
2024-06-05T10:13:00,14,0,0,14
2024-06-05T10:28:37,14,0,0,14
2024-06-05T10:44:08,14,0,0,14
2024-06-05T10:59:37,14,0,0,14
2024-06-05T11:15:19,14,0,0,14
2024-06-05T11:30:50,14,0,0,14
2024-06-05T11:46:24,14,0,0,14
2024-06-05T12:02:04,14,0,0,14
2024-06-05T12:17:52,14,0,0,14
2024-06-05T12:33:38,14,0,0,14
2024-06-05T12:49:15,14,0,0,14
2024-06-05T13:05:00,14,0,0,14
2024-06-05T13:20:47,14,0,0,14
2024-06-05T13:36:26,14,0,0,14
2024-06-05T13:52:12,14,0,0,14
2024-06-05T14:07:53,14,0,0,14
2024-06-05T14:23:44,14,0,0,14
2024-06-05T14:39:22,14,0,0,14
2024-06-05T14:55:05,14,0,0,14
2024-06-05T15:10:49,14,0,0,14
2024-06-05T15:26:40,14,0,0,14
2024-06-05T15:42:15,14,0,0,14
2024-06-05T15:58:03,14,0,0,14
2024-06-05T16:13:39,14,0,0,14
2024-06-05T16:29:25,14,0,0,14
2024-06-05T16:45:02,14,0,0,14
2024-06-05T17:00:50,14,0,0,14
2024-06-05T17:16:36,14,0,0,14
2024-06-05T17:32:14,14,0,0,14
2024-06-05T17:48:05,14,0,0,14
2024-06-05T18:03:16,14,0,0,14
2024-06-05T18:18:36,14,0,0,14
2024-06-05T18:33:46,14,0,0,14
2024-06-05T18:48:55,14,0,0,14
2024-06-05T19:04:04,14,0,0,14
2024-06-05T19:19:25,14,0,0,14
2024-06-05T19:34:33,14,0,0,14
2024-06-05T19:49:42,14,0,0,14
2024-06-05T20:05:02,14,0,0,14
2024-06-05T20:20:12,14,0,0,14
2024-06-05T20:35:20,14,0,0,14
2024-06-05T20:50:29,14,0,0,14
2024-06-05T21:05:48,14,0,0,14
2024-06-05T21:20:58,14,0,0,14
2024-06-05T21:36:07,14,0,0,14
2024-06-05T21:51:17,13,1,0,14
2024-06-05T22:06:37,13,1,0,14
2024-06-05T22:21:46,13,1,0,14
2024-06-05T22:36:55,13,1,0,14
2024-06-05T22:52:04,13,1,0,14
2024-06-05T23:07:14,13,1,0,14
2024-06-05T23:22:34,13,1,0,14
2024-06-05T23:37:44,13,1,0,14
2024-06-05T23:52:53,13,1,0,14
2024-06-06T00:08:05,13,1,0,14
2024-06-06T00:23:24,13,1,0,14
2024-06-06T00:38:38,13,1,0,14
2024-06-06T00:54:01,13,1,0,14
2024-06-06T01:09:14,13,1,0,14
2024-06-06T01:24:26,13,1,0,14
2024-06-06T01:39:38,13,1,0,14
2024-06-06T01:54:53,13,1,0,14
2024-06-06T02:10:06,13,1,0,14
2024-06-06T02:25:17,13,1,0,14
2024-06-06T02:40:28,13,1,0,14
2024-06-06T02:55:40,13,1,0,14
2024-06-06T03:10:51,13,1,0,14
2024-06-06T03:26:05,13,1,0,14
2024-06-06T03:41:16,13,1,0,14
2024-06-06T03:56:38,13,1,0,14
2024-06-06T04:11:50,13,1,0,14
2024-06-06T04:35:48,13,1,0,14
2024-06-06T04:53:10,13,1,0,14
2024-06-06T05:08:28,13,1,0,14
2024-06-06T05:23:42,13,1,0,14
2024-06-06T05:38:54,13,1,0,14
2024-06-06T05:54:06,13,1,0,14
2024-06-06T06:09:20,13,1,0,14
2024-06-06T06:24:32,13,1,0,14
2024-06-06T06:39:48,13,1,0,14
2024-06-06T06:55:50,13,1,0,14
2024-06-06T07:11:04,13,1,0,14
2024-06-06T07:26:16,13,1,0,14
2024-06-06T07:41:27,13,1,0,14
2024-06-06T07:56:38,13,1,0,14
2024-06-06T08:11:49,13,1,0,14
2024-06-06T08:27:03,13,1,0,14
2024-06-06T08:42:21,13,1,0,14
2024-06-06T08:57:42,13,1,0,14
2024-06-06T09:12:54,12,2,0,14
2024-06-06T09:28:09,12,2,0,14
2024-06-06T09:43:32,12,2,0,14
2024-06-06T09:58:45,12,2,0,14
2024-06-06T10:13:59,12,2,0,14
2024-06-06T10:29:25,12,2,0,14
2024-06-06T10:44:39,12,2,0,14
2024-06-06T10:59:51,12,2,0,14
2024-06-06T11:15:05,12,2,0,14
2024-06-06T11:30:28,12,2,0,14
2024-06-06T11:45:41,12,2,0,14
2024-06-06T12:00:53,12,2,0,14
2024-06-06T12:16:11,12,2,0,14
2024-06-06T12:31:35,12,2,0,14
2024-06-06T12:46:45,12,2,0,14
2024-06-06T13:01:56,12,2,0,14
2024-06-06T13:17:17,12,2,0,14
2024-06-06T13:32:26,12,2,0,14
2024-06-06T13:47:36,12,2,0,14
2024-06-06T14:02:57,12,2,0,14
2024-06-06T14:18:08,12,2,0,14
2024-06-06T14:33:19,12,2,0,14
2024-06-06T14:48:29,12,2,0,14
2024-06-06T15:03:50,12,2,0,14
2024-06-06T15:19:01,12,2,0,14
2024-06-06T15:34:14,12,2,0,14
2024-06-06T15:49:34,12,2,0,14
2024-06-06T16:04:45,12,2,0,14
2024-06-06T16:19:55,12,2,0,14
2024-06-06T16:35:04,12,2,0,14
2024-06-06T16:50:14,12,2,0,14
2024-06-06T17:05:35,12,2,0,14
2024-06-06T17:20:46,12,2,0,14
2024-06-06T17:35:57,12,2,0,14
2024-06-06T17:51:06,12,2,0,14
2024-06-06T18:06:17,12,2,0,14
2024-06-06T18:21:38,12,2,0,14
2024-06-06T18:36:48,12,2,0,14
2024-06-06T18:51:58,12,2,0,14
2024-06-06T19:07:08,12,2,0,14
2024-06-06T19:22:18,12,2,0,14
2024-06-06T19:37:29,12,2,0,14
2024-06-06T19:52:49,12,2,0,14
2024-06-06T20:07:59,12,2,0,14
2024-06-06T20:23:09,12,2,0,14
2024-06-06T20:38:20,12,2,0,14
2024-06-06T20:53:30,12,2,0,14
2024-06-06T21:08:40,12,2,0,14
2024-06-06T21:23:52,12,2,0,14
2024-06-06T21:39:14,12,2,0,14
2024-06-06T21:54:25,12,2,0,14
2024-06-06T22:09:36,12,2,0,14
2024-06-06T22:24:46,12,2,0,14
2024-06-06T22:39:56,12,2,0,14
2024-06-06T22:55:06,12,2,0,14
2024-06-06T23:10:17,12,2,0,14
2024-06-06T23:25:37,12,2,0,14
2024-06-06T23:40:48,12,2,0,14
2024-06-06T23:55:58,12,2,0,14
2024-06-07T00:11:12,12,2,0,14
2024-06-07T00:26:25,12,2,0,14
2024-06-07T00:41:39,12,2,0,14
2024-06-07T00:56:54,12,2,0,14
2024-06-07T01:12:09,12,2,0,14
2024-06-07T01:27:24,12,2,0,14
2024-06-07T01:42:51,12,2,0,14
2024-06-07T01:58:07,12,2,0,14
2024-06-07T02:13:24,12,2,0,14
2024-06-07T02:28:40,12,2,0,14
2024-06-07T02:43:54,12,2,0,14
2024-06-07T02:59:08,12,2,0,14
2024-06-07T03:14:21,12,2,0,14
2024-06-07T03:29:33,12,2,0,14
2024-06-07T03:44:45,12,2,0,14
2024-06-07T04:00:05,12,2,0,14
2024-06-07T04:26:58,12,2,0,14
2024-06-07T04:43:31,12,2,0,14
2024-06-07T04:59:03,12,2,0,14
2024-06-07T05:14:24,12,2,0,14
2024-06-07T05:29:38,12,2,0,14
2024-06-07T05:44:52,12,2,0,14
2024-06-07T06:00:07,12,2,0,14
2024-06-07T06:15:22,12,2,0,14
2024-06-07T06:30:38,12,2,0,14
2024-06-07T06:45:53,12,2,0,14
2024-06-07T07:01:23,12,2,0,14
2024-06-07T07:16:38,12,2,0,14
2024-06-07T07:31:51,12,2,0,14
2024-06-07T07:47:04,12,2,0,14
2024-06-07T08:02:17,12,2,0,14
2024-06-07T08:17:39,12,2,0,14
2024-06-07T08:32:52,12,2,0,14
2024-06-07T08:48:05,12,2,0,14
2024-06-07T09:03:18,12,2,0,14
2024-06-07T09:18:31,12,2,0,14
2024-06-07T09:33:44,12,2,0,14
2024-06-07T09:48:55,12,2,0,14
2024-06-07T10:04:17,12,2,0,14
2024-06-07T10:19:30,12,2,0,14
2024-06-07T10:34:43,12,2,0,14
2024-06-07T10:49:56,12,2,0,14
2024-06-07T11:05:11,12,2,0,14
2024-06-07T11:20:38,12,2,0,14
2024-06-07T11:35:51,12,2,0,14
2024-06-07T11:51:04,12,2,0,14
2024-06-07T12:06:17,12,2,0,14
2024-06-07T12:21:29,12,2,0,14
2024-06-07T12:36:52,12,2,0,14
2024-06-07T12:52:05,12,2,0,14
2024-06-07T13:07:18,12,2,0,14
2024-06-07T13:22:30,12,2,0,14
2024-06-07T13:37:41,12,2,0,14
2024-06-07T13:52:52,12,2,0,14
2024-06-07T14:08:14,12,2,0,14
2024-06-07T14:23:25,12,2,0,14
2024-06-07T14:38:36,12,2,0,14
2024-06-07T14:53:47,12,2,0,14
2024-06-07T15:08:59,12,2,0,14
2024-06-07T15:24:22,12,2,0,14
2024-06-07T15:39:34,12,2,0,14
2024-06-07T15:54:46,12,2,0,14
2024-06-07T16:09:58,12,2,0,14
2024-06-07T16:25:19,12,2,0,14
2024-06-07T16:40:32,12,2,0,14
2024-06-07T16:55:44,12,2,0,14
2024-06-07T17:10:57,12,2,0,14
2024-06-07T17:26:10,12,2,0,14
2024-06-07T17:41:22,12,2,0,14
2024-06-07T17:56:35,12,2,0,14
2024-06-07T18:11:57,12,2,0,14
2024-06-07T18:27:09,12,2,0,14
2024-06-07T18:42:22,12,2,0,14
2024-06-07T18:57:35,12,2,0,14
2024-06-07T19:12:49,12,2,0,14
2024-06-07T19:28:01,12,2,0,14
2024-06-07T19:43:12,12,2,0,14
2024-06-07T19:58:24,12,2,0,14
2024-06-07T20:13:48,12,2,0,14
2024-06-07T20:29:00,12,2,0,14
2024-06-07T20:44:12,12,2,0,14
2024-06-07T20:59:23,12,2,0,14
2024-06-07T21:14:36,12,2,0,14
2024-06-07T21:29:51,12,2,0,14
2024-06-07T21:45:04,12,2,0,14
2024-06-07T22:00:17,12,2,0,14
2024-06-07T22:15:29,12,2,0,14
2024-06-07T22:30:50,12,2,0,14
2024-06-07T22:46:02,12,2,0,14
2024-06-07T23:01:15,12,2,0,14
2024-06-07T23:16:28,12,2,0,14
2024-06-07T23:31:41,12,2,0,14
2024-06-07T23:46:54,12,2,0,14
2024-06-08T00:02:10,12,2,0,14
2024-06-08T00:17:34,12,2,0,14
2024-06-08T00:32:49,12,2,0,14
2024-06-08T00:48:19,12,2,0,14
2024-06-08T01:03:37,12,2,0,14
2024-06-08T01:18:55,12,2,0,14
2024-06-08T01:34:12,12,2,0,14
2024-06-08T01:49:31,12,2,0,14
2024-06-08T02:04:48,12,2,0,14
2024-06-08T02:20:03,12,2,0,14
2024-06-08T02:35:18,12,2,0,14
2024-06-08T02:50:31,12,2,0,14
2024-06-08T03:05:44,12,2,0,14
2024-06-08T03:20:59,12,2,0,14
2024-06-08T03:36:14,12,2,0,14
2024-06-08T03:51:28,12,2,0,14
2024-06-08T04:35:40,12,2,0,14
2024-06-08T04:52:37,12,2,0,14
2024-06-08T05:08:17,12,2,0,14
2024-06-08T05:23:34,12,2,0,14
2024-06-08T05:38:49,12,2,0,14
2024-06-08T05:54:06,12,2,0,14
2024-06-08T06:09:26,12,2,0,14
2024-06-08T06:24:41,12,2,0,14
2024-06-08T06:39:57,12,2,0,14
2024-06-08T06:55:13,12,2,0,14
2024-06-08T07:10:33,12,2,0,14
2024-06-08T07:25:49,12,2,0,14
2024-06-08T07:41:04,12,2,0,14
2024-06-08T07:56:19,12,2,0,14
2024-06-08T08:11:43,12,2,0,14
2024-06-08T08:27:00,12,2,0,14
2024-06-08T08:42:16,12,2,0,14
2024-06-08T08:57:32,12,2,0,14
2024-06-08T09:12:48,12,2,0,14
2024-06-08T09:28:04,12,2,0,14
2024-06-08T09:43:20,12,2,0,14
2024-06-08T09:58:36,12,2,0,14
2024-06-08T10:13:52,12,2,0,14
2024-06-08T10:29:09,12,2,0,14
2024-06-08T10:44:23,12,2,0,14
2024-06-08T10:59:49,12,2,0,14
2024-06-08T11:15:03,12,2,0,14
2024-06-08T11:30:18,12,2,0,14
2024-06-08T11:45:32,12,2,0,14
2024-06-08T12:00:47,12,2,0,14
2024-06-08T12:16:02,12,2,0,14
2024-06-08T12:31:27,12,2,0,14
2024-06-08T12:46:41,12,2,0,14
2024-06-08T13:01:55,12,2,0,14
2024-06-08T13:17:10,12,2,0,14
2024-06-08T13:32:23,12,2,0,14
2024-06-08T13:47:36,12,2,0,14
2024-06-08T14:02:49,12,2,0,14
2024-06-08T14:18:01,12,2,0,14
2024-06-08T14:33:14,12,2,0,14
2024-06-08T14:48:36,12,2,0,14
2024-06-08T15:03:49,12,2,0,14
2024-06-08T15:19:01,12,2,0,14
2024-06-08T15:34:15,12,2,0,14
2024-06-08T15:49:28,12,2,0,14
2024-06-08T16:04:40,12,2,0,14
2024-06-08T16:20:02,12,2,0,14
2024-06-08T16:35:15,12,2,0,14
2024-06-08T16:50:27,12,2,0,14
2024-06-08T17:05:40,12,2,0,14
2024-06-08T17:20:53,12,2,0,14
2024-06-08T17:36:06,12,2,0,14
2024-06-08T17:51:19,12,2,0,14
2024-06-08T18:06:31,12,2,0,14
2024-06-08T18:21:44,12,2,0,14
2024-06-08T18:36:58,12,2,0,14
2024-06-08T18:52:21,12,2,0,14
2024-06-08T19:07:34,12,2,0,14
2024-06-08T19:22:47,12,2,0,14
2024-06-08T19:37:59,12,2,0,14
2024-06-08T19:53:12,12,2,0,14
2024-06-08T20:08:25,12,2,0,14
2024-06-08T20:23:38,12,2,0,14
2024-06-08T20:38:50,12,2,0,14
2024-06-08T20:54:02,12,2,0,14
2024-06-08T21:09:15,12,2,0,14
2024-06-08T21:24:28,12,2,0,14
2024-06-08T21:39:52,12,2,0,14
2024-06-08T21:55:06,12,2,0,14
2024-06-08T22:10:20,12,2,0,14
2024-06-08T22:25:33,12,2,0,14
2024-06-08T22:40:46,12,2,0,14
2024-06-08T22:55:58,12,2,0,14
2024-06-08T23:11:14,12,2,0,14
2024-06-08T23:26:26,12,2,0,14
2024-06-08T23:41:39,12,2,0,14
2024-06-08T23:56:51,12,2,0,14
2024-06-09T00:12:12,12,2,0,14
2024-06-09T00:27:26,12,2,0,14
2024-06-09T00:42:42,12,2,0,14
2024-06-09T00:57:57,12,2,0,14
2024-06-09T01:13:11,12,2,0,14
2024-06-09T01:28:25,12,2,0,14
2024-06-09T01:43:39,12,2,0,14
2024-06-09T01:58:53,12,2,0,14
2024-06-09T02:14:09,12,2,0,14
2024-06-09T02:29:24,12,2,0,14
2024-06-09T02:44:48,12,2,0,14
2024-06-09T03:00:23,12,2,0,14
2024-06-09T03:15:49,12,2,0,14
2024-06-09T03:31:12,12,2,0,14
2024-06-09T03:46:35,12,2,0,14
2024-06-09T04:02:46,12,2,0,14
2024-06-09T04:26:29,12,2,0,14
2024-06-09T04:43:47,12,2,0,14
2024-06-09T04:59:07,12,2,0,14
2024-06-09T05:14:33,12,2,0,14
2024-06-09T05:29:49,12,2,0,14
2024-06-09T05:45:10,12,2,0,14
2024-06-09T06:00:31,12,2,0,14
2024-06-09T06:15:53,12,2,0,14
2024-06-09T06:31:13,12,2,0,14
2024-06-09T06:46:30,12,2,0,14
2024-06-09T07:01:51,12,2,0,14
2024-06-09T07:17:10,12,2,0,14
2024-06-09T07:32:29,12,2,0,14
2024-06-09T07:47:45,12,2,0,14
2024-06-09T08:03:00,12,2,0,14
2024-06-09T08:18:16,12,2,0,14
2024-06-09T08:33:34,12,2,0,14
2024-06-09T08:48:50,12,2,0,14
2024-06-09T09:04:09,12,2,0,14
2024-06-09T09:19:27,12,2,0,14
2024-06-09T09:34:53,12,2,0,14
2024-06-09T09:50:12,12,2,0,14
2024-06-09T10:05:29,12,2,0,14
2024-06-09T10:20:44,12,2,0,14
2024-06-09T10:35:59,12,2,0,14
2024-06-09T10:51:14,12,2,0,14
2024-06-09T11:06:27,12,2,0,14
2024-06-09T11:21:40,12,2,0,14
2024-06-09T11:36:53,12,2,0,14
2024-06-09T11:52:06,12,2,0,14
2024-06-09T12:07:21,12,2,0,14
2024-06-09T12:22:34,12,2,0,14
2024-06-09T12:37:56,12,2,0,14
2024-06-09T12:53:08,12,2,0,14
2024-06-09T13:08:22,12,2,0,14
2024-06-09T13:23:34,12,2,0,14
2024-06-09T13:38:46,12,2,0,14
2024-06-09T13:53:59,12,2,0,14
2024-06-09T14:09:11,12,2,0,14
2024-06-09T14:24:24,12,2,0,14
2024-06-09T14:39:36,12,2,0,14
2024-06-09T14:55:04,12,2,0,14
2024-06-09T15:10:16,12,2,0,14
2024-06-09T15:25:29,12,2,0,14
2024-06-09T15:40:41,12,2,0,14
2024-06-09T15:55:53,12,2,0,14
2024-06-09T16:11:08,12,2,0,14
2024-06-09T16:26:21,12,2,0,14
2024-06-09T16:41:44,12,2,0,14
2024-06-09T16:56:56,12,2,0,14
2024-06-09T17:12:10,12,2,0,14
2024-06-09T17:27:22,12,2,0,14
2024-06-09T17:42:35,12,2,0,14
2024-06-09T17:57:47,12,2,0,14
2024-06-09T18:13:01,12,2,0,14
2024-06-09T18:28:13,12,2,0,14
2024-06-09T18:43:25,12,2,0,14
2024-06-09T18:58:52,12,2,0,14
2024-06-09T19:14:07,12,2,0,14
2024-06-09T19:29:20,12,2,0,14
2024-06-09T19:44:32,12,2,0,14
2024-06-09T19:59:45,12,2,0,14
2024-06-09T20:14:58,12,2,0,14
2024-06-09T20:30:11,12,2,0,14
2024-06-09T20:45:24,12,2,0,14
2024-06-09T21:00:36,12,2,0,14
2024-06-09T21:15:59,12,2,0,14
2024-06-09T21:31:12,12,2,0,14
2024-06-09T21:46:26,12,2,0,14
2024-06-09T22:01:40,12,2,0,14
2024-06-09T22:16:53,12,2,0,14
2024-06-09T22:32:06,12,2,0,14
2024-06-09T22:47:19,12,2,0,14
2024-06-09T23:02:45,12,2,0,14
2024-06-09T23:17:58,12,2,0,14
2024-06-09T23:33:12,12,2,0,14
2024-06-09T23:48:25,12,2,0,14
2024-06-10T00:03:45,12,2,0,14
2024-06-10T00:19:00,12,2,0,14
2024-06-10T00:34:22,12,2,0,14
2024-06-10T00:50:14,12,2,0,14
2024-06-10T01:05:59,12,2,0,14
2024-06-10T01:21:24,12,2,0,14
2024-06-10T01:36:50,12,2,0,14
2024-06-10T01:52:07,12,2,0,14
2024-06-10T02:07:24,12,2,0,14
2024-06-10T02:22:42,12,2,0,14
2024-06-10T02:38:38,12,2,0,14
2024-06-10T02:54:06,12,2,0,14
2024-06-10T03:09:23,12,2,0,14
2024-06-10T03:24:43,12,2,0,14
2024-06-10T03:39:59,12,2,0,14
2024-06-10T03:55:16,12,2,0,14
2024-06-10T04:25:42,12,2,0,14
2024-06-10T04:42:52,12,2,0,14
2024-06-10T04:58:11,12,2,0,14
2024-06-10T05:13:29,12,2,0,14
2024-06-10T05:28:45,12,2,0,14
2024-06-10T05:44:02,12,2,0,14
2024-06-10T05:59:17,12,2,0,14
2024-06-10T06:14:37,12,2,0,14
2024-06-10T06:29:53,12,2,0,14
2024-06-10T06:45:10,12,2,0,14
2024-06-10T07:00:31,12,2,0,14
2024-06-10T07:15:49,12,2,0,14
2024-06-10T07:31:04,12,2,0,14
2024-06-10T07:46:18,12,2,0,14
2024-06-10T08:01:31,12,2,0,14
2024-06-10T08:16:55,12,2,0,14
2024-06-10T08:32:09,12,2,0,14
2024-06-10T08:47:23,12,2,0,14
2024-06-10T09:02:40,12,2,0,14
2024-06-10T09:17:54,12,2,0,14
2024-06-10T09:33:08,12,2,0,14
2024-06-10T09:48:23,12,2,0,14
2024-06-10T10:03:37,12,2,0,14
2024-06-10T10:18:51,12,2,0,14
2024-06-10T10:34:15,12,2,0,14
2024-06-10T10:49:31,12,2,0,14
2024-06-10T11:04:45,12,2,0,14
2024-06-10T11:20:00,12,2,0,14
2024-06-10T11:35:14,12,2,0,14
2024-06-10T11:50:30,12,2,0,14
2024-06-10T12:05:44,12,2,0,14
2024-06-10T12:21:12,12,2,0,14
2024-06-10T12:36:30,12,2,0,14
2024-06-10T12:51:55,12,2,0,14
2024-06-10T13:07:08,12,2,0,14
2024-06-10T13:22:21,12,2,0,14
2024-06-10T13:37:47,12,2,0,14
2024-06-10T13:53:01,12,2,0,14
2024-06-10T14:08:15,12,2,0,14
2024-06-10T14:23:31,12,2,0,14
2024-06-10T14:38:50,12,2,0,14
2024-06-10T14:54:15,12,2,0,14
2024-06-10T15:09:30,12,2,0,14
2024-06-10T15:24:45,12,2,0,14
2024-06-10T15:40:01,12,2,0,14
2024-06-10T15:55:26,12,2,0,14
2024-06-10T16:10:42,12,2,0,14
2024-06-10T16:26:00,12,2,0,14
2024-06-10T16:41:16,12,2,0,14
2024-06-10T16:56:29,12,2,0,14
2024-06-10T17:11:44,12,2,0,14
2024-06-10T17:27:08,12,2,0,14
2024-06-10T17:42:21,12,2,0,14
2024-06-10T17:57:34,12,2,0,14
2024-06-10T18:12:47,12,2,0,14
2024-06-10T18:28:03,12,2,0,14
2024-06-10T18:43:28,12,2,0,14
2024-06-10T18:58:41,12,2,0,14
2024-06-10T19:13:55,12,2,0,14
2024-06-10T19:29:07,12,2,0,14
2024-06-10T19:44:20,12,2,0,14
2024-06-10T19:59:33,12,2,0,14
2024-06-10T20:14:48,12,2,0,14
2024-06-10T20:30:13,12,2,0,14
2024-06-10T20:45:26,12,2,0,14
2024-06-10T21:00:39,12,2,0,14
2024-06-10T21:15:53,12,2,0,14
2024-06-10T21:31:06,12,2,0,14
2024-06-10T21:46:19,12,2,0,14
2024-06-10T22:01:35,12,2,0,14
2024-06-10T22:16:50,12,2,0,14
2024-06-10T22:32:15,12,2,0,14
2024-06-10T22:47:28,12,2,0,14
2024-06-10T23:02:41,12,2,0,14
2024-06-10T23:17:55,12,2,0,14
2024-06-10T23:33:09,12,2,0,14
2024-06-10T23:48:23,12,2,0,14
2024-06-11T00:03:39,12,2,0,14
2024-06-11T00:18:55,12,2,0,14
2024-06-11T00:34:24,12,2,0,14
2024-06-11T00:49:44,12,2,0,14
2024-06-11T01:05:03,12,2,0,14
2024-06-11T01:20:22,12,2,0,14
2024-06-11T01:35:40,12,2,0,14
2024-06-11T01:51:03,12,2,0,14
2024-06-11T02:06:24,12,2,0,14
2024-06-11T02:21:41,12,2,0,14
2024-06-11T02:36:57,12,2,0,14
2024-06-11T02:52:12,12,2,0,14
2024-06-11T03:07:34,12,2,0,14
2024-06-11T03:22:52,12,2,0,14
2024-06-11T03:38:09,12,2,0,14
2024-06-11T03:53:26,12,2,0,14
2024-06-11T04:08:54,12,2,0,14
2024-06-11T04:31:15,12,2,0,14
2024-06-11T04:47:02,12,2,0,14
2024-06-11T05:02:20,12,2,0,14
2024-06-11T05:17:39,12,2,0,14
2024-06-11T05:33:00,12,2,0,14
2024-06-11T05:48:17,12,2,0,14
2024-06-11T06:03:34,12,2,0,14
2024-06-11T06:18:50,12,2,0,14
2024-06-11T06:34:06,12,2,0,14
2024-06-11T06:49:22,12,2,0,14
2024-06-11T07:04:39,12,2,0,14
2024-06-11T07:19:55,12,2,0,14
2024-06-11T07:35:10,12,2,0,14
2024-06-11T07:50:24,12,2,0,14
2024-06-11T08:05:49,12,2,0,14
2024-06-11T08:21:04,12,2,0,14
2024-06-11T08:36:20,12,2,0,14
2024-06-11T08:51:35,12,2,0,14
2024-06-11T09:06:50,12,2,0,14
2024-06-11T09:22:05,12,2,0,14
2024-06-11T09:37:20,12,2,0,14
2024-06-11T09:52:36,12,2,0,14
2024-06-11T10:07:52,12,2,0,14
2024-06-11T10:23:07,12,2,0,14
2024-06-11T10:38:21,12,2,0,14
2024-06-11T10:53:45,12,2,0,14
2024-06-11T11:09:00,12,2,0,14
2024-06-11T11:24:14,12,2,0,14
2024-06-11T11:39:29,12,2,0,14
2024-06-11T11:54:42,12,2,0,14
2024-06-11T12:09:55,12,2,0,14
2024-06-11T12:25:20,12,2,0,14
2024-06-11T12:40:33,12,2,0,14
2024-06-11T12:55:46,12,2,0,14
2024-06-11T13:10:59,12,2,0,14
2024-06-11T13:26:12,12,2,0,14
2024-06-11T13:41:25,12,2,0,14
2024-06-11T13:56:39,12,2,0,14
2024-06-11T14:12:03,12,2,0,14
2024-06-11T14:27:17,12,2,0,14
2024-06-11T14:42:30,12,2,0,14
2024-06-11T14:57:44,12,2,0,14
2024-06-11T15:12:58,12,2,0,14
2024-06-11T15:28:22,12,2,0,14
2024-06-11T15:43:35,12,2,0,14
2024-06-11T15:58:49,12,2,0,14
2024-06-11T16:14:03,12,2,0,14
2024-06-11T16:29:16,12,2,0,14
2024-06-11T16:44:31,12,2,0,14
2024-06-11T16:59:53,12,2,0,14
2024-06-11T17:15:08,12,2,0,14
2024-06-11T17:30:21,12,2,0,14
2024-06-11T17:45:35,12,2,0,14
2024-06-11T18:00:50,12,2,0,14
2024-06-11T18:16:05,12,2,0,14
2024-06-11T18:31:27,12,2,0,14
2024-06-11T18:46:40,12,2,0,14
2024-06-11T19:01:53,12,2,0,14
2024-06-11T19:17:07,12,2,0,14
2024-06-11T19:32:20,12,2,0,14
2024-06-11T19:47:33,12,2,0,14
2024-06-11T20:02:46,12,2,0,14
2024-06-11T20:18:10,12,2,0,14
2024-06-11T20:33:23,12,2,0,14
2024-06-11T20:48:35,12,2,0,14
2024-06-11T21:03:48,12,2,0,14
2024-06-11T21:19:04,12,2,0,14
2024-06-11T21:34:19,12,2,0,14
2024-06-11T21:49:43,12,2,0,14
2024-06-11T22:04:56,12,2,0,14
2024-06-11T22:20:09,12,2,0,14
2024-06-11T22:35:23,12,2,0,14
2024-06-11T22:50:37,12,2,0,14
2024-06-11T23:05:53,12,2,0,14
2024-06-11T23:21:16,12,2,0,14
2024-06-11T23:36:28,12,2,0,14
2024-06-11T23:51:42,12,2,0,14
2024-06-12T00:06:56,12,2,0,14
2024-06-12T00:22:11,12,2,0,14
2024-06-12T00:37:27,12,2,0,14
2024-06-12T00:52:46,12,2,0,14
2024-06-12T01:08:14,12,2,0,14
2024-06-12T01:23:31,12,2,0,14
2024-06-12T01:38:48,12,2,0,14
2024-06-12T01:54:11,12,2,0,14
2024-06-12T02:09:30,12,2,0,14
2024-06-12T02:24:48,12,2,0,14
2024-06-12T02:40:05,12,2,0,14
2024-06-12T02:55:20,12,2,0,14
2024-06-12T03:10:36,12,2,0,14
2024-06-12T03:25:51,12,2,0,14
2024-06-12T03:41:05,12,2,0,14
2024-06-12T03:56:28,12,2,0,14
2024-06-12T04:24:28,12,2,0,14
2024-06-12T04:41:11,12,2,0,14
2024-06-12T04:56:49,12,2,0,14
2024-06-12T05:12:11,12,2,0,14
2024-06-12T05:27:28,12,2,0,14
2024-06-12T05:42:45,12,2,0,14
2024-06-12T05:58:03,12,2,0,14
2024-06-12T06:13:21,12,2,0,14
2024-06-12T06:28:41,12,2,0,14
2024-06-12T06:43:58,12,2,0,14
2024-06-12T06:59:14,12,2,0,14
2024-06-12T07:14:45,12,2,0,14
2024-06-12T07:30:04,12,2,0,14
2024-06-12T07:45:20,12,2,0,14
2024-06-12T08:00:35,12,2,0,14
2024-06-12T08:16:02,12,2,0,14
2024-06-12T08:31:19,12,2,0,14
2024-06-12T08:46:42,12,2,0,14
2024-06-12T09:01:58,12,2,0,14
2024-06-12T09:17:14,12,2,0,14
2024-06-12T09:32:29,12,2,0,14
2024-06-12T09:47:45,12,2,0,14
2024-06-12T10:03:00,12,2,0,14
2024-06-12T10:18:24,12,2,0,14
2024-06-12T10:33:39,12,2,0,14
2024-06-12T10:48:54,12,2,0,14
2024-06-12T11:04:09,12,2,0,14
2024-06-12T11:19:24,12,2,0,14
2024-06-12T11:34:48,12,2,0,14
2024-06-12T11:50:03,12,2,0,14
2024-06-12T12:05:17,12,2,0,14
2024-06-12T12:20:36,12,2,0,14
2024-06-12T12:35:53,12,2,0,14
2024-06-12T12:51:12,12,2,0,14
2024-06-12T13:06:43,12,2,0,14
2024-06-12T13:22:03,12,2,0,14
2024-06-12T13:37:24,12,2,0,14
2024-06-12T13:52:46,12,2,0,14
2024-06-12T14:08:07,12,2,0,14
2024-06-12T14:23:29,12,2,0,14
2024-06-12T14:38:59,12,2,0,14
2024-06-12T14:54:20,12,2,0,14
2024-06-12T15:09:41,12,2,0,14
2024-06-12T15:25:11,12,2,0,14
2024-06-12T15:40:53,12,2,0,14
2024-06-12T15:56:25,12,2,0,14
2024-06-12T16:11:58,12,2,0,14
2024-06-12T16:27:34,12,2,0,14
2024-06-12T16:43:09,12,2,0,14
2024-06-12T16:58:53,12,2,0,14
2024-06-12T17:14:29,12,2,0,14
2024-06-12T17:30:04,12,2,0,14
2024-06-12T17:45:38,12,2,0,14
2024-06-12T18:01:12,12,2,0,14
2024-06-12T18:16:56,12,2,0,14
2024-06-12T18:32:30,12,2,0,14
2024-06-12T18:48:05,12,2,0,14
2024-06-12T19:03:41,12,2,0,14
2024-06-12T19:19:16,12,2,0,14
2024-06-12T19:34:51,12,2,0,14
2024-06-12T19:50:35,12,2,0,14
2024-06-12T20:06:09,12,2,0,14
2024-06-12T20:21:43,12,2,0,14
2024-06-12T20:37:17,12,2,0,14
2024-06-12T20:52:51,12,2,0,14
2024-06-12T21:08:25,12,2,0,14
2024-06-12T21:24:12,12,2,0,14
2024-06-12T21:39:49,12,2,0,14
2024-06-12T21:55:23,12,2,0,14
2024-06-12T22:10:58,12,2,0,14
2024-06-12T22:26:32,12,2,0,14
2024-06-12T22:42:06,12,2,0,14
2024-06-12T22:57:41,12,2,0,14
2024-06-12T23:13:27,12,2,0,14
2024-06-12T23:29:02,12,2,0,14
2024-06-12T23:44:37,12,2,0,14
2024-06-13T00:00:12,12,2,0,14
2024-06-13T00:15:49,12,2,0,14
2024-06-13T00:31:25,12,2,0,14
2024-06-13T00:47:09,12,2,0,14
2024-06-13T01:02:48,12,2,0,14
2024-06-13T01:18:38,12,2,0,14
2024-06-13T01:34:19,12,2,0,14
2024-06-13T01:49:59,12,2,0,14
2024-06-13T02:05:48,12,2,0,14
2024-06-13T02:21:26,12,2,0,14
2024-06-13T02:37:04,12,2,0,14
2024-06-13T02:52:41,12,2,0,14
2024-06-13T03:08:18,12,2,0,14
2024-06-13T03:23:54,12,2,0,14
2024-06-13T03:39:31,12,2,0,14
2024-06-13T03:55:15,12,2,0,14
2024-06-13T04:25:59,12,2,0,14
2024-06-13T04:42:54,12,2,0,14
2024-06-13T04:58:57,12,2,0,14
2024-06-13T05:15:01,12,2,0,14
2024-06-13T05:30:40,12,2,0,14
2024-06-13T05:46:18,12,2,0,14
2024-06-13T06:01:57,12,2,0,14
2024-06-13T06:17:35,12,2,0,14
2024-06-13T06:33:14,12,2,0,14
2024-06-13T06:48:52,12,2,0,14
2024-06-13T07:04:31,12,2,0,14
2024-06-13T07:20:19,12,2,0,14
2024-06-13T07:35:55,12,2,0,14
2024-06-13T07:51:31,12,2,0,14
2024-06-13T08:07:07,12,2,0,14
2024-06-13T08:22:45,12,2,0,14
2024-06-13T08:38:21,12,2,0,14
2024-06-13T08:53:58,12,2,0,14
2024-06-13T09:09:35,12,2,0,14
2024-06-13T09:25:12,12,2,0,14
2024-06-13T09:40:49,12,2,0,14
2024-06-13T09:56:41,12,2,0,14
2024-06-13T10:12:24,12,2,0,14
2024-06-13T10:28:02,12,2,0,14
2024-06-13T10:43:39,12,2,0,14
2024-06-13T10:59:17,12,2,0,14
2024-06-13T11:14:52,12,2,0,14
2024-06-13T11:30:39,12,2,0,14
2024-06-13T11:46:15,12,2,0,14
2024-06-13T12:01:51,12,2,0,14
2024-06-13T12:17:27,12,2,0,14
2024-06-13T12:33:12,13,1,0,14
2024-06-13T12:48:47,13,1,0,14
2024-06-13T13:04:22,13,1,0,14
2024-06-13T13:19:56,13,1,0,14
2024-06-13T13:35:31,13,1,0,14
2024-06-13T13:51:11,13,1,0,14
2024-06-13T14:06:46,13,1,0,14
2024-06-13T14:22:30,13,1,0,14
2024-06-13T14:38:04,13,1,0,14
2024-06-13T14:53:38,13,1,0,14
2024-06-13T15:09:13,13,1,0,14
2024-06-13T15:24:51,13,1,0,14
2024-06-13T15:40:41,13,1,0,14
2024-06-13T15:56:16,13,1,0,14
2024-06-13T16:11:50,13,1,0,14
2024-06-13T16:27:25,13,1,0,14
2024-06-13T16:43:00,13,1,0,14
2024-06-13T16:58:34,13,1,0,14
2024-06-13T17:14:20,13,1,0,14
2024-06-13T17:29:55,13,1,0,14
2024-06-13T17:45:30,13,1,0,14
2024-06-13T18:01:05,13,1,0,14
2024-06-13T18:16:40,13,1,0,14
2024-06-13T18:32:14,13,1,0,14
2024-06-13T18:48:00,13,1,0,14
2024-06-13T19:03:34,13,1,0,14
2024-06-13T19:19:11,13,1,0,14
2024-06-13T19:34:46,13,1,0,14
2024-06-13T19:50:22,13,1,0,14
2024-06-13T20:05:57,13,1,0,14
2024-06-13T20:21:32,13,1,0,14
2024-06-13T20:37:18,13,1,0,14
2024-06-13T20:52:53,13,1,0,14
2024-06-13T21:08:28,13,1,0,14
2024-06-13T21:24:05,13,1,0,14
2024-06-13T21:39:41,13,1,0,14
2024-06-13T21:55:17,13,1,0,14
2024-06-13T22:10:52,13,1,0,14
2024-06-13T22:26:57,13,1,0,14
2024-06-13T22:42:43,13,1,0,14
2024-06-13T22:58:19,13,1,0,14
2024-06-13T23:13:55,13,1,0,14
2024-06-13T23:29:31,13,1,0,14
2024-06-13T23:45:06,13,1,0,14
2024-06-14T00:00:42,13,1,0,14
2024-06-14T00:16:21,13,1,0,14
2024-06-14T00:31:59,13,1,0,14
2024-06-14T00:47:52,13,1,0,14
2024-06-14T01:03:32,13,1,0,14
2024-06-14T01:19:12,13,1,0,14
2024-06-14T01:34:51,13,1,0,14
2024-06-14T01:50:32,13,1,0,14
2024-06-14T02:06:13,13,1,0,14
2024-06-14T02:21:54,13,1,0,14
2024-06-14T02:37:34,13,1,0,14
2024-06-14T02:53:20,13,1,0,14
2024-06-14T03:09:02,13,1,0,14
2024-06-14T03:25:06,13,1,0,14
2024-06-14T03:40:46,13,1,0,14
2024-06-14T03:56:25,13,1,0,14
2024-06-14T04:30:02,13,1,0,14
2024-06-14T04:47:15,13,1,0,14
2024-06-14T05:02:55,13,1,0,14
2024-06-14T05:18:35,13,1,0,14
2024-06-14T05:34:11,13,1,0,14
2024-06-14T05:49:47,13,1,0,14
2024-06-14T06:05:23,13,1,0,14
2024-06-14T06:21:00,13,1,0,14
2024-06-14T06:36:35,13,1,0,14
2024-06-14T06:52:08,13,1,0,14
2024-06-14T07:07:41,13,1,0,14
2024-06-14T07:23:14,13,1,0,14
2024-06-14T07:38:45,13,1,0,14
2024-06-14T07:54:15,13,1,0,14
2024-06-14T08:09:49,13,1,0,14
2024-06-14T08:25:21,13,1,0,14
2024-06-14T08:40:53,13,1,0,14
2024-06-14T08:56:35,13,1,0,14
2024-06-14T09:12:05,13,1,0,14
2024-06-14T09:27:35,13,1,0,14
2024-06-14T09:43:08,13,1,0,14
2024-06-14T09:58:39,13,1,0,14
2024-06-14T10:14:10,13,1,0,14
2024-06-14T10:29:40,13,1,0,14
2024-06-14T10:45:10,13,1,0,14
2024-06-14T11:00:54,13,1,0,14
2024-06-14T11:16:27,13,1,0,14
2024-06-14T11:31:57,13,1,0,14
2024-06-14T11:47:29,13,1,0,14
2024-06-14T12:03:02,13,1,0,14
2024-06-14T12:18:49,13,1,0,14
2024-06-14T12:34:21,13,1,0,14
2024-06-14T12:49:50,13,1,0,14
2024-06-14T13:05:25,13,1,0,14
2024-06-14T13:20:58,13,1,0,14
2024-06-14T13:36:39,13,1,0,14
2024-06-14T13:52:10,13,1,0,14
2024-06-14T14:07:41,13,1,0,14
2024-06-14T14:23:12,13,1,0,14
2024-06-14T14:38:44,13,1,0,14
2024-06-14T14:54:25,13,1,0,14
2024-06-14T15:09:57,13,1,0,14
2024-06-14T15:25:28,13,1,0,14
2024-06-14T15:40:59,13,1,0,14
2024-06-14T15:56:31,13,1,0,14
2024-06-14T16:12:14,13,1,0,14
2024-06-14T16:27:44,13,1,0,14
2024-06-14T16:43:15,13,1,0,14
2024-06-14T16:58:47,13,1,0,14
2024-06-14T17:14:19,13,1,0,14
2024-06-14T17:29:51,13,1,0,14
2024-06-14T17:45:33,13,1,0,14
2024-06-14T18:01:03,13,1,0,14
2024-06-14T18:16:37,13,1,0,14
2024-06-14T18:32:08,13,1,0,14
2024-06-14T18:47:40,13,1,0,14
2024-06-14T19:03:11,13,1,0,14
2024-06-14T19:18:43,13,1,0,14
2024-06-14T19:34:26,13,1,0,14
2024-06-14T19:49:58,13,1,0,14
2024-06-14T20:05:29,13,1,0,14
2024-06-14T20:21:00,13,1,0,14
2024-06-14T20:36:32,13,1,0,14
2024-06-14T20:52:03,13,1,0,14
2024-06-14T21:07:33,13,1,0,14
2024-06-14T21:23:08,13,1,0,14
2024-06-14T21:38:51,13,1,0,14
2024-06-14T21:54:23,13,1,0,14
2024-06-14T22:09:55,13,1,0,14
2024-06-14T22:25:24,13,1,0,14
2024-06-14T22:40:58,13,1,0,14
2024-06-14T22:56:31,13,1,0,14
2024-06-14T23:12:04,13,1,0,14
2024-06-14T23:27:36,13,1,0,14
2024-06-14T23:43:19,13,1,0,14
2024-06-14T23:58:50,13,1,0,14
2024-06-15T00:14:24,13,1,0,14
2024-06-15T00:30:02,13,1,0,14
2024-06-15T00:45:39,13,1,0,14
2024-06-15T01:01:17,13,1,0,14
2024-06-15T01:16:52,13,1,0,14
2024-06-15T01:32:28,13,1,0,14
2024-06-15T01:48:16,13,1,0,14
2024-06-15T02:03:53,13,1,0,14
2024-06-15T02:19:29,13,1,0,14
2024-06-15T02:35:04,13,1,0,14
2024-06-15T02:50:38,13,1,0,14
2024-06-15T03:06:11,13,1,0,14
2024-06-15T03:21:44,13,1,0,14
2024-06-15T03:37:19,13,1,0,14
2024-06-15T03:52:55,13,1,0,14
2024-06-15T04:08:30,13,1,0,14
2024-06-15T04:28:33,13,1,0,14
2024-06-15T04:45:26,13,1,0,14
2024-06-15T05:01:17,13,1,0,14
2024-06-15T05:16:48,13,1,0,14
2024-06-15T05:32:33,13,1,0,14
2024-06-15T05:48:09,13,1,0,14
2024-06-15T06:03:45,13,1,0,14
2024-06-15T06:19:19,13,1,0,14
2024-06-15T06:34:53,13,1,0,14
2024-06-15T06:50:27,13,1,0,14
2024-06-15T07:06:03,13,1,0,14
2024-06-15T07:21:47,13,1,0,14
2024-06-15T07:37:21,13,1,0,14
2024-06-15T07:52:56,13,1,0,14
2024-06-15T08:08:33,13,1,0,14
2024-06-15T08:24:09,13,1,0,14
2024-06-15T08:39:44,13,1,0,14
2024-06-15T08:55:19,13,1,0,14
2024-06-15T09:10:58,13,1,0,14
2024-06-15T09:26:46,13,1,0,14
2024-06-15T09:42:32,13,1,0,14
2024-06-15T09:58:15,13,1,0,14
2024-06-15T10:13:53,13,1,0,14
2024-06-15T10:29:27,13,1,0,14
2024-06-15T10:45:03,13,1,0,14
2024-06-15T11:00:37,13,1,0,14
2024-06-15T11:16:13,13,1,0,14
2024-06-15T11:32:00,13,1,0,14
2024-06-15T11:47:38,13,1,0,14
2024-06-15T12:03:12,13,1,0,14
2024-06-15T12:18:44,13,1,0,14
2024-06-15T12:34:17,13,1,0,14
2024-06-15T12:49:50,13,1,0,14
2024-06-15T13:05:22,13,1,0,14
2024-06-15T13:21:05,13,1,0,14
2024-06-15T13:36:37,13,1,0,14
2024-06-15T13:52:10,13,1,0,14
2024-06-15T14:07:41,13,1,0,14
2024-06-15T14:23:12,13,1,0,14
2024-06-15T14:38:45,13,1,0,14
2024-06-15T14:54:17,13,1,0,14
2024-06-15T15:09:48,13,1,0,14
2024-06-15T15:25:29,13,1,0,14
2024-06-15T15:41:01,13,1,0,14
2024-06-15T15:56:32,13,1,0,14
2024-06-15T16:12:04,13,1,0,14
2024-06-15T16:27:35,13,1,0,14
2024-06-15T16:43:04,13,1,0,14
2024-06-15T16:58:46,13,1,0,14
2024-06-15T17:14:19,13,1,0,14
2024-06-15T17:29:51,13,1,0,14
2024-06-15T17:45:22,13,1,0,14
2024-06-15T18:00:55,13,1,0,14
2024-06-15T18:16:26,13,1,0,14
2024-06-15T18:31:57,13,1,0,14
2024-06-15T18:47:39,13,1,0,14
2024-06-15T19:03:10,13,1,0,14
2024-06-15T19:18:42,13,1,0,14
2024-06-15T19:34:12,13,1,0,14
2024-06-15T19:49:44,13,1,0,14
2024-06-15T20:05:16,13,1,0,14
2024-06-15T20:20:48,13,1,0,14
2024-06-15T20:36:19,13,1,0,14
2024-06-15T20:52:02,13,1,0,14
2024-06-15T21:07:34,13,1,0,14
2024-06-15T21:23:08,13,1,0,14
2024-06-15T21:38:40,13,1,0,14
2024-06-15T21:54:12,13,1,0,14
2024-06-15T22:09:44,13,1,0,14
2024-06-15T22:25:15,13,1,0,14
2024-06-15T22:40:46,13,1,0,14
2024-06-15T22:56:31,13,1,0,14
2024-06-15T23:12:03,13,1,0,14
2024-06-15T23:27:34,13,1,0,14
2024-06-15T23:43:05,13,1,0,14
2024-06-15T23:58:37,13,1,0,14
2024-06-16T00:14:09,13,1,0,14
2024-06-16T00:29:41,13,1,0,14
2024-06-16T00:50:20,13,1,0,14
2024-06-16T01:05:52,13,1,0,14
2024-06-16T01:21:23,13,1,0,14
2024-06-16T01:36:56,13,1,0,14
2024-06-16T01:52:29,13,1,0,14
2024-06-16T02:08:05,13,1,0,14
2024-06-16T02:23:41,13,1,0,14
2024-06-16T02:39:15,13,1,0,14
2024-06-16T02:54:48,13,1,0,14
2024-06-16T03:10:19,13,1,0,14
2024-06-16T03:25:50,13,1,0,14
2024-06-16T03:41:22,13,1,0,14
2024-06-16T03:57:03,13,1,0,14
2024-06-16T04:12:50,13,1,0,14
2024-06-16T04:37:13,13,1,0,14
2024-06-16T04:52:54,13,1,0,14
2024-06-16T05:08:43,13,1,0,14
2024-06-16T05:24:26,13,1,0,14
2024-06-16T05:40:04,13,1,0,14
2024-06-16T05:55:43,13,1,0,14
2024-06-16T06:11:22,13,1,0,14
2024-06-16T06:27:00,13,1,0,14
2024-06-16T06:42:35,13,1,0,14
2024-06-16T06:58:12,13,1,0,14
2024-06-16T07:13:52,13,1,0,14
2024-06-16T07:29:33,13,1,0,14
2024-06-16T07:45:10,13,1,0,14
2024-06-16T08:00:58,13,1,0,14
2024-06-16T08:16:32,13,1,0,14
2024-06-16T08:32:06,13,1,0,14
2024-06-16T08:47:42,13,1,0,14
2024-06-16T09:03:17,13,1,0,14
2024-06-16T09:18:51,13,1,0,14
2024-06-16T09:34:25,13,1,0,14
2024-06-16T09:50:00,13,1,0,14
2024-06-16T10:05:37,13,1,0,14
2024-06-16T10:21:13,13,1,0,14
2024-06-16T10:36:59,13,1,0,14
2024-06-16T10:52:38,13,1,0,14
2024-06-16T11:08:14,13,1,0,14
2024-06-16T11:23:49,13,1,0,14
2024-06-16T11:39:25,13,1,0,14
2024-06-16T11:54:57,13,1,0,14
2024-06-16T12:10:32,13,1,0,14
2024-06-16T12:26:14,13,1,0,14
2024-06-16T12:41:47,13,1,0,14
2024-06-16T12:57:17,13,1,0,14
2024-06-16T13:12:50,13,1,0,14
2024-06-16T13:28:32,13,1,0,14
2024-06-16T13:44:02,13,1,0,14
2024-06-16T13:59:33,13,1,0,14
2024-06-16T14:15:02,13,1,0,14
2024-06-16T14:30:33,13,1,0,14
2024-06-16T14:46:03,13,1,0,14
2024-06-16T15:01:34,13,1,0,14
2024-06-16T15:17:16,13,1,0,14
2024-06-16T15:32:47,13,1,0,14
2024-06-16T15:48:18,13,1,0,14
2024-06-16T16:03:49,13,1,0,14
2024-06-16T16:19:20,13,1,0,14
2024-06-16T16:34:51,13,1,0,14
2024-06-16T16:50:33,13,1,0,14
2024-06-16T17:06:05,13,1,0,14
2024-06-16T17:21:37,13,1,0,14
2024-06-16T17:37:06,13,1,0,14
2024-06-16T17:52:37,13,1,0,14
2024-06-16T18:08:07,13,1,0,14
2024-06-16T18:23:47,13,1,0,14
2024-06-16T18:39:18,13,1,0,14
2024-06-16T18:54:48,13,1,0,14
2024-06-16T19:10:20,13,1,0,14
2024-06-16T19:25:51,13,1,0,14
2024-06-16T19:41:22,13,1,0,14
2024-06-16T19:57:04,13,1,0,14
2024-06-16T20:12:37,13,1,0,14
2024-06-16T20:28:08,13,1,0,14
2024-06-16T20:43:39,13,1,0,14
2024-06-16T20:59:09,13,1,0,14
2024-06-16T21:14:41,13,1,0,14
2024-06-16T21:30:25,13,1,0,14
2024-06-16T21:45:56,13,1,0,14
2024-06-16T22:01:29,13,1,0,14
2024-06-16T22:17:00,13,1,0,14
2024-06-16T22:32:32,13,1,0,14
2024-06-16T22:48:04,13,1,0,14
2024-06-16T23:03:40,13,1,0,14
2024-06-16T23:19:24,13,1,0,14
2024-06-16T23:34:56,13,1,0,14
2024-06-16T23:50:28,13,1,0,14
2024-06-17T00:06:02,13,1,0,14
2024-06-17T00:21:40,13,1,0,14
2024-06-17T00:37:18,13,1,0,14
2024-06-17T00:52:55,13,1,0,14
2024-06-17T01:08:46,13,1,0,14
2024-06-17T01:24:24,13,1,0,14
2024-06-17T01:40:00,13,1,0,14
2024-06-17T01:55:36,13,1,0,14
2024-06-17T02:11:13,13,1,0,14
2024-06-17T02:26:51,13,1,0,14
2024-06-17T02:42:27,13,1,0,14
2024-06-17T02:57:59,13,1,0,14
2024-06-17T03:13:32,13,1,0,14
2024-06-17T03:29:07,13,1,0,14
2024-06-17T03:44:41,13,1,0,14
2024-06-17T04:00:14,13,1,0,14
2024-06-17T04:24:28,13,1,0,14
2024-06-17T04:41:45,13,1,0,14
2024-06-17T04:57:23,13,1,0,14
2024-06-17T05:13:02,13,1,0,14
2024-06-17T05:28:40,13,1,0,14
2024-06-17T05:44:16,13,1,0,14
2024-06-17T05:59:54,13,1,0,14
2024-06-17T06:15:31,13,1,0,14
2024-06-17T06:31:11,13,1,0,14
2024-06-17T06:46:48,13,1,0,14
2024-06-17T07:02:25,13,1,0,14
2024-06-17T07:18:04,13,1,0,14
2024-06-17T07:33:46,13,1,0,14
2024-06-17T07:49:18,13,1,0,14
2024-06-17T08:04:52,13,1,0,14
2024-06-17T08:20:23,13,1,0,14
2024-06-17T08:35:58,13,1,0,14
2024-06-17T08:51:31,13,1,0,14
2024-06-17T09:07:05,13,1,0,14
2024-06-17T09:22:49,13,1,0,14
2024-06-17T09:38:25,13,1,0,14
2024-06-17T09:53:56,13,1,0,14
2024-06-17T10:09:30,13,1,0,14
2024-06-17T10:25:01,13,1,0,14
2024-06-17T10:40:46,13,1,0,14
2024-06-17T10:56:19,13,1,0,14
2024-06-17T11:11:50,13,1,0,14
2024-06-17T11:27:25,13,1,0,14
2024-06-17T11:43:10,13,1,0,14
2024-06-17T11:58:45,13,1,0,14
2024-06-17T12:14:19,13,1,0,14
2024-06-17T12:30:01,13,1,0,14
2024-06-17T12:45:34,13,1,0,14
2024-06-17T13:01:08,13,1,0,14
2024-06-17T13:16:41,13,1,0,14
2024-06-17T13:32:24,13,1,0,14
2024-06-17T13:47:57,13,1,0,14
2024-06-17T14:03:27,13,1,0,14
2024-06-17T14:19:00,13,1,0,14
2024-06-17T14:34:43,13,1,0,14
2024-06-17T14:50:16,13,1,0,14
2024-06-17T15:05:47,13,1,0,14
2024-06-17T15:21:33,13,1,0,14
2024-06-17T15:37:05,13,1,0,14
2024-06-17T15:52:38,13,1,0,14
2024-06-17T16:08:23,13,1,0,14
2024-06-17T16:23:55,13,1,0,14
2024-06-17T16:39:27,13,1,0,14
2024-06-17T16:54:59,13,1,0,14
2024-06-17T17:10:46,13,1,0,14
2024-06-17T17:26:20,13,1,0,14
2024-06-17T17:41:52,13,1,0,14
2024-06-17T17:57:24,13,1,0,14
2024-06-17T18:12:55,13,1,0,14
2024-06-17T18:28:40,13,1,0,14
2024-06-17T18:44:11,13,1,0,14
2024-06-17T18:59:44,13,1,0,14
2024-06-17T19:15:20,13,1,0,14
2024-06-17T19:31:05,13,1,0,14
2024-06-17T19:46:37,13,1,0,14
2024-06-17T20:02:09,13,1,0,14
2024-06-17T20:17:41,13,1,0,14
2024-06-17T20:33:24,13,1,0,14
2024-06-17T20:48:58,13,1,0,14
2024-06-17T21:04:30,13,1,0,14
2024-06-17T21:20:04,13,1,0,14
2024-06-17T21:35:36,13,1,0,14
2024-06-17T21:51:26,13,1,0,14
2024-06-17T22:07:00,13,1,0,14
2024-06-17T22:22:33,13,1,0,14
2024-06-17T22:38:06,13,1,0,14
2024-06-17T22:53:39,13,1,0,14
2024-06-17T23:09:23,13,1,0,14
2024-06-17T23:24:56,13,1,0,14
2024-06-17T23:40:28,13,1,0,14
2024-06-17T23:56:00,13,1,0,14
2024-06-18T00:11:45,13,1,0,14
2024-06-18T00:27:22,13,1,0,14
2024-06-18T00:43:04,13,1,0,14
2024-06-18T00:58:41,13,1,0,14
2024-06-18T01:14:16,13,1,0,14
2024-06-18T01:29:53,13,1,0,14
2024-06-18T01:45:39,13,1,0,14
2024-06-18T02:01:17,13,1,0,14
2024-06-18T02:16:56,13,1,0,14
2024-06-18T02:32:34,13,1,0,14
2024-06-18T02:48:11,13,1,0,14
2024-06-18T03:03:47,13,1,0,14
2024-06-18T03:19:26,13,1,0,14
2024-06-18T03:35:04,13,1,0,14
2024-06-18T03:50:41,13,1,0,14
2024-06-18T04:06:33,13,1,0,14
2024-06-18T04:31:17,13,1,0,14
2024-06-18T04:46:58,13,1,0,14
2024-06-18T05:02:36,13,1,0,14
2024-06-18T05:18:19,13,1,0,14
2024-06-18T05:34:06,13,1,0,14
2024-06-18T05:49:48,13,1,0,14
2024-06-18T06:05:31,13,1,0,14
2024-06-18T06:21:10,13,1,0,14
2024-06-18T06:36:51,13,1,0,14
2024-06-18T06:52:40,13,1,0,14
2024-06-18T07:08:22,13,1,0,14
2024-06-18T07:24:02,13,1,0,14
2024-06-18T07:39:40,13,1,0,14
2024-06-18T07:55:17,13,1,0,14
2024-06-18T08:10:55,13,1,0,14
2024-06-18T08:26:34,13,1,0,14
2024-06-18T08:42:24,13,1,0,14
2024-06-18T08:58:03,13,1,0,14
2024-06-18T09:13:42,13,1,0,14
2024-06-18T09:29:22,13,1,0,14
2024-06-18T09:45:22,13,1,0,14
2024-06-18T10:01:12,13,1,0,14
2024-06-18T10:17:02,13,1,0,14
2024-06-18T10:32:53,13,1,0,14
2024-06-18T10:48:45,13,1,0,14
2024-06-18T11:04:23,13,1,0,14
2024-06-18T11:20:03,13,1,0,14
2024-06-18T11:35:56,13,1,0,14
2024-06-18T11:51:40,13,1,0,14
2024-06-18T12:07:17,13,1,0,14
2024-06-18T12:23:06,13,1,0,14
2024-06-18T12:38:42,13,1,0,14
2024-06-18T12:54:19,13,1,0,14
2024-06-18T13:10:04,13,1,0,14
2024-06-18T13:25:42,13,1,0,14
2024-06-18T13:41:20,13,1,0,14
2024-06-18T13:57:11,13,1,0,14
2024-06-18T14:12:49,13,1,0,14
2024-06-18T14:28:27,13,1,0,14
2024-06-18T14:44:14,13,1,0,14
2024-06-18T14:59:52,13,1,0,14
2024-06-18T15:15:29,13,1,0,14
2024-06-18T15:31:18,13,1,0,14
2024-06-18T15:46:57,13,1,0,14
2024-06-18T16:02:43,13,1,0,14
2024-06-18T16:18:19,13,1,0,14
2024-06-18T16:33:58,13,1,0,14
2024-06-18T16:49:36,13,1,0,14
2024-06-18T17:05:23,13,1,0,14
2024-06-18T17:21:01,13,1,0,14
2024-06-18T17:36:38,13,1,0,14
2024-06-18T17:52:29,13,1,0,14
2024-06-18T18:08:08,13,1,0,14
2024-06-18T18:23:45,13,1,0,14
2024-06-18T18:39:33,13,1,0,14
2024-06-18T18:55:08,13,1,0,14
2024-06-18T19:10:47,13,1,0,14
2024-06-18T19:26:24,13,1,0,14
2024-06-18T19:42:13,13,1,0,14
2024-06-18T19:57:50,13,1,0,14
2024-06-18T20:13:30,13,1,0,14
2024-06-18T20:29:06,13,1,0,14
2024-06-18T20:44:59,13,1,0,14
2024-06-18T21:00:37,13,1,0,14
2024-06-18T21:16:16,13,1,0,14
2024-06-18T21:32:09,13,1,0,14
2024-06-18T21:47:49,13,1,0,14
2024-06-18T22:03:30,13,1,0,14
2024-06-18T22:19:10,13,1,0,14
2024-06-18T22:34:59,13,1,0,14
2024-06-18T22:50:40,13,1,0,14
2024-06-18T23:06:19,13,1,0,14
2024-06-18T23:22:08,13,1,0,14
2024-06-18T23:37:51,13,1,0,14
2024-06-18T23:53:28,13,1,0,14
2024-06-19T00:09:21,13,1,0,14
2024-06-19T00:25:20,13,1,0,14
2024-06-19T00:41:08,13,1,0,14
2024-06-19T00:56:50,13,1,0,14
2024-06-19T01:12:35,13,1,0,14
2024-06-19T01:28:28,13,1,0,14
2024-06-19T01:44:10,13,1,0,14
2024-06-19T01:59:52,13,1,0,14
2024-06-19T02:15:35,13,1,0,14
2024-06-19T02:31:17,13,1,0,14
2024-06-19T02:47:03,13,1,0,14
2024-06-19T03:02:41,13,1,0,14
2024-06-19T03:18:38,13,1,0,14
2024-06-19T03:34:18,13,1,0,14
2024-06-19T03:50:00,13,1,0,14
2024-06-19T04:05:41,13,1,0,14
2024-06-19T04:28:01,13,1,0,14
2024-06-19T04:43:45,13,1,0,14
2024-06-19T04:59:28,13,1,0,14
2024-06-19T05:15:14,13,1,0,14
2024-06-19T05:30:55,13,1,0,14
2024-06-19T05:48:19,13,1,0,14
2024-06-19T06:04:25,13,1,0,14
2024-06-19T06:20:04,13,1,0,14
2024-06-19T06:35:43,13,1,0,14
2024-06-19T06:51:44,13,1,0,14
2024-06-19T07:07:26,13,1,0,14
2024-06-19T07:23:07,13,1,0,14
2024-06-19T07:38:47,13,1,0,14
2024-06-19T07:54:25,13,1,0,14
2024-06-19T08:10:05,13,1,0,14
2024-06-19T08:25:48,13,1,0,14
2024-06-19T08:41:45,13,1,0,14
2024-06-19T08:57:25,13,1,0,14
2024-06-19T09:13:44,13,1,0,14
2024-06-19T09:29:40,13,1,0,14
2024-06-19T09:45:30,13,1,0,14
2024-06-19T10:01:10,13,1,0,14
2024-06-19T10:16:49,13,1,0,14
2024-06-19T10:32:29,13,1,0,14
2024-06-19T10:48:18,13,1,0,14
2024-06-19T11:03:57,13,1,0,14
2024-06-19T11:19:35,13,1,0,14
2024-06-19T11:35:24,13,1,0,14
2024-06-19T11:51:03,13,1,0,14
2024-06-19T12:06:43,13,1,0,14
2024-06-19T12:22:24,13,1,0,14
2024-06-19T12:38:10,13,1,0,14
2024-06-19T12:53:47,13,1,0,14
2024-06-19T13:09:23,13,1,0,14
2024-06-19T13:25:08,13,1,0,14
2024-06-19T13:40:43,13,1,0,14
2024-06-19T13:56:20,13,1,0,14
2024-06-19T14:11:55,13,1,0,14
2024-06-19T14:27:30,13,1,0,14
2024-06-19T14:43:16,13,1,0,14
2024-06-19T14:58:51,13,1,0,14
2024-06-19T15:14:28,13,1,0,14
2024-06-19T15:30:15,13,1,0,14
2024-06-19T15:45:50,13,1,0,14
2024-06-19T16:01:26,13,1,0,14
2024-06-19T16:17:02,13,1,0,14
2024-06-19T16:32:37,13,1,0,14
2024-06-19T16:48:23,13,1,0,14
2024-06-19T17:03:59,13,1,0,14
2024-06-19T17:19:36,13,1,0,14
2024-06-19T17:35:12,13,1,0,14
2024-06-19T17:50:49,13,1,0,14
2024-06-19T18:06:36,13,1,0,14
2024-06-19T18:22:12,13,1,0,14
2024-06-19T18:37:48,13,1,0,14
2024-06-19T18:53:23,13,1,0,14
2024-06-19T19:09:00,13,1,0,14
2024-06-19T19:24:36,13,1,0,14
2024-06-19T19:40:23,13,1,0,14
2024-06-19T19:55:59,13,1,0,14
2024-06-19T20:11:35,13,1,0,14
2024-06-19T20:27:11,13,1,0,14
2024-06-19T20:42:47,13,1,0,14
2024-06-19T20:58:35,13,1,0,14
2024-06-19T21:14:13,13,1,0,14
2024-06-19T21:29:49,13,1,0,14
2024-06-19T21:45:27,13,1,0,14
2024-06-19T22:01:11,13,1,0,14
2024-06-19T22:16:48,13,1,0,14
2024-06-19T22:32:37,13,1,0,14
2024-06-19T22:48:13,13,1,0,14
2024-06-19T23:03:50,13,1,0,14
2024-06-19T23:19:28,13,1,0,14
2024-06-19T23:35:05,13,1,0,14
2024-06-19T23:50:40,13,1,0,14
2024-06-20T00:06:29,13,1,0,14
2024-06-20T00:22:10,13,1,0,14
2024-06-20T00:37:48,13,1,0,14
2024-06-20T00:53:27,13,1,0,14
2024-06-20T01:09:05,13,1,0,14
2024-06-20T01:24:44,13,1,0,14
2024-06-20T01:40:23,13,1,0,14
2024-06-20T01:56:01,13,1,0,14
2024-06-20T02:11:51,13,1,0,14
2024-06-20T02:27:30,13,1,0,14
2024-06-20T02:43:27,13,1,0,14
2024-06-20T02:59:06,13,1,0,14
2024-06-20T03:14:44,13,1,0,14
2024-06-20T03:30:23,13,1,0,14
2024-06-20T03:46:02,13,1,0,14
2024-06-20T04:01:40,13,1,0,14
2024-06-20T04:34:17,13,1,0,14
2024-06-20T04:50:17,13,1,0,14
2024-06-20T05:05:58,13,1,0,14
2024-06-20T05:21:38,13,1,0,14
2024-06-20T05:37:18,13,1,0,14
2024-06-20T05:52:58,13,1,0,14
2024-06-20T06:08:37,13,1,0,14
2024-06-20T06:24:17,13,1,0,14
2024-06-20T06:39:55,13,1,0,14
2024-06-20T06:55:32,13,1,0,14
2024-06-20T07:11:14,13,1,0,14
2024-06-20T07:26:51,13,1,0,14
2024-06-20T07:42:26,13,1,0,14
2024-06-20T07:58:11,13,1,0,14
2024-06-20T08:13:49,13,1,0,14
2024-06-20T08:29:25,13,1,0,14
2024-06-20T08:45:02,13,1,0,14
2024-06-20T09:00:40,13,1,0,14
2024-06-20T09:16:17,13,1,0,14
2024-06-20T09:31:55,13,1,0,14
2024-06-20T09:47:31,13,1,0,14
2024-06-20T10:03:19,13,1,0,14
2024-06-20T10:18:58,13,1,0,14
2024-06-20T10:34:37,13,1,0,14
2024-06-20T10:50:15,13,1,0,14
2024-06-20T11:05:56,13,1,0,14
2024-06-20T11:21:42,13,1,0,14
2024-06-20T11:37:19,13,1,0,14
2024-06-20T11:52:56,13,1,0,14
2024-06-20T12:08:31,13,1,0,14
2024-06-20T12:24:19,13,1,0,14
2024-06-20T12:39:55,13,1,0,14
2024-06-20T12:55:31,13,1,0,14
2024-06-20T13:11:08,13,1,0,14
2024-06-20T13:26:44,13,1,0,14
2024-06-20T13:42:31,14,0,0,14
2024-06-20T13:58:07,14,0,0,14
2024-06-20T14:13:43,14,0,0,14
2024-06-20T14:29:19,14,0,0,14
2024-06-20T14:45:06,14,0,0,14
2024-06-20T15:00:41,14,0,0,14
2024-06-20T15:16:19,14,0,0,14
2024-06-20T15:32:08,14,0,0,14
2024-06-20T15:47:45,14,0,0,14
2024-06-20T16:03:23,14,0,0,14
2024-06-20T16:18:58,14,0,0,14
2024-06-20T16:34:33,14,0,0,14
2024-06-20T16:50:10,14,0,0,14
2024-06-20T17:05:56,14,0,0,14
2024-06-20T17:21:33,14,0,0,14
2024-06-20T17:37:08,14,0,0,14
2024-06-20T17:52:45,14,0,0,14
2024-06-20T18:08:21,14,0,0,14
2024-06-20T18:23:56,14,0,0,14
2024-06-20T18:39:43,14,0,0,14
2024-06-20T18:55:18,14,0,0,14
2024-06-20T19:10:55,14,0,0,14
2024-06-20T19:26:31,14,0,0,14
2024-06-20T19:42:07,14,0,0,14
2024-06-20T19:57:42,14,0,0,14
2024-06-20T20:13:30,14,0,0,14
2024-06-20T20:29:06,14,0,0,14
2024-06-20T20:44:42,14,0,0,14
2024-06-20T21:00:17,14,0,0,14
2024-06-20T21:15:55,14,0,0,14
2024-06-20T21:31:32,14,0,0,14
2024-06-20T21:47:10,14,0,0,14
2024-06-20T22:02:57,14,0,0,14
2024-06-20T22:18:32,14,0,0,14
2024-06-20T22:34:08,14,0,0,14
2024-06-20T22:49:44,14,0,0,14
2024-06-20T23:05:20,14,0,0,14
2024-06-20T23:20:56,14,0,0,14
2024-06-20T23:36:43,14,0,0,14
2024-06-20T23:52:19,14,0,0,14
2024-06-21T00:07:58,14,0,0,14
2024-06-21T00:23:42,14,0,0,14
2024-06-21T00:39:24,14,0,0,14
2024-06-21T00:55:06,14,0,0,14
2024-06-21T01:10:46,14,0,0,14
2024-06-21T01:26:38,14,0,0,14
2024-06-21T01:42:18,14,0,0,14
2024-06-21T01:58:00,14,0,0,14
2024-06-21T02:13:42,14,0,0,14
2024-06-21T02:29:21,14,0,0,14
2024-06-21T02:45:00,14,0,0,14
2024-06-21T03:00:38,14,0,0,14
2024-06-21T03:16:17,14,0,0,14
2024-06-21T03:31:55,14,0,0,14
2024-06-21T03:47:34,14,0,0,14
2024-06-21T04:03:29,14,0,0,14
2024-06-21T04:22:33,14,0,0,14
2024-06-21T04:38:12,14,0,0,14
2024-06-21T04:55:40,14,0,0,14
2024-06-21T05:11:26,14,0,0,14
2024-06-21T05:27:06,14,0,0,14
2024-06-21T05:42:45,14,0,0,14
2024-06-21T05:58:27,14,0,0,14
2024-06-21T06:14:07,14,0,0,14
2024-06-21T06:29:44,14,0,0,14
2024-06-21T06:45:25,14,0,0,14
2024-06-21T07:01:05,14,0,0,14
2024-06-21T07:16:46,14,0,0,14
2024-06-21T07:32:23,14,0,0,14
2024-06-21T07:48:00,14,0,0,14
2024-06-21T08:03:48,14,0,0,14
2024-06-21T08:19:28,14,0,0,14
2024-06-21T08:35:06,14,0,0,14
2024-06-21T08:50:45,14,0,0,14
2024-06-21T09:06:22,14,0,0,14
2024-06-21T09:22:00,14,0,0,14
2024-06-21T09:37:35,14,0,0,14
2024-06-21T09:53:12,14,0,0,14
2024-06-21T10:08:59,14,0,0,14
2024-06-21T10:24:34,14,0,0,14
2024-06-21T10:40:10,14,0,0,14
2024-06-21T10:55:51,14,0,0,14
2024-06-21T11:11:27,14,0,0,14
2024-06-21T11:27:03,14,0,0,14
2024-06-21T11:42:39,14,0,0,14
2024-06-21T11:58:15,14,0,0,14
2024-06-21T12:14:00,14,0,0,14
2024-06-21T12:29:37,14,0,0,14
2024-06-21T12:45:12,14,0,0,14
2024-06-21T13:00:48,14,0,0,14
2024-06-21T13:16:25,14,0,0,14
2024-06-21T13:32:10,14,0,0,14
2024-06-21T13:47:45,14,0,0,14
2024-06-21T14:03:21,14,0,0,14
2024-06-21T14:18:56,14,0,0,14
2024-06-21T14:34:32,14,0,0,14
2024-06-21T14:50:08,14,0,0,14
2024-06-21T15:05:45,14,0,0,14
2024-06-21T15:21:30,14,0,0,14
2024-06-21T15:37:06,14,0,0,14
2024-06-21T15:52:41,14,0,0,14
2024-06-21T16:08:17,14,0,0,14
2024-06-21T16:23:53,14,0,0,14
2024-06-21T16:39:30,14,0,0,14
2024-06-21T16:55:15,14,0,0,14
2024-06-21T17:10:52,14,0,0,14
2024-06-21T17:26:29,14,0,0,14
2024-06-21T17:42:04,14,0,0,14
2024-06-21T17:57:40,14,0,0,14
2024-06-21T18:13:16,14,0,0,14
2024-06-21T18:28:52,14,0,0,14
2024-06-21T18:44:37,14,0,0,14
2024-06-21T19:00:13,14,0,0,14
2024-06-21T19:15:49,14,0,0,14
2024-06-21T19:31:25,14,0,0,14
2024-06-21T19:47:02,14,0,0,14
2024-06-21T20:02:38,14,0,0,14
2024-06-21T20:18:15,14,0,0,14
2024-06-21T20:34:01,14,0,0,14
2024-06-21T20:49:37,14,0,0,14
2024-06-21T21:05:13,14,0,0,14
2024-06-21T21:20:53,14,0,0,14
2024-06-21T21:36:30,14,0,0,14
2024-06-21T21:52:07,14,0,0,14
2024-06-21T22:07:45,14,0,0,14
2024-06-21T22:23:20,14,0,0,14
2024-06-21T22:38:57,14,0,0,14
2024-06-21T22:54:46,14,0,0,14
2024-06-21T23:10:23,14,0,0,14
2024-06-21T23:26:00,14,0,0,14
2024-06-21T23:41:40,14,0,0,14
2024-06-21T23:57:17,14,0,0,14
2024-06-22T00:12:56,14,0,0,14
2024-06-22T00:28:38,14,0,0,14
2024-06-22T00:44:19,14,0,0,14
2024-06-22T01:00:00,14,0,0,14
2024-06-22T01:15:49,14,0,0,14
2024-06-22T01:31:29,14,0,0,14
2024-06-22T01:47:09,14,0,0,14
2024-06-22T02:02:50,14,0,0,14
2024-06-22T02:18:30,14,0,0,14
2024-06-22T02:34:11,14,0,0,14
2024-06-22T02:49:48,14,0,0,14
2024-06-22T03:05:26,14,0,0,14
2024-06-22T03:21:04,14,0,0,14
2024-06-22T03:36:41,14,0,0,14
2024-06-22T03:52:20,14,0,0,14
2024-06-22T04:07:58,14,0,0,14
2024-06-22T04:30:39,14,0,0,14
2024-06-22T04:46:20,14,0,0,14
2024-06-22T05:01:57,14,0,0,14
2024-06-22T05:17:34,14,0,0,14
2024-06-22T05:33:12,14,0,0,14
2024-06-22T05:48:52,14,0,0,14
2024-06-22T06:05:07,14,0,0,14
2024-06-22T06:20:47,14,0,0,14
2024-06-22T06:36:26,14,0,0,14
2024-06-22T06:52:04,14,0,0,14
2024-06-22T07:07:45,14,0,0,14
2024-06-22T07:23:24,14,0,0,14
2024-06-22T07:39:02,14,0,0,14
2024-06-22T07:54:40,14,0,0,14
2024-06-22T08:10:20,14,0,0,14
2024-06-22T08:25:58,14,0,0,14
2024-06-22T08:41:45,14,0,0,14
2024-06-22T08:57:22,14,0,0,14
2024-06-22T09:13:00,14,0,0,14
2024-06-22T09:28:38,14,0,0,14
2024-06-22T09:44:17,14,0,0,14
2024-06-22T09:59:55,14,0,0,14
2024-06-22T10:15:35,14,0,0,14
2024-06-22T10:31:14,14,0,0,14
2024-06-22T10:46:52,14,0,0,14
2024-06-22T11:02:30,14,0,0,14
2024-06-22T11:18:09,14,0,0,14
2024-06-22T11:33:48,14,0,0,14
2024-06-22T11:49:36,14,0,0,14
2024-06-22T12:05:13,14,0,0,14
2024-06-22T12:20:51,14,0,0,14
2024-06-22T12:36:28,14,0,0,14
2024-06-22T12:52:06,14,0,0,14
2024-06-22T13:07:43,14,0,0,14
2024-06-22T13:23:20,14,0,0,14
2024-06-22T13:39:08,14,0,0,14
2024-06-22T13:54:43,14,0,0,14
2024-06-22T14:10:19,14,0,0,14
2024-06-22T14:25:54,14,0,0,14
2024-06-22T14:41:30,14,0,0,14
2024-06-22T14:57:05,14,0,0,14
2024-06-22T15:12:41,14,0,0,14
2024-06-22T15:28:25,14,0,0,14
2024-06-22T15:44:01,14,0,0,14
2024-06-22T15:59:37,14,0,0,14
2024-06-22T16:15:13,14,0,0,14
2024-06-22T16:30:48,14,0,0,14
2024-06-22T16:46:23,14,0,0,14
2024-06-22T17:01:59,14,0,0,14
2024-06-22T17:17:36,14,0,0,14
2024-06-22T17:33:12,14,0,0,14
2024-06-22T17:48:48,14,0,0,14
2024-06-22T18:04:23,14,0,0,14
2024-06-22T18:19:59,14,0,0,14
2024-06-22T18:35:44,14,0,0,14
2024-06-22T18:51:19,14,0,0,14
2024-06-22T19:06:58,14,0,0,14
2024-06-22T19:22:34,14,0,0,14
2024-06-22T19:38:10,14,0,0,14
2024-06-22T19:53:46,14,0,0,14
2024-06-22T20:09:23,14,0,0,14
2024-06-22T20:24:59,14,0,0,14
2024-06-22T20:40:36,14,0,0,14
2024-06-22T20:56:13,14,0,0,14
2024-06-22T21:11:58,14,0,0,14
2024-06-22T21:27:35,14,0,0,14
2024-06-22T21:43:12,14,0,0,14
2024-06-22T21:58:48,14,0,0,14
2024-06-22T22:14:25,14,0,0,14
2024-06-22T22:30:01,14,0,0,14
2024-06-22T22:45:37,14,0,0,14
2024-06-22T23:01:17,14,0,0,14
2024-06-22T23:16:55,14,0,0,14
2024-06-22T23:32:30,14,0,0,14
2024-06-22T23:48:07,14,0,0,14
2024-06-23T00:03:43,14,0,0,14
2024-06-23T00:19:29,14,0,0,14
2024-06-23T00:35:05,14,0,0,14
2024-06-23T00:50:41,14,0,0,14
2024-06-23T01:06:16,14,0,0,14
2024-06-23T01:21:51,14,0,0,14
2024-06-23T01:37:27,14,0,0,14
2024-06-23T01:53:03,14,0,0,14
2024-06-23T02:08:38,14,0,0,14
2024-06-23T02:24:13,14,0,0,14
2024-06-23T02:39:49,14,0,0,14
2024-06-23T02:55:29,14,0,0,14
2024-06-23T03:11:11,14,0,0,14
2024-06-23T03:27:30,14,0,0,14
2024-06-23T03:44:17,14,0,0,14
2024-06-23T03:59:57,14,0,0,14
2024-06-23T04:15:37,14,0,0,14
2024-06-23T04:35:47,14,0,0,14
2024-06-23T04:51:47,14,0,0,14
2024-06-23T05:07:28,14,0,0,14
2024-06-23T05:23:09,14,0,0,14
2024-06-23T05:38:48,14,0,0,14
2024-06-23T05:54:27,14,0,0,14
2024-06-23T06:10:05,14,0,0,14
2024-06-23T06:25:43,14,0,0,14
2024-06-23T06:41:22,14,0,0,14
2024-06-23T06:57:01,14,0,0,14
2024-06-23T07:12:39,14,0,0,14
2024-06-23T07:28:17,14,0,0,14
2024-06-23T07:43:56,14,0,0,14
2024-06-23T07:59:36,14,0,0,14
2024-06-23T08:15:14,14,0,0,14
2024-06-23T08:31:00,14,0,0,14
2024-06-23T08:46:38,14,0,0,14
2024-06-23T09:02:16,14,0,0,14
2024-06-23T09:17:52,14,0,0,14
2024-06-23T09:33:33,14,0,0,14
2024-06-23T09:49:11,14,0,0,14
2024-06-23T10:04:47,14,0,0,14
2024-06-23T10:20:26,14,0,0,14
2024-06-23T10:36:10,14,0,0,14
2024-06-23T10:51:53,14,0,0,14
2024-06-23T11:07:35,14,0,0,14
2024-06-23T11:23:14,14,0,0,14
2024-06-23T11:39:03,14,0,0,14
2024-06-23T11:54:53,14,0,0,14
2024-06-23T12:10:31,14,0,0,14
2024-06-23T12:26:08,14,0,0,14
2024-06-23T12:41:45,14,0,0,14
2024-06-23T12:57:21,14,0,0,14
2024-06-23T13:12:56,14,0,0,14
2024-06-23T13:28:33,14,0,0,14
2024-06-23T13:44:08,14,0,0,14
2024-06-23T13:59:54,14,0,0,14
2024-06-23T14:15:30,14,0,0,14
2024-06-23T14:31:05,14,0,0,14
2024-06-23T14:46:42,14,0,0,14
2024-06-23T15:02:17,14,0,0,14
2024-06-23T15:17:56,14,0,0,14
2024-06-23T15:33:31,14,0,0,14
2024-06-23T15:49:07,14,0,0,14
2024-06-23T16:04:54,14,0,0,14
2024-06-23T16:20:30,14,0,0,14
2024-06-23T16:36:08,14,0,0,14
2024-06-23T16:51:43,14,0,0,14
2024-06-23T17:07:22,14,0,0,14
2024-06-23T17:23:00,14,0,0,14
2024-06-23T17:38:35,14,0,0,14
2024-06-23T17:54:10,14,0,0,14
2024-06-23T18:09:46,14,0,0,14
2024-06-23T18:25:23,14,0,0,14
2024-06-23T18:41:00,14,0,0,14
2024-06-23T18:56:46,14,0,0,14
2024-06-23T19:12:22,14,0,0,14
2024-06-23T19:27:58,14,0,0,14
2024-06-23T19:43:35,14,0,0,14
2024-06-23T19:59:10,14,0,0,14
2024-06-23T20:14:46,14,0,0,14
2024-06-23T20:30:21,14,0,0,14
2024-06-23T20:45:58,14,0,0,14
2024-06-23T21:01:34,14,0,0,14
2024-06-23T21:17:20,14,0,0,14
2024-06-23T21:32:59,14,0,0,14
2024-06-23T21:48:36,14,0,0,14
2024-06-23T22:04:12,14,0,0,14
2024-06-23T22:19:48,14,0,0,14
2024-06-23T22:35:24,14,0,0,14
2024-06-23T22:51:01,14,0,0,14
2024-06-23T23:06:39,14,0,0,14
2024-06-23T23:22:18,14,0,0,14
2024-06-23T23:38:05,14,0,0,14
2024-06-23T23:53:41,14,0,0,14
2024-06-24T00:09:22,14,0,0,14
2024-06-24T00:25:13,14,0,0,14
2024-06-24T00:40:58,14,0,0,14
2024-06-24T00:56:37,14,0,0,14
2024-06-24T01:12:21,14,0,0,14
2024-06-24T01:28:03,14,0,0,14
2024-06-24T01:43:42,14,0,0,14
2024-06-24T01:59:22,14,0,0,14
2024-06-24T02:15:02,14,0,0,14
2024-06-24T02:30:59,14,0,0,14
2024-06-24T02:46:37,14,0,0,14
2024-06-24T03:02:14,14,0,0,14
2024-06-24T03:18:03,14,0,0,14
2024-06-24T03:33:44,14,0,0,14
2024-06-24T03:49:22,14,0,0,14
2024-06-24T04:05:00,14,0,0,14
2024-06-24T04:29:17,14,0,0,14
2024-06-24T04:46:35,14,0,0,14
2024-06-24T05:02:15,14,0,0,14
2024-06-24T05:17:57,14,0,0,14
2024-06-24T05:33:36,14,0,0,14
2024-06-24T05:49:15,14,0,0,14
2024-06-24T06:04:54,14,0,0,14
2024-06-24T06:20:33,14,0,0,14
2024-06-24T06:36:15,14,0,0,14
2024-06-24T06:51:55,14,0,0,14
2024-06-24T07:07:34,14,0,0,14
2024-06-24T07:23:11,14,0,0,14
2024-06-24T07:39:00,14,0,0,14
2024-06-24T07:54:36,14,0,0,14
2024-06-24T08:10:12,14,0,0,14
2024-06-24T08:25:51,14,0,0,14
2024-06-24T08:41:31,14,0,0,14
2024-06-24T08:57:12,14,0,0,14
2024-06-24T09:12:50,14,0,0,14
2024-06-24T09:28:26,14,0,0,14
2024-06-24T09:44:02,14,0,0,14
2024-06-24T09:59:42,14,0,0,14
2024-06-24T10:15:37,14,0,0,14
2024-06-24T10:31:17,14,0,0,14
2024-06-24T10:46:55,14,0,0,14
2024-06-24T11:02:33,14,0,0,14
2024-06-24T11:18:11,14,0,0,14
2024-06-24T11:33:51,14,0,0,14
2024-06-24T11:49:39,14,0,0,14
2024-06-24T12:05:17,14,0,0,14
2024-06-24T12:20:55,14,0,0,14
2024-06-24T12:36:34,14,0,0,14
2024-06-24T12:52:17,14,0,0,14
2024-06-24T13:08:03,14,0,0,14
2024-06-24T13:23:40,14,0,0,14
2024-06-24T13:39:18,14,0,0,14
2024-06-24T13:54:57,14,0,0,14
2024-06-24T14:10:39,14,0,0,14
2024-06-24T14:26:26,14,0,0,14
2024-06-24T14:42:05,14,0,0,14
2024-06-24T14:57:42,14,0,0,14
2024-06-24T15:13:20,14,0,0,14
2024-06-24T15:28:57,14,0,0,14
2024-06-24T15:44:35,14,0,0,14
2024-06-24T16:00:29,14,0,0,14
2024-06-24T16:16:07,14,0,0,14
2024-06-24T16:31:46,14,0,0,14
2024-06-24T16:47:23,14,0,0,14
2024-06-24T17:03:00,14,0,0,14
2024-06-24T17:18:42,14,0,0,14
2024-06-24T17:34:30,14,0,0,14
2024-06-24T17:50:09,14,0,0,14
2024-06-24T18:05:46,14,0,0,14
2024-06-24T18:21:25,14,0,0,14
2024-06-24T18:37:02,14,0,0,14
2024-06-24T18:52:40,14,0,0,14
2024-06-24T19:08:18,14,0,0,14
2024-06-24T19:24:13,14,0,0,14
2024-06-24T19:39:49,14,0,0,14
2024-06-24T19:55:26,14,0,0,14
2024-06-24T20:11:03,14,0,0,14
2024-06-24T20:26:41,14,0,0,14
2024-06-24T20:42:17,14,0,0,14
2024-06-24T20:57:54,14,0,0,14
2024-06-24T21:13:30,14,0,0,14
2024-06-24T21:29:07,14,0,0,14
2024-06-24T21:44:57,14,0,0,14
2024-06-24T22:00:37,14,0,0,14
2024-06-24T22:16:16,14,0,0,14
2024-06-24T22:31:54,14,0,0,14
2024-06-24T22:47:31,14,0,0,14
2024-06-24T23:03:12,14,0,0,14
2024-06-24T23:19:08,14,0,0,14
2024-06-24T23:34:46,14,0,0,14
2024-06-24T23:50:24,14,0,0,14
2024-06-25T00:06:03,14,0,0,14
2024-06-25T00:21:44,14,0,0,14
2024-06-25T00:37:31,14,0,0,14
2024-06-25T00:53:22,14,0,0,14
2024-06-25T01:09:02,14,0,0,14
2024-06-25T01:24:40,14,0,0,14
2024-06-25T01:40:21,14,0,0,14
2024-06-25T01:56:01,14,0,0,14
2024-06-25T02:11:42,14,0,0,14
2024-06-25T02:27:22,14,0,0,14
2024-06-25T02:43:01,14,0,0,14
2024-06-25T02:58:40,14,0,0,14
2024-06-25T03:14:17,14,0,0,14
2024-06-25T03:29:58,14,0,0,14
2024-06-25T03:45:37,14,0,0,14
2024-06-25T04:01:15,14,0,0,14
2024-06-25T04:33:03,14,0,0,14
2024-06-25T04:50:00,14,0,0,14
2024-06-25T05:06:00,14,0,0,14
2024-06-25T05:21:48,14,0,0,14
2024-06-25T05:37:29,14,0,0,14
2024-06-25T05:53:08,14,0,0,14
2024-06-25T06:08:48,14,0,0,14
2024-06-25T06:24:31,14,0,0,14
2024-06-25T06:40:10,14,0,0,14
2024-06-25T06:55:50,14,0,0,14
2024-06-25T07:11:31,14,0,0,14
2024-06-25T07:27:10,14,0,0,14
2024-06-25T07:42:53,14,0,0,14
2024-06-25T07:58:32,14,0,0,14
2024-06-25T08:14:22,14,0,0,14
2024-06-25T08:30:02,14,0,0,14
2024-06-25T08:45:43,14,0,0,14
2024-06-25T09:01:25,14,0,0,14
2024-06-25T09:17:04,14,0,0,14
2024-06-25T09:32:44,14,0,0,14
2024-06-25T09:48:23,14,0,0,14
2024-06-25T10:04:02,14,0,0,14
2024-06-25T10:19:42,14,0,0,14
2024-06-25T10:35:30,14,0,0,14
2024-06-25T10:51:07,14,0,0,14
2024-06-25T11:06:44,14,0,0,14
2024-06-25T11:22:22,14,0,0,14
2024-06-25T11:38:00,14,0,0,14
2024-06-25T11:53:37,14,0,0,14
2024-06-25T12:09:18,14,0,0,14
2024-06-25T12:25:05,14,0,0,14
2024-06-25T12:40:41,14,0,0,14
2024-06-25T12:56:18,14,0,0,14
2024-06-25T13:11:55,14,0,0,14
2024-06-25T13:27:33,14,0,0,14
2024-06-25T13:43:21,14,0,0,14
2024-06-25T13:59:03,14,0,0,14
2024-06-25T14:14:40,14,0,0,14
2024-06-25T14:30:18,14,0,0,14
2024-06-25T14:45:55,14,0,0,14
2024-06-25T15:01:34,14,0,0,14
2024-06-25T15:17:19,14,0,0,14
2024-06-25T15:32:56,14,0,0,14
2024-06-25T15:48:33,14,0,0,14
2024-06-25T16:04:10,14,0,0,14
2024-06-25T16:19:47,14,0,0,14
2024-06-25T16:35:24,14,0,0,14
2024-06-25T16:51:12,14,0,0,14
2024-06-25T17:06:50,14,0,0,14
2024-06-25T17:22:29,14,0,0,14
2024-06-25T17:38:06,14,0,0,14
2024-06-25T17:53:44,14,0,0,14
2024-06-25T18:09:22,14,0,0,14
2024-06-25T18:24:59,14,0,0,14
2024-06-25T18:40:36,14,0,0,14
2024-06-25T18:56:12,14,0,0,14
2024-06-25T19:12:00,14,0,0,14
2024-06-25T19:27:37,14,0,0,14
2024-06-25T19:43:15,14,0,0,14
2024-06-25T19:58:53,14,0,0,14
2024-06-25T20:14:31,14,0,0,14
2024-06-25T20:30:08,14,0,0,14
2024-06-25T20:45:47,14,0,0,14
2024-06-25T21:01:28,14,0,0,14
2024-06-25T21:17:06,14,0,0,14
2024-06-25T21:32:42,14,0,0,14
2024-06-25T21:48:30,14,0,0,14
2024-06-25T22:04:07,14,0,0,14
2024-06-25T22:19:45,14,0,0,14
2024-06-25T22:35:26,14,0,0,14
2024-06-25T22:51:07,14,0,0,14
2024-06-25T23:06:52,14,0,0,14
2024-06-25T23:22:35,14,0,0,14
2024-06-25T23:38:12,14,0,0,14
2024-06-25T23:53:49,14,0,0,14
2024-06-26T00:09:28,14,0,0,14
2024-06-26T00:25:18,14,0,0,14
2024-06-26T00:41:13,14,0,0,14
2024-06-26T00:56:56,14,0,0,14
2024-06-26T01:12:37,14,0,0,14
2024-06-26T01:28:17,14,0,0,14
2024-06-26T01:43:59,14,0,0,14
2024-06-26T01:59:43,14,0,0,14
2024-06-26T02:15:23,14,0,0,14
2024-06-26T02:31:04,14,0,0,14
2024-06-26T02:46:43,14,0,0,14
2024-06-26T03:02:21,14,0,0,14
2024-06-26T03:17:58,14,0,0,14
2024-06-26T03:33:39,14,0,0,14
2024-06-26T03:49:39,14,0,0,14
2024-06-26T04:05:19,14,0,0,14
2024-06-26T04:26:33,14,0,0,14
2024-06-26T04:42:15,14,0,0,14
2024-06-26T04:59:32,14,0,0,14
2024-06-26T05:15:21,14,0,0,14
2024-06-26T05:31:04,14,0,0,14
2024-06-26T05:46:46,14,0,0,14
2024-06-26T06:02:27,14,0,0,14
2024-06-26T06:18:08,14,0,0,14
2024-06-26T06:33:52,14,0,0,14
2024-06-26T06:49:32,14,0,0,14
2024-06-26T07:05:13,14,0,0,14
2024-06-26T07:20:53,14,0,0,14
2024-06-26T07:36:32,14,0,0,14
2024-06-26T07:52:09,14,0,0,14
2024-06-26T08:07:49,14,0,0,14
2024-06-26T08:23:43,14,0,0,14
2024-06-26T08:39:22,14,0,0,14
2024-06-26T08:55:01,14,0,0,14
2024-06-26T09:10:39,14,0,0,14
2024-06-26T09:26:16,14,0,0,14
2024-06-26T09:41:53,14,0,0,14
2024-06-26T09:57:31,14,0,0,14
2024-06-26T10:13:09,14,0,0,14
2024-06-26T10:28:47,14,0,0,14
2024-06-26T10:44:26,14,0,0,14
2024-06-26T11:00:13,14,0,0,14
2024-06-26T11:15:51,14,0,0,14
2024-06-26T11:31:28,14,0,0,14
2024-06-26T11:47:06,14,0,0,14
2024-06-26T12:02:44,14,0,0,14
2024-06-26T12:18:24,14,0,0,14
2024-06-26T12:34:11,14,0,0,14
2024-06-26T12:49:47,14,0,0,14
2024-06-26T13:05:25,14,0,0,14
2024-06-26T13:21:02,14,0,0,14
2024-06-26T13:36:40,14,0,0,14
2024-06-26T13:52:39,14,0,0,14
2024-06-26T14:08:15,14,0,0,14
2024-06-26T14:23:56,14,0,0,14
2024-06-26T14:39:32,14,0,0,14
2024-06-26T14:55:09,14,0,0,14
2024-06-26T15:10:45,14,0,0,14
2024-06-26T15:26:35,14,0,0,14
2024-06-26T15:42:12,14,0,0,14
2024-06-26T15:57:49,14,0,0,14
2024-06-26T16:13:26,14,0,0,14
2024-06-26T16:29:03,14,0,0,14
2024-06-26T16:44:40,14,0,0,14
2024-06-26T17:00:26,14,0,0,14
2024-06-26T17:16:05,14,0,0,14
2024-06-26T17:31:42,14,0,0,14
2024-06-26T17:47:19,14,0,0,14
2024-06-26T18:02:56,14,0,0,14
2024-06-26T18:18:34,14,0,0,14
2024-06-26T18:34:11,14,0,0,14
2024-06-26T18:49:57,14,0,0,14
2024-06-26T19:05:34,14,0,0,14
2024-06-26T19:21:11,14,0,0,14
2024-06-26T19:36:48,14,0,0,14
2024-06-26T19:52:25,14,0,0,14
2024-06-26T20:08:02,14,0,0,14
2024-06-26T20:23:39,14,0,0,14
2024-06-26T20:39:17,14,0,0,14
2024-06-26T20:54:53,14,0,0,14
2024-06-26T21:10:46,14,0,0,14
2024-06-26T21:26:23,14,0,0,14
2024-06-26T21:42:01,14,0,0,14
2024-06-26T21:57:38,14,0,0,14
2024-06-26T22:13:16,14,0,0,14
2024-06-26T22:28:52,14,0,0,14
2024-06-26T22:44:28,14,0,0,14
2024-06-26T23:00:08,14,0,0,14
2024-06-26T23:15:46,14,0,0,14
2024-06-26T23:31:33,14,0,0,14
2024-06-26T23:47:09,14,0,0,14
2024-06-27T00:02:47,14,0,0,14
2024-06-27T00:18:28,14,0,0,14
2024-06-27T00:34:11,14,0,0,14
2024-06-27T00:49:53,14,0,0,14
2024-06-27T01:05:34,14,0,0,14
2024-06-27T01:21:13,14,0,0,14
2024-06-27T01:36:53,14,0,0,14
2024-06-27T01:52:34,14,0,0,14
2024-06-27T02:08:24,14,0,0,14
2024-06-27T02:24:03,14,0,0,14
2024-06-27T02:39:43,14,0,0,14
2024-06-27T02:55:21,14,0,0,14
2024-06-27T03:10:57,14,0,0,14
2024-06-27T03:26:34,14,0,0,14
2024-06-27T03:42:10,14,0,0,14
2024-06-27T03:57:46,14,0,0,14
2024-06-27T04:29:59,14,0,0,14
2024-06-27T04:45:40,14,0,0,14
2024-06-27T05:01:24,14,0,0,14
2024-06-27T05:17:08,14,0,0,14
2024-06-27T05:32:59,14,0,0,14
2024-06-27T05:48:40,14,0,0,14
2024-06-27T06:04:21,14,0,0,14
2024-06-27T06:20:01,14,0,0,14
2024-06-27T06:35:46,14,0,0,14
2024-06-27T06:51:48,14,0,0,14
2024-06-27T07:08:00,14,0,0,14
2024-06-27T07:23:38,14,0,0,14
2024-06-27T07:39:16,14,0,0,14
2024-06-27T07:55:03,14,0,0,14
2024-06-27T08:10:42,14,0,0,14
2024-06-27T08:26:22,14,0,0,14
2024-06-27T08:42:01,14,0,0,14
2024-06-27T08:57:40,14,0,0,14
2024-06-27T09:13:21,14,0,0,14
2024-06-27T09:29:01,14,0,0,14
2024-06-27T09:44:40,14,0,0,14
2024-06-27T10:00:21,14,0,0,14
2024-06-27T10:16:00,14,0,0,14
2024-06-27T10:31:38,14,0,0,14
2024-06-27T10:47:16,14,0,0,14
2024-06-27T11:03:04,14,0,0,14
2024-06-27T11:18:43,14,0,0,14
2024-06-27T11:34:20,14,0,0,14
2024-06-27T11:49:58,14,0,0,14
2024-06-27T12:05:36,14,0,0,14
2024-06-27T12:21:15,14,0,0,14
2024-06-27T12:37:05,14,0,0,14
2024-06-27T12:52:44,14,0,0,14
2024-06-27T13:08:25,14,0,0,14
2024-06-27T13:24:02,14,0,0,14
2024-06-27T13:39:39,14,0,0,14
2024-06-27T13:55:18,14,0,0,14
2024-06-27T14:10:56,14,0,0,14
2024-06-27T14:26:43,14,0,0,14
2024-06-27T14:42:24,14,0,0,14
2024-06-27T14:58:02,14,0,0,14
2024-06-27T15:13:39,14,0,0,14
2024-06-27T15:29:28,14,0,0,14
2024-06-27T15:45:05,14,0,0,14
2024-06-27T16:00:41,14,0,0,14
2024-06-27T16:16:18,14,0,0,14
2024-06-27T16:31:55,14,0,0,14
2024-06-27T16:47:31,14,0,0,14
2024-06-27T17:03:19,14,0,0,14
2024-06-27T17:18:57,14,0,0,14
2024-06-27T17:34:34,14,0,0,14
2024-06-27T17:50:10,14,0,0,14
2024-06-27T18:05:46,14,0,0,14
2024-06-27T18:21:24,14,0,0,14
2024-06-27T18:37:11,14,0,0,14
2024-06-27T18:52:47,14,0,0,14
2024-06-27T19:08:23,14,0,0,14
2024-06-27T19:24:00,14,0,0,14
2024-06-27T19:39:37,14,0,0,14
2024-06-27T19:55:14,14,0,0,14
2024-06-27T20:10:52,14,0,0,14
2024-06-27T20:26:29,14,0,0,14
2024-06-27T20:42:06,14,0,0,14
2024-06-27T20:57:43,14,0,0,14
2024-06-27T21:13:30,14,0,0,14
2024-06-27T21:29:08,14,0,0,14
2024-06-27T21:44:46,14,0,0,14
2024-06-27T22:00:23,14,0,0,14
2024-06-27T22:16:01,14,0,0,14
2024-06-27T22:31:38,14,0,0,14
2024-06-27T22:47:17,14,0,0,14
2024-06-27T23:02:54,14,0,0,14
2024-06-27T23:18:42,14,0,0,14
2024-06-27T23:34:19,14,0,0,14
2024-06-27T23:49:56,14,0,0,14
2024-06-28T00:05:35,14,0,0,14
2024-06-28T00:21:18,14,0,0,14
2024-06-28T00:37:00,14,0,0,14
2024-06-28T00:52:40,14,0,0,14
2024-06-28T01:08:21,14,0,0,14
2024-06-28T01:24:11,14,0,0,14
2024-06-28T01:39:52,14,0,0,14
2024-06-28T01:55:35,14,0,0,14
2024-06-28T02:11:16,14,0,0,14
2024-06-28T02:26:56,14,0,0,14
2024-06-28T02:42:36,14,0,0,14
2024-06-28T02:58:15,14,0,0,14
2024-06-28T03:13:54,14,0,0,14
2024-06-28T03:29:32,14,0,0,14
2024-06-28T03:45:09,14,0,0,14
2024-06-28T04:00:45,14,0,0,14
2024-06-28T04:16:23,14,0,0,14
2024-06-28T04:36:44,14,0,0,14
2024-06-28T04:52:26,14,0,0,14
2024-06-28T05:08:09,14,0,0,14
2024-06-28T05:24:01,14,0,0,14
2024-06-28T05:39:42,14,0,0,14
2024-06-28T05:55:23,14,0,0,14
2024-06-28T06:11:05,14,0,0,14
2024-06-28T06:26:47,14,0,0,14
2024-06-28T06:42:29,14,0,0,14
2024-06-28T06:58:08,14,0,0,14
2024-06-28T07:13:52,14,0,0,14
2024-06-28T07:29:31,14,0,0,14
2024-06-28T07:45:10,14,0,0,14
2024-06-28T08:00:51,14,0,0,14
2024-06-28T08:16:31,14,0,0,14
2024-06-28T08:32:21,14,0,0,14
2024-06-28T08:48:02,14,0,0,14
2024-06-28T09:03:41,14,0,0,14
2024-06-28T09:19:22,14,0,0,14
2024-06-28T09:35:00,14,0,0,14
2024-06-28T09:50:40,14,0,0,14
2024-06-28T10:06:21,14,0,0,14
2024-06-28T10:22:04,14,0,0,14
2024-06-28T10:37:44,14,0,0,14
2024-06-28T10:53:31,14,0,0,14
2024-06-28T11:09:10,14,0,0,14
2024-06-28T11:24:48,14,0,0,14
2024-06-28T11:40:26,14,0,0,14
2024-06-28T11:56:04,14,0,0,14
2024-06-28T12:11:41,14,0,0,14
2024-06-28T12:27:31,14,0,0,14
2024-06-28T12:43:09,14,0,0,14
2024-06-28T12:58:47,14,0,0,14
2024-06-28T13:14:24,14,0,0,14
2024-06-28T13:30:02,14,0,0,14
2024-06-28T13:45:41,14,0,0,14
2024-06-28T14:01:30,14,0,0,14
2024-06-28T14:17:08,14,0,0,14
2024-06-28T14:32:47,14,0,0,14
2024-06-28T14:48:25,14,0,0,14
2024-06-28T15:04:02,14,0,0,14
2024-06-28T15:19:40,14,0,0,14
2024-06-28T15:35:28,14,0,0,14
2024-06-28T15:51:06,14,0,0,14
2024-06-28T16:06:44,14,0,0,14
2024-06-28T16:22:22,14,0,0,14
2024-06-28T16:38:01,14,0,0,14
2024-06-28T16:53:38,14,0,0,14
2024-06-28T17:09:16,14,0,0,14
2024-06-28T17:25:05,14,0,0,14
2024-06-28T17:40:43,14,0,0,14
2024-06-28T17:56:20,14,0,0,14
2024-06-28T18:11:57,14,0,0,14
2024-06-28T18:27:35,13,1,0,14
2024-06-28T18:43:13,13,1,0,14
2024-06-28T18:58:51,13,1,0,14
2024-06-28T19:14:30,13,1,0,14
2024-06-28T19:30:08,13,1,0,14
2024-06-28T19:45:47,13,1,0,14
2024-06-28T20:01:34,13,1,0,14
2024-06-28T20:17:12,13,1,0,14
2024-06-28T20:32:50,13,1,0,14
2024-06-28T20:48:29,13,1,0,14
2024-06-28T21:04:07,13,1,0,14
2024-06-28T21:19:46,13,1,0,14
2024-06-28T21:35:24,13,1,0,14
2024-06-28T21:51:04,13,1,0,14
2024-06-28T22:06:42,13,1,0,14
2024-06-28T22:22:19,13,1,0,14
2024-06-28T22:37:58,13,1,0,14
2024-06-28T22:53:38,13,1,0,14
2024-06-28T23:09:15,13,1,0,14
2024-06-28T23:24:54,13,1,0,14
2024-06-28T23:40:32,13,1,0,14
2024-06-28T23:56:21,13,1,0,14
2024-06-29T00:12:02,13,1,0,14
2024-06-29T00:27:47,13,1,0,14
2024-06-29T00:43:28,13,1,0,14
2024-06-29T00:59:10,13,1,0,14
2024-06-29T01:14:50,13,1,0,14
2024-06-29T01:30:30,13,1,0,14
2024-06-29T01:46:13,13,1,0,14
2024-06-29T02:01:55,13,1,0,14
2024-06-29T02:17:36,13,1,0,14
2024-06-29T02:33:17,13,1,0,14
2024-06-29T02:48:56,13,1,0,14
2024-06-29T03:04:35,13,1,0,14
2024-06-29T03:20:14,13,1,0,14
2024-06-29T03:35:53,13,1,0,14
2024-06-29T03:51:33,13,1,0,14
2024-06-29T04:07:13,13,1,0,14
2024-06-29T04:32:45,13,1,0,14
2024-06-29T04:48:48,13,1,0,14
2024-06-29T05:04:28,13,1,0,14
2024-06-29T05:20:08,13,1,0,14
2024-06-29T05:36:09,13,1,0,14
2024-06-29T05:51:51,13,1,0,14
2024-06-29T06:07:32,13,1,0,14
2024-06-29T06:23:17,13,1,0,14
2024-06-29T06:38:58,13,1,0,14
2024-06-29T06:54:38,13,1,0,14
2024-06-29T07:10:19,13,1,0,14
2024-06-29T07:25:59,13,1,0,14
2024-06-29T07:41:40,13,1,0,14
2024-06-29T07:57:21,13,1,0,14
2024-06-29T08:13:01,13,1,0,14
2024-06-29T08:28:49,13,1,0,14
2024-06-29T08:44:30,13,1,0,14
2024-06-29T09:00:11,13,1,0,14
2024-06-29T09:15:51,13,1,0,14
2024-06-29T09:31:31,13,1,0,14
2024-06-29T09:47:12,13,1,0,14
2024-06-29T10:02:53,13,1,0,14
2024-06-29T10:18:33,13,1,0,14
2024-06-29T10:34:14,13,1,0,14
2024-06-29T10:49:54,13,1,0,14
2024-06-29T11:05:33,13,1,0,14
2024-06-29T11:21:22,13,1,0,14
2024-06-29T11:37:01,13,1,0,14
2024-06-29T11:52:41,13,1,0,14
2024-06-29T12:08:20,13,1,0,14
2024-06-29T12:24:00,13,1,0,14
2024-06-29T12:39:39,13,1,0,14
2024-06-29T12:55:19,13,1,0,14
2024-06-29T13:10:59,13,1,0,14
2024-06-29T13:26:36,13,1,0,14
2024-06-29T13:42:14,13,1,0,14
2024-06-29T13:57:52,13,1,0,14
2024-06-29T14:13:29,13,1,0,14
2024-06-29T14:29:16,13,1,0,14
2024-06-29T14:44:54,13,1,0,14
2024-06-29T15:00:32,13,1,0,14
2024-06-29T15:16:09,13,1,0,14
2024-06-29T15:31:47,13,1,0,14
2024-06-29T15:47:25,13,1,0,14
2024-06-29T16:03:01,13,1,0,14
2024-06-29T16:18:38,13,1,0,14
2024-06-29T16:34:16,13,1,0,14
2024-06-29T16:50:03,13,1,0,14
2024-06-29T17:05:40,13,1,0,14
2024-06-29T17:21:18,13,1,0,14
2024-06-29T17:36:56,13,1,0,14
2024-06-29T17:52:34,13,1,0,14
2024-06-29T18:08:13,13,1,0,14
2024-06-29T18:23:51,13,1,0,14
2024-06-29T18:39:28,13,1,0,14
2024-06-29T18:55:04,13,1,0,14
2024-06-29T19:10:42,13,1,0,14
2024-06-29T19:26:19,13,1,0,14
2024-06-29T19:41:56,13,1,0,14
2024-06-29T19:57:43,13,1,0,14
2024-06-29T20:13:20,13,1,0,14
2024-06-29T20:28:58,13,1,0,14
2024-06-29T20:44:35,13,1,0,14
2024-06-29T21:00:13,13,1,0,14
2024-06-29T21:15:54,13,1,0,14
2024-06-29T21:31:34,13,1,0,14
2024-06-29T21:47:13,13,1,0,14
2024-06-29T22:02:50,13,1,0,14
2024-06-29T22:18:28,13,1,0,14
2024-06-29T22:34:15,13,1,0,14
2024-06-29T22:49:56,13,1,0,14
2024-06-29T23:05:34,13,1,0,14
2024-06-29T23:21:13,13,1,0,14
2024-06-29T23:36:51,13,1,0,14
2024-06-29T23:52:28,13,1,0,14
2024-06-30T00:08:07,13,1,0,14
2024-06-30T00:23:55,13,1,0,14
2024-06-30T00:39:35,13,1,0,14
2024-06-30T00:55:13,13,1,0,14
2024-06-30T01:10:51,13,1,0,14
2024-06-30T01:26:29,13,1,0,14
2024-06-30T01:42:07,13,1,0,14
2024-06-30T01:57:46,13,1,0,14
2024-06-30T02:13:25,13,1,0,14
2024-06-30T02:29:12,13,1,0,14
2024-06-30T02:44:52,13,1,0,14
2024-06-30T03:00:31,13,1,0,14
2024-06-30T03:16:12,13,1,0,14
2024-06-30T03:31:50,13,1,0,14
2024-06-30T03:47:33,13,1,0,14
2024-06-30T04:03:16,13,1,0,14
2024-06-30T04:34:55,13,1,0,14
2024-06-30T04:51:58,13,1,0,14
2024-06-30T05:08:27,13,1,0,14
2024-06-30T05:24:21,13,1,0,14
2024-06-30T05:40:04,13,1,0,14
2024-06-30T05:55:48,13,1,0,14
2024-06-30T06:11:34,13,1,0,14
2024-06-30T06:27:22,13,1,0,14
2024-06-30T06:43:07,13,1,0,14
2024-06-30T06:58:49,13,1,0,14
2024-06-30T07:14:33,13,1,0,14
2024-06-30T07:30:18,13,1,0,14
2024-06-30T07:46:02,13,1,0,14
2024-06-30T08:01:45,13,1,0,14
2024-06-30T08:17:29,13,1,0,14
2024-06-30T08:33:11,13,1,0,14
2024-06-30T08:48:54,13,1,0,14
2024-06-30T09:04:35,13,1,0,14
2024-06-30T09:20:27,13,1,0,14
2024-06-30T09:36:10,13,1,0,14
2024-06-30T09:51:54,13,1,0,14
2024-06-30T10:07:35,13,1,0,14
2024-06-30T10:23:17,13,1,0,14
2024-06-30T10:38:56,13,1,0,14
2024-06-30T10:54:37,13,1,0,14
2024-06-30T11:10:16,13,1,0,14
2024-06-30T11:25:54,13,1,0,14
2024-06-30T11:41:32,13,1,0,14
2024-06-30T11:57:10,13,1,0,14
2024-06-30T12:12:49,13,1,0,14
2024-06-30T12:28:38,13,1,0,14
2024-06-30T12:44:16,13,1,0,14
2024-06-30T12:59:54,13,1,0,14
2024-06-30T13:15:33,13,1,0,14
2024-06-30T13:31:12,13,1,0,14
2024-06-30T13:46:51,13,1,0,14
2024-06-30T14:02:30,13,1,0,14
2024-06-30T14:18:08,13,1,0,14
2024-06-30T14:33:46,13,1,0,14
2024-06-30T14:49:25,13,1,0,14
2024-06-30T15:05:14,13,1,0,14
2024-06-30T15:20:54,13,1,0,14
2024-06-30T15:36:33,13,1,0,14
2024-06-30T15:52:10,13,1,0,14
2024-06-30T16:07:48,13,1,0,14
2024-06-30T16:23:27,13,1,0,14
2024-06-30T16:39:06,13,1,0,14
2024-06-30T16:54:54,13,1,0,14
2024-06-30T17:10:34,13,1,0,14
2024-06-30T17:26:11,13,1,0,14
2024-06-30T17:41:50,13,1,0,14
2024-06-30T17:57:28,13,1,0,14
2024-06-30T18:13:07,13,1,0,14
2024-06-30T18:28:45,13,1,0,14
2024-06-30T18:44:24,13,1,0,14
2024-06-30T19:00:12,13,1,0,14
2024-06-30T19:15:54,13,1,0,14
2024-06-30T19:31:31,13,1,0,14
2024-06-30T19:47:09,13,1,0,14
2024-06-30T20:02:47,13,1,0,14
2024-06-30T20:18:25,13,1,0,14
2024-06-30T20:34:03,13,1,0,14
2024-06-30T20:49:42,13,1,0,14
2024-06-30T21:05:29,13,1,0,14
2024-06-30T21:21:09,13,1,0,14
2024-06-30T21:36:51,13,1,0,14
2024-06-30T21:52:31,13,1,0,14
2024-06-30T22:08:10,13,1,0,14
2024-06-30T22:23:49,13,1,0,14
2024-06-30T22:39:38,13,1,0,14
2024-06-30T22:55:16,13,1,0,14
2024-06-30T23:10:55,13,1,0,14
2024-06-30T23:26:36,13,1,0,14
2024-06-30T23:42:16,13,1,0,14
2024-06-30T23:57:55,13,1,0,14
2024-07-01T00:13:39,13,1,0,14
2024-07-01T00:29:29,13,1,0,14
2024-07-01T00:45:22,13,1,0,14
2024-07-01T01:01:03,13,1,0,14
2024-07-01T01:16:49,13,1,0,14
2024-07-01T01:32:31,13,1,0,14
2024-07-01T01:48:11,13,1,0,14
2024-07-01T02:03:52,13,1,0,14
2024-07-01T02:19:31,13,1,0,14
2024-07-01T02:35:13,13,1,0,14
2024-07-01T02:50:53,13,1,0,14
2024-07-01T03:06:35,13,1,0,14
2024-07-01T03:22:17,13,1,0,14
2024-07-01T03:38:21,13,1,0,14
2024-07-01T03:54:01,13,1,0,14
2024-07-01T04:09:44,13,1,0,14
2024-07-01T04:30:10,13,1,0,14
2024-07-01T04:45:55,13,1,0,14
2024-07-01T05:01:39,13,1,0,14
2024-07-01T05:17:25,13,1,0,14
2024-07-01T05:33:08,13,1,0,14
2024-07-01T05:48:51,13,1,0,14
2024-07-01T06:04:35,13,1,0,14
2024-07-01T06:20:17,13,1,0,14
2024-07-01T06:35:59,13,1,0,14
2024-07-01T06:51:44,13,1,0,14
2024-07-01T07:07:25,13,1,0,14
2024-07-01T07:23:05,13,1,0,14
2024-07-01T07:38:47,13,1,0,14
2024-07-01T07:54:26,13,1,0,14
2024-07-01T08:10:08,13,1,0,14
2024-07-01T08:25:48,13,1,0,14
2024-07-01T08:41:35,13,1,0,14
2024-07-01T08:57:15,13,1,0,14
2024-07-01T09:12:53,13,1,0,14
2024-07-01T09:28:32,13,1,0,14
2024-07-01T09:44:13,13,1,0,14
2024-07-01T09:59:54,13,1,0,14
2024-07-01T10:15:34,13,1,0,14
2024-07-01T10:31:24,13,1,0,14
2024-07-01T10:47:03,13,1,0,14
2024-07-01T11:02:42,13,1,0,14
2024-07-01T11:18:22,13,1,0,14
2024-07-01T11:34:01,13,1,0,14
2024-07-01T11:49:50,13,1,0,14
2024-07-01T12:05:28,13,1,0,14
2024-07-01T12:21:06,13,1,0,14
2024-07-01T12:36:45,13,1,0,14
2024-07-01T12:52:23,13,1,0,14
2024-07-01T13:08:01,13,1,0,14
2024-07-01T13:23:49,13,1,0,14
2024-07-01T13:39:28,13,1,0,14
2024-07-01T13:55:07,13,1,0,14
2024-07-01T14:10:45,13,1,0,14
2024-07-01T14:26:23,13,1,0,14
2024-07-01T14:42:12,13,1,0,14
2024-07-01T14:57:50,13,1,0,14
2024-07-01T15:13:29,13,1,0,14
2024-07-01T15:29:08,13,1,0,14
2024-07-01T15:44:47,13,1,0,14
2024-07-01T16:00:25,13,1,0,14
2024-07-01T16:16:04,13,1,0,14
2024-07-01T16:31:53,13,1,0,14
2024-07-01T16:47:32,13,1,0,14
2024-07-01T17:03:10,13,1,0,14
2024-07-01T17:18:50,13,1,0,14
2024-07-01T17:34:28,13,1,0,14
2024-07-01T17:50:05,13,1,0,14
2024-07-01T18:05:44,13,1,0,14
2024-07-01T18:21:23,13,1,0,14
2024-07-01T18:37:12,13,1,0,14
2024-07-01T18:52:50,13,1,0,14
2024-07-01T19:08:29,13,1,0,14
2024-07-01T19:24:08,13,1,0,14
2024-07-01T19:39:46,13,1,0,14
2024-07-01T19:55:25,13,1,0,14
2024-07-01T20:11:03,13,1,0,14
2024-07-01T20:26:42,13,1,0,14
2024-07-01T20:42:21,13,1,0,14
2024-07-01T20:58:10,13,1,0,14
2024-07-01T21:13:49,13,1,0,14
2024-07-01T21:29:29,13,1,0,14
2024-07-01T21:45:08,13,1,0,14
2024-07-01T22:00:48,13,1,0,14
2024-07-01T22:16:28,13,1,0,14
2024-07-01T22:32:07,13,1,0,14
2024-07-01T22:47:46,13,1,0,14
2024-07-01T23:03:28,13,1,0,14
2024-07-01T23:19:18,13,1,0,14
2024-07-01T23:34:59,13,1,0,14
2024-07-01T23:50:39,13,1,0,14
2024-07-02T00:06:20,13,1,0,14
2024-07-02T00:22:03,13,1,0,14
2024-07-02T00:37:51,13,1,0,14
2024-07-02T00:53:36,13,1,0,14
2024-07-02T01:09:31,13,1,0,14
2024-07-02T01:25:11,13,1,0,14
2024-07-02T01:40:54,13,1,0,14
2024-07-02T01:56:35,13,1,0,14
2024-07-02T02:12:23,13,1,0,14
2024-07-02T02:28:04,13,1,0,14
2024-07-02T02:43:45,13,1,0,14
2024-07-02T02:59:25,13,1,0,14
2024-07-02T03:15:06,13,1,0,14
2024-07-02T03:30:48,13,1,0,14
2024-07-02T03:46:28,13,1,0,14
2024-07-02T04:02:08,13,1,0,14
2024-07-02T04:17:49,13,1,0,14
2024-07-02T04:37:11,13,1,0,14
2024-07-02T04:52:54,13,1,0,14
2024-07-02T05:10:03,13,1,0,14
2024-07-02T05:26:10,13,1,0,14
2024-07-02T05:41:54,13,1,0,14
2024-07-02T05:57:38,13,1,0,14
2024-07-02T06:13:22,13,1,0,14
2024-07-02T06:29:04,13,1,0,14
2024-07-02T06:44:44,13,1,0,14
2024-07-02T07:00:25,13,1,0,14
2024-07-02T07:16:11,13,1,0,14
2024-07-02T07:31:53,13,1,0,14
2024-07-02T07:47:34,13,1,0,14
2024-07-02T08:03:14,13,1,0,14
2024-07-02T08:19:16,13,1,0,14
2024-07-02T08:35:02,13,1,0,14
2024-07-02T08:50:50,13,1,0,14
2024-07-02T09:06:37,13,1,0,14
2024-07-02T09:22:20,13,1,0,14
2024-07-02T09:38:01,13,1,0,14
2024-07-02T09:53:43,13,1,0,14
2024-07-02T10:09:25,13,1,0,14
2024-07-02T10:25:07,13,1,0,14
2024-07-02T10:40:59,13,1,0,14
2024-07-02T10:56:40,13,1,0,14
2024-07-02T11:12:22,13,1,0,14
2024-07-02T11:28:03,13,1,0,14
2024-07-02T11:43:45,13,1,0,14
2024-07-02T11:59:52,13,1,0,14
2024-07-02T12:15:33,13,1,0,14
2024-07-02T12:31:13,13,1,0,14
2024-07-02T12:46:53,13,1,0,14
2024-07-02T13:02:31,13,1,0,14
2024-07-02T13:18:13,13,1,0,14
2024-07-02T13:34:05,13,1,0,14
2024-07-02T13:49:46,13,1,0,14
2024-07-02T14:05:27,13,1,0,14
2024-07-02T14:21:08,13,1,0,14
2024-07-02T14:37:06,13,1,0,14
2024-07-02T14:52:47,13,1,0,14
2024-07-02T15:08:26,13,1,0,14
2024-07-02T15:24:05,13,1,0,14
2024-07-02T15:39:45,13,1,0,14
2024-07-02T15:55:24,13,1,0,14
2024-07-02T16:11:23,13,1,0,14
2024-07-02T16:27:03,13,1,0,14
2024-07-02T16:42:43,13,1,0,14
2024-07-02T16:58:22,13,1,0,14
2024-07-02T17:14:02,13,1,0,14
2024-07-02T17:29:41,13,1,0,14
2024-07-02T17:45:32,13,1,0,14
2024-07-02T18:01:12,13,1,0,14
2024-07-02T18:16:52,13,1,0,14
2024-07-02T18:32:32,13,1,0,14
2024-07-02T18:48:11,13,1,0,14
2024-07-02T19:03:51,13,1,0,14
2024-07-02T19:19:31,13,1,0,14
2024-07-02T19:35:19,13,1,0,14
2024-07-02T19:50:58,13,1,0,14
2024-07-02T20:06:37,13,1,0,14
2024-07-02T20:22:16,13,1,0,14
2024-07-02T20:37:55,13,1,0,14
2024-07-02T20:53:34,13,1,0,14
2024-07-02T21:09:13,13,1,0,14
2024-07-02T21:24:52,13,1,0,14
2024-07-02T21:40:32,13,1,0,14
2024-07-02T21:56:33,13,1,0,14
2024-07-02T22:12:14,13,1,0,14
2024-07-02T22:27:54,13,1,0,14
2024-07-02T22:43:33,13,1,0,14
2024-07-02T22:59:13,13,1,0,14
2024-07-02T23:14:54,13,1,0,14
2024-07-02T23:30:34,13,1,0,14
2024-07-02T23:46:15,13,1,0,14
2024-07-03T00:02:05,13,1,0,14
2024-07-03T00:17:48,13,1,0,14
2024-07-03T00:33:32,13,1,0,14
2024-07-03T00:49:17,13,1,0,14
2024-07-03T01:05:02,13,1,0,14
2024-07-03T01:20:45,13,1,0,14
2024-07-03T01:36:30,13,1,0,14
2024-07-03T01:52:14,13,1,0,14
2024-07-03T02:07:58,13,1,0,14
2024-07-03T02:23:44,13,1,0,14
2024-07-03T02:39:42,13,1,0,14
2024-07-03T02:55:23,13,1,0,14
2024-07-03T03:11:04,13,1,0,14
2024-07-03T03:26:45,13,1,0,14
2024-07-03T03:42:38,13,1,0,14
2024-07-03T03:58:21,13,1,0,14
2024-07-03T04:29:11,13,1,0,14
2024-07-03T04:45:35,13,1,0,14
2024-07-03T05:01:19,13,1,0,14
2024-07-03T05:17:10,13,1,0,14
2024-07-03T05:32:54,13,1,0,14
2024-07-03T05:48:38,13,1,0,14
2024-07-03T06:04:21,13,1,0,14
2024-07-03T06:20:06,13,1,0,14
2024-07-03T06:35:48,13,1,0,14
2024-07-03T06:51:30,13,1,0,14
2024-07-03T07:07:14,13,1,0,14
2024-07-03T07:22:57,13,1,0,14
2024-07-03T07:38:42,13,1,0,14
2024-07-03T07:54:22,13,1,0,14
2024-07-03T08:10:06,13,1,0,14
2024-07-03T08:25:48,13,1,0,14
2024-07-03T08:41:46,13,1,0,14
2024-07-03T08:57:27,13,1,0,14
2024-07-03T09:13:08,13,1,0,14
2024-07-03T09:28:48,13,1,0,14
2024-07-03T09:44:27,13,1,0,14
2024-07-03T10:00:08,13,1,0,14
2024-07-04T04:33:26,13,1,0,14
2024-07-04T04:50:31,13,1,0,14
2024-07-04T05:07:06,13,1,0,14
2024-07-04T05:22:56,13,1,0,14
2024-07-04T05:38:39,13,1,0,14
2024-07-04T05:54:23,13,1,0,14
2024-07-04T06:10:06,13,1,0,14
2024-07-04T06:25:47,13,1,0,14
2024-07-04T06:41:28,13,1,0,14
2024-07-04T06:57:13,13,1,0,14
2024-07-04T07:12:57,13,1,0,14
2024-07-04T07:28:40,13,1,0,14
2024-07-04T07:44:22,13,1,0,14
2024-07-04T08:00:04,13,1,0,14
2024-07-04T08:15:47,13,1,0,14
2024-07-04T08:31:30,13,1,0,14
2024-07-04T08:47:13,13,1,0,14
2024-07-04T09:02:55,13,1,0,14
2024-07-04T09:18:37,13,1,0,14
2024-07-04T09:34:19,13,1,0,14
2024-07-04T09:50:03,13,1,0,14
2024-07-04T10:05:46,13,1,0,14
2024-07-04T10:21:27,13,1,0,14
2024-07-04T10:37:07,13,1,0,14
2024-07-04T10:52:48,13,1,0,14
2024-07-04T11:08:27,13,1,0,14
2024-07-04T11:24:07,13,1,0,14
2024-07-04T11:39:55,13,1,0,14
2024-07-04T11:55:34,13,1,0,14
2024-07-04T12:11:13,13,1,0,14
2024-07-04T12:26:53,13,1,0,14
2024-07-04T12:42:32,13,1,0,14
2024-07-04T12:58:12,13,1,0,14
2024-07-04T13:13:52,13,1,0,14
2024-07-04T13:29:31,13,1,0,14
2024-07-04T13:45:10,13,1,0,14
2024-07-04T14:00:50,13,1,0,14
2024-07-04T14:16:29,13,1,0,14
2024-07-04T14:32:08,13,1,0,14
2024-07-04T14:47:48,13,1,0,14
2024-07-04T15:03:27,13,1,0,14
2024-07-04T15:19:07,13,1,0,14
2024-07-04T15:34:56,13,1,0,14
2024-07-04T15:50:36,13,1,0,14
2024-07-04T16:06:15,13,1,0,14
2024-07-04T16:21:55,13,1,0,14
2024-07-04T16:37:34,13,1,0,14
2024-07-04T16:53:14,13,1,0,14
2024-07-04T17:08:54,13,1,0,14
2024-07-04T17:24:34,13,1,0,14
2024-07-04T17:40:14,13,1,0,14
2024-07-04T17:55:54,13,1,0,14
2024-07-04T18:11:35,13,1,0,14
2024-07-04T18:27:14,13,1,0,14
2024-07-04T18:42:53,13,1,0,14
2024-07-04T18:58:33,13,1,0,14
2024-07-04T19:14:14,13,1,0,14
2024-07-04T19:30:02,13,1,0,14
2024-07-04T19:45:41,13,1,0,14
2024-07-04T20:01:22,13,1,0,14
2024-07-04T20:17:02,13,1,0,14
2024-07-04T20:32:41,13,1,0,14
2024-07-04T20:48:21,13,1,0,14
2024-07-04T21:04:00,13,1,0,14
2024-07-04T21:19:42,13,1,0,14
2024-07-04T21:35:23,13,1,0,14
2024-07-04T21:51:05,13,1,0,14
2024-07-04T22:06:45,13,1,0,14
2024-07-04T22:22:25,13,1,0,14
2024-07-04T22:38:14,13,1,0,14
2024-07-04T22:53:53,13,1,0,14
2024-07-04T23:09:33,13,1,0,14
2024-07-04T23:25:14,13,1,0,14
2024-07-04T23:40:54,13,1,0,14
2024-07-04T23:56:34,13,1,0,14
2024-07-05T00:12:17,13,1,0,14
2024-07-05T00:28:08,13,1,0,14
2024-07-05T00:43:52,13,1,0,14
2024-07-05T00:59:34,13,1,0,14
2024-07-05T01:15:18,13,1,0,14
2024-07-05T01:31:01,13,1,0,14
2024-07-05T01:46:45,13,1,0,14
2024-07-05T02:02:27,13,1,0,14
2024-07-05T02:18:22,13,1,0,14
2024-07-05T02:34:18,13,1,0,14
2024-07-05T02:49:59,13,1,0,14
2024-07-05T03:05:41,13,1,0,14
2024-07-05T03:21:24,13,1,0,14
2024-07-05T03:37:07,13,1,0,14
2024-07-05T03:52:49,13,1,0,14
2024-07-05T04:25:44,13,1,0,14
2024-07-05T04:41:31,13,1,0,14
2024-07-05T04:57:16,13,1,0,14
2024-07-05T05:13:06,13,1,0,14
2024-07-05T05:28:50,13,1,0,14
2024-07-05T05:44:34,13,1,0,14
2024-07-05T06:00:18,13,1,0,14
2024-07-05T06:16:02,13,1,0,14
2024-07-05T06:31:45,13,1,0,14
2024-07-05T06:47:29,13,1,0,14
2024-07-05T07:03:12,13,1,0,14
2024-07-05T07:18:57,13,1,0,14
2024-07-05T07:34:40,13,1,0,14
2024-07-05T07:50:19,13,1,0,14
2024-07-05T08:05:58,13,1,0,14
2024-07-05T08:21:53,13,1,0,14
2024-07-05T08:37:34,13,1,0,14
2024-07-05T08:53:14,13,1,0,14
2024-07-05T09:08:55,13,1,0,14
2024-07-05T09:24:39,13,1,0,14
2024-07-05T09:40:23,13,1,0,14
2024-07-05T09:56:08,13,1,0,14
2024-07-05T10:11:52,13,1,0,14
2024-07-05T10:27:36,13,1,0,14
2024-07-05T10:43:20,13,1,0,14
2024-07-05T10:59:02,13,1,0,14
2024-07-05T11:14:47,13,1,0,14
2024-07-05T11:30:40,13,1,0,14
2024-07-05T11:46:24,13,1,0,14
2024-07-05T12:02:08,13,1,0,14
2024-07-05T12:17:52,13,1,0,14
2024-07-05T12:33:35,13,1,0,14
2024-07-05T12:49:18,13,1,0,14
2024-07-05T13:05:02,13,1,0,14
2024-07-05T13:20:46,13,1,0,14
2024-07-05T13:36:29,13,1,0,14
2024-07-05T13:52:13,13,1,0,14
2024-07-05T14:08:16,13,1,0,14
2024-07-05T14:24:01,13,1,0,14
2024-07-05T14:39:44,13,1,0,14
2024-07-05T14:55:28,13,1,0,14
2024-07-05T15:11:12,13,1,0,14
2024-07-05T15:26:55,13,1,0,14
2024-07-05T15:42:39,13,1,0,14
2024-07-05T15:58:23,13,1,0,14
2024-07-05T16:14:07,13,1,0,14
2024-07-05T16:29:50,13,1,0,14
2024-07-05T16:45:45,13,1,0,14
2024-07-05T17:01:29,13,1,0,14
2024-07-05T17:17:13,13,1,0,14
2024-07-05T17:32:57,13,1,0,14
2024-07-05T17:48:40,13,1,0,14
2024-07-05T18:04:23,13,1,0,14
2024-07-05T18:20:07,13,1,0,14
2024-07-05T18:35:50,13,1,0,14
2024-07-05T18:51:35,13,1,0,14
2024-07-05T19:07:19,13,1,0,14
2024-07-05T19:23:05,13,1,0,14
2024-07-05T19:38:49,13,1,0,14
2024-07-05T19:54:42,13,1,0,14
2024-07-05T20:10:26,13,1,0,14
2024-07-05T20:26:10,13,1,0,14
2024-07-05T20:41:54,13,1,0,14
2024-07-05T20:57:37,13,1,0,14
2024-07-05T21:13:21,13,1,0,14
2024-07-05T21:29:07,13,1,0,14
2024-07-05T21:44:51,13,1,0,14
2024-07-05T22:00:35,13,1,0,14
2024-07-05T22:16:20,13,1,0,14
2024-07-05T22:32:04,13,1,0,14
2024-07-05T22:47:47,13,1,0,14
2024-07-05T23:03:42,13,1,0,14
2024-07-05T23:19:27,13,1,0,14
2024-07-05T23:35:12,13,1,0,14
2024-07-05T23:50:56,13,1,0,14
2024-07-06T00:06:46,13,1,0,14
2024-07-06T00:22:38,13,1,0,14
2024-07-06T00:38:28,13,1,0,14
2024-07-06T00:54:16,13,1,0,14
2024-07-06T01:10:03,13,1,0,14
2024-07-06T01:25:49,13,1,0,14
2024-07-06T01:41:36,13,1,0,14
2024-07-06T01:57:25,13,1,0,14
2024-07-06T02:13:13,13,1,0,14
2024-07-06T02:29:08,13,1,0,14
2024-07-06T02:44:55,13,1,0,14
2024-07-06T03:00:38,13,1,0,14
2024-07-06T03:16:35,13,1,0,14
2024-07-06T03:32:21,13,1,0,14
2024-07-06T03:48:07,13,1,0,14
2024-07-06T04:03:55,13,1,0,14
2024-07-06T04:32:23,13,1,0,14
2024-07-06T04:49:25,13,1,0,14
2024-07-06T05:05:30,13,1,0,14
2024-07-06T05:21:17,13,1,0,14
2024-07-06T05:37:04,13,1,0,14
2024-07-06T05:52:49,13,1,0,14
2024-07-06T06:08:34,13,1,0,14
2024-07-06T06:24:19,13,1,0,14
2024-07-06T06:40:06,13,1,0,14
2024-07-06T06:55:52,13,1,0,14
2024-07-06T07:11:38,13,1,0,14
2024-07-06T07:27:25,13,1,0,14
2024-07-06T07:43:10,13,1,0,14
2024-07-06T07:58:55,13,1,0,14
2024-07-06T08:14:41,13,1,0,14
2024-07-06T08:30:27,13,1,0,14
2024-07-06T08:46:21,13,1,0,14
2024-07-06T09:02:07,13,1,0,14
2024-07-06T09:17:53,13,1,0,14
2024-07-06T09:33:39,13,1,0,14
2024-07-06T09:49:25,13,1,0,14
2024-07-06T10:05:11,13,1,0,14
2024-07-06T10:20:56,13,1,0,14
2024-07-06T10:36:43,13,1,0,14
2024-07-06T10:52:29,13,1,0,14
2024-07-06T11:08:15,13,1,0,14
2024-07-06T11:23:59,13,1,0,14
2024-07-06T11:39:45,13,1,0,14
2024-07-06T11:55:29,13,1,0,14
2024-07-06T12:11:25,13,1,0,14
2024-07-06T12:27:10,13,1,0,14
2024-07-06T12:42:55,13,1,0,14
2024-07-06T12:58:39,13,1,0,14
2024-07-06T13:14:24,13,1,0,14
2024-07-06T13:30:07,13,1,0,14
2024-07-06T13:45:51,13,1,0,14
2024-07-06T14:01:34,13,1,0,14
2024-07-06T14:17:17,13,1,0,14
2024-07-06T14:33:02,13,1,0,14
2024-07-06T14:48:46,13,1,0,14
2024-07-06T15:04:29,13,1,0,14
2024-07-06T15:20:13,13,1,0,14
2024-07-06T15:35:56,13,1,0,14
2024-07-06T15:51:49,13,1,0,14
2024-07-06T16:07:32,13,1,0,14
2024-07-06T16:23:16,13,1,0,14
2024-07-06T16:38:59,13,1,0,14
2024-07-06T16:54:42,13,1,0,14
2024-07-06T17:10:26,13,1,0,14
2024-07-06T17:26:09,13,1,0,14
2024-07-06T17:41:52,13,1,0,14
2024-07-06T17:57:35,13,1,0,14
2024-07-06T18:13:18,13,1,0,14
2024-07-06T18:29:02,13,1,0,14
2024-07-06T18:44:45,13,1,0,14
2024-07-06T19:00:27,13,1,0,14
2024-07-06T19:16:19,13,1,0,14
2024-07-06T19:32:03,13,1,0,14
2024-07-06T19:47:46,13,1,0,14
2024-07-06T20:03:30,13,1,0,14
2024-07-06T20:19:15,13,1,0,14
2024-07-06T20:34:58,13,1,0,14
2024-07-06T20:50:41,13,1,0,14
2024-07-06T21:06:26,13,1,0,14
2024-07-06T21:22:11,13,1,0,14
2024-07-06T21:37:55,13,1,0,14
2024-07-06T21:53:39,13,1,0,14
2024-07-06T22:09:23,13,1,0,14
2024-07-06T22:25:06,13,1,0,14
2024-07-06T22:40:50,13,1,0,14
2024-07-06T22:56:43,13,1,0,14
2024-07-06T23:12:28,13,1,0,14
2024-07-06T23:28:12,13,1,0,14
2024-07-06T23:43:55,13,1,0,14
2024-07-06T23:59:39,13,1,0,14
2024-07-07T00:15:29,13,1,0,14
2024-07-07T00:31:19,13,1,0,14
2024-07-07T00:47:05,13,1,0,14
2024-07-07T01:02:50,13,1,0,14
2024-07-07T01:18:36,13,1,0,14
2024-07-07T01:34:20,13,1,0,14
2024-07-07T01:50:06,13,1,0,14
2024-07-07T02:05:52,13,1,0,14
2024-07-07T02:21:37,13,1,0,14
2024-07-07T02:37:26,13,1,0,14
2024-07-07T02:53:10,13,1,0,14
2024-07-07T03:08:59,13,1,0,14
2024-07-07T03:24:43,13,1,0,14
2024-07-07T03:40:28,13,1,0,14
2024-07-07T03:56:17,13,1,0,14
2024-07-07T04:27:10,13,1,0,14
2024-07-07T04:46:24,13,1,0,14
2024-07-07T05:02:36,13,1,0,14
2024-07-07T05:18:27,13,1,0,14
2024-07-07T05:34:15,13,1,0,14
2024-07-07T05:50:03,13,1,0,14
2024-07-07T06:05:52,13,1,0,14
2024-07-07T06:21:41,13,1,0,14
2024-07-07T06:37:29,13,1,0,14
2024-07-07T06:53:16,13,1,0,14
2024-07-07T07:09:05,13,1,0,14
2024-07-07T07:24:53,13,1,0,14
2024-07-07T07:40:42,13,1,0,14
2024-07-07T07:56:29,13,1,0,14
2024-07-07T08:12:16,13,1,0,14
2024-07-07T08:28:04,13,1,0,14
2024-07-07T08:43:53,13,1,0,14
2024-07-07T08:59:40,13,1,0,14
2024-07-07T09:15:29,13,1,0,14
2024-07-07T09:31:26,13,1,0,14
2024-07-07T09:47:14,13,1,0,14
2024-07-07T10:02:59,13,1,0,14
2024-07-07T10:18:44,13,1,0,14
2024-07-07T10:34:27,13,1,0,14
2024-07-07T10:50:10,13,1,0,14
2024-07-07T11:05:53,13,1,0,14
2024-07-07T11:21:36,13,1,0,14
2024-07-07T11:37:19,13,1,0,14
2024-07-07T11:53:03,13,1,0,14
2024-07-07T12:08:46,13,1,0,14
2024-07-07T12:24:29,13,1,0,14
2024-07-07T12:40:13,13,1,0,14
2024-07-07T12:55:58,13,1,0,14
2024-07-07T13:11:42,13,1,0,14
2024-07-07T13:27:36,13,1,0,14
2024-07-07T13:43:20,13,1,0,14
2024-07-07T13:59:03,13,1,0,14
2024-07-07T14:14:46,13,1,0,14
2024-07-07T14:30:29,13,1,0,14
2024-07-07T14:46:13,13,1,0,14
2024-07-07T15:01:56,13,1,0,14
2024-07-07T15:17:39,13,1,0,14
2024-07-07T15:33:22,13,1,0,14
2024-07-07T15:49:06,13,1,0,14
2024-07-07T16:04:49,13,1,0,14
2024-07-07T16:20:33,13,1,0,14
2024-07-07T16:36:17,13,1,0,14
2024-07-07T16:52:01,13,1,0,14
2024-07-07T17:07:53,13,1,0,14
2024-07-07T17:23:37,13,1,0,14
2024-07-07T17:39:20,13,1,0,14
2024-07-07T17:55:05,13,1,0,14
2024-07-07T18:10:48,13,1,0,14
2024-07-07T18:26:32,13,1,0,14
2024-07-07T18:42:16,13,1,0,14
2024-07-07T18:58:00,12,2,0,14
2024-07-07T19:13:44,12,2,0,14
2024-07-07T19:29:29,12,2,0,14
2024-07-07T19:45:12,12,2,0,14
2024-07-07T20:00:56,12,2,0,14
2024-07-07T20:16:39,12,2,0,14
2024-07-07T20:32:23,12,2,0,14
2024-07-07T20:48:07,12,2,0,14
2024-07-07T21:04:00,12,2,0,14
2024-07-07T21:19:45,12,2,0,14
2024-07-07T21:35:28,12,2,0,14
2024-07-07T21:51:13,12,2,0,14
2024-07-07T22:06:57,12,2,0,14
2024-07-07T22:22:40,12,2,0,14
2024-07-07T22:38:25,12,2,0,14
2024-07-07T22:54:10,12,2,0,14
2024-07-07T23:09:56,12,2,0,14
2024-07-07T23:25:41,12,2,0,14
2024-07-07T23:41:25,12,2,0,14
2024-07-07T23:57:08,12,2,0,14
2024-07-08T00:12:58,12,2,0,14
2024-07-08T00:29:00,12,2,0,14
2024-07-08T00:44:48,12,2,0,14
2024-07-08T01:00:35,12,2,0,14
2024-07-08T01:16:33,12,2,0,14
2024-07-08T01:32:21,12,2,0,14
2024-07-08T01:48:08,12,2,0,14
2024-07-08T02:03:55,12,2,0,14
2024-07-08T02:19:43,12,2,0,14
2024-07-08T02:35:32,12,2,0,14
2024-07-08T02:51:27,12,2,0,14
2024-07-08T03:07:12,12,2,0,14
2024-07-08T03:23:00,12,2,0,14
2024-07-08T03:38:46,12,2,0,14
2024-07-08T03:54:32,12,2,0,14
2024-07-08T04:12:19,12,2,0,14
2024-07-08T04:32:59,12,2,0,14
2024-07-08T04:48:51,12,2,0,14
2024-07-08T05:04:41,12,2,0,14
2024-07-08T05:20:32,12,2,0,14
2024-07-08T05:36:21,12,2,0,14
2024-07-08T05:52:09,12,2,0,14
2024-07-08T06:07:57,12,2,0,14
2024-07-08T06:23:46,12,2,0,14
2024-07-08T06:39:35,12,2,0,14
2024-07-08T06:55:26,12,2,0,14
2024-07-08T07:11:14,12,2,0,14
2024-07-08T07:26:58,12,2,0,14
2024-07-08T07:42:42,12,2,0,14
2024-07-08T07:58:25,12,2,0,14
2024-07-08T08:14:09,12,2,0,14
2024-07-08T08:29:53,12,2,0,14
2024-07-08T08:45:40,12,2,0,14
2024-07-08T09:01:25,12,2,0,14
2024-07-08T09:17:09,12,2,0,14
2024-07-08T09:33:02,12,2,0,14
2024-07-08T09:48:47,12,2,0,14
2024-07-08T10:04:33,12,2,0,14
2024-07-08T10:20:17,12,2,0,14
2024-07-08T10:36:01,12,2,0,14
2024-07-08T10:51:46,12,2,0,14
2024-07-08T11:07:31,12,2,0,14
2024-07-08T11:23:26,12,2,0,14
2024-07-08T11:39:10,12,2,0,14
2024-07-08T11:54:55,12,2,0,14
2024-07-08T12:10:40,12,2,0,14
2024-07-08T12:26:25,12,2,0,14
2024-07-08T12:42:09,12,2,0,14
2024-07-08T12:57:55,12,2,0,14
2024-07-08T13:13:50,12,2,0,14
2024-07-08T13:29:35,12,2,0,14
2024-07-08T13:45:19,12,2,0,14
2024-07-08T14:01:05,12,2,0,14
2024-07-08T14:16:49,12,2,0,14
2024-07-08T14:32:33,12,2,0,14
2024-07-08T14:48:19,12,2,0,14
2024-07-08T15:04:05,12,2,0,14
2024-07-08T15:20:01,12,2,0,14
2024-07-08T15:35:47,12,2,0,14
2024-07-08T15:51:31,12,2,0,14
2024-07-08T16:07:17,12,2,0,14
2024-07-08T16:23:01,12,2,0,14
2024-07-08T16:38:45,12,2,0,14
2024-07-08T16:54:30,12,2,0,14
2024-07-08T17:10:15,12,2,0,14
2024-07-08T17:26:00,12,2,0,14
2024-07-08T17:41:54,12,2,0,14
2024-07-08T17:57:37,12,2,0,14
2024-07-08T18:13:21,12,2,0,14
2024-07-08T18:29:06,12,2,0,14
2024-07-08T18:44:51,12,2,0,14
2024-07-08T19:00:35,12,2,0,14
2024-07-08T19:16:21,12,2,0,14
2024-07-08T19:32:05,12,2,0,14
2024-07-08T19:47:50,12,2,0,14
2024-07-08T20:03:34,12,2,0,14
2024-07-08T20:19:18,12,2,0,14
2024-07-08T20:35:13,12,2,0,14
2024-07-08T20:50:57,12,2,0,14
2024-07-08T21:06:42,12,2,0,14
2024-07-08T21:22:31,12,2,0,14
2024-07-08T21:38:15,12,2,0,14
2024-07-08T21:54:05,12,2,0,14
2024-07-08T22:09:50,12,2,0,14
2024-07-08T22:25:35,12,2,0,14
2024-07-08T22:41:20,12,2,0,14
2024-07-08T22:57:04,12,2,0,14
2024-07-08T23:13:01,12,2,0,14
2024-07-08T23:29:26,12,2,0,14
2024-07-08T23:45:19,12,2,0,14
2024-07-09T00:00:59,12,2,0,14
2024-07-09T00:16:45,12,2,0,14
2024-07-09T00:32:34,12,2,0,14
2024-07-09T00:48:23,12,2,0,14
2024-07-09T01:04:07,12,2,0,14
2024-07-09T01:19:50,12,2,0,14
2024-07-09T01:35:33,12,2,0,14
2024-07-09T01:51:17,12,2,0,14
2024-07-09T02:07:00,12,2,0,14
2024-07-09T02:22:43,12,2,0,14
2024-07-09T02:38:25,12,2,0,14
2024-07-09T02:54:07,12,2,0,14
2024-07-09T03:09:49,12,2,0,14
2024-07-09T03:25:31,12,2,0,14
2024-07-09T03:41:13,12,2,0,14
2024-07-09T03:56:55,12,2,0,14
2024-07-09T04:29:55,12,2,0,14
2024-07-09T04:46:07,12,2,0,14
2024-07-09T05:01:52,12,2,0,14
2024-07-09T05:17:44,12,2,0,14
2024-07-09T05:33:29,12,2,0,14
2024-07-09T05:49:13,12,2,0,14
2024-07-09T06:04:56,12,2,0,14
2024-07-09T06:20:38,12,2,0,14
2024-07-09T06:36:20,12,2,0,14
2024-07-09T06:52:02,12,2,0,14
2024-07-09T07:07:46,12,2,0,14
2024-07-09T07:23:32,12,2,0,14
2024-07-09T07:39:15,12,2,0,14
2024-07-09T07:54:57,12,2,0,14
2024-07-09T08:10:39,12,2,0,14
2024-07-09T08:26:22,12,2,0,14
2024-07-09T08:42:03,12,2,0,14
2024-07-09T08:57:46,12,2,0,14
2024-07-09T09:13:29,12,2,0,14
2024-07-09T09:29:12,12,2,0,14
2024-07-09T09:45:02,12,2,0,14
2024-07-09T10:00:43,12,2,0,14
2024-07-09T10:16:24,12,2,0,14
2024-07-09T10:32:07,12,2,0,14
2024-07-09T10:47:49,12,2,0,14
2024-07-09T11:03:29,12,2,0,14
2024-07-09T11:19:12,12,2,0,14
2024-07-09T11:34:52,12,2,0,14
2024-07-09T11:50:34,12,2,0,14
2024-07-09T12:06:35,12,2,0,14
2024-07-09T12:22:15,12,2,0,14
2024-07-09T12:37:58,12,2,0,14
2024-07-09T12:53:41,12,2,0,14
2024-07-09T13:09:23,12,2,0,14
2024-07-09T13:25:04,12,2,0,14
2024-07-09T13:40:46,12,2,0,14
2024-07-09T13:56:28,12,2,0,14
2024-07-09T14:12:10,12,2,0,14
2024-07-09T14:27:52,12,2,0,14
2024-07-09T14:43:45,12,2,0,14
2024-07-09T14:59:26,12,2,0,14
2024-07-09T15:15:07,12,2,0,14
2024-07-09T15:30:49,12,2,0,14
2024-07-09T15:46:31,12,2,0,14
2024-07-09T16:02:12,12,2,0,14
2024-07-09T16:17:53,12,2,0,14
2024-07-09T16:33:51,12,2,0,14
2024-07-09T16:49:32,12,2,0,14
2024-07-09T17:05:13,12,2,0,14
2024-07-09T17:20:54,12,2,0,14
2024-07-09T17:36:33,12,2,0,14
2024-07-09T17:52:14,12,2,0,14
2024-07-09T18:07:55,12,2,0,14
2024-07-09T18:23:35,12,2,0,14
2024-07-09T18:39:16,12,2,0,14
2024-07-09T18:54:57,12,2,0,14
2024-07-09T19:10:37,12,2,0,14
2024-07-09T19:26:17,12,2,0,14
2024-07-09T19:42:08,12,2,0,14
2024-07-09T19:57:48,12,2,0,14
2024-07-09T20:13:28,12,2,0,14
2024-07-09T20:29:09,12,2,0,14
2024-07-09T20:44:50,12,2,0,14
2024-07-09T21:01:05,12,2,0,14
2024-07-09T21:17:35,12,2,0,14
2024-07-09T21:34:11,12,2,0,14
2024-07-09T21:50:50,12,2,0,14
2024-07-09T22:07:17,12,2,0,14
2024-07-09T22:23:34,12,2,0,14
2024-07-09T22:39:24,12,2,0,14
2024-07-09T22:55:14,12,2,0,14
2024-07-09T23:10:55,12,2,0,14
2024-07-09T23:26:37,12,2,0,14
2024-07-09T23:42:18,12,2,0,14
2024-07-09T23:58:01,12,2,0,14
2024-07-10T00:13:46,12,2,0,14
2024-07-10T00:29:40,12,2,0,14
2024-07-10T00:45:25,12,2,0,14
2024-07-10T01:01:09,12,2,0,14
2024-07-10T01:16:53,12,2,0,14
2024-07-10T01:32:38,12,2,0,14
2024-07-10T01:48:20,12,2,0,14
2024-07-10T02:04:04,12,2,0,14
2024-07-10T02:19:46,12,2,0,14
2024-07-10T02:35:49,12,2,0,14
2024-07-10T02:51:31,12,2,0,14
2024-07-10T03:07:14,12,2,0,14
2024-07-10T03:23:00,12,2,0,14
2024-07-10T03:38:45,12,2,0,14
2024-07-10T03:54:27,12,2,0,14
2024-07-10T04:10:12,12,2,0,14
2024-07-10T04:35:59,12,2,0,14
2024-07-10T04:51:52,12,2,0,14
2024-07-10T05:07:44,12,2,0,14
2024-07-10T05:25:12,12,2,0,14
2024-07-10T05:40:57,12,2,0,14
2024-07-10T05:56:42,12,2,0,14
2024-07-11T05:14:54,12,2,0,14
2024-07-11T05:30:44,12,2,0,14
2024-07-11T05:47:00,12,2,0,14
2024-07-11T06:02:55,12,2,0,14
2024-07-11T06:18:57,12,2,0,14
2024-07-11T06:36:13,12,2,0,14
2024-07-11T07:01:49,12,2,0,14
2024-07-11T07:25:24,12,2,0,14
2024-07-11T07:46:53,12,2,0,14
2024-07-11T08:06:24,12,2,0,14
2024-07-11T08:22:16,12,2,0,14
2024-07-11T08:38:17,12,2,0,14
2024-07-11T08:54:09,12,2,0,14
2024-07-11T09:09:54,12,2,0,14
2024-07-11T09:25:38,12,2,0,14
2024-07-11T09:41:32,12,2,0,14
2024-07-11T09:57:42,12,2,0,14
2024-07-11T10:13:36,12,2,0,14
2024-07-11T10:29:33,12,2,0,14
2024-07-11T10:45:27,12,2,0,14
2024-07-11T11:01:28,12,2,0,14
2024-07-11T11:17:22,12,2,0,14
2024-07-11T11:33:08,12,2,0,14
2024-07-11T11:49:01,12,2,0,14
2024-07-11T12:05:08,12,2,0,14
2024-07-11T12:20:51,12,2,0,14
2024-07-11T12:36:42,12,2,0,14
2024-07-11T12:52:26,12,2,0,14
2024-07-11T13:08:25,12,2,0,14
2024-07-11T13:24:09,12,2,0,14
2024-07-11T13:39:52,12,2,0,14
2024-07-11T13:55:53,12,2,0,14
2024-07-11T14:11:36,12,2,0,14
2024-07-11T14:27:28,12,2,0,14
2024-07-11T14:43:11,12,2,0,14
2024-07-11T14:59:03,12,2,0,14
2024-07-11T15:14:45,12,2,0,14
2024-07-11T15:30:28,12,2,0,14
2024-07-11T15:46:23,12,2,0,14
2024-07-11T16:02:07,12,2,0,14
2024-07-11T16:17:59,12,2,0,14
2024-07-11T16:33:43,12,2,0,14
2024-07-11T16:49:35,12,2,0,14
2024-07-11T17:05:18,12,2,0,14
2024-07-11T17:21:01,12,2,0,14
2024-07-11T17:36:55,12,2,0,14
2024-07-11T17:52:38,12,2,0,14
2024-07-11T18:08:40,12,2,0,14
2024-07-11T18:24:21,12,2,0,14
2024-07-11T18:40:13,12,2,0,14
2024-07-11T18:55:55,12,2,0,14
2024-07-11T19:12:02,12,2,0,14
2024-07-11T19:27:45,12,2,0,14
2024-07-11T19:43:28,12,2,0,14
2024-07-11T19:59:21,12,2,0,14
2024-07-11T20:15:04,12,2,0,14
2024-07-11T20:30:56,12,2,0,14
2024-07-11T20:46:39,12,2,0,14
2024-07-11T21:02:22,12,2,0,14
2024-07-11T21:18:24,12,2,0,14
2024-07-11T21:34:06,12,2,0,14
2024-07-11T21:50:06,12,2,0,14
2024-07-11T22:05:49,12,2,0,14
2024-07-11T22:21:32,12,2,0,14
2024-07-11T22:37:24,12,2,0,14
2024-07-11T22:53:06,12,2,0,14
2024-07-11T23:09:06,12,2,0,14
2024-07-11T23:24:50,12,2,0,14
2024-07-11T23:40:35,12,2,0,14
2024-07-11T23:56:36,12,2,0,14
2024-07-12T00:12:22,12,2,0,14
2024-07-12T00:28:21,12,2,0,14
2024-07-12T00:44:09,12,2,0,14
2024-07-12T00:59:57,12,2,0,14
2024-07-12T01:16:08,12,2,0,14
2024-07-12T01:31:55,12,2,0,14
2024-07-12T01:47:51,12,2,0,14
2024-07-12T02:03:47,12,2,0,14
2024-07-12T02:19:35,12,2,0,14
2024-07-12T02:35:38,12,2,0,14
2024-07-12T02:51:30,12,2,0,14
2024-07-12T03:07:30,12,2,0,14
2024-07-12T03:23:28,12,2,0,14
2024-07-12T03:39:14,12,2,0,14
2024-07-12T03:55:00,12,2,0,14
2024-07-12T04:11:10,12,2,0,14
2024-07-12T04:37:10,12,2,0,14
2024-07-12T04:54:31,12,2,0,14
2024-07-12T05:10:22,12,2,0,14
2024-07-12T05:26:20,12,2,0,14
2024-07-12T05:42:08,12,2,0,14
2024-07-12T05:58:03,12,2,0,14
2024-07-12T06:13:49,12,2,0,14
2024-07-12T06:29:35,12,2,0,14
2024-07-12T06:45:29,12,2,0,14
2024-07-12T07:01:15,12,2,0,14
2024-07-12T07:17:04,12,2,0,14
2024-07-12T07:32:58,12,2,0,14
2024-07-12T07:48:43,12,2,0,14
2024-07-12T08:04:28,12,2,0,14
2024-07-12T08:20:20,12,2,0,14
2024-07-12T08:36:03,12,2,0,14
2024-07-12T08:51:45,12,2,0,14
2024-07-12T09:07:36,12,2,0,14
2024-07-12T09:23:20,12,2,0,14
2024-07-12T09:39:11,12,2,0,14
2024-07-12T09:54:54,12,2,0,14
2024-07-12T10:10:35,12,2,0,14
2024-07-12T10:26:25,12,2,0,14
2024-07-12T10:42:10,12,2,0,14
2024-07-12T10:58:01,12,2,0,14
2024-07-12T11:13:45,12,2,0,14
2024-07-12T11:29:28,12,2,0,14
2024-07-12T11:45:21,12,2,0,14
2024-07-12T12:01:04,12,2,0,14
2024-07-12T12:16:46,12,2,0,14
2024-07-12T12:32:38,12,2,0,14
2024-07-12T12:48:19,12,2,0,14
2024-07-12T13:04:10,12,2,0,14
2024-07-12T13:19:52,12,2,0,14
2024-07-12T13:35:42,12,2,0,14
2024-07-12T13:51:22,12,2,0,14
2024-07-12T14:07:03,12,2,0,14
2024-07-12T14:22:52,12,2,0,14
2024-07-12T14:38:33,12,2,0,14
2024-07-12T14:54:24,12,2,0,14
2024-07-12T15:10:06,12,2,0,14
2024-07-12T15:25:47,12,2,0,14
2024-07-12T15:41:38,12,2,0,14
2024-07-12T15:57:20,12,2,0,14
2024-07-12T16:13:11,12,2,0,14
2024-07-12T16:28:52,12,2,0,14
2024-07-12T16:44:32,12,2,0,14
2024-07-12T17:00:22,12,2,0,14
2024-07-12T17:16:06,12,2,0,14
2024-07-12T17:31:56,12,2,0,14
2024-07-12T17:47:38,12,2,0,14
2024-07-12T18:03:20,12,2,0,14
2024-07-12T18:19:10,12,2,0,14
2024-07-12T18:34:51,12,2,0,14
2024-07-12T18:50:42,12,2,0,14
2024-07-12T19:06:23,12,2,0,14
2024-07-12T19:22:04,12,2,0,14
2024-07-12T19:37:55,12,2,0,14
2024-07-12T19:53:36,12,2,0,14
2024-07-12T20:09:26,12,2,0,14
2024-07-12T20:25:07,12,2,0,14
2024-07-12T20:40:58,12,2,0,14
2024-07-12T20:56:40,12,2,0,14
2024-07-12T21:12:22,12,2,0,14
2024-07-12T21:28:13,12,2,0,14
2024-07-12T21:43:55,12,2,0,14
2024-07-12T21:59:37,12,2,0,14
2024-07-12T22:15:29,12,2,0,14
2024-07-12T22:31:11,12,2,0,14
2024-07-12T22:46:53,12,2,0,14
2024-07-12T23:02:45,12,2,0,14
2024-07-12T23:18:28,12,2,0,14
2024-07-12T23:34:19,12,2,0,14
2024-07-12T23:50:01,12,2,0,14
2024-07-13T00:05:48,12,2,0,14
2024-07-13T00:21:50,12,2,0,14
2024-07-13T00:37:41,12,2,0,14
2024-07-13T00:53:30,12,2,0,14
2024-07-13T01:09:13,12,2,0,14
2024-07-13T01:24:58,12,2,0,14
2024-07-13T01:40:45,12,2,0,14
2024-07-13T01:56:41,12,2,0,14
2024-07-13T02:12:27,12,2,0,14
2024-07-13T02:28:09,12,2,0,14
2024-07-13T02:44:04,12,2,0,14
2024-07-13T02:59:55,12,2,0,14
2024-07-13T03:15:52,12,2,0,14
2024-07-13T03:31:35,12,2,0,14
2024-07-13T03:47:17,12,2,0,14
2024-07-13T04:03:11,12,2,0,14
2024-07-13T04:35:19,12,2,0,14
2024-07-13T04:51:06,12,2,0,14
2024-07-13T05:06:51,12,2,0,14
2024-07-13T05:23:00,12,2,0,14
2024-07-13T05:38:47,12,2,0,14
2024-07-13T05:54:38,12,2,0,14
2024-07-13T06:10:22,12,2,0,14
2024-07-13T06:26:07,12,2,0,14
2024-07-13T06:41:59,12,2,0,14
2024-07-13T06:57:42,12,2,0,14
2024-07-13T07:13:28,12,2,0,14
2024-07-13T07:29:20,12,2,0,14
2024-07-13T07:45:04,12,2,0,14
2024-07-13T08:00:55,12,2,0,14
2024-07-13T08:16:38,12,2,0,14
2024-07-13T08:32:23,12,2,0,14
2024-07-13T08:48:13,12,2,0,14
2024-07-13T09:03:57,12,2,0,14
2024-07-13T09:19:41,12,2,0,14
2024-07-13T09:35:33,12,2,0,14
2024-07-13T09:51:18,12,2,0,14
2024-07-13T10:07:09,12,2,0,14
2024-07-13T10:22:54,12,2,0,14
2024-07-13T10:38:37,12,2,0,14
2024-07-13T10:54:28,12,2,0,14
2024-07-13T11:10:10,12,2,0,14
2024-07-13T11:26:00,12,2,0,14
2024-07-13T11:41:43,12,2,0,14
2024-07-13T11:57:26,12,2,0,14
2024-07-13T12:13:16,12,2,0,14
2024-07-13T12:28:59,12,2,0,14
2024-07-13T12:44:42,12,2,0,14
2024-07-13T13:00:33,12,2,0,14
2024-07-13T13:16:13,12,2,0,14
2024-07-13T13:32:02,12,2,0,14
2024-07-13T13:47:43,12,2,0,14
2024-07-13T14:03:23,12,2,0,14
2024-07-13T14:19:13,12,2,0,14
2024-07-13T14:34:53,12,2,0,14
2024-07-13T14:50:43,12,2,0,14
2024-07-13T15:06:24,12,2,0,14
2024-07-13T15:22:04,12,2,0,14
2024-07-13T15:37:52,12,2,0,14
2024-07-13T15:53:33,12,2,0,14
2024-07-13T16:09:13,12,2,0,14
2024-07-13T16:25:02,12,2,0,14
2024-07-13T16:40:42,12,2,0,14
2024-07-13T16:56:30,12,2,0,14
2024-07-13T17:12:12,12,2,0,14
2024-07-13T17:27:53,12,2,0,14
2024-07-13T17:43:42,12,2,0,14
2024-07-13T17:59:22,12,2,0,14
2024-07-13T18:15:11,12,2,0,14
2024-07-13T18:30:53,12,2,0,14
2024-07-13T18:46:34,12,2,0,14
2024-07-13T19:02:22,12,2,0,14
2024-07-13T19:18:03,12,2,0,14
2024-07-13T19:33:52,12,2,0,14
2024-07-13T19:49:33,12,2,0,14
2024-07-13T20:05:15,12,2,0,14
2024-07-13T20:21:05,12,2,0,14
2024-07-13T20:36:46,12,2,0,14
2024-07-13T20:52:27,12,2,0,14
2024-07-13T21:08:17,12,2,0,14
2024-07-13T21:23:57,12,2,0,14
2024-07-13T21:39:47,12,2,0,14
2024-07-13T21:55:28,12,2,0,14
2024-07-13T22:11:19,12,2,0,14
2024-07-13T22:27:00,12,2,0,14
2024-07-13T22:42:42,12,2,0,14
2024-07-13T22:58:31,12,2,0,14
2024-07-13T23:14:13,12,2,0,14
2024-07-13T23:30:03,12,2,0,14
2024-07-13T23:45:45,12,2,0,14
2024-07-14T00:01:36,12,2,0,14
2024-07-14T00:17:25,12,2,0,14
2024-07-14T00:33:14,12,2,0,14
2024-07-14T00:49:09,12,2,0,14
2024-07-14T01:04:54,12,2,0,14
2024-07-14T01:20:36,12,2,0,14
2024-07-14T01:36:31,12,2,0,14
2024-07-14T01:52:15,12,2,0,14
2024-07-14T02:08:00,12,2,0,14
2024-07-14T02:23:54,12,2,0,14
2024-07-14T02:39:50,12,2,0,14
2024-07-14T02:55:34,12,2,0,14
2024-07-14T03:11:27,12,2,0,14
2024-07-14T03:27:12,12,2,0,14
2024-07-14T03:42:56,12,2,0,14
2024-07-14T03:58:49,12,2,0,14
2024-07-14T04:14:35,12,2,0,14
2024-07-14T04:36:27,12,2,0,14
2024-07-14T04:52:16,12,2,0,14
2024-07-14T05:08:10,12,2,0,14
2024-07-14T05:23:55,12,2,0,14
2024-07-14T05:39:39,12,2,0,14
2024-07-14T05:55:36,12,2,0,14
2024-07-14T06:11:23,12,2,0,14
2024-07-14T06:27:07,12,2,0,14
2024-07-14T06:43:00,12,2,0,14
2024-07-14T06:58:42,12,2,0,14
2024-07-14T07:14:34,12,2,0,14
2024-07-14T07:30:18,12,2,0,14
2024-07-14T07:46:00,12,2,0,14
2024-07-14T08:01:50,12,2,0,14
2024-07-14T08:17:33,12,2,0,14
2024-07-14T08:33:19,12,2,0,14
2024-07-14T08:49:15,12,2,0,14
2024-07-14T09:05:00,12,2,0,14
2024-07-14T09:20:45,12,2,0,14
2024-07-14T09:36:35,12,2,0,14
2024-07-14T09:52:20,12,2,0,14
2024-07-14T10:08:04,12,2,0,14
2024-07-14T10:24:02,12,2,0,14
2024-07-14T10:39:45,12,2,0,14
2024-07-14T10:55:35,12,2,0,14
2024-07-14T11:11:17,12,2,0,14
2024-07-14T11:26:59,12,2,0,14
2024-07-14T11:42:47,12,2,0,14
2024-07-14T11:58:29,12,2,0,14
2024-07-14T12:14:11,12,2,0,14
2024-07-14T12:30:06,12,2,0,14
2024-07-14T12:45:47,12,2,0,14
2024-07-14T13:01:36,12,2,0,14
2024-07-14T13:17:19,12,2,0,14
2024-07-14T13:33:00,12,2,0,14
2024-07-14T13:48:55,12,2,0,14
2024-07-14T14:04:38,12,2,0,14
2024-07-14T14:20:27,12,2,0,14
2024-07-14T14:36:09,12,2,0,14
2024-07-14T14:51:50,12,2,0,14
2024-07-14T15:07:39,12,2,0,14
2024-07-14T15:23:22,12,2,0,14
2024-07-14T15:39:03,12,2,0,14
2024-07-14T15:54:58,12,2,0,14
2024-07-14T16:10:40,12,2,0,14
2024-07-14T16:26:32,12,2,0,14
2024-07-14T16:42:14,12,2,0,14
2024-07-14T16:57:56,12,2,0,14
2024-07-14T17:13:48,12,2,0,14
2024-07-14T17:29:30,12,2,0,14
2024-07-14T17:45:11,12,2,0,14
2024-07-14T18:01:01,12,2,0,14
2024-07-14T18:16:43,12,2,0,14
2024-07-14T18:32:33,12,2,0,14
2024-07-14T18:48:16,12,2,0,14
2024-07-14T19:04:01,12,2,0,14
2024-07-14T19:20:01,12,2,0,14
2024-07-14T19:35:46,12,2,0,14
2024-07-14T19:51:40,12,2,0,14
2024-07-14T20:07:24,12,2,0,14
2024-07-14T20:23:07,12,2,0,14
2024-07-14T20:39:03,12,2,0,14
2024-07-14T20:54:45,12,2,0,14
2024-07-14T21:10:36,12,2,0,14
2024-07-14T21:26:21,12,2,0,14
2024-07-14T21:42:04,12,2,0,14
2024-07-14T21:58:06,12,2,0,14
2024-07-14T22:13:49,12,2,0,14
2024-07-14T22:29:40,12,2,0,14
2024-07-14T22:45:22,12,2,0,14
2024-07-14T23:01:04,12,2,0,14
2024-07-14T23:16:56,12,2,0,14
2024-07-14T23:32:39,12,2,0,14
2024-07-14T23:48:22,12,2,0,14
2024-07-15T00:04:15,12,2,0,14
2024-07-15T00:20:04,12,2,0,14
2024-07-15T00:35:54,12,2,0,14
2024-07-15T00:51:51,12,2,0,14
2024-07-15T01:07:47,12,2,0,14
2024-07-15T01:23:43,12,2,0,14
2024-07-15T01:39:29,12,2,0,14
2024-07-15T01:55:14,12,2,0,14
2024-07-15T02:11:08,12,2,0,14
2024-07-15T02:27:04,12,2,0,14
2024-07-15T02:42:48,12,2,0,14
2024-07-15T02:58:40,12,2,0,14
2024-07-15T03:14:25,12,2,0,14
2024-07-15T03:30:09,12,2,0,14
2024-07-15T03:46:02,12,2,0,14
2024-07-15T04:01:48,12,2,0,14
2024-07-15T04:23:04,12,2,0,14
2024-07-15T04:40:20,12,2,0,14
2024-07-15T04:56:08,12,2,0,14
2024-07-15T05:12:09,12,2,0,14
2024-07-15T05:27:55,12,2,0,14
2024-07-15T05:43:48,12,2,0,14
2024-07-15T05:59:34,12,2,0,14
2024-07-15T06:15:20,12,2,0,14
2024-07-15T06:31:13,12,2,0,14
2024-07-15T06:46:58,12,2,0,14
2024-07-15T07:02:43,12,2,0,14
2024-07-15T07:18:43,12,2,0,14
2024-07-15T07:34:24,12,2,0,14
2024-07-15T07:50:06,12,2,0,14
2024-07-15T08:05:57,12,2,0,14
2024-07-15T08:21:39,12,2,0,14
2024-07-15T08:37:23,12,2,0,14
2024-07-15T08:53:19,12,2,0,14
2024-07-15T09:09:02,12,2,0,14
2024-07-15T09:24:51,12,2,0,14
2024-07-15T09:40:33,12,2,0,14
2024-07-15T09:56:15,12,2,0,14
2024-07-15T10:11:58,12,2,0,14
2024-07-15T10:27:40,12,2,0,14
2024-07-15T10:43:22,12,2,0,14
2024-07-15T10:59:14,12,2,0,14
2024-07-15T11:14:58,12,2,0,14
2024-07-15T11:30:48,12,2,0,14
2024-07-15T11:46:31,12,2,0,14
2024-07-15T12:02:28,12,2,0,14
2024-07-15T12:18:11,12,2,0,14
2024-07-15T12:33:53,12,2,0,14
2024-07-15T12:49:44,12,2,0,14
2024-07-15T13:05:27,12,2,0,14
2024-07-15T13:21:22,12,2,0,14
2024-07-15T13:37:04,12,2,0,14
2024-07-15T13:52:47,12,2,0,14
2024-07-15T14:08:39,12,2,0,14
2024-07-15T14:24:22,12,2,0,14
2024-07-15T14:40:20,12,2,0,14
2024-07-15T14:56:03,12,2,0,14
2024-07-15T15:11:55,12,2,0,14
2024-07-15T15:27:37,12,2,0,14
2024-07-15T15:43:29,12,2,0,14
2024-07-15T15:59:11,12,2,0,14
2024-07-15T16:14:55,12,2,0,14
2024-07-15T16:30:38,12,2,0,14
2024-07-15T16:46:20,12,2,0,14
2024-07-15T17:02:03,12,2,0,14
2024-07-15T17:18:04,12,2,0,14
2024-07-15T17:33:45,12,2,0,14
2024-07-15T17:49:27,12,2,0,14
2024-07-15T18:05:10,12,2,0,14
2024-07-15T18:20:53,12,2,0,14
2024-07-15T18:36:36,12,2,0,14
2024-07-15T18:52:17,12,2,0,14
2024-07-15T19:08:00,12,2,0,14
2024-07-15T19:23:43,12,2,0,14
2024-07-15T19:39:26,12,2,0,14
2024-07-15T19:55:08,12,2,0,14
2024-07-15T20:11:01,12,2,0,14
2024-07-15T20:26:44,12,2,0,14
2024-07-15T20:42:27,12,2,0,14
2024-07-15T20:58:10,12,2,0,14
2024-07-15T21:13:53,12,2,0,14
2024-07-15T21:29:36,12,2,0,14
2024-07-15T21:45:19,12,2,0,14
2024-07-15T22:01:13,12,2,0,14
2024-07-15T22:16:56,12,2,0,14
2024-07-15T22:32:39,12,2,0,14
2024-07-15T22:48:23,12,2,0,14
2024-07-15T23:04:26,12,2,0,14
2024-07-15T23:20:10,12,2,0,14
2024-07-15T23:35:53,12,2,0,14
2024-07-15T23:51:36,12,2,0,14
2024-07-16T00:07:23,12,2,0,14
2024-07-16T00:23:09,12,2,0,14
2024-07-16T00:39:17,12,2,0,14
2024-07-16T00:55:06,12,2,0,14
2024-07-16T01:10:53,12,2,0,14
2024-07-16T01:26:38,12,2,0,14
2024-07-16T01:42:24,12,2,0,14
2024-07-16T01:58:09,12,2,0,14
2024-07-16T02:14:03,12,2,0,14
2024-07-16T02:29:48,12,2,0,14
2024-07-16T02:45:34,12,2,0,14
2024-07-16T03:01:19,12,2,0,14
2024-07-16T03:17:13,12,2,0,14
2024-07-16T03:32:56,12,2,0,14
2024-07-16T03:48:40,12,2,0,14
2024-07-16T04:04:24,12,2,0,14
2024-07-16T04:23:22,12,2,0,14
2024-07-16T04:39:30,12,2,0,14
2024-07-16T04:55:23,12,2,0,14
2024-07-16T05:11:12,12,2,0,14
2024-07-16T05:27:00,12,2,0,14
2024-07-16T05:42:50,12,2,0,14
2024-07-16T05:58:36,12,2,0,14
2024-07-16T06:14:22,12,2,0,14
2024-07-16T06:30:08,12,2,0,14
2024-07-16T06:45:53,12,2,0,14
2024-07-16T07:01:43,12,2,0,14
2024-07-16T07:17:35,12,2,0,14
2024-07-16T07:33:21,12,2,0,14
2024-07-16T07:49:04,12,2,0,14
2024-07-16T08:04:49,12,2,0,14
2024-07-16T08:20:35,12,2,0,14
2024-07-16T08:36:20,12,2,0,14
2024-07-16T08:52:13,12,2,0,14
2024-07-16T09:07:59,12,2,0,14
2024-07-16T09:23:44,12,2,0,14
2024-07-16T09:39:29,12,2,0,14
2024-07-16T09:55:13,12,2,0,14
2024-07-16T10:10:57,12,2,0,14
2024-07-16T10:26:40,12,2,0,14
2024-07-16T10:42:22,12,2,0,14
2024-07-16T10:58:05,12,2,0,14
2024-07-16T11:13:58,12,2,0,14
2024-07-16T11:29:41,12,2,0,14
2024-07-16T11:45:24,12,2,0,14
2024-07-16T12:01:06,12,2,0,14
2024-07-16T12:16:48,12,2,0,14
2024-07-16T12:32:31,12,2,0,14
2024-07-16T12:48:14,12,2,0,14
2024-07-16T13:03:57,12,2,0,14
2024-07-16T13:19:41,12,2,0,14
2024-07-16T13:35:34,12,2,0,14
2024-07-16T13:51:18,12,2,0,14
2024-07-16T14:07:02,12,2,0,14
2024-07-16T14:22:45,12,2,0,14
2024-07-16T14:38:29,12,2,0,14
2024-07-16T14:54:13,12,2,0,14
2024-07-16T15:09:57,12,2,0,14
2024-07-16T15:25:40,12,2,0,14
2024-07-16T15:41:24,12,2,0,14
2024-07-16T15:57:09,12,2,0,14
2024-07-16T16:13:03,12,2,0,14
2024-07-16T16:28:47,12,2,0,14
2024-07-16T16:44:30,12,2,0,14
2024-07-16T17:00:13,12,2,0,14
2024-07-16T17:15:58,12,2,0,14
2024-07-16T17:31:44,12,2,0,14
2024-07-16T17:47:27,12,2,0,14
2024-07-16T18:03:11,12,2,0,14
2024-07-16T18:18:54,12,2,0,14
2024-07-16T18:34:38,12,2,0,14
2024-07-16T18:50:21,12,2,0,14
2024-07-16T19:06:04,12,2,0,14
2024-07-16T19:21:58,12,2,0,14
2024-07-16T19:37:41,12,2,0,14
2024-07-16T19:53:24,12,2,0,14
2024-07-16T20:09:07,12,2,0,14
2024-07-16T20:24:51,12,2,0,14
2024-07-16T20:40:34,12,2,0,14
2024-07-16T20:56:18,12,2,0,14
2024-07-16T21:12:01,12,2,0,14
2024-07-16T21:27:45,12,2,0,14
2024-07-16T21:43:30,12,2,0,14
2024-07-16T21:59:30,12,2,0,14
2024-07-16T22:15:15,12,2,0,14
2024-07-16T22:30:59,12,2,0,14
2024-07-16T22:46:43,12,2,0,14
2024-07-16T23:02:26,12,2,0,14
2024-07-16T23:18:10,12,2,0,14
2024-07-16T23:33:54,12,2,0,14
2024-07-16T23:49:38,12,2,0,14
2024-07-17T00:05:23,12,2,0,14
2024-07-17T00:21:12,12,2,0,14
2024-07-17T00:37:00,12,2,0,14
2024-07-17T00:52:48,12,2,0,14
2024-07-17T01:08:35,12,2,0,14
2024-07-17T01:24:24,12,2,0,14
2024-07-17T01:40:12,12,2,0,14
2024-07-17T01:55:59,12,2,0,14
2024-07-17T02:11:46,12,2,0,14
2024-07-17T02:27:43,12,2,0,14
2024-07-17T02:43:32,12,2,0,14
2024-07-17T02:59:19,12,2,0,14
2024-07-17T03:15:08,12,2,0,14
2024-07-17T03:30:56,12,2,0,14
2024-07-17T03:46:42,12,2,0,14
2024-07-17T04:02:29,12,2,0,14
2024-07-17T04:23:03,12,2,0,14
2024-07-17T04:38:53,12,2,0,14
2024-07-17T04:54:41,12,2,0,14
2024-07-17T05:10:30,12,2,0,14
2024-07-17T05:26:18,12,2,0,14
2024-07-17T05:43:25,12,2,0,14
2024-07-17T05:59:32,12,2,0,14
2024-07-17T06:15:22,12,2,0,14
2024-07-17T06:31:09,12,2,0,14
2024-07-17T06:46:56,12,2,0,14
2024-07-17T07:02:42,12,2,0,14
2024-07-17T07:18:31,12,2,0,14
2024-07-17T07:34:23,12,2,0,14
2024-07-17T07:50:08,12,2,0,14
2024-07-17T08:05:52,12,2,0,14
2024-07-17T08:21:40,12,2,0,14
2024-07-17T08:37:24,12,2,0,14
2024-07-17T08:53:09,12,2,0,14
2024-07-17T09:08:54,12,2,0,14
2024-07-17T09:24:48,12,2,0,14
2024-07-17T09:40:32,12,2,0,14
2024-07-17T09:56:16,12,2,0,14
2024-07-17T10:11:59,12,2,0,14
2024-07-17T10:27:44,12,2,0,14
2024-07-17T10:43:29,12,2,0,14
2024-07-17T10:59:14,12,2,0,14
2024-07-17T11:15:01,12,2,0,14
2024-07-17T11:30:48,12,2,0,14
2024-07-17T11:46:31,12,2,0,14
2024-07-17T12:02:16,12,2,0,14
2024-07-17T12:18:10,12,2,0,14
2024-07-17T12:33:54,12,2,0,14
2024-07-17T12:49:38,12,2,0,14
2024-07-17T13:05:22,12,2,0,14
2024-07-17T13:21:07,12,2,0,14
2024-07-17T13:36:51,12,2,0,14
2024-07-17T13:52:35,12,2,0,14
2024-07-17T14:08:17,12,2,0,14
2024-07-17T14:24:01,12,2,0,14
2024-07-17T14:39:45,12,2,0,14
2024-07-17T14:55:38,12,2,0,14
2024-07-17T15:11:21,12,2,0,14
2024-07-17T15:27:05,12,2,0,14
2024-07-17T15:42:48,12,2,0,14
2024-07-17T15:58:32,12,2,0,14
2024-07-17T16:14:15,12,2,0,14
2024-07-17T16:29:58,12,2,0,14
2024-07-17T16:45:42,12,2,0,14
2024-07-17T17:01:35,12,2,0,14
2024-07-17T17:17:23,12,2,0,14
2024-07-17T17:33:06,12,2,0,14
2024-07-17T17:48:49,12,2,0,14
2024-07-17T18:04:32,12,2,0,14
2024-07-17T18:20:17,12,2,0,14
2024-07-17T18:36:00,12,2,0,14
2024-07-17T18:51:43,12,2,0,14
2024-07-17T19:07:26,12,2,0,14
2024-07-17T19:23:18,12,2,0,14
2024-07-17T19:39:02,12,2,0,14
2024-07-17T19:54:44,12,2,0,14
2024-07-17T20:10:27,12,2,0,14
2024-07-17T20:26:10,12,2,0,14
2024-07-17T20:41:53,12,2,0,14
2024-07-17T20:57:37,12,2,0,14
2024-07-17T21:13:19,12,2,0,14
2024-07-17T21:29:03,12,2,0,14
2024-07-17T21:44:47,12,2,0,14
2024-07-17T22:00:43,12,2,0,14
2024-07-17T22:16:26,12,2,0,14
2024-07-17T22:32:09,12,2,0,14
2024-07-17T22:48:02,12,2,0,14
2024-07-17T23:03:46,12,2,0,14
2024-07-17T23:19:30,12,2,0,14
2024-07-17T23:35:15,12,2,0,14
2024-07-17T23:50:58,12,2,0,14
2024-07-18T00:06:43,12,2,0,14
2024-07-18T00:22:33,12,2,0,14
2024-07-18T00:38:24,12,2,0,14
2024-07-18T00:54:14,12,2,0,14
2024-07-18T01:10:03,12,2,0,14
2024-07-18T01:25:49,12,2,0,14
2024-07-18T01:41:36,12,2,0,14
2024-07-18T01:57:23,12,2,0,14
2024-07-18T02:13:08,12,2,0,14
2024-07-18T02:28:53,12,2,0,14
2024-07-18T02:44:40,12,2,0,14
2024-07-18T03:00:26,12,2,0,14
2024-07-18T03:16:22,12,2,0,14
2024-07-18T03:32:08,12,2,0,14
2024-07-18T03:47:53,12,2,0,14
2024-07-18T04:03:41,12,2,0,14
2024-07-18T04:32:16,12,2,0,14
2024-07-18T04:49:21,12,2,0,14
2024-07-18T05:05:27,12,2,0,14
2024-07-18T05:21:16,12,2,0,14
2024-07-18T05:37:04,12,2,0,14
2024-07-18T05:52:51,12,2,0,14
2024-07-18T06:08:38,12,2,0,14
2024-07-18T06:24:24,12,2,0,14
2024-07-18T06:40:12,12,2,0,14
2024-07-18T06:56:01,12,2,0,14
2024-07-18T07:11:49,12,2,0,14
2024-07-18T07:27:36,12,2,0,14
2024-07-18T07:43:22,12,2,0,14
2024-07-18T07:59:07,12,2,0,14
2024-07-18T08:15:01,12,2,0,14
2024-07-18T08:30:50,12,2,0,14
2024-07-18T08:46:36,12,2,0,14
2024-07-18T09:02:22,12,2,0,14
2024-07-18T09:18:08,12,2,0,14
2024-07-18T09:33:51,12,2,0,14
2024-07-18T09:49:45,12,2,0,14
2024-07-18T10:05:29,12,2,0,14
2024-07-18T10:21:13,12,2,0,14
2024-07-18T10:36:56,12,2,0,14
2024-07-18T10:52:39,12,2,0,14
2024-07-18T11:08:23,12,2,0,14
2024-07-18T11:24:06,12,2,0,14
2024-07-18T11:39:50,12,2,0,14
2024-07-18T11:55:34,12,2,0,14
2024-07-18T12:11:18,12,2,0,14
2024-07-18T12:27:13,12,2,0,14
2024-07-18T12:42:56,12,2,0,14
2024-07-18T12:58:40,12,2,0,14
2024-07-18T13:14:24,12,2,0,14
2024-07-18T13:30:08,12,2,0,14
2024-07-18T13:45:52,12,2,0,14
2024-07-18T14:01:35,12,2,0,14
2024-07-18T14:17:18,12,2,0,14
2024-07-18T14:33:02,12,2,0,14
2024-07-18T14:48:57,12,2,0,14
2024-07-18T15:04:40,12,2,0,14
2024-07-18T15:20:24,12,2,0,14
2024-07-18T15:36:08,12,2,0,14
2024-07-18T15:51:55,12,2,0,14
2024-07-18T16:07:39,12,2,0,14
2024-07-18T16:23:22,12,2,0,14
2024-07-18T16:39:04,12,2,0,14
2024-07-18T16:54:49,12,2,0,14
2024-07-18T17:10:45,12,2,0,14
2024-07-18T17:26:29,12,2,0,14
2024-07-18T17:42:12,12,2,0,14
2024-07-18T17:57:55,12,2,0,14
2024-07-18T18:13:40,12,2,0,14
2024-07-18T18:29:24,12,2,0,14
2024-07-18T18:45:08,12,2,0,14
2024-07-18T19:00:52,12,2,0,14
2024-07-18T19:16:35,12,2,0,14
2024-07-18T19:32:17,12,2,0,14
2024-07-18T19:48:00,12,2,0,14
2024-07-18T20:03:49,12,2,0,14
2024-07-18T20:19:31,12,2,0,14
2024-07-18T20:35:24,12,2,0,14
2024-07-18T20:51:08,12,2,0,14
2024-07-18T21:06:52,12,2,0,14
2024-07-18T21:22:39,12,2,0,14
2024-07-18T21:38:23,12,2,0,14
2024-07-18T21:54:12,12,2,0,14
2024-07-18T22:09:55,12,2,0,14
2024-07-18T22:25:39,12,2,0,14
2024-07-18T22:41:23,12,2,0,14
2024-07-18T22:57:07,12,2,0,14
2024-07-18T23:12:53,12,2,0,14
2024-07-18T23:28:37,12,2,0,14
2024-07-18T23:44:21,12,2,0,14
2024-07-19T00:00:05,12,2,0,14
2024-07-19T00:16:02,12,2,0,14
2024-07-19T00:31:52,12,2,0,14
2024-07-19T00:47:41,12,2,0,14
2024-07-19T01:03:29,12,2,0,14
2024-07-19T01:19:16,12,2,0,14
2024-07-19T01:35:04,12,2,0,14
2024-07-19T01:50:53,12,2,0,14
2024-07-19T02:06:40,12,2,0,14
2024-07-19T02:22:25,12,2,0,14
2024-07-19T02:38:16,12,2,0,14
2024-07-19T02:54:02,12,2,0,14
2024-07-19T03:09:48,12,2,0,14
2024-07-19T03:25:36,12,2,0,14
2024-07-19T03:41:44,12,2,0,14
2024-07-19T03:57:31,12,2,0,14
2024-07-19T04:13:21,12,2,0,14
2024-07-19T04:33:59,12,2,0,14
2024-07-19T04:49:49,12,2,0,14
2024-07-19T05:05:43,12,2,0,14
2024-07-19T05:21:32,12,2,0,14
2024-07-19T05:37:20,12,2,0,14
2024-07-19T05:53:07,12,2,0,14
2024-07-19T06:08:54,12,2,0,14
2024-07-19T06:24:41,12,2,0,14
2024-07-19T06:40:26,12,2,0,14
2024-07-19T06:56:13,12,2,0,14
2024-07-19T07:12:02,12,2,0,14
2024-07-19T07:27:48,12,2,0,14
2024-07-19T07:43:32,12,2,0,14
2024-07-19T07:59:17,12,2,0,14
2024-07-19T08:15:06,12,2,0,14
2024-07-19T08:30:51,12,2,0,14
2024-07-19T08:46:36,12,2,0,14
2024-07-19T09:02:20,12,2,0,14
2024-07-19T09:18:04,12,2,0,14
2024-07-19T09:33:48,12,2,0,14
2024-07-19T09:49:31,12,2,0,14
2024-07-19T10:05:23,12,2,0,14
2024-07-19T10:21:07,12,2,0,14
2024-07-19T10:36:50,12,2,0,14
2024-07-19T10:52:34,12,2,0,14
2024-07-19T11:08:19,12,2,0,14
2024-07-19T11:24:04,12,2,0,14
2024-07-19T11:39:47,12,2,0,14
2024-07-19T11:55:31,12,2,0,14
2024-07-19T12:11:14,12,2,0,14
2024-07-19T12:27:00,12,2,0,14
2024-07-19T12:42:43,12,2,0,14
2024-07-19T12:58:37,12,2,0,14
2024-07-19T13:14:20,12,2,0,14
2024-07-19T13:30:03,12,2,0,14
2024-07-19T13:45:47,12,2,0,14
2024-07-19T14:01:31,12,2,0,14
2024-07-19T14:17:14,12,2,0,14
2024-07-19T14:32:58,12,2,0,14
2024-07-19T14:48:42,12,2,0,14
2024-07-19T15:04:26,12,2,0,14
2024-07-19T15:20:09,12,2,0,14
2024-07-19T15:35:53,12,2,0,14
2024-07-19T15:51:47,12,2,0,14
2024-07-19T16:07:30,12,2,0,14
2024-07-19T16:23:13,12,2,0,14
2024-07-19T16:38:55,12,2,0,14
2024-07-19T16:54:38,12,2,0,14
2024-07-19T17:10:22,12,2,0,14
2024-07-19T17:26:05,12,2,0,14
2024-07-19T17:41:50,12,2,0,14
2024-07-19T17:57:33,12,2,0,14
2024-07-19T18:13:20,12,2,0,14
2024-07-19T18:29:08,12,2,0,14
2024-07-19T18:44:53,12,2,0,14
2024-07-19T19:00:37,12,2,0,14
2024-07-19T19:16:30,12,2,0,14
2024-07-19T19:32:13,12,2,0,14
2024-07-19T19:47:56,12,2,0,14
2024-07-19T20:03:40,12,2,0,14
2024-07-19T20:19:24,12,2,0,14
2024-07-19T20:35:07,12,2,0,14
2024-07-19T20:50:50,12,2,0,14
2024-07-19T21:06:33,12,2,0,14
2024-07-19T21:22:17,12,2,0,14
2024-07-19T21:38:02,12,2,0,14
2024-07-19T21:53:52,12,2,0,14
2024-07-19T22:09:35,12,2,0,14
2024-07-19T22:25:19,12,2,0,14
2024-07-19T22:41:01,12,2,0,14
2024-07-19T22:56:44,12,2,0,14
2024-07-19T23:12:38,12,2,0,14
2024-07-19T23:28:22,12,2,0,14
2024-07-19T23:44:06,12,2,0,14
2024-07-19T23:59:50,12,2,0,14
2024-07-20T00:15:38,12,2,0,14
2024-07-20T00:31:26,12,2,0,14
2024-07-20T00:47:15,12,2,0,14
2024-07-20T01:03:03,12,2,0,14
2024-07-20T01:18:50,12,2,0,14
2024-07-20T01:34:38,12,2,0,14
2024-07-20T01:50:25,12,2,0,14
2024-07-20T02:06:11,12,2,0,14
2024-07-20T02:22:01,12,2,0,14
2024-07-20T02:37:52,12,2,0,14
2024-07-20T02:53:37,12,2,0,14
2024-07-20T03:09:21,12,2,0,14
2024-07-20T03:25:07,12,2,0,14
2024-07-20T03:40:51,12,2,0,14
2024-07-20T03:56:37,12,2,0,14
2024-07-20T04:12:34,12,2,0,14
2024-07-20T04:33:30,12,2,0,14
2024-07-20T04:49:19,12,2,0,14
2024-07-20T05:05:05,12,2,0,14
2024-07-20T05:20:48,12,2,0,14
2024-07-20T05:36:43,12,2,0,14
2024-07-20T05:52:38,12,2,0,14
2024-07-20T06:08:25,12,2,0,14
2024-07-20T06:24:12,12,2,0,14
2024-07-20T06:39:58,12,2,0,14
2024-07-20T06:55:44,12,2,0,14
2024-07-20T07:11:31,12,2,0,14
2024-07-20T07:27:18,12,2,0,14
2024-07-20T07:43:02,12,2,0,14
2024-07-20T07:58:49,12,2,0,14
2024-07-20T08:14:38,12,2,0,14
2024-07-20T08:30:25,12,2,0,14
2024-07-20T08:46:12,12,2,0,14
2024-07-20T09:02:17,12,2,0,14
2024-07-20T09:18:03,12,2,0,14
2024-07-20T09:33:48,12,2,0,14
2024-07-20T09:49:34,12,2,0,14
2024-07-20T10:05:21,12,2,0,14
2024-07-20T10:21:06,12,2,0,14
2024-07-20T10:36:52,12,2,0,14
2024-07-20T10:52:38,12,2,0,14
2024-07-20T11:08:23,12,2,0,14
2024-07-20T11:24:08,12,2,0,14
2024-07-20T11:39:53,12,2,0,14
2024-07-20T11:55:39,12,2,0,14
2024-07-20T12:11:33,12,2,0,14
2024-07-20T12:27:17,12,2,0,14
2024-07-20T12:43:02,12,2,0,14
2024-07-20T12:58:47,12,2,0,14
2024-07-20T13:14:30,12,2,0,14
2024-07-20T13:30:12,12,2,0,14
2024-07-20T13:45:55,12,2,0,14
2024-07-20T14:01:38,12,2,0,14
2024-07-20T14:17:22,12,2,0,14
2024-07-20T14:33:05,12,2,0,14
2024-07-20T14:48:47,12,2,0,14
2024-07-20T15:04:30,12,2,0,14
2024-07-20T15:20:12,12,2,0,14
2024-07-20T15:35:55,12,2,0,14
2024-07-20T15:52:01,12,2,0,14
2024-07-20T16:07:44,12,2,0,14
2024-07-20T16:23:29,12,2,0,14
2024-07-20T16:39:13,12,2,0,14
2024-07-20T16:54:56,12,2,0,14
2024-07-20T17:10:39,12,2,0,14
2024-07-20T17:26:22,12,2,0,14
2024-07-20T17:42:06,12,2,0,14
2024-07-20T17:57:49,12,2,0,14
2024-07-20T18:13:32,12,2,0,14
2024-07-20T18:29:16,12,2,0,14
2024-07-20T18:44:58,12,2,0,14
2024-07-20T19:00:42,12,2,0,14
2024-07-20T19:16:25,12,2,0,14
2024-07-20T19:32:08,12,2,0,14
2024-07-20T19:48:00,12,2,0,14
2024-07-20T20:03:43,12,2,0,14
2024-07-20T20:19:26,12,2,0,14
2024-07-20T20:35:09,12,2,0,14
2024-07-20T20:50:53,12,2,0,14
2024-07-20T21:06:37,12,2,0,14
2024-07-20T21:22:22,12,2,0,14
2024-07-20T21:38:04,12,2,0,14
2024-07-20T21:54:00,12,2,0,14
2024-07-20T22:09:45,12,2,0,14
2024-07-20T22:25:31,12,2,0,14
2024-07-20T22:41:15,12,2,0,14
2024-07-20T22:56:58,12,2,0,14
2024-07-20T23:12:43,12,2,0,14
2024-07-20T23:28:34,12,2,0,14
2024-07-20T23:44:18,12,2,0,14
2024-07-21T00:00:02,12,2,0,14
2024-07-21T00:15:47,12,2,0,14
2024-07-21T00:48:05,12,2,0,14
2024-07-21T01:03:48,12,2,0,14
2024-07-21T01:19:31,12,2,0,14
2024-07-21T01:35:14,12,2,0,14
2024-07-21T01:50:57,12,2,0,14
2024-07-21T02:06:40,12,2,0,14
2024-07-21T02:22:26,12,2,0,14
2024-07-21T02:38:13,12,2,0,14
2024-07-21T02:53:58,12,2,0,14
2024-07-21T03:09:40,12,2,0,14
2024-07-21T03:25:23,12,2,0,14
2024-07-21T03:41:06,12,2,0,14
2024-07-21T03:56:56,12,2,0,14
2024-07-21T04:28:45,12,2,0,14
2024-07-21T04:44:30,12,2,0,14
2024-07-21T05:00:21,12,2,0,14
2024-07-21T05:16:09,12,2,0,14
2024-07-21T05:31:57,12,2,0,14
2024-07-21T05:50:23,12,2,0,14
2024-07-21T06:07:55,12,2,0,14
2024-07-21T06:23:41,12,2,0,14
2024-07-21T06:39:29,12,2,0,14
2024-07-21T06:55:16,12,2,0,14
2024-07-21T07:11:04,12,2,0,14
2024-07-21T07:26:57,12,2,0,14
2024-07-21T07:42:49,12,2,0,14
2024-07-21T07:58:41,12,2,0,14
2024-07-21T08:14:32,12,2,0,14
2024-07-21T08:30:18,12,2,0,14
2024-07-21T08:46:07,12,2,0,14
2024-07-21T09:01:55,12,2,0,14
2024-07-21T09:17:44,12,2,0,14
2024-07-21T09:33:34,12,2,0,14
2024-07-21T09:49:31,12,2,0,14
2024-07-21T10:05:21,12,2,0,14
2024-07-21T10:21:11,12,2,0,14
2024-07-21T10:37:00,12,2,0,14
2024-07-21T10:52:48,12,2,0,14
2024-07-21T11:08:33,12,2,0,14
2024-07-21T11:24:18,12,2,0,14
2024-07-21T11:40:01,12,2,0,14
2024-07-21T11:55:44,12,2,0,14
2024-07-21T12:11:26,12,2,0,14
2024-07-21T12:27:09,12,2,0,14
2024-07-21T12:42:59,12,2,0,14
2024-07-21T12:58:43,12,2,0,14
2024-07-21T13:14:26,12,2,0,14
2024-07-21T13:30:09,12,2,0,14
2024-07-21T13:45:52,12,2,0,14
2024-07-21T14:01:34,12,2,0,14
2024-07-21T14:17:17,12,2,0,14
2024-07-21T14:32:59,12,2,0,14
2024-07-21T14:48:43,12,2,0,14
2024-07-21T15:04:26,12,2,0,14
2024-07-21T15:20:10,12,2,0,14
2024-07-21T15:36:00,12,2,0,14
2024-07-21T15:51:42,12,2,0,14
2024-07-21T16:07:24,12,2,0,14
2024-07-21T16:23:09,12,2,0,14
2024-07-21T16:38:52,12,2,0,14
2024-07-21T16:54:35,12,2,0,14
2024-07-21T17:10:17,12,2,0,14
2024-07-21T17:26:01,12,2,0,14
2024-07-21T17:41:43,12,2,0,14
2024-07-21T17:57:26,12,2,0,14
2024-07-21T18:13:08,12,2,0,14
2024-07-21T18:28:51,12,2,0,14
2024-07-21T18:44:33,12,2,0,14
2024-07-21T19:00:17,12,2,0,14
2024-07-21T19:16:11,12,2,0,14
2024-07-21T19:31:55,12,2,0,14
2024-07-21T19:47:42,12,2,0,14
2024-07-21T20:03:26,12,2,0,14
2024-07-21T20:19:10,12,2,0,14
2024-07-21T20:34:53,12,2,0,14
2024-07-21T20:50:36,12,2,0,14
2024-07-21T21:06:21,12,2,0,14
2024-07-21T21:22:06,12,2,0,14
2024-07-21T21:37:51,12,2,0,14
2024-07-21T21:53:38,12,2,0,14
2024-07-21T22:09:21,12,2,0,14
2024-07-21T22:25:13,12,2,0,14
2024-07-21T22:41:00,12,2,0,14
2024-07-21T22:56:44,12,2,0,14
2024-07-21T23:12:30,12,2,0,14
2024-07-21T23:28:14,12,2,0,14
2024-07-21T23:43:58,12,2,0,14
2024-07-21T23:59:42,12,2,0,14
2024-07-22T00:15:30,12,2,0,14
2024-07-22T00:31:22,12,2,0,14
2024-07-22T00:47:14,12,2,0,14
2024-07-22T01:02:58,12,2,0,14
2024-07-22T01:18:50,12,2,0,14
2024-07-22T01:34:38,12,2,0,14
2024-07-22T01:50:24,12,2,0,14
2024-07-22T02:06:11,12,2,0,14
2024-07-22T02:22:07,12,2,0,14
2024-07-22T02:38:00,12,2,0,14
2024-07-22T02:53:45,12,2,0,14
2024-07-22T03:09:31,12,2,0,14
2024-07-22T03:25:17,12,2,0,14
2024-07-22T03:41:02,12,2,0,14
2024-07-22T03:56:49,12,2,0,14
2024-07-22T04:37:41,12,2,0,14
2024-07-22T04:53:31,12,2,0,14
2024-07-22T05:09:26,12,2,0,14
2024-07-22T05:25:13,12,2,0,14
2024-07-22T05:41:01,12,2,0,14
2024-07-22T05:56:49,12,2,0,14
2024-07-22T06:12:36,12,2,0,14
2024-07-22T06:28:23,12,2,0,14
2024-07-22T06:44:11,12,2,0,14
2024-07-22T06:59:56,12,2,0,14
2024-07-22T07:15:43,12,2,0,14
2024-07-22T07:31:26,12,2,0,14
2024-07-22T07:47:09,12,2,0,14
2024-07-22T08:02:52,12,2,0,14
2024-07-22T08:18:36,12,2,0,14
2024-07-22T08:34:21,12,2,0,14
2024-07-22T08:50:05,12,2,0,14
2024-07-22T09:05:49,12,2,0,14
2024-07-22T09:21:36,12,2,0,14
2024-07-22T09:37:19,12,2,0,14
2024-07-22T09:53:11,12,2,0,14
2024-07-22T10:08:55,12,2,0,14
2024-07-22T10:24:38,12,2,0,14
2024-07-22T10:40:21,12,2,0,14
2024-07-22T10:56:04,12,2,0,14
2024-07-22T11:11:49,12,2,0,14
2024-07-22T11:27:33,12,2,0,14
2024-07-22T11:43:17,12,2,0,14
2024-07-22T11:59:00,12,2,0,14
2024-07-22T12:14:44,12,2,0,14
2024-07-22T12:30:36,12,2,0,14
2024-07-22T12:46:18,12,2,0,14
2024-07-22T13:02:01,12,2,0,14
2024-07-22T13:17:44,12,2,0,14
2024-07-22T13:33:27,12,2,0,14
2024-07-22T13:49:10,12,2,0,14
2024-07-22T14:04:52,12,2,0,14
2024-07-22T14:20:37,12,2,0,14
2024-07-22T14:36:21,12,2,0,14
2024-07-22T14:52:14,12,2,0,14
2024-07-22T15:07:57,12,2,0,14
2024-07-22T15:23:41,12,2,0,14
2024-07-22T15:39:25,12,2,0,14
2024-07-22T15:55:08,12,2,0,14
2024-07-22T16:10:51,12,2,0,14
2024-07-22T16:26:34,12,2,0,14
2024-07-22T16:42:18,12,2,0,14
2024-07-22T16:58:10,12,2,0,14
2024-07-22T17:13:55,12,2,0,14
2024-07-22T17:29:38,12,2,0,14
2024-07-22T17:45:21,12,2,0,14
2024-07-22T18:01:04,12,2,0,14
2024-07-22T18:16:47,12,2,0,14
2024-07-22T18:32:30,12,2,0,14
2024-07-22T18:48:13,12,2,0,14
2024-07-22T19:03:56,12,2,0,14
2024-07-22T19:19:39,12,2,0,14
2024-07-22T19:35:22,12,2,0,14
2024-07-22T19:51:15,12,2,0,14
2024-07-22T20:06:58,12,2,0,14
2024-07-22T20:22:41,12,2,0,14
2024-07-22T20:38:23,12,2,0,14
2024-07-22T20:54:06,12,2,0,14
2024-07-22T21:09:50,12,2,0,14
2024-07-22T21:25:34,12,2,0,14
2024-07-22T21:41:17,12,2,0,14
2024-07-22T21:57:02,12,2,0,14
2024-07-22T22:12:45,12,2,0,14
2024-07-22T22:28:28,12,2,0,14
2024-07-22T22:44:12,12,2,0,14
2024-07-22T23:00:06,12,2,0,14
2024-07-22T23:15:52,12,2,0,14
2024-07-22T23:31:36,12,2,0,14
2024-07-22T23:47:19,12,2,0,14
2024-07-23T00:03:07,12,2,0,14
2024-07-23T00:19:00,12,2,0,14
2024-07-23T00:34:56,12,2,0,14
2024-07-23T00:50:44,12,2,0,14
2024-07-23T01:06:31,12,2,0,14
2024-07-23T01:22:17,12,2,0,14
2024-07-23T01:38:06,12,2,0,14
2024-07-23T01:54:04,12,2,0,14
2024-07-23T02:09:51,12,2,0,14
2024-07-23T02:25:44,12,2,0,14
2024-07-23T02:41:31,12,2,0,14
2024-07-23T02:57:13,12,2,0,14
2024-07-23T03:12:58,12,2,0,14
2024-07-23T03:28:44,12,2,0,14
2024-07-23T03:44:29,12,2,0,14
2024-07-23T04:00:16,12,2,0,14
2024-07-23T04:27:48,12,2,0,14
2024-07-23T04:43:37,12,2,0,14
2024-07-23T04:59:24,12,2,0,14
2024-07-23T05:15:14,12,2,0,14
2024-07-23T05:31:01,12,2,0,14
2024-07-23T05:46:49,12,2,0,14
2024-07-23T06:03:03,12,2,0,14
2024-07-23T06:18:49,12,2,0,14
2024-07-23T06:34:35,12,2,0,14
2024-07-23T06:50:21,12,2,0,14
2024-07-23T07:06:11,12,2,0,14
2024-07-23T07:21:59,12,2,0,14
2024-07-23T07:37:43,12,2,0,14
2024-07-23T07:53:29,12,2,0,14
2024-07-23T08:09:15,12,2,0,14
2024-07-23T08:25:01,12,2,0,14
2024-07-23T08:40:47,12,2,0,14
2024-07-23T08:56:33,12,2,0,14
2024-07-23T09:12:18,12,2,0,14
2024-07-23T09:28:17,12,2,0,14
2024-07-23T09:44:01,12,2,0,14
2024-07-23T10:00:58,12,2,0,14
2024-07-23T10:16:44,12,2,0,14
2024-07-23T10:32:30,12,2,0,14
2024-07-23T10:48:14,12,2,0,14
2024-07-23T11:03:57,12,2,0,14
2024-07-23T11:19:41,12,2,0,14
2024-07-23T11:35:23,12,2,0,14
2024-07-23T11:51:07,12,2,0,14
2024-07-23T12:07:00,12,2,0,14
2024-07-23T12:22:44,12,2,0,14
2024-07-23T12:38:28,12,2,0,14
2024-07-23T12:54:11,12,2,0,14
2024-07-23T13:09:55,12,2,0,14
2024-07-23T13:25:39,12,2,0,14
2024-07-23T13:41:24,12,2,0,14
2024-07-23T13:57:06,12,2,0,14
2024-07-23T14:12:59,12,2,0,14
2024-07-23T14:28:42,12,2,0,14
2024-07-23T14:44:26,12,2,0,14
2024-07-23T15:00:09,12,2,0,14
2024-07-23T15:15:53,12,2,0,14
2024-07-23T15:31:36,12,2,0,14
2024-07-23T15:47:20,12,2,0,14
2024-07-23T16:03:04,12,2,0,14
2024-07-23T16:18:47,12,2,0,14
2024-07-23T16:34:29,12,2,0,14
2024-07-23T16:50:22,12,2,0,14
2024-07-23T17:06:06,12,2,0,14
2024-07-23T17:21:50,12,2,0,14
2024-07-23T17:37:33,12,2,0,14
2024-07-23T17:53:16,12,2,0,14
2024-07-23T18:09:00,12,2,0,14
2024-07-23T18:24:43,12,2,0,14
2024-07-23T18:40:25,12,2,0,14
2024-07-23T18:56:08,12,2,0,14
2024-07-23T19:11:51,12,2,0,14
2024-07-23T19:27:34,12,2,0,14
2024-07-23T19:43:27,12,2,0,14
2024-07-23T19:59:09,12,2,0,14
2024-07-23T20:14:52,12,2,0,14
2024-07-23T20:30:36,12,2,0,14
2024-07-23T20:46:18,12,2,0,14
2024-07-23T21:02:01,12,2,0,14
2024-07-23T21:17:47,12,2,0,14
2024-07-23T21:33:30,12,2,0,14
2024-07-23T21:49:14,12,2,0,14
2024-07-23T22:04:56,12,2,0,14
2024-07-23T22:20:38,12,2,0,14
2024-07-23T22:36:21,12,2,0,14
2024-07-23T22:52:13,12,2,0,14
2024-07-23T23:07:58,12,2,0,14
2024-07-23T23:23:41,12,2,0,14
2024-07-23T23:39:24,12,2,0,14
2024-07-23T23:55:08,12,2,0,14
2024-07-24T00:10:55,12,2,0,14
2024-07-24T00:26:42,12,2,0,14
2024-07-24T00:42:29,12,2,0,14
2024-07-24T00:58:19,12,2,0,14
2024-07-24T01:14:05,12,2,0,14
2024-07-24T01:29:52,12,2,0,14
2024-07-24T01:45:49,12,2,0,14
2024-07-24T02:01:36,12,2,0,14
2024-07-24T02:17:32,12,2,0,14
2024-07-24T02:33:26,12,2,0,14
2024-07-24T02:49:12,12,2,0,14
2024-07-24T03:04:57,12,2,0,14
2024-07-24T03:20:42,12,2,0,14
2024-07-24T03:36:29,12,2,0,14
2024-07-24T03:52:17,12,2,0,14
2024-07-24T04:23:21,12,2,0,14
2024-07-24T04:39:37,12,2,0,14
2024-07-24T04:55:26,12,2,0,14
2024-07-24T05:11:15,12,2,0,14
2024-07-24T05:27:02,12,2,0,14
2024-07-24T05:42:49,12,2,0,14
2024-07-24T05:58:38,12,2,0,14
2024-07-24T06:14:25,12,2,0,14
2024-07-24T06:30:11,12,2,0,14
2024-07-24T06:45:57,12,2,0,14
2024-07-24T07:01:43,12,2,0,14
2024-07-24T07:17:32,12,2,0,14
2024-07-24T07:33:17,12,2,0,14
2024-07-24T07:49:01,12,2,0,14
2024-07-24T08:04:47,12,2,0,14
2024-07-24T08:20:38,12,2,0,14
2024-07-24T08:36:24,12,2,0,14
2024-07-24T08:52:19,12,2,0,14
2024-07-24T09:08:06,12,2,0,14
2024-07-24T09:23:51,12,2,0,14
2024-07-24T09:39:34,12,2,0,14
2024-07-24T09:55:17,12,2,0,14
2024-07-24T10:11:00,12,2,0,14
2024-07-24T10:26:42,12,2,0,14
2024-07-24T10:42:27,12,2,0,14
2024-07-24T10:58:10,12,2,0,14
2024-07-24T11:13:53,12,2,0,14
2024-07-24T11:29:45,12,2,0,14
2024-07-24T11:45:28,12,2,0,14
2024-07-24T12:01:10,12,2,0,14
2024-07-24T12:16:53,12,2,0,14
2024-07-24T12:32:35,12,2,0,14
2024-07-24T12:48:17,12,2,0,14
2024-07-24T13:03:59,12,2,0,14
2024-07-24T13:19:42,12,2,0,14
2024-07-24T13:35:23,12,2,0,14
2024-07-24T13:51:17,12,2,0,14
2024-07-24T14:06:59,12,2,0,14
2024-07-24T14:22:42,12,2,0,14
2024-07-24T14:38:25,12,2,0,14
2024-07-24T14:54:08,12,2,0,14
2024-07-24T15:09:51,12,2,0,14
2024-07-24T15:25:35,12,2,0,14
2024-07-24T15:41:18,12,2,0,14
2024-07-24T15:57:13,12,2,0,14
2024-07-24T16:12:56,12,2,0,14
2024-07-24T16:28:38,12,2,0,14
2024-07-24T16:44:21,12,2,0,14
2024-07-24T17:00:03,12,2,0,14
2024-07-24T17:15:48,12,2,0,14
2024-07-24T17:31:29,12,2,0,14
2024-07-24T17:47:12,12,2,0,14
2024-07-24T18:02:54,12,2,0,14
2024-07-24T18:18:40,12,2,0,14
2024-07-24T18:34:21,12,2,0,14
2024-07-24T18:50:15,12,2,0,14
2024-07-24T19:05:57,12,2,0,14
2024-07-24T19:21:39,12,2,0,14
2024-07-24T19:37:22,12,2,0,14
2024-07-24T19:53:05,12,2,0,14
2024-07-24T20:08:46,12,2,0,14
2024-07-24T20:24:29,12,2,0,14
2024-07-24T20:40:12,12,2,0,14
2024-07-24T20:56:05,12,2,0,14
2024-07-24T21:11:47,12,2,0,14
2024-07-24T21:27:31,12,2,0,14
2024-07-24T21:43:15,12,2,0,14
2024-07-24T21:58:58,12,2,0,14
2024-07-24T22:14:40,12,2,0,14
2024-07-24T22:30:22,12,2,0,14
2024-07-24T22:46:05,12,2,0,14
2024-07-24T23:01:48,12,2,0,14
2024-07-24T23:17:29,12,2,0,14
2024-07-24T23:33:22,12,2,0,14
2024-07-24T23:49:05,12,2,0,14
2024-07-25T00:04:51,12,2,0,14
2024-07-25T00:20:39,12,2,0,14
2024-07-25T00:36:27,12,2,0,14
2024-07-25T00:52:17,12,2,0,14
2024-07-25T01:08:07,12,2,0,14
2024-07-25T01:23:53,12,2,0,14
2024-07-25T01:39:40,12,2,0,14
2024-07-25T01:55:25,12,2,0,14
2024-07-25T02:11:10,12,2,0,14
2024-07-25T02:26:54,12,2,0,14
2024-07-25T02:42:39,12,2,0,14
2024-07-25T02:58:23,12,2,0,14
2024-07-25T03:14:09,12,2,0,14
2024-07-25T03:30:01,12,2,0,14
2024-07-25T03:45:45,12,2,0,14
2024-07-25T04:01:31,12,2,0,14
2024-07-25T04:33:01,12,2,0,14
2024-07-25T04:48:49,12,2,0,14
2024-07-25T05:04:38,12,2,0,14
2024-07-25T05:20:31,12,2,0,14
2024-07-25T05:36:18,12,2,0,14
2024-07-25T05:52:06,12,2,0,14
2024-07-25T06:07:52,12,2,0,14
2024-07-25T06:23:37,12,2,0,14
2024-07-25T06:39:23,12,2,0,14
2024-07-25T06:55:08,12,2,0,14
2024-07-25T07:10:54,12,2,0,14
2024-07-25T07:26:37,12,2,0,14
2024-07-25T07:42:21,12,2,0,14
2024-07-25T07:58:06,12,2,0,14
2024-07-25T08:13:50,12,2,0,14
2024-07-25T08:29:34,12,2,0,14
2024-07-25T08:45:19,12,2,0,14
2024-07-25T09:01:18,12,2,0,14
2024-07-25T09:17:03,12,2,0,14
2024-07-25T09:32:49,12,2,0,14
2024-07-25T09:48:36,12,2,0,14
2024-07-25T10:04:20,12,2,0,14
2024-07-25T10:20:03,12,2,0,14
2024-07-25T10:35:47,12,2,0,14
2024-07-25T10:51:33,12,2,0,14
2024-07-25T11:07:17,12,2,0,14
2024-07-25T11:23:00,12,2,0,14
2024-07-25T11:38:44,12,2,0,14
2024-07-25T11:54:37,12,2,0,14
2024-07-25T12:10:21,12,2,0,14
2024-07-25T12:26:04,12,2,0,14
2024-07-25T12:41:48,12,2,0,14
2024-07-25T12:57:32,12,2,0,14
2024-07-25T13:13:16,12,2,0,14
2024-07-25T13:28:59,12,2,0,14
2024-07-25T13:44:54,12,2,0,14
2024-07-25T14:00:38,12,2,0,14
2024-07-25T14:16:21,12,2,0,14
2024-07-25T14:32:05,12,2,0,14
2024-07-25T14:47:49,12,2,0,14
2024-07-25T15:03:32,12,2,0,14
2024-07-25T15:19:15,12,2,0,14
2024-07-25T15:34:58,12,2,0,14
2024-07-25T15:50:57,12,2,0,14
2024-07-25T16:06:42,12,2,0,14
2024-07-25T16:22:25,12,2,0,14
2024-07-25T16:38:08,12,2,0,14
2024-07-25T16:53:51,12,2,0,14
2024-07-25T17:09:36,12,2,0,14
2024-07-25T17:25:22,12,2,0,14
2024-07-25T17:41:05,12,2,0,14
2024-07-25T17:56:59,12,2,0,14
2024-07-25T18:12:42,12,2,0,14
2024-07-25T18:28:25,12,2,0,14
2024-07-25T18:44:08,12,2,0,14
2024-07-25T18:59:51,12,2,0,14
2024-07-25T19:15:34,12,2,0,14
2024-07-25T19:31:16,12,2,0,14
2024-07-25T19:47:00,12,2,0,14
2024-07-25T20:02:43,12,2,0,14
2024-07-25T20:18:25,12,2,0,14
2024-07-25T20:34:08,12,2,0,14
2024-07-25T20:49:51,12,2,0,14
2024-07-25T21:05:53,12,2,0,14
2024-07-25T21:21:37,12,2,0,14
2024-07-25T21:37:22,12,2,0,14
2024-07-25T21:53:07,12,2,0,14
2024-07-25T22:08:50,12,2,0,14
2024-07-25T22:24:34,12,2,0,14
2024-07-25T22:40:16,12,2,0,14
2024-07-25T22:55:59,12,2,0,14
2024-07-25T23:11:43,12,2,0,14
2024-07-25T23:27:27,12,2,0,14
2024-07-25T23:43:11,12,2,0,14
2024-07-25T23:58:53,12,2,0,14
2024-07-26T00:14:41,12,2,0,14
2024-07-26T00:30:40,12,2,0,14
2024-07-26T00:46:29,12,2,0,14
2024-07-26T01:02:20,12,2,0,14
2024-07-26T01:18:09,12,2,0,14
2024-07-26T01:33:56,12,2,0,14
2024-07-26T01:49:43,12,2,0,14
2024-07-26T02:05:30,12,2,0,14
2024-07-26T02:21:16,12,2,0,14
2024-07-26T02:37:03,12,2,0,14
2024-07-26T02:52:48,12,2,0,14
2024-07-26T03:08:32,12,2,0,14
2024-07-26T03:24:17,12,2,0,14
2024-07-26T03:40:02,12,2,0,14
2024-07-26T03:55:47,12,2,0,14
2024-07-26T04:23:45,12,2,0,14
2024-07-26T04:39:33,12,2,0,14
2024-07-26T04:55:23,12,2,0,14
2024-07-26T05:11:09,12,2,0,14
2024-07-26T05:26:55,12,2,0,14
2024-07-26T05:42:45,12,2,0,14
2024-07-26T05:58:41,12,2,0,14
2024-07-26T06:14:27,12,2,0,14
2024-07-26T06:30:12,12,2,0,14
2024-07-26T06:45:59,12,2,0,14
2024-07-26T07:01:47,12,2,0,14
2024-07-26T07:17:36,12,2,0,14
2024-07-26T07:33:23,12,2,0,14
2024-07-26T07:49:07,12,2,0,14
2024-07-26T08:04:52,12,2,0,14
2024-07-26T08:20:42,12,2,0,14
2024-07-26T08:36:28,12,2,0,14
2024-07-26T08:52:17,12,2,0,14
2024-07-26T09:08:02,12,2,0,14
2024-07-26T09:23:47,12,2,0,14
2024-07-26T09:39:40,12,2,0,14
2024-07-26T09:55:25,12,2,0,14
2024-07-26T10:11:11,12,2,0,14
2024-07-26T10:26:56,12,2,0,14
2024-07-26T10:42:40,12,2,0,14
2024-07-26T10:58:23,12,2,0,14
2024-07-26T11:14:07,12,2,0,14
2024-07-26T11:29:50,12,2,0,14
2024-07-26T11:45:33,12,2,0,14
2024-07-26T12:01:16,12,2,0,14
2024-07-26T12:17:09,12,2,0,14
2024-07-26T12:32:53,12,2,0,14
2024-07-26T12:48:38,12,2,0,14
2024-07-26T13:04:22,12,2,0,14
2024-07-26T13:20:06,12,2,0,14
2024-07-26T13:35:50,12,2,0,14
2024-07-26T13:51:34,12,2,0,14
2024-07-26T14:07:18,12,2,0,14
2024-07-26T14:23:03,12,2,0,14
2024-07-26T14:38:57,12,2,0,14
2024-07-26T14:54:40,12,2,0,14
2024-07-26T15:10:24,12,2,0,14
2024-07-26T15:26:07,12,2,0,14
2024-07-26T15:41:51,12,2,0,14
2024-07-26T15:57:36,12,2,0,14
2024-07-26T16:13:20,12,2,0,14
2024-07-26T16:29:04,12,2,0,14
2024-07-26T16:44:47,12,2,0,14
2024-07-26T17:00:31,12,2,0,14
2024-07-26T17:16:25,12,2,0,14
2024-07-26T17:32:11,12,2,0,14
2024-07-26T17:47:54,12,2,0,14
2024-07-26T18:03:38,12,2,0,14
2024-07-26T18:19:23,12,2,0,14
2024-07-26T18:35:07,12,2,0,14
2024-07-26T18:50:51,12,2,0,14
2024-07-26T19:06:36,12,2,0,14
2024-07-26T19:22:29,12,2,0,14
2024-07-26T19:38:13,12,2,0,14
2024-07-26T19:53:57,12,2,0,14
2024-07-26T20:09:41,12,2,0,14
2024-07-26T20:25:25,12,2,0,14
2024-07-26T20:41:08,12,2,0,14
2024-07-26T20:56:52,12,2,0,14
2024-07-26T21:12:34,12,2,0,14
2024-07-26T21:28:20,12,2,0,14
2024-07-26T21:44:03,12,2,0,14
2024-07-26T21:59:56,12,2,0,14
2024-07-26T22:15:41,12,2,0,14
2024-07-26T22:31:24,12,2,0,14
2024-07-26T22:47:08,12,2,0,14
2024-07-26T23:02:52,12,2,0,14
2024-07-26T23:18:37,12,2,0,14
2024-07-26T23:34:21,12,2,0,14
2024-07-26T23:50:05,12,2,0,14
2024-07-27T00:05:51,12,2,0,14
2024-07-27T00:21:41,12,2,0,14
2024-07-27T00:37:30,12,2,0,14
2024-07-27T00:53:21,12,2,0,14
2024-07-27T01:09:10,12,2,0,14
2024-07-27T01:24:59,12,2,0,14
2024-07-27T01:40:46,12,2,0,14
2024-07-27T01:56:33,12,2,0,14
2024-07-27T02:12:27,12,2,0,14
2024-07-27T02:28:16,12,2,0,14
2024-07-27T02:44:03,12,2,0,14
2024-07-27T02:59:49,12,2,0,14
2024-07-27T03:15:34,12,2,0,14
2024-07-27T03:31:20,12,2,0,14
2024-07-27T03:47:05,12,2,0,14
2024-07-27T04:02:51,12,2,0,14
2024-07-27T04:35:25,12,2,0,14
2024-07-27T04:51:13,12,2,0,14
2024-07-27T05:07:00,12,2,0,14
2024-07-27T05:22:43,12,2,0,14
2024-07-27T05:38:26,12,2,0,14
2024-07-27T05:54:14,12,2,0,14
2024-07-27T06:10:03,12,2,0,14
2024-07-27T06:26:14,12,2,0,14
2024-07-27T06:42:01,12,2,0,14
2024-07-27T06:57:48,12,2,0,14
2024-07-27T07:13:36,12,2,0,14
2024-07-27T07:29:24,12,2,0,14
2024-07-27T07:45:09,12,2,0,14
2024-07-27T08:00:54,12,2,0,14
2024-07-27T08:16:41,12,2,0,14
2024-07-27T08:32:28,12,2,0,14
2024-07-27T08:48:14,12,2,0,14
2024-07-27T09:04:01,12,2,0,14
2024-07-27T09:19:49,12,2,0,14
2024-07-27T09:35:42,12,2,0,14
2024-07-27T09:51:29,12,2,0,14
2024-07-27T10:07:15,12,2,0,14
2024-07-27T10:23:01,12,2,0,14
2024-07-27T10:38:48,12,2,0,14
2024-07-27T10:54:34,12,2,0,14
2024-07-27T11:10:21,12,2,0,14
2024-07-27T11:26:06,12,2,0,14
2024-07-27T11:41:50,12,2,0,14
2024-07-27T11:57:35,12,2,0,14
2024-07-27T12:13:20,12,2,0,14
2024-07-27T12:29:06,12,2,0,14
2024-07-27T12:44:50,12,2,0,14
2024-07-27T13:00:36,12,2,0,14
2024-07-27T13:16:30,12,2,0,14
2024-07-27T13:32:15,12,2,0,14
2024-07-27T13:48:01,12,2,0,14
2024-07-27T14:03:44,12,2,0,14
2024-07-27T14:19:27,12,2,0,14
2024-07-27T14:35:11,12,2,0,14
2024-07-27T14:50:54,12,2,0,14
2024-07-27T15:06:37,12,2,0,14
2024-07-27T15:22:20,12,2,0,14
2024-07-27T15:38:04,12,2,0,14
2024-07-27T15:53:46,12,2,0,14
2024-07-27T16:09:29,12,2,0,14
2024-07-27T16:25:13,12,2,0,14
2024-07-27T16:40:56,12,2,0,14
2024-07-27T16:56:41,12,2,0,14
2024-07-27T17:12:34,12,2,0,14
2024-07-27T17:28:16,12,2,0,14
2024-07-27T17:44:00,12,2,0,14
2024-07-27T17:59:44,12,2,0,14
2024-07-27T18:15:27,12,2,0,14
2024-07-27T18:31:11,12,2,0,14
2024-07-27T18:46:54,12,2,0,14
2024-07-27T19:02:38,12,2,0,14
2024-07-27T19:18:23,12,2,0,14
2024-07-27T19:34:06,12,2,0,14
2024-07-27T19:49:49,12,2,0,14
2024-07-27T20:05:33,12,2,0,14
2024-07-27T20:21:16,12,2,0,14
2024-07-27T20:36:59,12,2,0,14
2024-07-27T20:52:42,12,2,0,14
2024-07-27T21:08:26,12,2,0,14
2024-07-27T21:24:11,12,2,0,14
2024-07-27T21:39:55,12,2,0,14
2024-07-27T21:55:38,12,2,0,14
2024-07-27T22:11:30,12,2,0,14
2024-07-27T22:27:14,12,2,0,14
2024-07-27T22:42:59,12,2,0,14
2024-07-27T22:58:41,12,2,0,14
2024-07-27T23:14:25,12,2,0,14
2024-07-27T23:30:10,12,2,0,14
2024-07-27T23:45:54,12,2,0,14
2024-07-28T00:01:38,12,2,0,14
2024-07-28T00:17:32,12,2,0,14
2024-07-28T00:33:22,12,2,0,14
2024-07-28T00:49:11,12,2,0,14
2024-07-28T01:04:59,12,2,0,14
2024-07-28T01:20:44,12,2,0,14
2024-07-28T01:36:31,12,2,0,14
2024-07-28T01:52:18,12,2,0,14
2024-07-28T02:08:35,12,2,0,14
2024-07-28T02:24:22,12,2,0,14
2024-07-28T02:40:15,12,2,0,14
2024-07-28T02:56:02,12,2,0,14
2024-07-28T03:11:50,12,2,0,14
2024-07-28T03:27:37,12,2,0,14
2024-07-28T03:43:23,12,2,0,14
2024-07-28T03:59:10,12,2,0,14
2024-07-28T04:23:41,12,2,0,14
2024-07-28T04:39:34,12,2,0,14
2024-07-28T04:55:22,12,2,0,14
2024-07-28T05:11:08,12,2,0,14
2024-07-28T05:26:54,12,2,0,14
2024-07-28T05:42:42,12,2,0,14
2024-07-28T05:58:28,12,2,0,14
2024-07-28T06:14:15,12,2,0,14
2024-07-28T06:30:03,12,2,0,14
2024-07-28T06:45:50,12,2,0,14
2024-07-28T07:01:34,12,2,0,14
2024-07-28T07:17:19,12,2,0,14
2024-07-28T07:33:02,12,2,0,14
2024-07-28T07:48:49,12,2,0,14
2024-07-28T08:04:33,12,2,0,14
2024-07-28T08:20:17,12,2,0,14
2024-07-28T08:36:08,12,2,0,14
2024-07-28T08:51:54,12,2,0,14
2024-07-28T09:07:40,12,2,0,14
2024-07-28T09:23:24,12,2,0,14
2024-07-28T09:39:11,12,2,0,14
2024-07-28T09:54:56,12,2,0,14
2024-07-28T10:10:40,12,2,0,14
2024-07-28T10:26:25,12,2,0,14
2024-07-28T10:42:09,12,2,0,14
2024-07-28T10:57:53,12,2,0,14
2024-07-28T11:13:35,12,2,0,14
2024-07-28T11:29:19,12,2,0,14
2024-07-28T11:45:11,12,2,0,14
2024-07-28T12:00:55,12,2,0,14
2024-07-28T12:16:39,12,2,0,14
2024-07-28T12:32:22,12,2,0,14
2024-07-28T12:48:06,12,2,0,14
2024-07-28T13:03:50,12,2,0,14
2024-07-28T13:19:36,12,2,0,14
2024-07-28T13:35:20,12,2,0,14
2024-07-28T13:51:04,12,2,0,14
2024-07-28T14:06:47,12,2,0,14
2024-07-28T14:22:30,12,2,0,14
2024-07-28T14:38:15,12,2,0,14
2024-07-28T14:53:58,12,2,0,14
2024-07-28T15:09:50,12,2,0,14
2024-07-28T15:25:34,12,2,0,14
2024-07-28T15:41:18,12,2,0,14
2024-07-28T15:57:01,12,2,0,14
2024-07-28T16:12:44,12,2,0,14
2024-07-28T16:28:27,12,2,0,14
2024-07-28T16:44:12,12,2,0,14
2024-07-28T16:59:55,12,2,0,14
2024-07-28T17:15:39,12,2,0,14
2024-07-28T17:31:22,12,2,0,14
2024-07-28T17:47:05,12,2,0,14
2024-07-28T18:02:48,12,2,0,14
2024-07-28T18:18:32,12,2,0,14
2024-07-28T18:34:25,12,2,0,14
2024-07-28T18:50:10,12,2,0,14
2024-07-28T19:05:54,12,2,0,14
2024-07-28T19:21:39,12,2,0,14
2024-07-28T19:37:24,12,2,0,14
2024-07-28T19:53:08,12,2,0,14
2024-07-28T20:08:51,12,2,0,14
2024-07-28T20:24:36,12,2,0,14
2024-07-28T20:40:19,12,2,0,14
2024-07-28T20:56:11,12,2,0,14
2024-07-28T21:11:55,12,2,0,14
2024-07-28T21:27:38,12,2,0,14
2024-07-28T21:43:24,12,2,0,14
2024-07-28T21:59:09,12,2,0,14
2024-07-28T22:14:53,12,2,0,14
2024-07-28T22:30:38,12,2,0,14
2024-07-28T22:46:21,12,2,0,14
2024-07-28T23:02:05,12,2,0,14
2024-07-28T23:17:50,12,2,0,14
2024-07-28T23:33:36,12,2,0,14
2024-07-28T23:49:30,12,2,0,14
2024-07-29T00:05:16,12,2,0,14
2024-07-29T00:21:10,12,2,0,14
2024-07-29T00:37:01,12,2,0,14
2024-07-29T00:52:54,12,2,0,14
2024-07-29T01:08:43,12,2,0,14
2024-07-29T01:24:35,12,2,0,14
2024-07-29T01:40:26,12,2,0,14
2024-07-29T01:56:13,12,2,0,14
2024-07-29T02:12:00,12,2,0,14
2024-07-29T02:27:46,12,2,0,14
2024-07-29T02:43:55,12,2,0,14
2024-07-29T02:59:40,12,2,0,14
2024-07-29T03:15:30,12,2,0,14
2024-07-29T03:31:15,12,2,0,14
2024-07-29T03:47:02,12,2,0,14
2024-07-29T04:02:49,12,2,0,14
2024-07-29T16:48:57,12,2,0,14
2024-07-29T17:04:41,12,2,0,14
2024-07-29T17:20:26,12,2,0,14
2024-07-29T17:36:10,12,2,0,14
2024-07-29T17:51:54,12,2,0,14
2024-07-29T18:07:39,12,2,0,14
2024-07-29T18:23:41,12,2,0,14
2024-07-29T18:39:25,12,2,0,14
2024-07-29T18:55:09,12,2,0,14
2024-07-29T19:10:55,12,2,0,14
2024-07-29T19:26:38,12,2,0,14
2024-07-29T19:42:23,12,2,0,14
2024-07-29T19:58:06,12,2,0,14
2024-07-29T20:13:50,12,2,0,14
2024-07-29T20:29:34,12,2,0,14
2024-07-29T20:45:28,12,2,0,14
2024-07-29T21:01:13,12,2,0,14
2024-07-29T21:16:59,12,2,0,14
2024-07-29T21:32:43,12,2,0,14
2024-07-29T21:48:28,12,2,0,14
2024-07-29T22:04:23,12,2,0,14
2024-07-29T22:20:07,12,2,0,14
2024-07-29T22:36:10,12,2,0,14
2024-07-29T22:51:54,12,2,0,14
2024-07-29T23:07:39,12,2,0,14
2024-07-29T23:23:24,12,2,0,14
2024-07-29T23:39:10,12,2,0,14
2024-07-29T23:54:54,12,2,0,14
2024-07-30T00:10:38,12,2,0,14
2024-07-30T00:26:33,12,2,0,14
2024-07-30T00:42:23,12,2,0,14
2024-07-30T00:58:24,12,2,0,14
2024-07-30T01:14:17,12,2,0,14
2024-07-30T01:30:05,12,2,0,14
2024-07-30T01:45:53,12,2,0,14
2024-07-30T02:01:40,12,2,0,14
2024-07-30T02:17:33,12,2,0,14
2024-07-30T02:33:20,12,2,0,14
2024-07-30T02:49:07,12,2,0,14
2024-07-30T03:04:53,12,2,0,14
2024-07-30T03:20:42,12,2,0,14
2024-07-30T03:36:31,12,2,0,14
2024-07-30T03:52:18,12,2,0,14
2024-07-30T04:08:05,12,2,0,14
2024-07-30T04:36:59,12,2,0,14
2024-07-30T04:52:48,12,2,0,14
2024-07-30T05:08:34,12,2,0,14
2024-07-30T05:24:32,12,2,0,14
2024-07-30T05:40:32,12,2,0,14
2024-07-30T05:56:21,12,2,0,14
2024-07-30T06:12:08,12,2,0,14
2024-07-30T06:27:55,12,2,0,14
2024-07-30T06:43:42,12,2,0,14
2024-07-30T06:59:30,12,2,0,14
2024-07-30T07:15:20,12,2,0,14
2024-07-30T07:31:07,12,2,0,14
2024-07-30T07:46:52,12,2,0,14
2024-07-30T08:02:42,12,2,0,14
2024-07-30T08:18:33,12,2,0,14
2024-07-30T08:34:20,12,2,0,14
2024-07-30T08:50:07,12,2,0,14
2024-07-30T09:05:53,12,2,0,14
2024-07-30T09:21:53,12,2,0,14
2024-07-30T09:37:39,12,2,0,14
2024-07-30T09:53:26,12,2,0,14
2024-07-30T10:09:13,12,2,0,14
2024-07-30T10:24:58,12,2,0,14
2024-07-30T10:40:43,12,2,0,14
2024-07-30T10:56:26,12,2,0,14
2024-07-30T11:12:10,12,2,0,14
2024-07-30T11:27:55,12,2,0,14
2024-07-30T11:43:40,12,2,0,14
2024-07-30T11:59:43,12,2,0,14
2024-07-30T12:15:28,12,2,0,14
2024-07-30T12:31:13,12,2,0,14
2024-07-30T12:47:01,12,2,0,14
2024-07-30T13:02:46,12,2,0,14
2024-07-30T13:18:30,12,2,0,14
2024-07-30T13:34:16,12,2,0,14
2024-07-30T13:49:59,12,2,0,14
2024-07-30T14:05:53,12,2,0,14
2024-07-30T14:21:39,12,2,0,14
2024-07-30T14:37:24,12,2,0,14
2024-07-30T14:53:10,12,2,0,14
2024-07-30T15:08:55,12,2,0,14
2024-07-30T15:24:40,12,2,0,14
2024-07-30T15:40:43,12,2,0,14
2024-07-30T15:56:28,12,2,0,14
2024-07-30T16:12:14,12,2,0,14
2024-07-30T16:27:59,12,2,0,14
2024-07-30T16:43:44,12,2,0,14
2024-07-30T16:59:37,12,2,0,14
2024-07-30T17:15:23,12,2,0,14
2024-07-30T17:31:08,12,2,0,14
2024-07-30T17:46:54,12,2,0,14
2024-07-30T18:02:38,12,2,0,14
2024-07-30T18:18:41,12,2,0,14
2024-07-30T18:34:25,12,2,0,14
2024-07-30T18:50:10,12,2,0,14
2024-07-30T19:05:54,12,2,0,14
2024-07-30T19:21:39,12,2,0,14
2024-07-30T19:37:23,12,2,0,14
2024-07-30T19:53:07,12,2,0,14
2024-07-30T20:08:52,12,2,0,14
2024-07-30T20:24:47,12,2,0,14
2024-07-30T20:40:32,12,2,0,14
2024-07-30T20:56:16,12,2,0,14
2024-07-30T21:12:01,12,2,0,14
2024-07-30T21:27:47,12,2,0,14
2024-07-30T21:43:32,12,2,0,14
2024-07-30T21:59:39,12,2,0,14
2024-07-30T22:15:25,12,2,0,14
2024-07-30T22:31:10,12,2,0,14
2024-07-30T22:46:54,12,2,0,14
2024-07-30T23:02:39,12,2,0,14
2024-07-30T23:18:24,12,2,0,14
2024-07-30T23:34:10,12,2,0,14
2024-07-30T23:49:56,12,2,0,14
2024-07-31T00:05:44,12,2,0,14
2024-07-31T00:21:52,12,2,0,14
2024-07-31T00:37:49,12,2,0,14
2024-07-31T00:53:48,12,2,0,14
2024-07-31T01:09:48,12,2,0,14
2024-07-31T01:25:45,12,2,0,14
2024-07-31T01:41:44,12,2,0,14
2024-07-31T01:57:32,12,2,0,14
2024-07-31T02:13:19,12,2,0,14
2024-07-31T02:29:07,12,2,0,14
2024-07-31T02:44:57,12,2,0,14
2024-07-31T03:01:14,12,2,0,14
2024-07-31T03:17:04,12,2,0,14
2024-07-31T03:32:53,12,2,0,14
2024-07-31T03:48:43,12,2,0,14
2024-07-31T04:04:33,12,2,0,14
2024-07-31T04:24:48,12,2,0,14
2024-07-31T04:40:37,12,2,0,14
2024-07-31T04:56:24,12,2,0,14
2024-07-31T05:12:16,12,2,0,14
2024-07-31T05:28:06,12,2,0,14
2024-07-31T05:43:56,12,2,0,14
2024-07-31T05:59:44,12,2,0,14
2024-07-31T06:15:33,12,2,0,14
2024-07-31T06:31:23,12,2,0,14
2024-07-31T06:47:11,12,2,0,14
2024-07-31T07:02:59,12,2,0,14
2024-07-31T07:18:51,12,2,0,14
2024-07-31T07:34:38,12,2,0,14
2024-07-31T07:50:24,12,2,0,14
2024-07-31T08:06:14,12,2,0,14
2024-07-31T08:21:59,12,2,0,14
2024-07-31T08:37:54,12,2,0,14
2024-07-31T08:53:39,12,2,0,14
2024-07-31T09:09:24,12,2,0,14
2024-07-31T09:25:09,12,2,0,14
2024-07-31T09:40:55,12,2,0,14
2024-07-31T09:56:49,12,2,0,14
2024-07-31T10:12:35,12,2,0,14
2024-07-31T10:28:20,12,2,0,14
2024-07-31T10:44:07,12,2,0,14
2024-07-31T10:59:51,12,2,0,14
2024-07-31T11:15:38,12,2,0,14
2024-07-31T11:31:34,12,2,0,14
2024-07-31T11:47:19,12,2,0,14
2024-07-31T12:03:05,12,2,0,14
2024-07-31T12:19:01,12,2,0,14
2024-07-31T12:34:56,12,2,0,14
2024-07-31T12:50:41,12,2,0,14
2024-07-31T13:06:26,12,2,0,14
2024-07-31T13:22:13,12,2,0,14
2024-07-31T13:38:09,12,2,0,14
2024-07-31T13:53:55,12,2,0,14
2024-07-31T14:09:43,12,2,0,14
2024-07-31T14:25:31,12,2,0,14
2024-08-01T04:29:11,12,2,0,14
2024-08-01T04:45:01,12,2,0,14
2024-08-01T05:00:49,12,2,0,14
2024-08-01T05:16:36,12,2,0,14
2024-08-01T05:32:30,12,2,0,14
2024-08-01T05:48:28,12,2,0,14
2024-08-01T06:04:16,12,2,0,14
2024-08-01T06:20:05,12,2,0,14
2024-08-01T06:35:52,12,2,0,14
2024-08-01T06:51:41,12,2,0,14
2024-08-01T07:07:32,12,2,0,14
2024-08-01T07:23:21,12,2,0,14
2024-08-01T07:39:08,12,2,0,14
2024-08-01T07:54:57,12,2,0,14
2024-08-01T08:10:44,12,2,0,14
2024-08-01T08:26:32,12,2,0,14
2024-08-01T08:42:18,12,2,0,14
2024-08-01T08:58:14,12,2,0,14
2024-08-01T09:14:02,12,2,0,14
2024-08-01T09:29:49,12,2,0,14
2024-08-01T09:45:38,12,2,0,14
2024-08-01T10:01:25,12,2,0,14
2024-08-01T10:17:14,12,2,0,14
2024-08-01T10:33:00,12,2,0,14
2024-08-01T10:48:49,12,2,0,14
2024-08-01T11:04:35,12,2,0,14
2024-08-01T11:20:31,12,2,0,14
2024-08-01T11:36:18,12,2,0,14
2024-08-01T11:52:04,12,2,0,14
2024-08-01T12:07:49,12,2,0,14
2024-08-01T12:23:35,12,2,0,14
2024-08-01T12:39:20,12,2,0,14
2024-08-01T12:55:16,12,2,0,14
2024-08-01T13:11:01,12,2,0,14
2024-08-01T13:26:47,12,2,0,14
2024-08-01T13:42:35,12,2,0,14
2024-08-01T13:58:22,12,2,0,14
2024-08-01T14:14:08,12,2,0,14
2024-08-01T14:30:03,12,2,0,14
2024-08-01T14:45:49,12,2,0,14
2024-08-01T15:01:35,12,2,0,14
2024-08-01T15:17:21,12,2,0,14
2024-08-01T15:33:09,12,2,0,14
2024-08-01T15:48:54,12,2,0,14
2024-08-01T16:04:41,12,2,0,14
2024-08-01T16:20:28,12,2,0,14
2024-08-01T16:36:25,12,2,0,14
2024-08-01T16:52:11,12,2,0,14
2024-08-01T17:07:58,12,2,0,14
2024-08-01T17:23:45,12,2,0,14
2024-08-01T17:39:31,12,2,0,14
2024-08-01T17:55:18,12,2,0,14
2024-08-01T18:11:17,12,2,0,14
2024-08-01T18:27:04,12,2,0,14
2024-08-01T18:42:50,12,2,0,14
2024-08-01T18:58:36,12,2,0,14
2024-08-01T19:14:24,12,2,0,14
2024-08-01T19:30:09,12,2,0,14
2024-08-01T19:45:54,12,2,0,14
2024-08-01T20:01:41,12,2,0,14
2024-08-01T20:17:27,12,2,0,14
2024-08-01T20:33:23,12,2,0,14
2024-08-01T20:49:10,12,2,0,14
2024-08-01T21:04:57,12,2,0,14
2024-08-01T21:20:44,12,2,0,14
2024-08-01T21:36:30,12,2,0,14
2024-08-01T21:52:20,12,2,0,14
2024-08-01T22:08:09,12,2,0,14
2024-08-01T22:23:55,12,2,0,14
2024-08-01T22:39:44,12,2,0,14
2024-08-01T22:55:30,12,2,0,14
2024-08-01T23:11:27,12,2,0,14
2024-08-01T23:27:14,12,2,0,14
2024-08-01T23:43:01,12,2,0,14
2024-08-01T23:58:48,12,2,0,14
2024-08-02T00:14:42,12,2,0,14
2024-08-02T00:30:34,12,2,0,14
2024-08-02T00:46:25,12,2,0,14
2024-08-02T01:02:18,12,2,0,14
2024-08-02T01:18:11,12,2,0,14
2024-08-02T01:34:03,12,2,0,14
2024-08-02T01:49:54,12,2,0,14
2024-08-02T02:05:53,12,2,0,14
2024-08-02T02:21:42,12,2,0,14
2024-08-02T02:37:32,12,2,0,14
2024-08-02T02:53:23,12,2,0,14
2024-08-02T03:09:12,12,2,0,14
2024-08-02T03:25:14,12,2,0,14
2024-08-02T03:41:07,12,2,0,14
2024-08-02T03:57:33,12,2,0,14
2024-08-02T04:30:05,12,2,0,14
2024-08-02T04:45:56,12,2,0,14
2024-08-02T05:01:48,12,2,0,14
2024-08-02T05:17:40,12,2,0,14
2024-08-02T05:33:29,12,2,0,14
2024-08-02T05:49:18,12,2,0,14
2024-08-02T06:05:07,12,2,0,14
2024-08-02T06:20:57,12,2,0,14
2024-08-02T06:36:48,12,2,0,14
2024-08-02T06:52:37,12,2,0,14
2024-08-02T07:08:28,12,2,0,14
2024-08-02T07:24:17,12,2,0,14
2024-08-02T07:40:08,12,2,0,14
2024-08-02T07:55:55,12,2,0,14
2024-08-02T08:11:45,12,2,0,14
2024-08-02T08:27:34,12,2,0,14
2024-08-02T08:43:22,12,2,0,14
2024-08-02T08:59:24,12,2,0,14
2024-08-02T09:15:11,12,2,0,14
2024-08-02T09:30:59,12,2,0,14
2024-08-02T09:46:45,12,2,0,14
2024-08-02T10:02:32,12,2,0,14
2024-08-02T10:18:19,12,2,0,14
2024-08-02T10:34:07,12,2,0,14
2024-08-02T10:49:53,12,2,0,14
2024-08-02T11:05:50,12,2,0,14
2024-08-02T11:21:36,12,2,0,14
2024-08-02T11:37:22,12,2,0,14
2024-08-02T11:53:08,12,2,0,14
2024-08-02T12:08:55,12,2,0,14
2024-08-02T12:24:42,12,2,0,14
2024-08-02T12:40:46,12,2,0,14
2024-08-02T12:56:33,12,2,0,14
2024-08-02T13:12:19,12,2,0,14
2024-08-02T13:28:05,12,2,0,14
2024-08-02T13:43:53,12,2,0,14
2024-08-02T13:59:39,12,2,0,14
2024-08-02T14:15:26,12,2,0,14
2024-08-02T14:31:14,12,2,0,14
2024-08-02T14:47:11,12,2,0,14
2024-08-02T15:03:00,12,2,0,14
2024-08-02T15:18:48,12,2,0,14
2024-08-02T15:34:36,12,2,0,14
2024-08-02T15:50:22,12,2,0,14
2024-08-02T16:06:10,12,2,0,14
2024-08-02T16:22:11,12,2,0,14
2024-08-02T16:37:59,12,2,0,14
2024-08-02T16:53:48,12,2,0,14
2024-08-02T17:09:35,12,2,0,14
2024-08-02T17:25:22,12,2,0,14
2024-08-02T17:41:10,12,2,0,14
2024-08-02T17:56:56,12,2,0,14
2024-08-02T18:12:45,12,2,0,14
2024-08-02T18:28:52,12,2,0,14
2024-08-02T18:44:38,12,2,0,14
2024-08-02T19:00:25,12,2,0,14
2024-08-02T19:16:13,12,2,0,14
2024-08-02T19:32:01,12,2,0,14
2024-08-02T19:47:48,12,2,0,14
2024-08-02T20:03:37,12,2,0,14
2024-08-02T20:19:24,12,2,0,14
2024-08-02T20:35:11,12,2,0,14
2024-08-02T20:51:14,12,2,0,14
2024-08-02T21:07:02,12,2,0,14
2024-08-02T21:22:51,12,2,0,14
2024-08-02T21:38:39,12,2,0,14
2024-08-02T21:54:35,12,2,0,14
2024-08-02T22:10:22,12,2,0,14
2024-08-02T22:26:09,12,2,0,14
2024-08-02T22:41:57,12,2,0,14
2024-08-02T22:57:44,12,2,0,14
2024-08-02T23:13:45,12,2,0,14
2024-08-02T23:29:36,12,2,0,14
2024-08-02T23:45:25,12,2,0,14
2024-08-03T00:01:15,12,2,0,14
2024-08-03T00:17:09,12,2,0,14
2024-08-03T00:33:05,12,2,0,14
2024-08-03T00:49:00,12,2,0,14
2024-08-03T01:04:53,12,2,0,14
2024-08-03T01:20:47,12,2,0,14
2024-08-03T01:36:40,12,2,0,14
2024-08-03T01:52:33,12,2,0,14
2024-08-03T02:08:41,12,2,0,14
2024-08-03T02:24:41,12,2,0,14
2024-08-03T02:40:33,12,2,0,14
2024-08-03T02:56:22,12,2,0,14
2024-08-03T03:12:13,12,2,0,14
2024-08-03T03:28:05,12,2,0,14
2024-08-03T03:43:54,12,2,0,14
2024-08-03T03:59:49,12,2,0,14
2024-08-03T04:26:35,12,2,0,14
2024-08-03T04:42:27,12,2,0,14
2024-08-03T04:58:16,12,2,0,14
2024-08-03T05:14:03,12,2,0,14
2024-08-03T05:29:50,12,2,0,14
2024-08-03T05:45:39,12,2,0,14
2024-08-03T06:01:47,12,2,0,14
2024-08-03T06:17:37,12,2,0,14
2024-08-03T06:33:26,12,2,0,14
2024-08-03T06:49:16,12,2,0,14
2024-08-03T07:05:07,12,2,0,14
2024-08-03T07:20:58,12,2,0,14
2024-08-03T07:36:47,12,2,0,14
2024-08-03T07:52:36,12,2,0,14
2024-08-03T08:08:34,12,2,0,14
2024-08-03T08:24:24,12,2,0,14
2024-08-03T08:40:14,12,2,0,14
2024-08-03T08:56:03,12,2,0,14
2024-08-03T09:11:54,12,2,0,14
2024-08-03T09:27:48,12,2,0,14
2024-08-03T09:43:37,12,2,0,14
2024-08-03T09:59:27,12,2,0,14
2024-08-03T10:15:17,12,2,0,14
2024-08-03T10:31:14,12,2,0,14
2024-08-03T10:47:04,12,2,0,14
2024-08-03T11:02:53,12,2,0,14
2024-08-03T11:18:42,12,2,0,14
2024-08-03T11:34:31,12,2,0,14
2024-08-03T11:50:19,12,2,0,14
2024-08-03T12:06:09,12,2,0,14
2024-08-03T12:21:57,12,2,0,14
2024-08-03T12:37:45,12,2,0,14
2024-08-03T12:53:33,12,2,0,14
2024-08-03T13:09:32,12,2,0,14
2024-08-03T13:25:22,12,2,0,14
2024-08-03T13:41:10,12,2,0,14
2024-08-03T13:56:59,12,2,0,14
2024-08-03T14:12:49,12,2,0,14
2024-08-03T14:28:37,12,2,0,14
2024-08-03T14:44:26,12,2,0,14
2024-08-03T15:00:14,12,2,0,14
2024-08-03T15:16:02,12,2,0,14
2024-08-03T15:32:01,12,2,0,14
2024-08-03T15:47:49,12,2,0,14
2024-08-03T16:03:34,12,2,0,14
2024-08-03T16:19:21,12,2,0,14
2024-08-03T16:35:09,12,2,0,14
2024-08-03T16:50:55,12,2,0,14
2024-08-03T17:06:43,12,2,0,14
2024-08-03T17:22:31,12,2,0,14
2024-08-03T17:38:18,12,2,0,14
2024-08-03T17:54:13,12,2,0,14
2024-08-03T18:09:59,12,2,0,14
2024-08-03T18:25:46,12,2,0,14
2024-08-03T18:41:33,12,2,0,14
2024-08-03T18:57:20,12,2,0,14
2024-08-03T19:13:07,12,2,0,14
2024-08-03T19:28:54,12,2,0,14
2024-08-03T19:44:40,12,2,0,14
2024-08-03T20:00:27,12,2,0,14
2024-08-03T20:16:15,12,2,0,14
2024-08-03T20:32:01,12,2,0,14
2024-08-03T20:48:00,12,2,0,14
2024-08-03T21:03:47,12,2,0,14
2024-08-03T21:19:35,12,2,0,14
2024-08-03T21:35:23,12,2,0,14
2024-08-03T21:51:10,12,2,0,14
2024-08-03T22:06:58,12,2,0,14
2024-08-03T22:22:45,12,2,0,14
2024-08-03T22:38:31,12,2,0,14
2024-08-03T22:54:19,12,2,0,14
2024-08-03T23:10:06,12,2,0,14
2024-08-03T23:25:52,12,2,0,14
2024-08-03T23:41:47,12,2,0,14
2024-08-03T23:57:34,12,2,0,14
2024-08-04T00:13:24,12,2,0,14
2024-08-04T00:29:16,12,2,0,14
2024-08-04T00:45:07,12,2,0,14
2024-08-04T01:01:00,12,2,0,14
2024-08-04T01:16:53,12,2,0,14
2024-08-04T01:32:44,12,2,0,14
2024-08-04T01:48:36,12,2,0,14
2024-08-04T02:04:26,12,2,0,14
2024-08-04T02:20:38,12,2,0,14
2024-08-04T02:36:29,12,2,0,14
2024-08-04T02:52:18,12,2,0,14
2024-08-04T03:08:09,12,2,0,14
2024-08-04T03:24:08,12,2,0,14
2024-08-04T03:39:58,12,2,0,14
2024-08-04T03:55:48,12,2,0,14
2024-08-04T04:26:47,12,2,0,14
2024-08-04T04:42:41,12,2,0,14
2024-08-04T04:58:34,12,2,0,14
2024-08-04T05:14:26,12,2,0,14
2024-08-04T05:30:18,12,2,0,14
2024-08-04T05:46:09,12,2,0,14
2024-08-04T06:02:00,12,2,0,14
2024-08-04T06:17:51,12,2,0,14
2024-08-04T06:33:41,12,2,0,14
2024-08-04T06:49:31,12,2,0,14
2024-08-04T07:05:19,12,2,0,14
2024-08-04T07:21:08,12,2,0,14
2024-08-04T07:36:55,12,2,0,14
2024-08-04T07:52:43,12,2,0,14
2024-08-04T08:08:31,12,2,0,14
2024-08-04T08:24:18,12,2,0,14
2024-08-04T08:40:10,12,2,0,14
2024-08-04T08:55:56,12,2,0,14
2024-08-04T09:11:51,12,2,0,14
2024-08-04T09:27:39,12,2,0,14
2024-08-04T09:43:27,12,2,0,14
2024-08-04T09:59:16,12,2,0,14
2024-08-04T10:15:05,12,2,0,14
2024-08-04T10:30:56,12,2,0,14
2024-08-04T10:46:45,12,2,0,14
2024-08-04T11:02:34,12,2,0,14
2024-08-04T11:18:24,12,2,0,14
2024-08-04T11:34:11,12,2,0,14
2024-08-04T11:49:58,12,2,0,14
2024-08-04T12:05:44,12,2,0,14
2024-08-04T12:21:42,12,2,0,14
2024-08-04T12:37:31,12,2,0,14
2024-08-04T12:53:18,12,2,0,14
2024-08-04T13:09:06,12,2,0,14
2024-08-04T13:24:52,12,2,0,14
2024-08-04T13:40:38,12,2,0,14
2024-08-04T13:56:25,12,2,0,14
2024-08-04T14:12:11,12,2,0,14
2024-08-04T14:28:00,12,2,0,14
2024-08-04T14:43:57,12,2,0,14
2024-08-04T14:59:44,12,2,0,14
2024-08-04T15:15:31,12,2,0,14
2024-08-04T15:31:17,12,2,0,14
2024-08-04T15:47:04,12,2,0,14
2024-08-04T16:02:51,12,2,0,14
2024-08-04T16:18:39,12,2,0,14
2024-08-04T16:34:27,12,2,0,14
2024-08-04T16:50:15,12,2,0,14
2024-08-04T17:06:02,12,2,0,14
2024-08-04T17:21:59,12,2,0,14
2024-08-04T17:37:46,12,2,0,14
2024-08-04T17:53:32,12,2,0,14
2024-08-04T18:09:19,12,2,0,14
2024-08-04T18:25:06,12,2,0,14
2024-08-04T18:40:54,12,2,0,14
2024-08-04T18:56:41,12,2,0,14
2024-08-04T19:12:30,12,2,0,14
2024-08-04T19:28:18,12,2,0,14
2024-08-04T19:44:15,12,2,0,14
2024-08-04T20:00:02,12,2,0,14
2024-08-04T20:15:48,12,2,0,14
2024-08-04T20:31:35,12,2,0,14
2024-08-04T20:47:22,12,2,0,14
2024-08-04T21:03:09,12,2,0,14
2024-08-04T21:18:58,12,2,0,14
2024-08-04T21:34:58,12,2,0,14
2024-08-04T21:50:46,12,2,0,14
2024-08-04T22:06:33,12,2,0,14
2024-08-04T22:22:20,12,2,0,14
2024-08-04T22:38:06,12,2,0,14
2024-08-04T22:54:04,12,2,0,14
2024-08-04T23:09:52,12,2,0,14
2024-08-04T23:25:40,12,2,0,14
2024-08-04T23:41:29,12,2,0,14
2024-08-04T23:57:16,12,2,0,14
2024-08-05T00:13:14,12,2,0,14
2024-08-05T00:29:11,12,2,0,14
2024-08-05T00:45:06,12,2,0,14
2024-08-05T01:01:00,12,2,0,14
2024-08-05T01:17:00,12,2,0,14
2024-08-05T01:33:04,12,2,0,14
2024-08-05T01:48:55,12,2,0,14
2024-08-05T02:04:45,12,2,0,14
2024-08-05T02:20:45,12,2,0,14
2024-08-05T02:36:38,12,2,0,14
2024-08-05T02:52:27,12,2,0,14
2024-08-05T03:08:17,12,2,0,14
2024-08-05T03:24:07,12,2,0,14
2024-08-05T03:39:56,12,2,0,14
2024-08-05T03:55:47,12,2,0,14
2024-08-05T04:29:16,12,2,0,14
2024-08-05T04:45:10,12,2,0,14
2024-08-05T05:01:01,12,2,0,14
2024-08-05T05:16:59,12,2,0,14
2024-08-05T05:32:51,12,2,0,14
2024-08-05T05:48:43,12,2,0,14
2024-08-05T06:04:34,12,2,0,14
2024-08-05T06:20:26,12,2,0,14
2024-08-05T06:36:19,12,2,0,14
2024-08-05T06:52:11,12,2,0,14
2024-08-05T07:07:59,12,2,0,14
2024-08-05T07:23:49,12,2,0,14
2024-08-05T07:39:36,12,2,0,14
2024-08-05T07:55:22,12,2,0,14
2024-08-05T08:11:10,12,2,0,14
2024-08-05T08:26:59,12,2,0,14
2024-08-05T08:42:47,12,2,0,14
2024-08-05T08:58:43,12,2,0,14
2024-08-05T09:14:32,12,2,0,14
2024-08-05T09:30:19,12,2,0,14
2024-08-05T09:46:07,12,2,0,14
2024-08-05T10:01:54,12,2,0,14
2024-08-05T10:17:45,12,2,0,14
2024-08-05T10:33:45,12,2,0,14
2024-08-05T10:49:34,12,2,0,14
2024-08-05T11:05:33,12,2,0,14
2024-08-05T11:21:24,12,2,0,14
2024-08-05T11:37:12,12,2,0,14
2024-08-05T11:53:00,12,2,0,14
2024-08-05T12:08:57,12,2,0,14
2024-08-05T12:24:46,12,2,0,14
2024-08-05T12:40:34,12,2,0,14
2024-08-05T12:56:21,12,2,0,14
2024-08-05T13:12:10,12,2,0,14
2024-08-05T13:28:08,12,2,0,14
2024-08-05T13:43:57,12,2,0,14
2024-08-05T13:59:45,12,2,0,14
2024-08-05T14:15:32,12,2,0,14
2024-08-05T14:31:33,12,2,0,14
2024-08-05T14:47:23,12,2,0,14
2024-08-05T15:03:11,12,2,0,14
2024-08-05T15:18:59,12,2,0,14
2024-08-05T15:34:57,12,2,0,14
2024-08-05T15:50:45,12,2,0,14
2024-08-05T16:06:34,12,2,0,14
2024-08-05T16:22:26,12,2,0,14
2024-08-05T16:38:15,12,2,0,14
2024-08-05T16:54:12,12,2,0,14
2024-08-05T17:10:01,12,2,0,14
2024-08-05T17:25:50,12,2,0,14
2024-08-05T17:41:37,12,2,0,14
2024-08-05T17:57:25,12,2,0,14
2024-08-05T18:13:12,12,2,0,14
2024-08-05T18:29:08,12,2,0,14
2024-08-05T18:44:56,12,2,0,14
2024-08-05T19:00:43,12,2,0,14
2024-08-05T19:16:32,12,2,0,14
2024-08-05T19:32:19,12,2,0,14
2024-08-05T19:48:08,12,2,0,14
2024-08-05T20:04:05,12,2,0,14
2024-08-05T20:19:54,12,2,0,14
2024-08-05T20:35:43,12,2,0,14
2024-08-05T20:51:31,12,2,0,14
2024-08-05T21:07:20,12,2,0,14
2024-08-05T21:23:09,12,2,0,14
2024-08-05T21:39:12,12,2,0,14
2024-08-05T21:55:00,12,2,0,14
2024-08-05T22:10:49,12,2,0,14
2024-08-05T22:26:36,12,2,0,14
2024-08-05T22:42:25,12,2,0,14
2024-08-05T22:58:24,12,2,0,14
2024-08-05T23:14:12,12,2,0,14
2024-08-05T23:30:02,12,2,0,14
2024-08-05T23:45:51,12,2,0,14
2024-08-06T00:01:39,12,2,0,14
2024-08-06T00:17:32,12,2,0,14
2024-08-06T00:33:28,12,2,0,14
2024-08-06T00:49:23,12,2,0,14
2024-08-06T01:05:20,12,2,0,14
2024-08-06T01:21:25,12,2,0,14
2024-08-06T01:37:19,12,2,0,14
2024-08-06T01:53:09,12,2,0,14
2024-08-06T02:09:00,12,2,0,14
2024-08-06T02:24:49,12,2,0,14
2024-08-06T02:40:38,12,2,0,14
2024-08-06T02:56:28,12,2,0,14
2024-08-06T03:12:17,12,2,0,14
2024-08-06T03:28:13,12,2,0,14
2024-08-06T03:44:03,12,2,0,14
2024-08-06T03:59:54,12,2,0,14
2024-08-06T04:15:47,12,2,0,14
2024-08-06T04:36:17,12,2,0,14
2024-08-06T04:52:09,12,2,0,14
2024-08-06T05:08:01,12,2,0,14
2024-08-06T05:23:54,12,2,0,14
2024-08-06T05:39:45,12,2,0,14
2024-08-06T05:55:39,12,2,0,14
2024-08-06T06:11:30,12,2,0,14
2024-08-06T06:27:20,12,2,0,14
2024-08-06T06:43:18,12,2,0,14
2024-08-06T06:59:07,12,2,0,14
2024-08-06T07:15:03,12,2,0,14
2024-08-06T07:30:54,12,2,0,14
2024-08-06T07:46:53,12,2,0,14
2024-08-06T08:02:46,12,2,0,14
2024-08-06T08:18:38,12,2,0,14
2024-08-06T08:34:29,12,2,0,14
2024-08-06T08:50:21,12,2,0,14
2024-08-06T09:06:14,12,2,0,14
2024-08-06T09:22:06,12,2,0,14
2024-08-06T09:37:56,12,2,0,14
2024-08-06T09:53:57,12,2,0,14
2024-08-06T10:09:47,12,2,0,14
2024-08-06T10:25:42,12,2,0,14
2024-08-06T10:41:32,12,2,0,14
2024-08-06T10:57:31,12,2,0,14
2024-08-06T11:13:19,12,2,0,14
2024-08-06T11:29:08,12,2,0,14
2024-08-06T11:45:07,12,2,0,14
2024-08-06T12:00:55,12,2,0,14
2024-08-06T12:16:44,12,2,0,14
2024-08-06T12:32:32,12,2,0,14
2024-08-06T12:48:21,12,2,0,14
2024-08-06T13:04:19,12,2,0,14
2024-08-06T13:20:09,12,2,0,14
2024-08-06T13:35:58,12,2,0,14
2024-08-06T13:51:46,12,2,0,14
2024-08-06T14:07:35,12,2,0,14
2024-08-06T14:23:34,12,2,0,14
2024-08-06T14:39:22,12,2,0,14
2024-08-06T14:55:11,12,2,0,14
2024-08-06T15:11:02,12,2,0,14
2024-08-06T15:27:03,12,2,0,14
2024-08-06T15:42:55,12,2,0,14
2024-08-06T15:58:45,12,2,0,14
2024-08-06T16:14:36,12,2,0,14
2024-08-06T16:30:28,12,2,0,14
2024-08-06T16:46:19,12,2,0,14
2024-08-06T17:02:20,12,2,0,14
2024-08-06T17:18:12,12,2,0,14
2024-08-06T17:34:03,12,2,0,14
2024-08-06T17:49:55,12,2,0,14
2024-08-06T18:05:46,12,2,0,14
2024-08-06T18:21:46,12,2,0,14
2024-08-06T18:37:38,12,2,0,14
2024-08-06T18:53:30,12,2,0,14
2024-08-06T19:09:22,12,2,0,14
2024-08-06T19:25:13,12,2,0,14
2024-08-06T19:41:03,12,2,0,14
2024-08-06T19:56:55,12,2,0,14
2024-08-06T20:12:57,12,2,0,14
2024-08-06T20:28:49,12,2,0,14
2024-08-06T20:44:41,12,2,0,14
2024-08-06T21:00:32,12,2,0,14
2024-08-06T21:16:24,12,2,0,14
2024-08-06T21:32:15,12,2,0,14
2024-08-06T21:48:16,12,2,0,14
2024-08-06T22:04:09,12,2,0,14
2024-08-06T22:20:00,12,2,0,14
2024-08-06T22:35:52,12,2,0,14
2024-08-06T22:51:44,12,2,0,14
2024-08-06T23:07:37,12,2,0,14
2024-08-06T23:23:39,12,2,0,14
2024-08-06T23:39:30,12,2,0,14
2024-08-06T23:55:21,12,2,0,14
2024-08-07T00:11:14,12,2,0,14
2024-08-07T00:27:14,12,2,0,14
2024-08-07T00:43:13,12,2,0,14
2024-08-07T00:59:13,12,2,0,14
2024-08-07T01:15:10,12,2,0,14
2024-08-07T01:31:07,12,2,0,14
2024-08-07T01:47:16,12,2,0,14
2024-08-07T02:03:13,12,2,0,14
2024-08-07T02:19:06,12,2,0,14
2024-08-07T02:34:58,12,2,0,14
2024-08-07T02:50:53,12,2,0,14
2024-08-07T03:06:47,12,2,0,14
2024-08-07T03:22:41,12,2,0,14
2024-08-07T03:38:35,12,2,0,14
2024-08-07T03:54:30,12,2,0,14
2024-08-07T04:10:25,12,2,0,14
2024-08-07T04:32:35,12,2,0,14
2024-08-07T04:48:32,12,2,0,14
2024-08-07T05:04:45,12,2,0,14
2024-08-07T05:20:42,12,2,0,14
2024-08-07T05:36:36,12,2,0,14
2024-08-07T05:52:31,12,2,0,14
2024-08-07T06:08:26,12,2,0,14
2024-08-07T06:24:20,12,2,0,14
2024-08-07T06:40:15,12,2,0,14
2024-08-07T06:56:09,12,2,0,14
2024-08-07T07:12:04,12,2,0,14
2024-08-07T07:27:58,12,2,0,14
2024-08-07T07:43:51,12,2,0,14
2024-08-07T07:59:44,12,2,0,14
2024-08-07T08:15:37,12,2,0,14
2024-08-07T08:31:36,12,2,0,14
2024-08-07T08:47:40,12,2,0,14
2024-08-07T09:03:33,12,2,0,14
2024-08-07T09:19:27,12,2,0,14
2024-08-07T09:35:20,12,2,0,14
2024-08-07T09:51:13,12,2,0,14
2024-08-07T10:07:04,12,2,0,14
2024-08-07T10:23:04,12,2,0,14
2024-08-07T10:38:55,12,2,0,14
2024-08-07T10:54:47,12,2,0,14
2024-08-07T11:10:38,12,2,0,14
2024-08-07T11:26:31,12,2,0,14
2024-08-07T11:42:35,12,2,0,14
2024-08-07T11:58:27,12,2,0,14
2024-08-07T12:14:20,12,2,0,14
2024-08-07T12:30:12,12,2,0,14
2024-08-07T12:46:14,12,2,0,14
2024-08-07T13:02:06,12,2,0,14
2024-08-07T13:17:59,12,2,0,14
2024-08-07T13:33:53,12,2,0,14
2024-08-07T13:49:45,12,2,0,14
2024-08-07T14:05:38,12,2,0,14
2024-08-07T14:21:39,12,2,0,14
2024-08-07T14:37:32,12,2,0,14
2024-08-07T14:53:26,12,2,0,14
2024-08-07T15:09:19,12,2,0,14
2024-08-07T15:25:15,12,2,0,14
2024-08-07T15:41:17,12,2,0,14
2024-08-07T15:57:10,12,2,0,14
2024-08-07T16:13:05,12,2,0,14
2024-08-07T16:28:58,12,2,0,14
2024-08-07T16:44:50,12,2,0,14
2024-08-07T17:00:44,12,2,0,14
2024-08-07T17:16:48,12,2,0,14
2024-08-07T17:32:41,12,2,0,14
2024-08-07T17:48:34,12,2,0,14
2024-08-07T18:04:26,12,2,0,14
2024-08-07T18:20:18,12,2,0,14
2024-08-07T18:36:11,12,2,0,14
2024-08-07T18:52:13,12,2,0,14
2024-08-07T19:08:06,12,2,0,14
2024-08-07T19:23:58,12,2,0,14
2024-08-07T19:39:51,12,2,0,14
2024-08-07T19:55:44,12,2,0,14
2024-08-07T20:11:37,12,2,0,14
2024-08-07T20:27:29,12,2,0,14
2024-08-07T20:43:34,12,2,0,14
2024-08-07T20:59:26,12,2,0,14
2024-08-07T21:15:20,12,2,0,14
2024-08-07T21:31:13,12,2,0,14
2024-08-07T21:47:07,12,2,0,14
2024-08-07T22:03:00,12,2,0,14
2024-08-07T22:19:02,12,2,0,14
2024-08-07T22:34:55,12,2,0,14
2024-08-07T22:50:48,12,2,0,14
2024-08-07T23:06:44,12,2,0,14
2024-08-07T23:22:38,12,2,0,14
2024-08-07T23:38:31,12,2,0,14
2024-08-07T23:54:24,12,2,0,14
2024-08-08T00:10:17,12,2,0,14
2024-08-08T00:26:19,12,2,0,14
2024-08-08T00:42:19,12,2,0,14
2024-08-08T00:58:31,12,2,0,14
2024-08-08T01:14:29,12,2,0,14
2024-08-08T01:30:26,12,2,0,14
2024-08-08T01:46:22,12,2,0,14
2024-08-08T02:02:18,12,2,0,14
2024-08-08T02:18:12,12,2,0,14
2024-08-08T02:34:07,12,2,0,14
2024-08-08T02:50:02,12,2,0,14
2024-08-08T03:05:58,12,2,0,14
2024-08-08T03:21:53,12,2,0,14
2024-08-08T03:37:47,12,2,0,14
2024-08-08T03:53:42,12,2,0,14
2024-08-08T04:24:11,12,2,0,14
2024-08-08T04:40:08,12,2,0,14
2024-08-08T04:56:04,12,2,0,14
2024-08-08T05:11:58,12,2,0,14
2024-08-08T05:27:58,12,2,0,14
2024-08-08T05:43:56,12,2,0,14
2024-08-08T05:59:53,12,2,0,14
2024-08-08T06:15:48,12,2,0,14
2024-08-08T06:31:44,12,2,0,14
2024-08-08T06:47:39,12,2,0,14
2024-08-08T07:03:34,12,2,0,14
2024-08-08T07:19:32,12,2,0,14
2024-08-08T07:35:28,12,2,0,14
2024-08-08T07:51:22,12,2,0,14
2024-08-08T08:07:18,12,2,0,14
2024-08-08T08:23:13,12,2,0,14
2024-08-08T08:39:16,12,2,0,14
2024-08-08T08:55:11,12,2,0,14
2024-08-08T09:11:06,12,2,0,14
2024-08-08T09:27:01,12,2,0,14
2024-08-08T09:43:06,12,2,0,14
2024-08-08T09:59:02,12,2,0,14
2024-08-08T10:14:59,12,2,0,14
2024-08-08T10:30:54,12,2,0,14
2024-08-08T10:46:59,12,2,0,14
2024-08-08T11:02:52,12,2,0,14
2024-08-08T11:18:45,12,2,0,14
2024-08-08T11:34:40,12,2,0,14
2024-08-08T11:50:47,12,2,0,14
2024-08-08T12:06:44,12,2,0,14
2024-08-08T12:22:40,12,2,0,14
2024-08-08T12:38:35,12,2,0,14
2024-08-08T12:54:30,12,2,0,14
2024-08-08T13:10:25,12,2,0,14
2024-08-08T13:26:29,12,2,0,14
2024-08-08T13:42:23,12,2,0,14
2024-08-08T13:58:16,12,2,0,14
2024-08-08T14:14:09,12,2,0,14
2024-08-08T14:30:03,12,2,0,14
2024-08-08T14:46:09,12,2,0,14
2024-08-08T15:02:02,12,2,0,14
2024-08-08T15:17:56,12,2,0,14
2024-08-08T15:33:49,12,2,0,14
2024-08-08T15:49:43,12,2,0,14
2024-08-08T16:05:47,12,2,0,14
2024-08-08T16:21:40,12,2,0,14
2024-08-08T16:37:32,12,2,0,14
2024-08-08T16:53:25,12,2,0,14
2024-08-08T17:09:20,12,2,0,14
2024-08-08T17:25:15,12,2,0,14
2024-08-08T17:41:17,12,2,0,14
2024-08-08T17:57:10,12,2,0,14
2024-08-08T18:13:03,12,2,0,14
2024-08-08T18:28:56,12,2,0,14
2024-08-08T18:44:49,12,2,0,14
2024-08-08T19:00:42,12,2,0,14
2024-08-08T19:16:35,12,2,0,14
2024-08-08T19:32:41,12,2,0,14
2024-08-08T19:48:34,12,2,0,14
2024-08-08T20:04:26,12,2,0,14
2024-08-08T20:20:20,12,2,0,14
2024-08-08T20:36:13,12,2,0,14
2024-08-08T20:52:07,12,2,0,14
2024-08-08T21:08:01,12,2,0,14
2024-08-08T21:24:04,12,2,0,14
2024-08-08T21:39:57,12,2,0,14
2024-08-08T21:55:51,12,2,0,14
2024-08-08T22:11:45,12,2,0,14
2024-08-08T22:27:38,12,2,0,14
2024-08-08T22:43:31,12,2,0,14
2024-08-08T22:59:29,12,2,0,14
2024-08-08T23:15:24,12,2,0,14
2024-08-08T23:31:27,12,2,0,14
2024-08-08T23:47:22,12,2,0,14
2024-08-09T00:03:18,12,2,0,14
2024-08-09T00:19:16,12,2,0,14
2024-08-09T00:35:13,12,2,0,14
2024-08-09T00:51:13,12,2,0,14
2024-08-09T01:07:12,12,2,0,14
2024-08-09T01:23:09,12,2,0,14
2024-08-09T01:39:05,12,2,0,14
2024-08-09T01:55:03,12,2,0,14
2024-08-09T02:11:10,12,2,0,14
2024-08-09T02:27:06,12,2,0,14
2024-08-09T02:43:03,12,2,0,14
2024-08-09T02:59:01,12,2,0,14
2024-08-09T03:14:58,12,2,0,14
2024-08-09T03:30:52,12,2,0,14
2024-08-09T03:46:49,12,2,0,14
2024-08-09T04:02:45,12,2,0,14
2024-08-09T04:35:52,12,2,0,14
2024-08-09T04:52:04,12,2,0,14
2024-08-09T05:08:03,12,2,0,14
2024-08-09T05:24:00,12,2,0,14
2024-08-09T05:39:59,12,2,0,14
2024-08-09T05:55:58,12,2,0,14
2024-08-09T06:11:56,12,2,0,14
2024-08-09T06:27:59,12,2,0,14
2024-08-09T06:43:58,12,2,0,14
2024-08-09T06:59:57,12,2,0,14
2024-08-09T07:15:56,12,2,0,14
2024-08-09T07:31:52,12,2,0,14
2024-08-09T07:47:46,12,2,0,14
2024-08-09T08:03:42,12,2,0,14
2024-08-09T08:19:43,12,2,0,14
2024-08-09T08:35:48,12,2,0,14
2024-08-09T08:51:44,12,2,0,14
2024-08-09T09:07:41,12,2,0,14
2024-08-09T09:23:39,12,2,0,14
2024-08-09T09:39:35,12,2,0,14
2024-08-09T09:55:30,12,2,0,14
2024-08-09T10:11:24,12,2,0,14
2024-08-09T10:27:18,12,2,0,14
2024-08-09T10:43:22,12,2,0,14
2024-08-09T10:59:16,12,2,0,14
2024-08-09T11:15:12,12,2,0,14
2024-08-09T11:31:08,12,2,0,14
2024-08-09T11:47:03,12,2,0,14
2024-08-09T12:03:07,12,2,0,14
2024-08-09T12:19:02,12,2,0,14
2024-08-09T12:34:58,12,2,0,14
2024-08-09T12:50:53,12,2,0,14
2024-08-09T13:06:48,12,2,0,14
2024-08-09T13:22:46,12,2,0,14
2024-08-09T13:38:51,12,2,0,14
2024-08-09T13:54:48,12,2,0,14
2024-08-09T14:10:44,12,2,0,14
2024-08-09T14:26:41,12,2,0,14
2024-08-09T14:42:37,12,2,0,14
2024-08-09T14:58:33,12,2,0,14
2024-08-09T15:14:38,12,2,0,14
2024-08-09T15:30:34,12,2,0,14
2024-08-09T15:46:30,12,2,0,14
2024-08-09T16:02:26,12,2,0,14
2024-08-09T16:18:21,12,2,0,14
2024-08-09T16:34:16,12,2,0,14
2024-08-09T16:50:24,12,2,0,14
2024-08-09T17:06:19,12,2,0,14
2024-08-09T17:22:17,12,2,0,14
2024-08-09T17:38:13,12,2,0,14
2024-08-09T17:54:08,12,2,0,14
2024-08-09T18:10:03,12,2,0,14
2024-08-09T18:25:58,12,2,0,14
2024-08-09T18:41:56,12,2,0,14
2024-08-09T18:58:00,12,2,0,14
2024-08-09T19:13:56,12,2,0,14
2024-08-09T19:29:51,12,2,0,14
2024-08-09T19:45:46,12,2,0,14
2024-08-09T20:01:41,12,2,0,14
2024-08-09T20:17:37,12,2,0,14
2024-08-09T20:33:33,12,2,0,14
2024-08-09T20:49:29,12,2,0,14
2024-08-09T21:05:24,12,2,0,14
2024-08-09T21:21:21,12,2,0,14
2024-08-09T21:37:26,12,2,0,14
2024-08-09T21:53:22,12,2,0,14
2024-08-09T22:09:16,12,2,0,14
2024-08-09T22:25:13,12,2,0,14
2024-08-09T22:41:09,12,2,0,14
2024-08-09T22:57:04,12,2,0,14
2024-08-09T23:13:01,12,2,0,14
2024-08-09T23:28:58,12,2,0,14
2024-08-09T23:44:54,12,2,0,14
2024-08-10T00:01:00,12,2,0,14
2024-08-10T00:17:00,12,2,0,14
2024-08-10T00:33:05,12,2,0,14
2024-08-10T00:49:07,12,2,0,14
2024-08-10T01:05:07,12,2,0,14
2024-08-10T01:21:06,12,2,0,14
2024-08-10T01:37:06,12,2,0,14
2024-08-10T01:53:06,12,2,0,14
2024-08-10T02:09:02,12,2,0,14
2024-08-10T02:25:02,12,2,0,14
2024-08-10T02:41:00,12,2,0,14
2024-08-10T02:57:06,12,2,0,14
2024-08-10T03:13:03,12,2,0,14
2024-08-10T03:29:00,12,2,0,14
2024-08-10T03:44:58,12,2,0,14
2024-08-10T04:01:06,12,2,0,14
2024-08-10T04:17:07,12,2,0,14
2024-08-10T04:35:27,12,2,0,14
2024-08-10T04:51:28,12,2,0,14
2024-08-10T05:07:25,12,2,0,14
2024-08-10T05:23:20,12,2,0,14
2024-08-10T05:39:14,12,2,0,14
2024-08-10T05:55:17,12,2,0,14
2024-08-10T06:11:16,12,2,0,14
2024-08-10T06:27:26,12,2,0,14
2024-08-10T06:43:24,12,2,0,14
2024-08-10T06:59:22,12,2,0,14
2024-08-10T07:15:22,12,2,0,14
2024-08-10T07:31:20,12,2,0,14
2024-08-10T07:47:26,12,2,0,14
2024-08-10T08:03:24,12,2,0,14
2024-08-10T08:19:22,12,2,0,14
2024-08-10T08:35:20,12,2,0,14
2024-08-10T08:51:20,12,2,0,14
2024-08-10T09:07:18,12,2,0,14
2024-08-10T09:23:17,12,2,0,14
2024-08-10T09:39:14,12,2,0,14
2024-08-10T09:55:13,12,2,0,14
2024-08-10T10:11:10,12,2,0,14
2024-08-10T10:27:22,12,2,0,14
2024-08-10T10:43:21,12,2,0,14
2024-08-10T10:59:18,12,2,0,14
2024-08-10T11:15:16,12,2,0,14
2024-08-10T11:31:14,12,2,0,14
2024-08-10T11:47:10,12,2,0,14
2024-08-10T12:03:06,12,2,0,14
2024-08-10T12:19:05,12,2,0,14
2024-08-10T12:35:11,12,2,0,14
2024-08-10T12:51:07,12,2,0,14
2024-08-10T13:07:04,12,2,0,14
2024-08-10T13:23:01,12,2,0,14
2024-08-10T13:38:58,12,2,0,14
2024-08-10T13:54:54,12,2,0,14
2024-08-10T14:10:49,12,2,0,14
2024-08-10T14:26:44,12,2,0,14
2024-08-10T14:42:56,12,2,0,14
2024-08-10T14:58:51,12,2,0,14
2024-08-10T15:14:47,12,2,0,14
2024-08-10T15:30:43,12,2,0,14
2024-08-10T15:46:37,12,2,0,14
2024-08-10T16:02:31,12,2,0,14
2024-08-10T16:18:26,12,2,0,14
2024-08-10T16:34:22,12,2,0,14
2024-08-10T16:50:16,12,2,0,14
2024-08-10T17:06:21,12,2,0,14
2024-08-10T17:22:17,12,2,0,14
2024-08-10T17:38:11,12,2,0,14
2024-08-10T17:54:08,12,2,0,14
2024-08-10T18:10:03,12,2,0,14
2024-08-10T18:25:58,12,2,0,14
2024-08-10T18:41:52,12,2,0,14
2024-08-10T18:57:48,12,2,0,14
2024-08-10T19:13:53,12,2,0,14
2024-08-10T19:29:48,12,2,0,14
2024-08-10T19:45:42,12,2,0,14
2024-08-10T20:01:38,12,2,0,14
2024-08-10T20:17:33,12,2,0,14
2024-08-10T20:33:29,12,2,0,14
2024-08-10T20:49:24,12,2,0,14
2024-08-10T21:05:21,12,2,0,14
2024-08-10T21:21:16,12,2,0,14
2024-08-10T21:37:12,12,2,0,14
2024-08-10T21:53:18,12,2,0,14
2024-08-10T22:09:13,12,2,0,14
2024-08-10T22:25:09,12,2,0,14
2024-08-10T22:41:04,12,2,0,14
2024-08-10T22:56:59,12,2,0,14
2024-08-10T23:12:55,12,2,0,14
2024-08-10T23:28:50,12,2,0,14
2024-08-10T23:44:45,12,2,0,14
2024-08-11T00:00:50,12,2,0,14
2024-08-11T00:16:51,12,2,0,14
2024-08-11T00:32:50,12,2,0,14
2024-08-11T00:48:48,12,2,0,14
2024-08-11T01:04:46,12,2,0,14
2024-08-11T01:20:43,12,2,0,14
2024-08-11T01:36:37,12,2,0,14
2024-08-11T01:52:33,12,2,0,14
2024-08-11T02:08:30,12,2,0,14
2024-08-11T02:24:36,12,2,0,14
2024-08-11T02:40:34,12,2,0,14
2024-08-11T02:56:31,12,2,0,14
2024-08-11T03:12:27,12,2,0,14
2024-08-11T03:28:31,12,2,0,14
2024-08-11T03:44:33,12,2,0,14
2024-08-11T04:00:35,12,2,0,14
2024-08-11T04:26:03,12,2,0,14
2024-08-11T04:43:25,12,2,0,14
2024-08-11T05:00:05,12,2,0,14
2024-08-11T05:16:09,12,2,0,14
2024-08-11T05:32:08,12,2,0,14
2024-08-11T05:48:07,12,2,0,14
2024-08-11T06:04:08,12,2,0,14
2024-08-11T06:20:09,12,2,0,14
2024-08-11T06:36:10,12,2,0,14
2024-08-11T06:52:09,12,2,0,14
2024-08-11T07:08:12,12,2,0,14
2024-08-11T07:24:13,12,2,0,14
2024-08-11T07:40:12,12,2,0,14
2024-08-11T07:56:18,12,2,0,14
2024-08-11T08:12:18,12,2,0,14
2024-08-11T08:28:17,12,2,0,14
2024-08-11T08:44:14,12,2,0,14
2024-08-11T09:00:11,12,2,0,14
2024-08-11T09:16:13,12,2,0,14
2024-08-11T09:32:14,12,2,0,14
2024-08-11T09:48:13,12,2,0,14
2024-08-11T10:04:11,12,2,0,14
2024-08-11T10:20:09,12,2,0,14
2024-08-11T10:36:08,12,2,0,14
2024-08-11T10:52:07,12,2,0,14
2024-08-11T11:08:10,12,2,0,14
2024-08-11T11:24:04,12,2,0,14
2024-08-11T11:40:00,12,2,0,14
2024-08-11T11:55:54,12,2,0,14
2024-08-11T12:11:49,12,2,0,14
2024-08-11T12:27:44,12,2,0,14
2024-08-11T12:43:39,12,2,0,14
2024-08-11T12:59:38,12,2,0,14
2024-08-11T13:15:34,12,2,0,14
2024-08-11T13:31:38,12,2,0,14
2024-08-11T13:47:33,12,2,0,14
2024-08-11T14:03:27,12,2,0,14
2024-08-11T14:19:22,12,2,0,14
2024-08-11T14:35:16,12,2,0,14
2024-08-11T14:51:12,12,2,0,14
2024-08-11T15:07:07,12,2,0,14
2024-08-11T15:23:01,12,2,0,14
2024-08-11T15:38:56,12,2,0,14
2024-08-11T15:55:03,12,2,0,14
2024-08-11T16:11:00,12,2,0,14
2024-08-11T16:26:56,12,2,0,14
2024-08-11T16:42:52,12,2,0,14
2024-08-11T16:58:48,12,2,0,14
2024-08-11T17:14:43,12,2,0,14
2024-08-11T17:30:38,12,2,0,14
2024-08-11T17:46:33,12,2,0,14
2024-08-11T18:02:29,12,2,0,14
2024-08-11T18:18:23,12,2,0,14
2024-08-11T18:34:21,12,2,0,14
2024-08-11T18:50:24,12,2,0,14
2024-08-11T19:06:21,12,2,0,14
2024-08-11T19:22:18,12,2,0,14
2024-08-11T19:38:13,12,2,0,14
2024-08-11T19:54:08,12,2,0,14
2024-08-11T20:10:03,12,2,0,14
2024-08-11T20:26:07,12,2,0,14
2024-08-11T20:42:02,12,2,0,14
2024-08-11T20:57:57,12,2,0,14
2024-08-11T21:13:52,12,2,0,14
2024-08-11T21:29:47,12,2,0,14
2024-08-11T21:45:44,12,2,0,14
2024-08-11T22:01:40,12,2,0,14
2024-08-11T22:17:44,12,2,0,14
2024-08-11T22:33:39,12,2,0,14
2024-08-11T22:49:34,12,2,0,14
2024-08-11T23:05:28,12,2,0,14
2024-08-11T23:21:25,12,2,0,14
2024-08-11T23:37:21,12,2,0,14
2024-08-11T23:53:27,12,2,0,14
2024-08-12T00:09:25,12,2,0,14
2024-08-12T00:25:30,12,2,0,14
2024-08-12T00:41:33,12,2,0,14
2024-08-12T00:57:37,12,2,0,14
2024-08-12T01:13:53,12,2,0,14
2024-08-12T01:29:53,12,2,0,14
2024-08-12T01:46:03,12,2,0,14
2024-08-12T02:02:01,12,2,0,14
2024-08-12T02:18:26,12,2,0,14
2024-08-12T02:34:25,12,2,0,14
2024-08-12T02:50:22,12,2,0,14
2024-08-12T03:06:18,12,2,0,14
2024-08-12T03:22:16,12,2,0,14
2024-08-12T03:38:13,12,2,0,14
2024-08-12T03:54:12,12,2,0,14
2024-08-12T04:10:10,12,2,0,14
2024-08-12T04:37:24,12,2,0,14
2024-08-12T04:53:26,12,2,0,14
2024-08-12T05:09:29,12,2,0,14
2024-08-12T05:25:27,12,2,0,14
2024-08-12T05:41:27,12,2,0,14
2024-08-12T05:57:27,12,2,0,14
2024-08-12T06:13:28,12,2,0,14
2024-08-12T06:29:30,12,2,0,14
2024-08-12T06:45:29,12,2,0,14
2024-08-12T07:01:24,12,2,0,14
2024-08-12T07:17:20,12,2,0,14
2024-08-12T07:33:15,12,2,0,14
2024-08-12T07:49:13,12,2,0,14
2024-08-12T08:05:16,12,2,0,14
2024-08-12T08:21:11,12,2,0,14
2024-08-12T08:37:07,12,2,0,14
2024-08-12T08:53:03,12,2,0,14
2024-08-12T09:08:59,12,2,0,14
2024-08-12T09:24:54,12,2,0,14
2024-08-12T09:40:51,12,2,0,14
2024-08-12T09:57:00,12,2,0,14
2024-08-12T10:12:58,12,2,0,14
2024-08-12T10:28:53,12,2,0,14
2024-08-12T10:44:49,12,2,0,14
2024-08-12T11:00:46,12,2,0,14
2024-08-12T11:16:52,12,2,0,14
2024-08-12T11:32:49,12,2,0,14
2024-08-12T11:48:47,12,2,0,14
2024-08-12T12:04:43,12,2,0,14
2024-08-12T12:20:38,12,2,0,14
2024-08-12T12:36:44,12,2,0,14
2024-08-12T12:52:38,12,2,0,14
2024-08-12T13:08:34,12,2,0,14
2024-08-12T13:24:28,12,2,0,14
2024-08-12T13:40:33,12,2,0,14
2024-08-12T13:56:29,12,2,0,14
2024-08-12T14:12:25,12,2,0,14
2024-08-12T14:28:21,12,2,0,14
2024-08-12T14:44:16,12,2,0,14
2024-08-12T15:00:12,12,2,0,14
2024-08-12T15:16:20,12,2,0,14
2024-08-12T15:32:15,12,2,0,14
2024-08-12T15:48:10,12,2,0,14
2024-08-12T16:04:06,12,2,0,14
2024-08-12T16:20:01,12,2,0,14
2024-08-12T16:36:09,12,2,0,14
2024-08-12T16:52:06,12,2,0,14
2024-08-12T17:08:02,12,2,0,14
2024-08-12T17:23:57,12,2,0,14
2024-08-12T17:39:52,12,2,0,14
2024-08-12T17:55:48,12,2,0,14
2024-08-12T18:11:53,12,2,0,14
2024-08-12T18:27:47,12,2,0,14
2024-08-12T18:43:42,12,2,0,14
2024-08-12T18:59:37,12,2,0,14
2024-08-12T19:15:32,12,2,0,14
2024-08-12T19:31:28,12,2,0,14
2024-08-12T19:47:37,12,2,0,14
2024-08-12T20:03:33,12,2,0,14
2024-08-12T20:19:27,12,2,0,14
2024-08-12T20:35:24,12,2,0,14
2024-08-12T20:51:19,12,2,0,14
2024-08-12T21:07:13,12,2,0,14
2024-08-12T21:23:19,12,2,0,14
2024-08-12T21:39:15,12,2,0,14
2024-08-12T21:55:11,12,2,0,14
2024-08-12T22:11:08,12,2,0,14
2024-08-12T22:27:04,12,2,0,14
2024-08-12T22:43:03,12,2,0,14
2024-08-12T22:58:59,12,2,0,14
2024-08-12T23:14:56,12,2,0,14
2024-08-12T23:31:01,12,2,0,14
2024-08-12T23:46:57,12,2,0,14
2024-08-13T00:02:54,12,2,0,14
2024-08-13T00:18:52,12,2,0,14
2024-08-13T00:34:53,12,2,0,14
2024-08-13T00:50:55,12,2,0,14
2024-08-13T01:07:00,12,2,0,14
2024-08-13T01:23:00,12,2,0,14
2024-08-13T01:38:58,12,2,0,14
2024-08-13T01:54:56,12,2,0,14
2024-08-13T02:10:54,12,2,0,14
2024-08-13T02:27:01,12,2,0,14
2024-08-13T02:43:01,12,2,0,14
2024-08-13T02:58:58,12,2,0,14
2024-08-13T03:14:56,12,2,0,14
2024-08-13T03:30:54,12,2,0,14
2024-08-13T03:46:51,12,2,0,14
2024-08-13T04:02:49,12,2,0,14
2024-08-13T04:34:20,12,2,0,14
2024-08-13T04:50:19,12,2,0,14
2024-08-13T05:06:16,12,2,0,14
2024-08-13T05:22:13,12,2,0,14
2024-08-13T05:38:10,12,2,0,14
2024-08-13T05:54:07,12,2,0,14
2024-08-13T06:10:04,12,2,0,14
2024-08-13T06:26:00,12,2,0,14
2024-08-13T06:41:58,12,2,0,14
2024-08-13T06:58:15,12,2,0,14
2024-08-13T07:14:16,12,2,0,14
2024-08-13T07:30:15,12,2,0,14
2024-08-13T07:46:14,12,2,0,14
2024-08-13T08:02:11,12,2,0,14
2024-08-13T08:18:10,12,2,0,14
2024-08-13T08:34:09,12,2,0,14
2024-08-13T08:50:06,12,2,0,14
2024-08-13T09:06:12,12,2,0,14
2024-08-13T09:22:10,12,2,0,14
2024-08-13T09:38:07,12,2,0,14
2024-08-13T09:54:05,12,2,0,14
2024-08-13T10:10:02,12,2,0,14
2024-08-13T10:26:00,12,2,0,14
2024-08-13T10:41:56,12,2,0,14
2024-08-13T10:58:03,12,2,0,14
2024-08-13T11:14:01,12,2,0,14
2024-08-13T11:29:58,12,2,0,14
2024-08-13T11:45:57,12,2,0,14
2024-08-13T12:01:55,12,2,0,14
2024-08-13T12:18:01,12,2,0,14
2024-08-13T12:33:56,12,2,0,14
2024-08-13T12:49:53,12,2,0,14
2024-08-13T13:05:47,12,2,0,14
2024-08-13T13:21:41,12,2,0,14
2024-08-13T13:37:48,12,2,0,14
2024-08-13T13:53:44,12,2,0,14
2024-08-13T14:09:40,12,2,0,14
2024-08-13T14:25:37,12,2,0,14
2024-08-13T14:41:33,12,2,0,14
2024-08-13T14:57:38,12,2,0,14
2024-08-13T15:13:33,12,2,0,14
2024-08-13T15:29:30,12,2,0,14
2024-08-13T15:45:25,12,2,0,14
2024-08-13T16:01:20,12,2,0,14
2024-08-13T16:17:16,12,2,0,14
2024-08-13T16:33:22,12,2,0,14
2024-08-13T16:49:17,12,2,0,14
2024-08-13T17:05:13,12,2,0,14
2024-08-13T17:21:11,12,2,0,14
2024-08-13T17:37:06,12,2,0,14
2024-08-13T17:53:12,12,2,0,14
2024-08-13T18:09:08,12,2,0,14
2024-08-13T18:25:04,12,2,0,14
2024-08-13T18:40:58,12,2,0,14
2024-08-13T18:56:53,12,2,0,14
2024-08-13T19:12:47,12,2,0,14
2024-08-13T19:28:53,12,2,0,14
2024-08-13T19:44:49,12,2,0,14
2024-08-13T20:00:44,12,2,0,14
2024-08-13T20:16:38,12,2,0,14
2024-08-13T20:32:34,12,2,0,14
2024-08-13T20:48:39,12,2,0,14
2024-08-13T21:04:35,12,2,0,14
2024-08-13T21:20:34,12,2,0,14
2024-08-13T21:36:30,12,2,0,14
2024-08-13T21:52:25,12,2,0,14
2024-08-13T22:08:21,12,2,0,14
2024-08-13T22:24:29,12,2,0,14
2024-08-13T22:40:24,12,2,0,14
2024-08-13T22:56:20,12,2,0,14
2024-08-13T23:12:15,12,2,0,14
2024-08-13T23:28:13,12,2,0,14
2024-08-13T23:44:18,12,2,0,14
2024-08-14T00:00:13,12,2,0,14
2024-08-14T00:16:11,12,2,0,14
2024-08-14T00:32:13,12,2,0,14
2024-08-14T00:48:11,12,2,0,14
2024-08-14T01:04:12,12,2,0,14
2024-08-14T01:20:21,12,2,0,14
2024-08-14T01:36:21,12,2,0,14
2024-08-14T01:52:20,12,2,0,14
2024-08-14T02:08:19,12,2,0,14
2024-08-14T02:24:17,12,2,0,14
2024-08-14T02:40:14,12,2,0,14
2024-08-14T02:56:10,12,2,0,14
2024-08-14T03:12:07,12,2,0,14
2024-08-14T03:28:03,12,2,0,14
2024-08-14T03:44:01,12,2,0,14
2024-08-14T03:59:56,12,2,0,14
2024-08-14T04:24:09,12,2,0,14
2024-08-14T04:40:05,12,2,0,14
2024-08-14T04:56:00,12,2,0,14
2024-08-14T05:11:56,12,2,0,14
2024-08-14T05:27:53,12,2,0,14
2024-08-14T05:43:49,12,2,0,14
2024-08-14T05:59:46,12,2,0,14
2024-08-14T06:15:46,12,2,0,14
2024-08-14T06:31:43,12,2,0,14
2024-08-14T06:47:54,12,2,0,14
2024-08-14T07:04:03,12,2,0,14
2024-08-14T07:20:05,12,2,0,14
2024-08-14T07:36:18,12,2,0,14
2024-08-14T07:52:16,12,2,0,14
2024-08-14T08:08:14,12,2,0,14
2024-08-14T08:24:13,12,2,0,14
2024-08-14T08:40:10,12,2,0,14
2024-08-14T08:56:18,12,2,0,14
2024-08-14T09:12:17,12,2,0,14
2024-08-14T09:28:15,12,2,0,14
2024-08-14T09:44:12,12,2,0,14
2024-08-14T10:00:24,12,2,0,14
2024-08-14T10:16:23,12,2,0,14
2024-08-14T10:32:24,12,2,0,14
2024-08-14T10:48:34,12,2,0,14
2024-08-14T11:04:33,12,2,0,14
2024-08-14T11:20:33,12,2,0,14
2024-08-14T11:36:43,12,2,0,14
2024-08-14T11:52:42,12,2,0,14
2024-08-14T12:08:42,12,2,0,14
2024-08-14T12:24:41,12,2,0,14
2024-08-14T12:40:52,12,2,0,14
2024-08-14T12:56:53,12,2,0,14
2024-08-14T13:12:52,12,2,0,14
2024-08-14T13:28:58,12,2,0,14
2024-08-14T13:44:56,12,2,0,14
2024-08-14T14:00:55,12,2,0,14
2024-08-14T14:17:05,12,2,0,14
2024-08-14T14:33:02,12,2,0,14
2024-08-14T14:48:58,12,2,0,14
2024-08-14T15:04:59,12,2,0,14
2024-08-14T15:21:07,12,2,0,14
2024-08-14T15:37:03,12,2,0,14
2024-08-14T15:52:58,12,2,0,14
2024-08-14T16:09:07,12,2,0,14
2024-08-14T16:25:04,12,2,0,14
2024-08-14T16:40:59,12,2,0,14
2024-08-14T16:56:56,12,2,0,14
2024-08-14T17:13:03,12,2,0,14
2024-08-14T17:28:58,12,2,0,14
2024-08-14T17:44:53,12,2,0,14
2024-08-14T18:00:48,12,2,0,14
2024-08-14T18:16:42,12,2,0,14
2024-08-14T18:32:48,12,2,0,14
2024-08-14T18:48:42,12,2,0,14
2024-08-14T19:04:37,12,2,0,14
2024-08-14T19:20:33,12,2,0,14
2024-08-14T19:36:29,12,2,0,14
2024-08-14T19:52:33,12,2,0,14
2024-08-14T20:08:28,12,2,0,14
2024-08-14T20:24:23,12,2,0,14
2024-08-14T20:40:18,12,2,0,14
2024-08-14T20:56:23,12,2,0,14
2024-08-14T21:12:19,12,2,0,14
2024-08-14T21:28:17,12,2,0,14
2024-08-14T21:44:13,12,2,0,14
2024-08-14T22:00:08,12,2,0,14
2024-08-14T22:16:15,12,2,0,14
2024-08-14T22:32:10,12,2,0,14
2024-08-14T22:48:06,12,2,0,14
2024-08-14T23:04:01,12,2,0,14
2024-08-14T23:20:07,12,2,0,14
2024-08-14T23:36:03,12,2,0,14
2024-08-14T23:51:58,12,2,0,14
2024-08-15T00:07:56,12,2,0,14
2024-08-15T00:24:07,12,2,0,14
2024-08-15T00:40:08,12,2,0,14
2024-08-15T00:56:10,12,2,0,14
2024-08-15T01:12:15,12,2,0,14
2024-08-15T01:28:12,12,2,0,14
2024-08-15T01:44:12,12,2,0,14
2024-08-15T02:00:19,12,2,0,14
2024-08-15T02:16:16,12,2,0,14
2024-08-15T02:32:13,12,2,0,14
2024-08-15T02:48:17,12,2,0,14
2024-08-15T03:04:13,12,2,0,14
2024-08-15T03:20:11,12,2,0,14
2024-08-15T03:36:12,12,2,0,14
2024-08-15T03:52:10,12,2,0,14
2024-08-15T04:08:09,12,2,0,14
2024-08-15T04:34:46,12,2,0,14
2024-08-15T04:50:46,12,2,0,14
2024-08-15T05:06:41,12,2,0,14
2024-08-15T05:22:38,12,2,0,14
2024-08-15T05:38:34,12,2,0,14
2024-08-15T05:54:35,12,2,0,14
2024-08-15T06:10:50,12,2,0,14
2024-08-15T06:26:49,12,2,0,14
2024-08-15T06:42:46,12,2,0,14
2024-08-15T06:58:41,12,2,0,14
2024-08-15T07:14:47,12,2,0,14
2024-08-15T07:30:45,12,2,0,14
2024-08-15T07:46:51,12,2,0,14
2024-08-15T08:02:46,12,2,0,14
2024-08-15T08:18:45,12,2,0,14
2024-08-15T08:34:46,12,2,0,14
2024-08-15T08:50:54,12,2,0,14
2024-08-15T09:28:34,12,2,0,14
2024-08-15T09:44:41,12,2,0,14
2024-08-15T10:00:41,12,2,0,14
2024-08-15T10:16:41,12,2,0,14
2024-08-15T10:32:41,12,2,0,14
2024-08-15T10:48:52,12,2,0,14
2024-08-15T11:04:54,12,2,0,14
2024-08-15T11:20:56,12,2,0,14
2024-08-15T11:37:03,12,2,0,14
2024-08-15T11:53:04,12,2,0,14
2024-08-15T12:09:10,12,2,0,14
2024-08-15T12:25:10,12,2,0,14
2024-08-15T12:41:11,12,2,0,14
2024-08-15T12:57:18,12,2,0,14
2024-08-15T13:13:17,12,2,0,14
2024-08-15T13:29:18,12,2,0,14
2024-08-15T13:45:39,13,1,0,14
2024-08-15T14:01:40,13,1,0,14
2024-08-15T14:17:39,13,1,0,14
2024-08-15T14:33:49,13,1,0,14
2024-08-15T14:49:47,13,1,0,14
2024-08-15T15:05:53,13,1,0,14
2024-08-15T15:22:02,13,1,0,14
2024-08-15T15:37:59,13,1,0,14
2024-08-15T15:53:59,13,1,0,14
2024-08-15T16:10:10,13,1,0,14
2024-08-15T16:26:09,13,1,0,14
2024-08-15T16:42:22,13,1,0,14
2024-08-15T16:58:31,13,1,0,14
2024-08-15T17:14:42,13,1,0,14
2024-08-15T17:30:40,13,1,0,14
2024-08-15T17:46:49,13,1,0,14
2024-08-15T18:02:48,13,1,0,14
2024-08-15T18:18:48,13,1,0,14
2024-08-15T18:34:59,13,1,0,14
2024-08-15T18:50:56,13,1,0,14
2024-08-15T19:06:54,13,1,0,14
2024-08-15T19:23:02,13,1,0,14
2024-08-15T19:38:59,13,1,0,14
2024-08-15T19:54:57,13,1,0,14
2024-08-15T20:10:55,13,1,0,14
2024-08-15T20:27:04,13,1,0,14
2024-08-15T20:43:02,13,1,0,14
2024-08-15T20:58:59,13,1,0,14
2024-08-15T21:14:57,13,1,0,14
2024-08-15T21:31:01,13,1,0,14
2024-08-15T21:46:57,13,1,0,14
2024-08-15T22:02:52,13,1,0,14
2024-08-15T22:18:48,13,1,0,14
2024-08-15T22:34:44,13,1,0,14
2024-08-15T22:50:49,13,1,0,14
2024-08-15T23:06:44,13,1,0,14
2024-08-15T23:22:38,13,1,0,14
2024-08-15T23:38:34,13,1,0,14
2024-08-15T23:54:29,13,1,0,14
2024-08-16T00:10:26,13,1,0,14
2024-08-16T00:26:24,13,1,0,14
2024-08-16T00:42:33,13,1,0,14
2024-08-16T00:58:36,13,1,0,14
2024-08-16T01:14:43,13,1,0,14
2024-08-16T01:30:43,13,1,0,14
2024-08-16T01:46:43,13,1,0,14
2024-08-16T02:02:42,13,1,0,14
2024-08-16T02:18:50,13,1,0,14
2024-08-16T02:34:52,13,1,0,14
2024-08-16T02:50:48,13,1,0,14
2024-08-16T03:06:45,13,1,0,14
2024-08-16T03:22:43,13,1,0,14
2024-08-16T03:38:43,13,1,0,14
2024-08-16T03:55:09,13,1,0,14
2024-08-16T04:11:07,13,1,0,14
2024-08-16T04:38:36,13,1,0,14
2024-08-16T04:54:36,13,1,0,14
2024-08-16T05:10:39,13,1,0,14
2024-08-16T05:26:39,13,1,0,14
2024-08-16T05:42:39,13,1,0,14
2024-08-16T05:58:38,13,1,0,14
2024-08-16T06:14:35,13,1,0,14
2024-08-16T06:30:35,13,1,0,14
2024-08-16T06:46:33,13,1,0,14
2024-08-16T07:02:32,13,1,0,14
2024-08-16T07:18:33,13,1,0,14
2024-08-16T07:34:30,13,1,0,14
2024-08-16T07:50:27,13,1,0,14
2024-08-16T08:06:36,13,1,0,14
2024-08-16T08:22:34,13,1,0,14
2024-08-16T08:38:30,13,1,0,14
2024-08-16T08:54:26,13,1,0,14
2024-08-16T09:10:21,13,1,0,14
2024-08-16T09:26:17,13,1,0,14
2024-08-16T09:42:13,13,1,0,14
2024-08-16T09:58:08,13,1,0,14
2024-08-16T10:14:15,13,1,0,14
2024-08-16T10:30:09,13,1,0,14
2024-08-16T11:08:13,13,1,0,14
2024-08-16T11:24:08,13,1,0,14
2024-08-16T11:40:03,13,1,0,14
2024-08-16T11:56:08,13,1,0,14
2024-08-16T12:12:03,13,1,0,14
2024-08-16T12:27:59,13,1,0,14
2024-08-16T12:43:53,13,1,0,14
2024-08-16T12:59:47,13,1,0,14
2024-08-16T13:15:51,13,1,0,14
2024-08-16T13:31:46,13,1,0,14
2024-08-16T13:47:41,13,1,0,14
2024-08-16T14:03:36,13,1,0,14
2024-08-16T14:19:31,13,1,0,14
2024-08-16T14:35:26,13,1,0,14
2024-08-16T14:51:31,13,1,0,14
2024-08-16T15:07:25,13,1,0,14
2024-08-16T15:23:20,13,1,0,14
2024-08-16T15:39:14,13,1,0,14
2024-08-16T15:55:09,13,1,0,14
2024-08-16T16:11:04,13,1,0,14
2024-08-16T16:27:07,13,1,0,14
2024-08-16T16:43:02,13,1,0,14
2024-08-16T16:58:57,13,1,0,14
2024-08-16T17:14:53,13,1,0,14
2024-08-16T17:30:49,13,1,0,14
2024-08-16T17:46:45,13,1,0,14
2024-08-16T18:02:48,13,1,0,14
2024-08-16T18:18:43,13,1,0,14
2024-08-16T18:34:38,13,1,0,14
2024-08-16T18:50:32,13,1,0,14
2024-08-16T19:06:27,13,1,0,14
2024-08-16T19:22:23,13,1,0,14
2024-08-16T19:38:18,13,1,0,14
2024-08-16T19:54:12,13,1,0,14
2024-08-16T20:10:16,13,1,0,14
2024-08-16T20:26:11,13,1,0,14
2024-08-16T20:42:06,13,1,0,14
2024-08-16T20:58:01,13,1,0,14
2024-08-16T21:13:57,13,1,0,14
2024-08-16T21:29:54,13,1,0,14
2024-08-16T21:45:50,13,1,0,14
2024-08-16T22:01:45,13,1,0,14
2024-08-16T22:17:50,13,1,0,14
2024-08-16T22:33:44,13,1,0,14
2024-08-16T22:49:40,13,1,0,14
2024-08-16T23:05:36,13,1,0,14
2024-08-16T23:21:31,13,1,0,14
2024-08-16T23:37:27,13,1,0,14
2024-08-16T23:53:23,13,1,0,14
2024-08-17T00:09:22,13,1,0,14
2024-08-17T00:25:35,13,1,0,14
2024-08-17T00:41:36,13,1,0,14
2024-08-17T00:57:37,13,1,0,14
2024-08-17T01:13:36,13,1,0,14
2024-08-17T01:29:35,13,1,0,14
2024-08-17T01:45:36,13,1,0,14
2024-08-17T02:01:34,13,1,0,14
2024-08-17T02:17:30,13,1,0,14
2024-08-17T02:33:34,13,1,0,14
2024-08-17T02:49:31,13,1,0,14
2024-08-17T03:05:26,13,1,0,14
2024-08-17T03:21:23,13,1,0,14
2024-08-17T03:37:30,13,1,0,14
2024-08-17T03:53:28,13,1,0,14
2024-08-17T04:09:26,13,1,0,14
2024-08-17T04:31:12,13,1,0,14
2024-08-17T04:47:24,13,1,0,14
2024-08-17T05:03:24,13,1,0,14
2024-08-17T05:19:24,13,1,0,14
2024-08-17T05:35:21,13,1,0,14
2024-08-17T05:51:20,13,1,0,14
2024-08-17T06:07:19,13,1,0,14
2024-08-17T06:23:17,13,1,0,14
2024-08-17T06:39:15,13,1,0,14
2024-08-17T06:55:13,13,1,0,14
2024-08-17T07:11:11,13,1,0,14
2024-08-17T07:27:10,13,1,0,14
2024-08-17T07:43:08,13,1,0,14
2024-08-17T07:59:04,13,1,0,14
2024-08-17T08:15:03,13,1,0,14
2024-08-17T08:31:10,13,1,0,14
2024-08-17T08:47:08,13,1,0,14
2024-08-17T09:03:06,13,1,0,14
2024-08-17T09:19:05,13,1,0,14
2024-08-17T09:35:03,13,1,0,14
2024-08-17T09:51:01,13,1,0,14
2024-08-17T10:06:57,13,1,0,14
2024-08-17T10:23:02,13,1,0,14
2024-08-17T10:38:59,13,1,0,14
2024-08-17T10:54:55,13,1,0,14
2024-08-17T11:10:52,13,1,0,14
2024-08-17T11:26:49,13,1,0,14
2024-08-17T11:42:46,13,1,0,14
2024-08-17T11:58:43,13,1,0,14
2024-08-17T12:14:40,13,1,0,14
2024-08-17T12:30:44,13,1,0,14
2024-08-17T12:46:38,13,1,0,14
2024-08-17T13:02:34,13,1,0,14
2024-08-17T13:18:28,13,1,0,14
2024-08-17T13:34:23,13,1,0,14
2024-08-17T13:50:19,13,1,0,14
2024-08-17T14:06:14,13,1,0,14
2024-08-17T14:22:09,13,1,0,14
2024-08-17T14:38:05,13,1,0,14
2024-08-17T14:54:00,13,1,0,14
2024-08-17T15:10:04,13,1,0,14
2024-08-17T15:25:58,13,1,0,14
2024-08-17T15:41:53,13,1,0,14
2024-08-17T15:57:48,13,1,0,14
2024-08-17T16:13:44,13,1,0,14
2024-08-17T16:29:39,13,1,0,14
2024-08-17T16:45:35,13,1,0,14
2024-08-17T17:01:30,13,1,0,14
2024-08-17T17:17:26,13,1,0,14
2024-08-17T17:33:32,13,1,0,14
2024-08-17T17:49:27,13,1,0,14
2024-08-17T18:05:22,13,1,0,14
2024-08-17T18:21:17,13,1,0,14
2024-08-17T18:37:12,13,1,0,14
2024-08-17T18:53:07,13,1,0,14
2024-08-17T19:09:02,13,1,0,14
2024-08-17T19:24:58,13,1,0,14
2024-08-17T19:40:52,13,1,0,14
2024-08-17T19:56:47,13,1,0,14
2024-08-17T20:12:51,13,1,0,14
2024-08-17T20:28:45,13,1,0,14
2024-08-17T20:44:41,13,1,0,14
2024-08-17T21:00:35,13,1,0,14
2024-08-17T21:16:31,13,1,0,14
2024-08-17T21:32:27,13,1,0,14
2024-08-17T21:48:21,13,1,0,14
2024-08-17T22:04:17,13,1,0,14
2024-08-17T22:20:14,13,1,0,14
2024-08-17T22:36:10,13,1,0,14
2024-08-17T22:52:13,13,1,0,14
2024-08-17T23:08:09,13,1,0,14
2024-08-17T23:24:05,13,1,0,14
2024-08-17T23:39:59,13,1,0,14
2024-08-17T23:55:53,13,1,0,14
2024-08-18T00:24:47,13,1,0,14
2024-08-18T00:54:24,13,1,0,14
2024-08-18T01:10:21,13,1,0,14
2024-08-18T01:26:16,13,1,0,14
2024-08-18T01:42:12,13,1,0,14
2024-08-18T01:58:18,13,1,0,14
2024-08-18T02:14:18,13,1,0,14
2024-08-18T02:30:19,13,1,0,14
2024-08-18T02:47:06,13,1,0,14
2024-08-18T03:03:04,13,1,0,14
2024-08-18T03:19:04,13,1,0,14
2024-08-18T03:35:03,13,1,0,14
2024-08-18T03:51:01,13,1,0,14
2024-08-18T04:23:48,13,1,0,14
2024-08-18T04:39:49,13,1,0,14
2024-08-18T04:55:48,13,1,0,14
2024-08-18T05:11:48,13,1,0,14
2024-08-18T05:27:47,13,1,0,14
2024-08-18T05:43:46,13,1,0,14
2024-08-18T05:59:45,13,1,0,14
2024-08-18T06:15:44,13,1,0,14
2024-08-18T06:31:42,13,1,0,14
2024-08-18T06:47:40,13,1,0,14
2024-08-18T07:03:37,13,1,0,14
2024-08-18T07:19:35,13,1,0,14
2024-08-18T07:35:35,13,1,0,14
2024-08-18T07:51:36,13,1,0,14
2024-08-18T08:07:33,13,1,0,14
2024-08-18T08:23:29,13,1,0,14
2024-08-18T08:39:29,13,1,0,14
2024-08-18T08:55:25,13,1,0,14
2024-08-18T09:11:23,13,1,0,14
2024-08-18T09:27:28,13,1,0,14
2024-08-18T09:43:26,13,1,0,14
2024-08-18T09:59:22,13,1,0,14
2024-08-18T10:15:17,13,1,0,14
2024-08-18T10:31:14,13,1,0,14
2024-08-18T10:47:09,13,1,0,14
2024-08-18T11:03:03,13,1,0,14
2024-08-18T11:18:57,13,1,0,14
2024-08-18T11:34:52,13,1,0,14
2024-08-18T11:50:46,13,1,0,14
2024-08-18T12:06:41,13,1,0,14
2024-08-18T12:22:35,13,1,0,14
2024-08-18T12:38:38,13,1,0,14
2024-08-18T12:54:32,13,1,0,14
2024-08-18T13:10:26,13,1,0,14
2024-08-18T13:26:21,13,1,0,14
2024-08-18T13:42:16,13,1,0,14
2024-08-18T13:58:11,13,1,0,14
2024-08-18T14:14:06,13,1,0,14
2024-08-18T14:30:00,13,1,0,14
2024-08-18T14:45:56,13,1,0,14
2024-08-18T15:01:50,13,1,0,14
2024-08-18T15:17:53,13,1,0,14
2024-08-18T15:33:48,13,1,0,14
2024-08-18T15:49:42,13,1,0,14
2024-08-18T16:05:36,13,1,0,14
2024-08-18T16:21:32,13,1,0,14
2024-08-18T16:37:27,13,1,0,14
2024-08-18T16:53:23,13,1,0,14
2024-08-18T17:09:18,13,1,0,14
2024-08-18T17:25:14,13,1,0,14
2024-08-18T17:41:08,13,1,0,14
2024-08-18T17:57:03,13,1,0,14
2024-08-18T18:13:09,13,1,0,14
2024-08-18T18:29:05,13,1,0,14
2024-08-18T18:45:00,13,1,0,14
2024-08-18T19:00:57,13,1,0,14
2024-08-18T19:16:54,13,1,0,14
2024-08-18T19:33:00,13,1,0,14
2024-08-18T19:48:54,13,1,0,14
2024-08-18T20:04:50,13,1,0,14
2024-08-18T20:20:45,13,1,0,14
2024-08-18T20:36:41,13,1,0,14
2024-08-18T20:52:36,13,1,0,14
2024-08-18T21:08:31,13,1,0,14
2024-08-18T21:24:31,13,1,0,14
2024-08-18T21:40:29,13,1,0,14
2024-08-18T21:56:26,13,1,0,14
2024-08-18T22:12:32,13,1,0,14
2024-08-18T22:28:27,13,1,0,14
2024-08-18T22:44:23,13,1,0,14
2024-08-18T23:00:17,13,1,0,14
2024-08-18T23:16:13,13,1,0,14
2024-08-18T23:32:10,13,1,0,14
2024-08-18T23:48:05,13,1,0,14
2024-08-19T00:04:02,13,1,0,14
2024-08-19T00:20:18,13,1,0,14
2024-08-19T00:36:20,13,1,0,14
2024-08-19T00:52:24,13,1,0,14
2024-08-19T01:08:23,13,1,0,14
2024-08-19T01:24:19,13,1,0,14
2024-08-19T01:40:17,13,1,0,14
2024-08-19T01:56:42,13,1,0,14
2024-08-19T02:12:41,13,1,0,14
2024-08-19T02:28:37,13,1,0,14
2024-08-19T02:44:37,13,1,0,14
2024-08-19T03:00:47,13,1,0,14
2024-08-19T03:16:45,13,1,0,14
2024-08-19T03:32:44,13,1,0,14
2024-08-19T03:48:41,13,1,0,14
2024-08-19T04:04:41,13,1,0,14
2024-08-19T04:33:02,13,1,0,14
2024-08-19T04:49:02,13,1,0,14
2024-08-19T05:05:00,13,1,0,14
2024-08-19T05:21:00,13,1,0,14
2024-08-19T05:37:00,13,1,0,14
2024-08-19T05:52:59,13,1,0,14
2024-08-19T06:08:59,13,1,0,14
2024-08-19T06:24:57,13,1,0,14
2024-08-19T06:40:56,13,1,0,14
2024-08-19T06:56:54,13,1,0,14
2024-08-19T07:12:51,13,1,0,14
2024-08-19T07:28:53,13,1,0,14
2024-08-19T07:44:50,13,1,0,14
2024-08-19T08:00:44,13,1,0,14
2024-08-19T08:16:48,13,1,0,14
2024-08-19T08:32:45,13,1,0,14
2024-08-19T08:48:41,13,1,0,14
2024-08-19T09:04:38,13,1,0,14
2024-08-19T09:20:34,13,1,0,14
2024-08-19T09:36:29,13,1,0,14
2024-08-19T09:52:34,13,1,0,14
2024-08-19T10:08:30,13,1,0,14
2024-08-19T10:24:28,13,1,0,14
2024-08-19T10:40:23,13,1,0,14
2024-08-19T10:56:31,13,1,0,14
2024-08-19T11:12:28,13,1,0,14
2024-08-19T11:28:23,13,1,0,14
2024-08-19T11:44:21,13,1,0,14
2024-08-19T12:00:26,13,1,0,14
2024-08-19T12:16:22,13,1,0,14
2024-08-19T12:32:17,13,1,0,14
2024-08-19T12:48:12,13,1,0,14
2024-08-19T13:04:21,13,1,0,14
2024-08-19T13:20:17,13,1,0,14
2024-08-19T13:36:15,13,1,0,14
2024-08-19T13:52:12,13,1,0,14
2024-08-19T14:08:19,13,1,0,14
2024-08-19T14:24:14,13,1,0,14
2024-08-19T14:40:10,13,1,0,14
2024-08-19T14:56:07,13,1,0,14
2024-08-19T15:12:14,13,1,0,14
2024-08-19T15:28:11,13,1,0,14
2024-08-19T15:44:09,13,1,0,14
2024-08-19T16:00:05,13,1,0,14
2024-08-19T16:16:14,13,1,0,14
2024-08-19T16:32:10,13,1,0,14
2024-08-19T16:48:08,13,1,0,14
2024-08-19T17:04:04,13,1,0,14
2024-08-19T17:20:02,13,1,0,14
2024-08-19T17:35:59,13,1,0,14
2024-08-19T17:52:04,13,1,0,14
2024-08-19T18:08:02,13,1,0,14
2024-08-19T18:23:58,13,1,0,14
2024-08-19T18:39:54,13,1,0,14
2024-08-19T18:55:49,13,1,0,14
2024-08-19T19:11:46,13,1,0,14
2024-08-19T19:27:51,13,1,0,14
2024-08-19T19:43:47,13,1,0,14
2024-08-19T19:59:44,13,1,0,14
2024-08-19T20:15:40,13,1,0,14
2024-08-19T20:31:37,13,1,0,14
2024-08-19T20:47:33,13,1,0,14
2024-08-19T21:03:39,13,1,0,14
2024-08-19T21:19:36,13,1,0,14
2024-08-19T21:35:32,13,1,0,14
2024-08-19T21:51:28,13,1,0,14
2024-08-19T22:07:25,13,1,0,14
2024-08-19T22:23:21,13,1,0,14
2024-08-19T22:39:28,13,1,0,14
2024-08-19T22:55:24,13,1,0,14
2024-08-19T23:11:21,13,1,0,14
2024-08-19T23:27:17,13,1,0,14
2024-08-19T23:43:14,13,1,0,14
2024-08-19T23:59:11,13,1,0,14
2024-08-20T00:15:23,13,1,0,14
2024-08-20T00:31:35,13,1,0,14
2024-08-20T00:47:36,13,1,0,14
2024-08-20T01:03:41,13,1,0,14
2024-08-20T01:20:04,13,1,0,14
2024-08-20T01:36:37,13,1,0,14
2024-08-20T01:52:38,13,1,0,14
2024-08-20T02:08:36,13,1,0,14
2024-08-20T02:24:34,13,1,0,14
2024-08-20T02:40:46,13,1,0,14
2024-08-20T02:56:43,13,1,0,14
2024-08-20T03:12:40,13,1,0,14
2024-08-20T03:28:42,13,1,0,14
2024-08-20T03:44:45,13,1,0,14
2024-08-20T04:00:44,13,1,0,14
2024-08-20T04:38:25,13,1,0,14
2024-08-20T04:54:25,13,1,0,14
2024-08-20T05:10:25,13,1,0,14
2024-08-20T05:26:24,13,1,0,14
2024-08-20T05:42:22,13,1,0,14
2024-08-20T05:58:19,13,1,0,14
2024-08-20T06:14:14,13,1,0,14
2024-08-20T06:30:17,13,1,0,14
2024-08-20T06:46:35,13,1,0,14
2024-08-20T07:02:34,13,1,0,14
2024-08-20T07:18:34,13,1,0,14
2024-08-20T07:34:33,13,1,0,14
2024-08-20T07:50:30,13,1,0,14
2024-08-20T08:06:27,13,1,0,14
2024-08-20T08:22:33,13,1,0,14
2024-08-20T08:38:30,13,1,0,14
2024-08-20T08:54:27,13,1,0,14
2024-08-20T09:10:25,13,1,0,14
2024-08-20T09:26:23,13,1,0,14
2024-08-20T09:42:33,13,1,0,14
2024-08-20T09:58:31,13,1,0,14
2024-08-20T10:14:32,13,1,0,14
2024-08-20T10:30:39,13,1,0,14
2024-08-20T10:46:38,13,1,0,14
2024-08-20T11:02:38,13,1,0,14
2024-08-20T11:18:39,13,1,0,14
2024-08-20T11:34:49,13,1,0,14
2024-08-20T11:50:50,13,1,0,14
2024-08-20T12:06:47,13,1,0,14
2024-08-20T12:23:00,13,1,0,14
2024-08-20T12:38:58,13,1,0,14
2024-08-20T12:54:57,13,1,0,14
2024-08-20T13:11:09,13,1,0,14
2024-08-20T13:27:09,13,1,0,14
2024-08-20T13:43:06,13,1,0,14
2024-08-20T13:59:05,13,1,0,14
2024-08-20T14:15:15,13,1,0,14
2024-08-20T14:31:19,13,1,0,14
2024-08-20T14:47:18,13,1,0,14
2024-08-20T15:03:29,13,1,0,14
2024-08-20T15:19:30,13,1,0,14
2024-08-20T15:35:32,13,1,0,14
2024-08-20T15:51:41,13,1,0,14
2024-08-20T16:07:40,13,1,0,14
2024-08-20T16:23:38,13,1,0,14
2024-08-20T16:39:45,13,1,0,14
2024-08-20T16:55:42,13,1,0,14
2024-08-20T17:11:43,13,1,0,14
2024-08-20T17:27:52,13,1,0,14
2024-08-20T17:43:52,13,1,0,14
2024-08-20T17:59:48,13,1,0,14
2024-08-20T18:15:46,13,1,0,14
2024-08-20T18:31:57,13,1,0,14
2024-08-20T18:47:53,13,1,0,14
2024-08-20T19:03:52,13,1,0,14
2024-08-20T19:19:49,13,1,0,14
2024-08-20T19:36:01,14,0,0,14
2024-08-20T19:51:58,13,1,0,14
2024-08-20T20:07:55,13,1,0,14
2024-08-20T20:23:54,14,0,0,14
2024-08-20T20:40:02,14,0,0,14
2024-08-20T20:55:59,14,0,0,14
2024-08-20T21:11:55,14,0,0,14
2024-08-20T21:27:53,14,0,0,14
2024-08-20T21:44:00,14,0,0,14
2024-08-20T21:59:55,14,0,0,14
2024-08-20T22:15:50,14,0,0,14
2024-08-20T22:31:47,14,0,0,14
2024-08-20T22:47:43,14,0,0,14
2024-08-20T23:03:51,14,0,0,14
2024-08-20T23:19:48,14,0,0,14
2024-08-20T23:35:44,14,0,0,14
2024-08-20T23:51:40,14,0,0,14
2024-08-21T00:07:38,14,0,0,14
2024-08-21T00:23:40,14,0,0,14
2024-08-21T00:39:41,14,0,0,14
2024-08-21T00:55:47,14,0,0,14
2024-08-21T01:12:02,14,0,0,14
2024-08-21T01:28:04,14,0,0,14
2024-08-21T01:44:05,14,0,0,14
2024-08-21T02:00:06,14,0,0,14
2024-08-21T02:16:06,14,0,0,14
2024-08-21T02:32:08,14,0,0,14
2024-08-21T02:48:11,14,0,0,14
2024-08-21T03:04:12,14,0,0,14
2024-08-21T03:20:47,14,0,0,14
2024-08-21T03:36:48,14,0,0,14
2024-08-21T03:52:47,14,0,0,14
2024-08-21T04:08:47,14,0,0,14
2024-08-21T04:31:35,14,0,0,14
2024-08-21T04:47:37,14,0,0,14
2024-08-21T05:03:40,14,0,0,14
2024-08-21T05:19:42,14,0,0,14
2024-08-21T05:35:42,14,0,0,14
2024-08-21T05:51:44,14,0,0,14
2024-08-21T06:07:44,14,0,0,14
2024-08-21T06:23:44,14,0,0,14
2024-08-21T06:39:45,14,0,0,14
2024-08-21T06:55:43,14,0,0,14
2024-08-21T07:11:43,14,0,0,14
2024-08-21T07:27:42,14,0,0,14
2024-08-21T07:43:41,14,0,0,14
2024-08-21T07:59:40,14,0,0,14
2024-08-21T08:15:38,14,0,0,14
2024-08-21T08:31:36,14,0,0,14
2024-08-21T08:47:33,14,0,0,14
2024-08-21T09:03:43,14,0,0,14
2024-08-21T09:19:41,14,0,0,14
2024-08-21T09:35:45,14,0,0,14
2024-08-21T09:51:43,14,0,0,14
2024-08-21T10:08:04,14,0,0,14
2024-08-21T10:24:36,14,0,0,14
2024-08-21T10:41:26,14,0,0,14
2024-08-21T10:58:07,14,0,0,14
2024-08-21T11:14:47,14,0,0,14
2024-08-21T11:31:38,14,0,0,14
2024-08-21T11:48:31,14,0,0,14
2024-08-21T12:05:48,14,0,0,14
2024-08-21T12:22:34,14,0,0,14
2024-08-21T12:39:20,14,0,0,14
2024-08-21T12:56:09,14,0,0,14
2024-08-21T13:13:00,14,0,0,14
2024-08-21T13:30:08,14,0,0,14
2024-08-21T13:47:00,14,0,0,14
2024-08-21T14:03:49,14,0,0,14
2024-08-21T14:20:40,14,0,0,14
2024-08-21T14:37:43,14,0,0,14
2024-08-21T14:54:35,14,0,0,14
2024-08-21T15:11:27,14,0,0,14
2024-08-21T15:28:27,14,0,0,14
2024-08-21T15:45:40,14,0,0,14
2024-08-21T16:01:57,14,0,0,14
2024-08-21T16:17:54,14,0,0,14
2024-08-21T16:33:51,14,0,0,14
2024-08-21T16:49:49,14,0,0,14
2024-08-21T17:05:56,14,0,0,14
2024-08-21T17:21:54,14,0,0,14
2024-08-21T17:37:51,14,0,0,14
2024-08-21T17:53:47,14,0,0,14
2024-08-21T18:09:44,14,0,0,14
2024-08-21T18:25:40,14,0,0,14
2024-08-21T18:41:36,14,0,0,14
2024-08-21T18:57:42,14,0,0,14
2024-08-21T19:13:39,14,0,0,14
2024-08-21T19:29:35,14,0,0,14
2024-08-21T19:45:32,14,0,0,14
2024-08-21T20:01:29,14,0,0,14
2024-08-21T20:17:25,14,0,0,14
2024-08-21T20:33:22,14,0,0,14
2024-08-21T20:49:27,14,0,0,14
2024-08-21T21:05:24,14,0,0,14
2024-08-21T21:21:22,14,0,0,14
2024-08-21T21:37:19,14,0,0,14
2024-08-21T21:53:16,14,0,0,14
2024-08-21T22:09:13,14,0,0,14
2024-08-21T22:25:28,14,0,0,14
2024-08-21T22:41:25,14,0,0,14
2024-08-21T22:57:26,14,0,0,14
2024-08-21T23:13:24,14,0,0,14
2024-08-21T23:29:21,14,0,0,14
2024-08-21T23:45:19,14,0,0,14
2024-08-22T00:01:17,14,0,0,14
2024-08-22T00:17:31,14,0,0,14
2024-08-22T00:33:37,14,0,0,14
2024-08-22T00:49:43,14,0,0,14
2024-08-22T01:05:54,14,0,0,14
2024-08-22T01:21:58,14,0,0,14
2024-08-22T01:37:59,14,0,0,14
2024-08-22T01:54:00,14,0,0,14
2024-08-22T02:09:59,14,0,0,14
2024-08-22T02:25:58,14,0,0,14
2024-08-22T02:41:56,14,0,0,14
2024-08-22T02:57:54,14,0,0,14
2024-08-22T03:14:17,14,0,0,14
2024-08-22T03:30:15,14,0,0,14
2024-08-22T03:46:17,14,0,0,14
2024-08-22T04:02:55,14,0,0,14
2024-08-22T04:31:02,14,0,0,14
2024-08-22T04:47:05,14,0,0,14
2024-08-22T05:03:07,14,0,0,14
2024-08-22T05:19:08,14,0,0,14
2024-08-22T05:35:08,14,0,0,14
2024-08-22T05:51:12,14,0,0,14
2024-08-22T06:07:12,14,0,0,14
2024-08-22T06:23:14,14,0,0,14
2024-08-22T06:39:14,14,0,0,14
2024-08-22T06:55:16,14,0,0,14
2024-08-22T07:11:17,14,0,0,14
2024-08-22T07:27:16,14,0,0,14
2024-08-22T07:43:15,14,0,0,14
2024-08-22T07:59:13,14,0,0,14
2024-08-22T08:15:12,14,0,0,14
2024-08-22T08:31:13,14,0,0,14
2024-08-22T08:47:13,14,0,0,14
2024-08-22T09:03:19,14,0,0,14
2024-08-22T09:19:16,14,0,0,14
2024-08-22T09:35:13,14,0,0,14
2024-08-22T09:51:11,14,0,0,14
2024-08-22T10:07:08,14,0,0,14
2024-08-22T10:23:06,14,0,0,14
2024-08-22T10:39:02,14,0,0,14
2024-08-22T10:55:10,14,0,0,14
2024-08-22T11:11:12,14,0,0,14
2024-08-22T11:27:16,14,0,0,14
2024-08-22T11:43:20,14,0,0,14
2024-08-22T11:59:23,14,0,0,14
2024-08-22T12:15:27,14,0,0,14
2024-08-22T12:31:40,14,0,0,14
2024-08-22T12:47:44,14,0,0,14
2024-08-22T13:03:49,14,0,0,14
2024-08-22T13:19:53,14,0,0,14
2024-08-22T13:35:58,14,0,0,14
2024-08-22T13:52:11,14,0,0,14
2024-08-22T14:08:16,14,0,0,14
2024-08-22T14:24:20,14,0,0,14
2024-08-22T14:40:24,14,0,0,14
2024-08-22T14:56:28,14,0,0,14
2024-08-22T15:12:32,14,0,0,14
2024-08-22T15:28:46,14,0,0,14
2024-08-22T15:44:50,14,0,0,14
2024-08-22T16:00:51,14,0,0,14
2024-08-22T16:16:51,14,0,0,14
2024-08-22T16:32:56,14,0,0,14
2024-08-22T16:49:00,14,0,0,14
2024-08-22T17:05:04,14,0,0,14
2024-08-22T17:21:20,14,0,0,14
2024-08-22T17:37:24,14,0,0,14
2024-08-22T17:53:29,14,0,0,14
2024-08-22T18:09:33,14,0,0,14
2024-08-22T18:25:36,14,0,0,14
2024-08-22T18:41:40,14,0,0,14
2024-08-22T18:57:43,14,0,0,14
2024-08-22T19:13:48,14,0,0,14
2024-08-22T19:30:01,14,0,0,14
2024-08-22T19:46:04,14,0,0,14
2024-08-22T20:02:08,14,0,0,14
2024-08-22T20:18:14,14,0,0,14
2024-08-22T20:34:18,14,0,0,14
2024-08-22T20:50:22,14,0,0,14
2024-08-22T21:06:25,14,0,0,14
2024-08-22T21:22:31,14,0,0,14
2024-08-22T21:38:44,14,0,0,14
2024-08-22T21:54:48,14,0,0,14
2024-08-22T22:10:52,14,0,0,14
2024-08-22T22:26:56,14,0,0,14
2024-08-22T22:43:03,14,0,0,14
2024-08-22T22:59:12,14,0,0,14
2024-08-22T23:15:17,14,0,0,14
2024-08-22T23:31:33,14,0,0,14
2024-08-22T23:47:38,14,0,0,14
2024-08-23T00:03:43,14,0,0,14
2024-08-23T00:19:51,14,0,0,14
2024-08-23T00:36:01,14,0,0,14
2024-08-23T00:52:14,14,0,0,14
2024-08-23T01:08:29,14,0,0,14
2024-08-23T01:24:38,14,0,0,14
2024-08-23T01:40:46,14,0,0,14
2024-08-23T01:56:59,14,0,0,14
2024-08-23T02:13:07,14,0,0,14
2024-08-23T02:29:14,14,0,0,14
2024-08-23T02:45:30,14,0,0,14
2024-08-23T03:01:35,14,0,0,14
2024-08-23T03:17:42,14,0,0,14
2024-08-23T03:33:49,14,0,0,14
2024-08-23T03:49:56,14,0,0,14
2024-08-23T04:06:04,14,0,0,14
2024-08-23T04:27:03,14,0,0,14
2024-08-23T04:43:12,14,0,0,14
2024-08-23T04:59:20,14,0,0,14
2024-08-23T05:15:26,14,0,0,14
2024-08-23T05:31:33,14,0,0,14
2024-08-23T05:47:41,14,0,0,14
2024-08-23T06:03:47,14,0,0,14
2024-08-23T06:19:55,14,0,0,14
2024-08-23T06:36:01,14,0,0,14
2024-08-23T06:52:07,14,0,0,14
2024-08-23T07:08:42,14,0,0,14
2024-08-23T07:24:52,14,0,0,14
2024-08-23T07:41:00,14,0,0,14
2024-08-23T07:57:06,14,0,0,14
2024-08-23T08:13:13,14,0,0,14
2024-08-23T08:29:21,14,0,0,14
2024-08-23T08:45:28,14,0,0,14
2024-08-23T09:01:33,14,0,0,14
2024-08-23T09:17:49,14,0,0,14
2024-08-23T09:33:57,14,0,0,14
2024-08-23T09:50:04,14,0,0,14
2024-08-23T10:06:10,14,0,0,14
2024-08-23T10:22:16,14,0,0,14
2024-08-23T10:38:27,14,0,0,14
2024-08-23T10:54:34,14,0,0,14
2024-08-23T11:10:41,14,0,0,14
2024-08-23T11:26:59,14,0,0,14
2024-08-23T11:43:07,14,0,0,14
2024-08-23T11:59:13,14,0,0,14
2024-08-23T12:15:19,14,0,0,14
2024-08-23T12:31:25,14,0,0,14
2024-08-23T12:47:32,14,0,0,14
2024-08-23T13:03:38,14,0,0,14
2024-08-23T13:19:54,14,0,0,14
2024-08-23T13:36:01,14,0,0,14
2024-08-23T13:52:07,14,0,0,14
2024-08-23T14:08:14,14,0,0,14
2024-08-23T14:24:21,14,0,0,14
2024-08-23T14:40:28,14,0,0,14
2024-08-23T14:56:35,14,0,0,14
2024-08-23T15:12:52,14,0,0,14
2024-08-23T15:28:58,14,0,0,14
2024-08-23T15:45:06,14,0,0,14
2024-08-23T16:01:14,14,0,0,14
2024-08-23T16:17:21,14,0,0,14
2024-08-23T16:33:27,14,0,0,14
2024-08-23T16:49:34,14,0,0,14
2024-08-23T17:05:50,14,0,0,14
2024-08-23T17:21:58,14,0,0,14
2024-08-23T17:38:05,14,0,0,14
2024-08-23T17:54:12,14,0,0,14
2024-08-23T18:10:19,14,0,0,14
2024-08-23T18:26:25,14,0,0,14
2024-08-23T18:42:32,14,0,0,14
2024-08-23T18:58:38,14,0,0,14
2024-08-23T19:14:47,14,0,0,14
2024-08-23T19:31:03,14,0,0,14
2024-08-23T19:47:11,14,0,0,14
2024-08-23T20:03:18,14,0,0,14
2024-08-23T20:19:25,14,0,0,14
2024-08-23T20:35:32,14,0,0,14
2024-08-23T20:51:39,14,0,0,14
2024-08-23T21:07:46,14,0,0,14
2024-08-23T21:23:54,14,0,0,14
2024-08-23T21:40:01,14,0,0,14
2024-08-23T21:56:08,14,0,0,14
2024-08-23T22:12:14,14,0,0,14
2024-08-23T22:28:32,14,0,0,14
2024-08-23T22:44:39,14,0,0,14
2024-08-23T23:00:48,14,0,0,14
2024-08-23T23:16:56,14,0,0,14
2024-08-23T23:33:03,14,0,0,14
2024-08-23T23:49:10,14,0,0,14
2024-08-24T00:05:22,14,0,0,14
2024-08-24T00:21:37,14,0,0,14
2024-08-24T00:37:49,14,0,0,14
2024-08-24T00:54:01,14,0,0,14
2024-08-24T01:10:23,14,0,0,14
2024-08-24T01:26:33,14,0,0,14
2024-08-24T01:42:43,14,0,0,14
2024-08-24T01:58:53,14,0,0,14
2024-08-24T02:15:02,14,0,0,14
2024-08-24T02:31:19,14,0,0,14
2024-08-24T02:47:28,14,0,0,14
2024-08-24T03:03:35,14,0,0,14
2024-08-24T03:19:44,14,0,0,14
2024-08-24T03:35:53,14,0,0,14
2024-08-24T03:52:01,14,0,0,14
2024-08-24T04:08:12,14,0,0,14
2024-08-24T04:29:42,14,0,0,14
2024-08-24T04:45:53,14,0,0,14
2024-08-24T05:02:02,14,0,0,14
2024-08-24T05:18:09,14,0,0,14
2024-08-24T05:34:16,14,0,0,14
2024-08-24T05:50:24,14,0,0,14
2024-08-24T06:06:31,14,0,0,14
2024-08-24T06:22:38,14,0,0,14
2024-08-24T06:38:46,14,0,0,14
2024-08-24T06:55:26,14,0,0,14
2024-08-24T07:11:38,14,0,0,14
2024-08-24T07:27:47,14,0,0,14
2024-08-24T07:44:05,14,0,0,14
2024-08-24T08:00:14,14,0,0,14
2024-08-24T08:16:24,14,0,0,14
2024-08-24T08:32:33,14,0,0,14
2024-08-24T08:48:42,14,0,0,14
2024-08-24T09:04:51,14,0,0,14
2024-08-24T09:21:01,14,0,0,14
2024-08-24T09:37:10,14,0,0,14
2024-08-24T09:53:20,14,0,0,14
2024-08-24T10:09:29,14,0,0,14
2024-08-24T10:25:47,14,0,0,14
2024-08-24T10:41:56,14,0,0,14
2024-08-24T10:58:05,14,0,0,14
2024-08-24T11:14:15,14,0,0,14
2024-08-24T11:30:24,14,0,0,14
2024-08-24T11:46:33,14,0,0,14
2024-08-24T12:02:51,14,0,0,14
2024-08-24T12:18:59,14,0,0,14
2024-08-24T12:35:07,14,0,0,14
2024-08-24T12:51:15,14,0,0,14
2024-08-24T13:07:23,14,0,0,14
2024-08-24T13:23:32,14,0,0,14
2024-08-24T13:39:40,14,0,0,14
2024-08-24T13:55:48,14,0,0,14
2024-08-24T14:12:05,14,0,0,14
2024-08-24T14:28:13,14,0,0,14
2024-08-24T14:44:20,14,0,0,14
2024-08-24T15:00:26,14,0,0,14
2024-08-24T15:16:32,14,0,0,14
2024-08-24T15:32:39,14,0,0,14
2024-08-24T15:48:45,14,0,0,14
2024-08-24T16:04:52,14,0,0,14
2024-08-24T16:20:58,14,0,0,14
2024-08-24T16:37:04,14,0,0,14
2024-08-24T16:53:20,14,0,0,14
2024-08-24T17:09:27,14,0,0,14
2024-08-24T17:25:34,14,0,0,14
2024-08-24T17:41:40,14,0,0,14
2024-08-24T17:57:46,14,0,0,14
2024-08-24T18:13:53,14,0,0,14
2024-08-24T18:30:00,14,0,0,14
2024-08-24T18:46:06,14,0,0,14
2024-08-24T19:02:12,14,0,0,14
2024-08-24T19:18:27,14,0,0,14
2024-08-24T19:34:34,14,0,0,14
2024-08-24T19:50:40,14,0,0,14
2024-08-24T20:06:47,14,0,0,14
2024-08-24T20:22:54,14,0,0,14
2024-08-24T20:39:01,14,0,0,14
2024-08-24T20:55:09,14,0,0,14
2024-08-24T21:11:16,14,0,0,14
2024-08-24T21:27:23,14,0,0,14
2024-08-24T21:43:31,14,0,0,14
2024-08-24T21:59:47,14,0,0,14
2024-08-24T22:15:54,14,0,0,14
2024-08-24T22:32:01,14,0,0,14
2024-08-24T22:48:08,14,0,0,14
2024-08-24T23:04:16,14,0,0,14
2024-08-24T23:20:24,14,0,0,14
2024-08-24T23:36:31,14,0,0,14
2024-08-24T23:52:37,14,0,0,14
2024-08-25T00:08:46,14,0,0,14
2024-08-25T00:24:59,14,0,0,14
2024-08-25T00:41:16,14,0,0,14
2024-08-25T00:57:26,14,0,0,14
2024-08-25T01:13:35,14,0,0,14
2024-08-25T01:29:43,14,0,0,14
2024-08-25T01:45:50,14,0,0,14
2024-08-25T02:01:57,14,0,0,14
2024-08-25T02:18:05,14,0,0,14
2024-08-25T02:34:19,14,0,0,14
2024-08-25T02:50:28,14,0,0,14
2024-08-25T03:06:36,14,0,0,14
2024-08-25T03:22:48,14,0,0,14
2024-08-25T03:38:59,14,0,0,14
2024-08-25T03:55:13,14,0,0,14
2024-08-25T04:11:27,14,0,0,14
2024-08-25T04:30:52,14,0,0,14
2024-08-25T04:49:21,14,0,0,14
2024-08-25T05:06:34,14,0,0,14
2024-08-25T05:22:47,14,0,0,14
2024-08-25T05:38:59,14,0,0,14
2024-08-25T05:55:11,14,0,0,14
2024-08-25T06:11:24,14,0,0,14
2024-08-25T06:27:37,14,0,0,14
2024-08-25T06:43:50,14,0,0,14
2024-08-25T07:00:02,14,0,0,14
2024-08-25T07:16:14,14,0,0,14
2024-08-25T07:32:26,14,0,0,14
2024-08-25T07:48:36,14,0,0,14
2024-08-25T08:04:51,14,0,0,14
2024-08-25T08:21:01,14,0,0,14
2024-08-25T08:37:22,14,0,0,14
2024-08-25T08:53:35,14,0,0,14
2024-08-25T09:09:47,14,0,0,14
2024-08-25T09:26:01,14,0,0,14
2024-08-25T09:42:15,14,0,0,14
2024-08-25T09:58:29,14,0,0,14
2024-08-25T10:14:38,14,0,0,14
2024-08-25T10:30:46,14,0,0,14
2024-08-25T10:46:54,14,0,0,14
2024-08-25T11:03:01,14,0,0,14
2024-08-25T11:19:09,14,0,0,14
2024-08-25T11:35:16,14,0,0,14
2024-08-25T11:51:32,14,0,0,14
2024-08-25T12:07:40,14,0,0,14
2024-08-25T12:23:47,14,0,0,14
2024-08-25T12:39:54,14,0,0,14
2024-08-25T12:56:02,14,0,0,14
2024-08-25T13:12:10,14,0,0,14
2024-08-25T13:28:18,14,0,0,14
2024-08-25T13:44:26,14,0,0,14
2024-08-25T14:00:33,14,0,0,14
2024-08-25T14:16:39,14,0,0,14
2024-08-25T14:32:46,14,0,0,14
2024-08-25T14:49:06,14,0,0,14
2024-08-25T15:05:13,14,0,0,14
2024-08-25T15:21:21,14,0,0,14
2024-08-25T15:37:28,14,0,0,14
2024-08-25T15:53:35,14,0,0,14
2024-08-25T16:09:42,14,0,0,14
2024-08-25T16:25:51,14,0,0,14
2024-08-25T16:42:00,14,0,0,14
2024-08-25T16:58:08,14,0,0,14
2024-08-25T17:14:15,14,0,0,14
2024-08-25T17:30:23,14,0,0,14
2024-08-25T17:46:43,14,0,0,14
2024-08-25T18:02:50,14,0,0,14
2024-08-25T18:18:57,14,0,0,14
2024-08-25T18:35:06,14,0,0,14
2024-08-25T18:51:14,14,0,0,14
2024-08-25T19:07:23,14,0,0,14
2024-08-25T19:23:31,14,0,0,14
2024-08-25T19:39:39,14,0,0,14
2024-08-25T19:55:56,14,0,0,14
2024-08-25T20:12:03,14,0,0,14
2024-08-25T20:28:10,14,0,0,14
2024-08-25T20:44:18,14,0,0,14
2024-08-25T21:00:25,14,0,0,14
2024-08-25T21:16:33,14,0,0,14
2024-08-25T21:32:42,14,0,0,14
2024-08-25T21:48:52,14,0,0,14
2024-08-25T22:05:05,14,0,0,14
2024-08-25T22:21:24,14,0,0,14
2024-08-25T22:37:33,14,0,0,14
2024-08-25T22:53:41,14,0,0,14
2024-08-25T23:09:49,14,0,0,14
2024-08-25T23:25:57,14,0,0,14
2024-08-25T23:42:06,14,0,0,14
2024-08-25T23:58:14,14,0,0,14
2024-08-26T00:14:26,14,0,0,14
2024-08-26T00:30:47,14,0,0,14
2024-08-26T00:47:01,14,0,0,14
2024-08-26T01:03:28,14,0,0,14
2024-08-26T01:19:54,14,0,0,14
2024-08-26T01:36:07,14,0,0,14
2024-08-26T01:52:19,14,0,0,14
2024-08-26T02:08:52,14,0,0,14
2024-08-26T02:25:13,14,0,0,14
2024-08-26T02:41:24,14,0,0,14
2024-08-26T02:57:33,14,0,0,14
2024-08-26T03:13:45,14,0,0,14
2024-08-26T03:29:57,14,0,0,14
2024-08-26T03:46:08,14,0,0,14
2024-08-26T04:02:19,14,0,0,14
2024-08-26T04:29:50,14,0,0,14
2024-08-26T04:46:04,14,0,0,14
2024-08-26T05:02:18,14,0,0,14
2024-08-26T05:18:31,14,0,0,14
2024-08-26T05:34:43,14,0,0,14
2024-08-26T05:50:55,14,0,0,14
2024-08-26T06:07:06,14,0,0,14
2024-08-26T06:23:21,14,0,0,14
2024-08-26T06:39:32,14,0,0,14
2024-08-26T06:55:42,14,0,0,14
2024-08-26T07:11:52,14,0,0,14
2024-08-26T07:28:01,14,0,0,14
2024-08-26T07:44:08,14,0,0,14
2024-08-26T08:00:16,14,0,0,14
2024-08-26T08:16:24,14,0,0,14
2024-08-26T08:32:35,14,0,0,14
2024-08-26T08:48:43,14,0,0,14
2024-08-26T09:04:50,14,0,0,14
2024-08-26T09:21:06,14,0,0,14
2024-08-26T09:37:15,14,0,0,14
2024-08-26T09:53:23,14,0,0,14
2024-08-26T10:09:30,14,0,0,14
2024-08-26T10:25:38,14,0,0,14
2024-08-26T10:41:46,14,0,0,14
2024-08-26T10:57:54,14,0,0,14
2024-08-26T11:14:12,14,0,0,14
2024-08-26T11:30:20,14,0,0,14
2024-08-26T11:46:31,14,0,0,14
2024-08-26T12:02:46,14,0,0,14
2024-08-26T12:19:06,14,0,0,14
2024-08-26T12:35:37,14,0,0,14
2024-08-26T12:51:58,14,0,0,14
2024-08-26T13:08:19,14,0,0,14
2024-08-26T13:24:41,14,0,0,14
2024-08-26T13:41:03,14,0,0,14
2024-08-26T13:57:33,14,0,0,14
2024-08-26T14:13:54,14,0,0,14
2024-08-26T14:30:15,14,0,0,14
2024-08-26T14:46:36,14,0,0,14
2024-08-26T15:02:56,14,0,0,14
2024-08-26T15:19:17,14,0,0,14
2024-08-26T15:35:48,14,0,0,14
2024-08-26T15:52:09,14,0,0,14
2024-08-26T16:08:30,14,0,0,14
2024-08-26T16:24:50,14,0,0,14
2024-08-26T16:41:11,14,0,0,14
2024-08-26T16:57:32,14,0,0,14
2024-08-26T17:14:03,14,0,0,14
2024-08-26T17:30:24,14,0,0,14
2024-08-26T17:46:45,14,0,0,14
2024-08-26T18:03:06,14,0,0,14
2024-08-26T18:19:28,14,0,0,14
2024-08-26T18:36:00,14,0,0,14
2024-08-26T18:52:20,14,0,0,14
2024-08-26T19:08:41,14,0,0,14
2024-08-26T19:25:05,14,0,0,14
2024-08-26T19:41:41,14,0,0,14
2024-08-26T20:10:53,14,0,0,14
2024-08-26T20:46:56,14,0,0,14
2024-08-26T21:14:10,14,0,0,14
2024-08-26T21:38:05,14,0,0,14
2024-08-26T21:59:07,14,0,0,14
2024-08-26T22:22:53,14,0,0,14
2024-08-26T22:45:49,14,0,0,14
2024-08-26T23:02:21,14,0,0,14
2024-08-26T23:18:44,14,0,0,14
2024-08-26T23:35:05,14,0,0,14
2024-08-26T23:51:39,14,0,0,14
2024-08-27T00:08:01,14,0,0,14
2024-08-27T00:24:27,14,0,0,14
2024-08-27T00:40:58,14,0,0,14
2024-08-27T00:57:34,14,0,0,14
2024-08-27T01:14:04,14,0,0,14
2024-08-27T01:30:30,14,0,0,14
2024-08-27T01:47:07,14,0,0,14
2024-08-27T02:03:32,14,0,0,14
2024-08-27T02:19:55,14,0,0,14
2024-08-27T02:36:17,14,0,0,14
2024-08-27T02:52:40,14,0,0,14
2024-08-27T03:09:04,14,0,0,14
2024-08-27T03:25:32,14,0,0,14
2024-08-27T03:41:56,14,0,0,14
2024-08-27T03:58:20,14,0,0,14
2024-08-27T04:32:36,14,0,0,14
2024-08-27T04:49:02,14,0,0,14
2024-08-27T05:05:28,14,0,0,14
2024-08-27T05:21:52,14,0,0,14
2024-08-27T05:38:14,14,0,0,14
2024-08-27T05:54:36,14,0,0,14
2024-08-27T06:11:04,14,0,0,14
2024-08-27T06:28:04,14,0,0,14
2024-08-27T06:44:29,14,0,0,14
2024-08-27T07:00:54,14,0,0,14
2024-08-27T07:17:20,14,0,0,14
2024-08-27T07:33:49,14,0,0,14
2024-08-27T07:50:11,14,0,0,14
2024-08-27T08:06:39,14,0,0,14
2024-08-27T08:23:01,14,0,0,14
2024-08-27T08:39:33,14,0,0,14
2024-08-27T08:55:57,14,0,0,14
2024-08-27T09:12:21,14,0,0,14
2024-08-27T09:28:45,14,0,0,14
2024-08-27T09:45:09,14,0,0,14
2024-08-27T10:01:34,14,0,0,14
2024-08-27T10:17:59,14,0,0,14
2024-08-27T10:34:34,14,0,0,14
2024-08-27T10:50:58,14,0,0,14
2024-08-27T11:07:22,14,0,0,14
2024-08-27T11:23:43,14,0,0,14
2024-08-27T11:40:12,14,0,0,14
2024-08-27T11:56:43,14,0,0,14
2024-08-27T12:13:06,14,0,0,14
2024-08-27T12:29:29,14,0,0,14
2024-08-27T12:45:53,14,0,0,14
2024-08-27T13:02:26,14,0,0,14
2024-08-27T13:18:52,14,0,0,14
2024-08-27T13:35:14,14,0,0,14
2024-08-27T13:51:36,14,0,0,14
2024-08-27T14:08:00,14,0,0,14
2024-08-27T14:24:32,14,0,0,14
2024-08-27T14:40:55,14,0,0,14
2024-08-27T14:57:17,14,0,0,14
2024-08-27T15:13:39,14,0,0,14
2024-08-27T15:30:01,14,0,0,14
2024-08-27T15:46:35,14,0,0,14
2024-08-27T16:02:57,14,0,0,14
2024-08-27T16:19:20,14,0,0,14
2024-08-27T16:35:41,14,0,0,14
2024-08-27T16:52:05,14,0,0,14
2024-08-27T17:08:27,14,0,0,14
2024-08-27T17:24:59,14,0,0,14
2024-08-27T17:41:21,14,0,0,14
2024-08-27T17:57:43,14,0,0,14
2024-08-27T18:14:05,14,0,0,14
2024-08-27T18:30:27,14,0,0,14
2024-08-27T18:46:50,14,0,0,14
2024-08-27T19:03:22,14,0,0,14
2024-08-27T19:19:43,14,0,0,14
2024-08-27T19:36:05,14,0,0,14
2024-08-27T19:52:31,14,0,0,14
2024-08-27T20:08:56,14,0,0,14
2024-08-27T20:25:18,14,0,0,14
2024-08-27T20:41:42,14,0,0,14
2024-08-27T20:58:20,14,0,0,14
2024-08-27T21:14:43,14,0,0,14
2024-08-27T21:31:04,14,0,0,14
2024-08-27T21:47:28,14,0,0,14
2024-08-27T22:03:53,14,0,0,14
2024-08-27T22:20:16,14,0,0,14
2024-08-27T22:36:48,14,0,0,14
2024-08-27T22:53:10,14,0,0,14
2024-08-27T23:09:37,14,0,0,14
2024-08-27T23:25:59,14,0,0,14
2024-08-27T23:42:21,14,0,0,14
2024-08-27T23:58:43,14,0,0,14
2024-08-28T00:15:14,14,0,0,14
2024-08-28T00:31:47,14,0,0,14
2024-08-28T00:48:17,14,0,0,14
2024-08-28T01:05:00,14,0,0,14
2024-08-28T01:21:29,14,0,0,14
2024-08-28T01:37:55,14,0,0,14
2024-08-28T01:54:22,14,0,0,14
2024-08-28T02:10:47,14,0,0,14
2024-08-28T02:27:12,14,0,0,14
2024-08-28T02:43:41,14,0,0,14
2024-08-28T03:00:07,14,0,0,14
2024-08-28T03:16:55,14,0,0,14
2024-08-28T03:33:26,14,0,0,14
2024-08-28T03:49:51,14,0,0,14
2024-08-28T04:23:58,14,0,0,14
2024-08-28T04:40:26,14,0,0,14
2024-08-28T04:56:54,14,0,0,14
2024-08-28T05:13:23,14,0,0,14
2024-08-28T05:29:48,14,0,0,14
2024-08-28T05:46:14,14,0,0,14
2024-08-28T06:02:41,14,0,0,14
2024-08-28T06:19:07,14,0,0,14
2024-08-28T06:35:33,14,0,0,14
2024-08-28T06:51:59,14,0,0,14
2024-08-28T07:08:26,14,0,0,14
2024-08-28T07:24:52,14,0,0,14
2024-08-28T07:41:17,14,0,0,14
2024-08-28T07:57:44,14,0,0,14
2024-08-28T08:14:11,14,0,0,14
2024-08-28T08:30:38,14,0,0,14
2024-08-28T08:47:00,14,0,0,14
2024-08-28T09:03:21,14,0,0,14
2024-08-28T09:19:43,14,0,0,14
2024-08-28T09:36:16,14,0,0,14
2024-08-28T09:52:37,14,0,0,14
2024-08-28T10:08:59,14,0,0,14
2024-08-28T10:25:24,14,0,0,14
2024-08-28T10:41:46,14,0,0,14
2024-08-28T10:58:08,14,0,0,14
2024-08-28T11:14:30,14,0,0,14
2024-08-28T11:31:01,14,0,0,14
2024-08-28T11:47:23,14,0,0,14
2024-08-28T12:03:46,14,0,0,14
2024-08-28T12:20:08,14,0,0,14
2024-08-28T12:36:30,14,0,0,14
2024-08-28T12:52:52,14,0,0,14
2024-08-28T13:09:23,14,0,0,14
2024-08-28T13:25:45,14,0,0,14
2024-08-28T13:42:11,14,0,0,14
2024-08-28T13:58:33,14,0,0,14
2024-08-28T14:14:55,14,0,0,14
2024-08-28T14:31:18,14,0,0,14
2024-08-28T14:47:53,14,0,0,14
2024-08-28T15:04:16,14,0,0,14
2024-08-28T15:20:43,14,0,0,14
2024-08-28T15:37:06,14,0,0,14
2024-08-28T15:53:41,14,0,0,14
2024-08-28T16:10:05,14,0,0,14
2024-08-28T16:26:29,14,0,0,14
2024-08-28T16:42:52,14,0,0,14
2024-08-28T16:59:16,14,0,0,14
2024-08-28T17:15:41,14,0,0,14
2024-08-28T17:32:04,14,0,0,14
2024-08-28T17:48:37,14,0,0,14
2024-08-28T18:05:01,14,0,0,14
2024-08-28T18:21:23,14,0,0,14
2024-08-28T18:37:48,14,0,0,14
2024-08-28T18:54:12,14,0,0,14
2024-08-28T19:10:36,14,0,0,14
2024-08-28T19:27:08,14,0,0,14
2024-08-28T19:43:31,14,0,0,14
2024-08-28T19:59:56,14,0,0,14
2024-08-28T20:16:19,14,0,0,14
2024-08-28T20:32:44,14,0,0,14
2024-08-28T20:49:18,14,0,0,14
2024-08-28T21:05:41,14,0,0,14
2024-08-28T21:22:05,14,0,0,14
2024-08-28T21:38:31,14,0,0,14
2024-08-28T21:55:03,14,0,0,14
2024-08-28T22:11:27,14,0,0,14
2024-08-28T22:27:51,14,0,0,14
2024-08-28T22:44:25,14,0,0,14
2024-08-28T23:00:48,14,0,0,14
2024-08-28T23:17:13,14,0,0,14
2024-08-28T23:33:37,14,0,0,14
2024-08-28T23:50:01,14,0,0,14
2024-08-29T00:06:28,14,0,0,14
2024-08-29T00:23:05,14,0,0,14
2024-08-29T00:39:35,14,0,0,14
2024-08-29T00:56:09,14,0,0,14
2024-08-29T01:12:42,14,0,0,14
2024-08-29T01:29:10,14,0,0,14
2024-08-29T01:45:49,14,0,0,14
2024-08-29T02:02:20,14,0,0,14
2024-08-29T02:18:46,14,0,0,14
2024-08-29T02:35:12,14,0,0,14
2024-08-29T02:51:38,14,0,0,14
2024-08-29T03:08:08,14,0,0,14
2024-08-29T03:24:34,14,0,0,14
2024-08-29T03:40:59,14,0,0,14
2024-08-29T03:57:26,14,0,0,14
2024-08-29T04:13:53,14,0,0,14
2024-08-29T04:35:43,14,0,0,14
2024-08-29T04:52:12,14,0,0,14
2024-08-29T05:08:39,14,0,0,14
2024-08-29T05:25:22,14,0,0,14
2024-08-29T05:42:10,14,0,0,14
2024-08-29T05:58:55,14,0,0,14
2024-08-29T06:15:23,14,0,0,14
2024-08-29T06:31:50,14,0,0,14
2024-08-29T06:48:18,14,0,0,14
2024-08-29T07:04:50,14,0,0,14
2024-08-29T07:21:20,14,0,0,14
2024-08-29T07:37:48,14,0,0,14
2024-08-29T07:54:13,14,0,0,14
2024-08-29T08:10:41,14,0,0,14
2024-08-29T08:27:08,14,0,0,14
2024-08-29T08:43:34,14,0,0,14
2024-08-29T09:00:02,14,0,0,14
2024-08-29T09:16:30,14,0,0,14
2024-08-29T09:33:04,14,0,0,14
2024-08-29T09:49:35,14,0,0,14
2024-08-29T10:06:01,14,0,0,14
2024-08-29T10:22:27,14,0,0,14
2024-08-29T10:38:51,14,0,0,14
2024-08-29T10:55:15,14,0,0,14
2024-08-29T11:11:46,14,0,0,14
2024-08-29T11:28:10,14,0,0,14
2024-08-29T11:44:35,14,0,0,14
2024-08-29T12:00:58,14,0,0,14
2024-08-29T12:17:21,14,0,0,14
2024-08-29T12:33:54,14,0,0,14
2024-08-29T12:50:16,14,0,0,14
2024-08-29T13:06:39,14,0,0,14
2024-08-29T13:23:01,14,0,0,14
2024-08-29T13:39:25,14,0,0,14
2024-08-29T13:55:47,14,0,0,14
2024-08-29T14:12:19,14,0,0,14
2024-08-29T14:28:42,14,0,0,14
2024-08-29T14:45:04,14,0,0,14
2024-08-29T15:01:31,14,0,0,14
2024-08-29T15:17:54,14,0,0,14
2024-08-29T15:34:18,14,0,0,14
2024-08-29T15:50:52,14,0,0,14
2024-08-29T16:07:16,14,0,0,14
2024-08-29T16:23:40,14,0,0,14
2024-08-29T16:40:04,14,0,0,14
2024-08-29T16:56:28,14,0,0,14
2024-08-29T17:12:52,14,0,0,14
2024-08-29T17:29:16,14,0,0,14
2024-08-29T17:45:51,14,0,0,14
2024-08-29T18:02:14,14,0,0,14
2024-08-29T18:18:38,14,0,0,14
2024-08-29T18:35:03,14,0,0,14
2024-08-29T18:51:27,14,0,0,14
2024-08-29T19:07:53,14,0,0,14
2024-08-29T19:24:17,14,0,0,14
2024-08-29T19:40:55,14,0,0,14
2024-08-29T19:57:20,14,0,0,14
2024-08-29T20:13:43,14,0,0,14
2024-08-29T20:30:07,14,0,0,14
2024-08-29T20:46:31,14,0,0,14
2024-08-29T21:02:55,14,0,0,14
2024-08-29T21:19:19,14,0,0,14
2024-08-29T21:35:44,14,0,0,14
2024-08-29T21:52:20,14,0,0,14
2024-08-29T22:08:44,14,0,0,14
2024-08-29T22:25:08,14,0,0,14
2024-08-29T22:41:33,14,0,0,14
2024-08-29T22:57:58,14,0,0,14
2024-08-29T23:14:24,14,0,0,14
2024-08-29T23:30:48,14,0,0,14
2024-08-29T23:47:13,14,0,0,14
2024-08-30T00:03:47,14,0,0,14
2024-08-30T00:20:22,14,0,0,14
2024-08-30T00:36:52,14,0,0,14
2024-08-30T00:53:26,14,0,0,14
2024-08-30T01:10:01,14,0,0,14
2024-08-30T01:26:31,14,0,0,14
2024-08-30T01:42:59,14,0,0,14
2024-08-30T01:59:45,14,0,0,14
2024-08-30T02:17:24,14,0,0,14
2024-08-30T02:33:52,14,0,0,14
2024-08-30T02:50:22,14,0,0,14
2024-08-30T03:06:49,14,0,0,14
2024-08-30T03:23:25,14,0,0,14
2024-08-30T03:39:51,14,0,0,14
2024-08-30T03:58:01,14,0,0,14
2024-08-30T04:23:48,14,0,0,14
2024-08-30T04:40:19,14,0,0,14
2024-08-30T04:56:48,14,0,0,14
2024-08-30T05:13:14,14,0,0,14
2024-08-30T05:29:45,14,0,0,14
2024-08-30T05:46:13,14,0,0,14
2024-08-30T06:02:39,14,0,0,14
2024-08-30T06:19:05,14,0,0,14
2024-08-30T06:35:31,14,0,0,14
2024-08-30T06:51:58,14,0,0,14
2024-08-30T07:08:28,14,0,0,14
2024-08-30T07:24:58,14,0,0,14
2024-08-30T07:41:34,14,0,0,14
2024-08-30T07:58:04,14,0,0,14
2024-08-30T08:14:32,14,0,0,14
2024-08-30T08:30:59,14,0,0,14
2024-08-30T08:47:34,14,0,0,14
2024-08-30T09:04:02,14,0,0,14
2024-08-30T09:20:29,14,0,0,14
2024-08-30T09:36:55,14,0,0,14
2024-08-30T09:53:22,14,0,0,14
2024-08-30T10:09:47,14,0,0,14
2024-08-30T10:26:14,14,0,0,14
2024-08-30T10:42:40,14,0,0,14
2024-08-30T10:59:15,14,0,0,14
2024-08-30T11:15:42,14,0,0,14
2024-08-30T11:32:08,14,0,0,14
2024-08-30T11:48:34,14,0,0,14
2024-08-30T12:05:03,14,0,0,14
2024-08-30T12:21:29,14,0,0,14
2024-08-30T12:37:55,14,0,0,14
2024-08-30T12:54:28,14,0,0,14
2024-08-30T13:10:52,14,0,0,14
2024-08-30T13:27:15,14,0,0,14
2024-08-30T13:43:39,14,0,0,14
2024-08-30T14:00:03,14,0,0,14
2024-08-30T14:16:36,14,0,0,14
2024-08-30T14:33:02,14,0,0,14
2024-08-30T14:49:31,14,0,0,14
2024-08-30T15:05:54,14,0,0,14
2024-08-30T15:22:18,14,0,0,14
2024-08-30T15:38:43,14,0,0,14
2024-08-30T15:55:16,14,0,0,14
2024-08-30T16:11:40,14,0,0,14
2024-08-30T16:28:08,14,0,0,14
2024-08-30T16:44:32,14,0,0,14
2024-08-30T17:00:55,14,0,0,14
2024-08-30T17:17:20,14,0,0,14
2024-08-30T17:33:44,14,0,0,14
2024-08-30T17:50:16,14,0,0,14
2024-08-30T18:06:40,14,0,0,14
2024-08-30T18:23:04,14,0,0,14
2024-08-30T18:39:28,14,0,0,14
2024-08-30T18:55:51,14,0,0,14
2024-08-30T19:12:14,14,0,0,14
2024-08-30T19:28:38,14,0,0,14
2024-08-30T19:45:12,14,0,0,14
2024-08-30T20:01:36,14,0,0,14
2024-08-30T20:18:00,14,0,0,14
2024-08-30T20:34:28,14,0,0,14
2024-08-30T20:50:51,14,0,0,14
2024-08-30T21:07:15,14,0,0,14
2024-08-30T21:23:40,14,0,0,14
2024-08-30T21:40:14,14,0,0,14
2024-08-30T21:56:39,14,0,0,14
2024-08-30T22:13:07,14,0,0,14
2024-08-30T22:29:31,14,0,0,14
2024-08-30T22:45:56,14,0,0,14
2024-08-30T23:02:25,14,0,0,14
2024-08-30T23:18:50,14,0,0,14
2024-08-30T23:35:15,14,0,0,14
2024-08-30T23:51:49,14,0,0,14
2024-08-31T00:08:14,14,0,0,14
2024-08-31T00:24:47,14,0,0,14
2024-08-31T00:41:17,14,0,0,14
2024-08-31T00:57:52,14,0,0,14
2024-08-31T01:14:21,14,0,0,14
2024-08-31T01:30:48,14,0,0,14
2024-08-31T01:47:15,14,0,0,14
2024-08-31T02:03:49,14,0,0,14
2024-08-31T02:20:13,14,0,0,14
2024-08-31T02:36:37,14,0,0,14
2024-08-31T02:53:02,14,0,0,14
2024-08-31T03:09:26,14,0,0,14
2024-08-31T03:25:52,14,0,0,14
2024-08-31T03:42:19,14,0,0,14
2024-08-31T03:58:49,14,0,0,14
2024-08-31T04:15:24,14,0,0,14
2024-08-31T04:35:17,14,0,0,14
2024-08-31T04:51:47,14,0,0,14
2024-08-31T05:08:15,14,0,0,14
2024-08-31T05:24:47,14,0,0,14
2024-08-31T05:41:14,14,0,0,14
2024-08-31T05:57:42,14,0,0,14
2024-08-31T06:14:05,14,0,0,14
2024-08-31T06:30:29,14,0,0,14
2024-08-31T06:46:53,14,0,0,14
2024-08-31T07:03:17,14,0,0,14
2024-08-31T07:19:42,14,0,0,14
2024-08-31T07:36:09,14,0,0,14
2024-08-31T07:52:32,14,0,0,14
2024-08-31T08:08:57,14,0,0,14
2024-08-31T08:27:13,14,0,0,14
2024-08-31T08:43:41,14,0,0,14
2024-08-31T09:00:08,14,0,0,14
2024-08-31T09:16:35,14,0,0,14
2024-08-31T09:33:03,14,0,0,14
2024-08-31T09:49:30,14,0,0,14
2024-08-31T10:05:56,14,0,0,14
2024-08-31T10:22:31,14,0,0,14
2024-08-31T10:38:59,14,0,0,14
2024-08-31T10:55:26,14,0,0,14
2024-08-31T11:11:53,14,0,0,14
2024-08-31T11:28:20,14,0,0,14
2024-08-31T11:44:51,14,0,0,14
2024-08-31T12:01:17,14,0,0,14
2024-08-31T12:17:44,14,0,0,14
2024-08-31T12:34:20,14,0,0,14
2024-08-31T12:50:48,14,0,0,14
2024-08-31T13:07:14,14,0,0,14
2024-08-31T13:23:42,14,0,0,14
2024-08-31T13:40:08,14,0,0,14
2024-08-31T13:56:33,14,0,0,14
2024-08-31T14:13:00,14,0,0,14
2024-08-31T14:29:26,14,0,0,14
2024-08-31T14:45:51,14,0,0,14
2024-08-31T15:02:26,14,0,0,14
2024-08-31T15:18:52,14,0,0,14
2024-08-31T15:35:18,14,0,0,14
2024-08-31T15:51:44,14,0,0,14
2024-08-31T16:08:12,14,0,0,14
2024-08-31T16:24:36,14,0,0,14
2024-08-31T16:40:59,14,0,0,14
2024-08-31T16:57:23,14,0,0,14
2024-08-31T17:13:48,14,0,0,14
2024-08-31T17:30:11,14,0,0,14
2024-08-31T17:46:42,14,0,0,14
2024-08-31T18:03:06,14,0,0,14
2024-08-31T18:19:29,14,0,0,14
2024-08-31T18:35:53,14,0,0,14
2024-08-31T18:52:16,14,0,0,14
2024-08-31T19:08:40,14,0,0,14
2024-08-31T19:25:04,14,0,0,14
2024-08-31T19:41:27,14,0,0,14
2024-08-31T19:57:51,14,0,0,14
2024-08-31T20:14:14,14,0,0,14
2024-08-31T20:30:37,14,0,0,14
2024-08-31T20:47:11,14,0,0,14
2024-08-31T21:03:34,14,0,0,14
2024-08-31T21:19:59,14,0,0,14
2024-08-31T21:36:22,14,0,0,14
2024-08-31T21:52:46,14,0,0,14
2024-08-31T22:09:09,14,0,0,14
2024-08-31T22:25:32,14,0,0,14
2024-08-31T22:41:55,14,0,0,14
2024-08-31T22:58:21,14,0,0,14
2024-08-31T23:14:45,14,0,0,14
2024-08-31T23:31:10,14,0,0,14
2024-08-31T23:47:34,14,0,0,14
2024-09-01T00:04:08,14,0,0,14
2024-09-01T00:20:38,14,0,0,14
2024-09-01T00:37:09,14,0,0,14
2024-09-01T00:53:36,14,0,0,14
2024-09-01T01:10:04,14,0,0,14
2024-09-01T01:26:29,14,0,0,14
2024-09-01T01:42:56,14,0,0,14
2024-09-01T01:59:22,14,0,0,14
2024-09-01T02:15:48,14,0,0,14
2024-09-01T02:32:15,14,0,0,14
2024-09-01T02:48:40,14,0,0,14
2024-09-01T03:05:04,14,0,0,14
2024-09-01T03:21:28,14,0,0,14
2024-09-01T03:37:51,14,0,0,14
2024-09-01T03:54:15,14,0,0,14
2024-09-01T04:24:03,14,0,0,14
2024-09-01T04:40:29,14,0,0,14
2024-09-01T04:56:54,14,0,0,14
2024-09-01T05:13:20,14,0,0,14
2024-09-01T05:29:44,14,0,0,14
2024-09-01T05:46:07,14,0,0,14
2024-09-01T06:02:32,14,0,0,14
2024-09-01T06:18:55,14,0,0,14
2024-09-01T06:35:19,14,0,0,14
2024-09-01T06:51:44,14,0,0,14
2024-09-01T07:08:12,14,0,0,14
2024-09-01T07:24:36,14,0,0,14
2024-09-01T07:41:02,14,0,0,14
2024-09-01T07:57:26,14,0,0,14
2024-09-01T08:13:50,14,0,0,14
2024-09-01T08:30:15,14,0,0,14
2024-09-01T08:46:44,14,0,0,14
2024-09-01T09:03:41,14,0,0,14
2024-09-01T09:20:10,14,0,0,14
2024-09-01T09:36:48,14,0,0,14
2024-09-01T09:53:18,14,0,0,14
2024-09-01T10:09:45,14,0,0,14
2024-09-01T10:26:15,14,0,0,14
2024-09-01T10:42:45,14,0,0,14
2024-09-01T10:59:15,14,0,0,14
2024-09-01T11:15:45,14,0,0,14
2024-09-01T11:32:16,14,0,0,14
2024-09-01T11:48:47,14,0,0,14
2024-09-01T12:05:26,14,0,0,14
2024-09-01T12:21:53,14,0,0,14
2024-09-01T12:38:20,14,0,0,14
2024-09-01T12:54:48,14,0,0,14
2024-09-01T13:11:18,14,0,0,14
2024-09-01T13:27:45,14,0,0,14
2024-09-01T13:44:10,14,0,0,14
2024-09-01T14:00:33,14,0,0,14
2024-09-01T14:17:08,14,0,0,14
2024-09-01T14:33:31,14,0,0,14
2024-09-01T14:49:55,14,0,0,14
2024-09-01T15:06:19,14,0,0,14
2024-09-01T15:22:43,14,0,0,14
2024-09-01T15:39:07,14,0,0,14
2024-09-01T15:55:31,14,0,0,14
2024-09-01T16:11:56,14,0,0,14
2024-09-01T16:28:21,14,0,0,14
2024-09-01T16:44:45,14,0,0,14
2024-09-01T17:01:19,14,0,0,14
2024-09-01T17:17:43,14,0,0,14
2024-09-01T17:34:06,14,0,0,14
2024-09-01T17:50:31,14,0,0,14
2024-09-01T18:06:54,14,0,0,14
2024-09-01T18:23:17,14,0,0,14
2024-09-01T18:39:41,14,0,0,14
2024-09-01T18:56:06,14,0,0,14
2024-09-01T19:12:32,14,0,0,14
2024-09-01T19:28:57,14,0,0,14
2024-09-01T19:45:21,14,0,0,14
2024-09-01T20:01:54,14,0,0,14
2024-09-01T20:18:17,14,0,0,14
2024-09-01T20:34:41,14,0,0,14
2024-09-01T20:51:05,14,0,0,14
2024-09-01T21:07:29,14,0,0,14
2024-09-01T21:23:55,14,0,0,14
2024-09-01T21:40:23,14,0,0,14
2024-09-01T21:56:48,14,0,0,14
2024-09-01T22:13:12,14,0,0,14
2024-09-01T22:29:36,14,0,0,14
2024-09-01T22:46:00,14,0,0,14
2024-09-01T23:02:33,14,0,0,14
2024-09-01T23:18:58,14,0,0,14
2024-09-01T23:35:24,14,0,0,14
2024-09-01T23:51:48,14,0,0,14
2024-09-02T00:08:14,14,0,0,14
2024-09-02T00:24:46,14,0,0,14
2024-09-02T00:41:16,14,0,0,14
2024-09-02T00:57:54,14,0,0,14
2024-09-02T01:14:42,14,0,0,14
2024-09-02T01:31:14,14,0,0,14
2024-09-02T01:47:42,14,0,0,14
2024-09-02T02:04:10,14,0,0,14
2024-09-02T02:20:49,14,0,0,14
2024-09-02T02:37:24,14,0,0,14
2024-09-02T02:53:50,14,0,0,14
2024-09-02T03:10:17,14,0,0,14
2024-09-02T03:26:44,14,0,0,14
2024-09-02T03:43:10,14,0,0,14
2024-09-02T03:59:39,14,0,0,14
2024-09-02T04:32:31,14,0,0,14
2024-09-02T04:49:01,14,0,0,14
2024-09-02T05:05:32,14,0,0,14
2024-09-02T05:22:04,14,0,0,14
2024-09-02T05:38:32,14,0,0,14
2024-09-02T05:55:01,14,0,0,14
2024-09-02T06:11:30,14,0,0,14
2024-09-02T06:27:59,14,0,0,14
2024-09-02T06:44:27,14,0,0,14
2024-09-02T07:00:54,14,0,0,14
2024-09-02T07:17:19,14,0,0,14
2024-09-02T07:33:44,14,0,0,14
2024-09-02T07:50:09,14,0,0,14
2024-09-02T08:06:34,14,0,0,14
2024-09-02T08:22:59,14,0,0,14
2024-09-02T08:39:26,14,0,0,14
2024-09-02T08:55:52,14,0,0,14
2024-09-02T09:12:15,14,0,0,14
2024-09-02T09:28:40,14,0,0,14
2024-09-02T09:45:11,14,0,0,14
2024-09-02T10:01:36,14,0,0,14
2024-09-02T10:18:00,14,0,0,14
2024-09-02T10:34:25,14,0,0,14
2024-09-02T10:50:49,14,0,0,14
2024-09-02T11:07:12,14,0,0,14
2024-09-02T11:23:37,14,0,0,14
2024-09-02T11:40:01,14,0,0,14
2024-09-02T11:56:26,14,0,0,14
2024-09-02T12:12:50,14,0,0,14
2024-09-02T12:29:16,14,0,0,14
2024-09-02T12:45:51,14,0,0,14
2024-09-02T13:02:15,14,0,0,14
2024-09-02T13:18:39,14,0,0,14
2024-09-02T13:35:04,14,0,0,14
2024-09-02T13:51:29,14,0,0,14
2024-09-02T14:07:53,14,0,0,14
2024-09-02T14:24:18,14,0,0,14
2024-09-02T14:40:50,14,0,0,14
2024-09-02T14:57:14,14,0,0,14
2024-09-02T15:13:39,14,0,0,14
2024-09-02T15:30:03,14,0,0,14
2024-09-02T15:46:26,14,0,0,14
2024-09-02T16:02:50,14,0,0,14
2024-09-02T16:19:15,14,0,0,14
2024-09-02T16:35:39,14,0,0,14
2024-09-02T16:52:04,14,0,0,14
2024-09-02T17:08:36,14,0,0,14
2024-09-02T17:25:02,14,0,0,14
2024-09-02T17:41:27,14,0,0,14
2024-09-02T17:57:51,14,0,0,14
2024-09-02T18:14:14,14,0,0,14
2024-09-02T18:30:37,14,0,0,14
2024-09-02T18:47:01,14,0,0,14
2024-09-02T19:03:25,14,0,0,14
2024-09-02T19:19:48,14,0,0,14
2024-09-02T19:36:11,14,0,0,14
2024-09-02T19:52:43,14,0,0,14
2024-09-02T20:09:06,14,0,0,14
2024-09-02T20:25:29,14,0,0,14
2024-09-02T20:41:53,14,0,0,14
2024-09-02T20:58:16,14,0,0,14
2024-09-02T21:14:40,14,0,0,14
2024-09-02T21:31:06,14,0,0,14
2024-09-02T21:47:31,14,0,0,14
2024-09-02T22:04:05,14,0,0,14
2024-09-02T22:20:28,14,0,0,14
2024-09-02T22:36:53,14,0,0,14
2024-09-02T22:53:18,14,0,0,14
2024-09-02T23:09:43,14,0,0,14
2024-09-02T23:26:08,14,0,0,14
2024-09-02T23:42:33,14,0,0,14
2024-09-02T23:58:57,14,0,0,14
2024-09-03T00:15:23,14,0,0,14
2024-09-03T00:32:04,14,0,0,14
2024-09-03T00:48:37,14,0,0,14
2024-09-03T01:05:22,14,0,0,14
2024-09-03T01:21:51,14,0,0,14
2024-09-03T01:38:24,14,0,0,14
2024-09-03T01:54:53,14,0,0,14
2024-09-03T02:11:22,14,0,0,14
2024-09-03T02:27:48,14,0,0,14
2024-09-03T02:44:15,14,0,0,14
2024-09-03T03:00:39,14,0,0,14
2024-09-03T03:17:06,14,0,0,14
2024-09-03T03:33:32,14,0,0,14
2024-09-03T03:49:59,14,0,0,14
2024-09-03T04:06:26,14,0,0,14
2024-09-03T04:35:24,14,0,0,14
2024-09-03T04:51:52,14,0,0,14
2024-09-03T05:08:21,14,0,0,14
2024-09-03T05:24:48,14,0,0,14
2024-09-03T05:41:15,14,0,0,14
2024-09-03T05:57:42,14,0,0,14
2024-09-03T06:14:10,14,0,0,14
2024-09-03T06:30:38,14,0,0,14
2024-09-03T06:47:06,14,0,0,14
2024-09-03T07:03:32,14,0,0,14
2024-09-03T07:19:59,14,0,0,14
2024-09-03T07:36:26,14,0,0,14
2024-09-03T07:52:51,14,0,0,14
2024-09-03T08:09:17,14,0,0,14
2024-09-03T08:25:44,14,0,0,14
2024-09-03T08:42:11,14,0,0,14
2024-09-03T08:58:46,14,0,0,14
2024-09-03T09:15:11,14,0,0,14
2024-09-03T09:31:35,14,0,0,14
2024-09-03T09:47:59,14,0,0,14
2024-09-03T10:04:23,14,0,0,14
2024-09-03T10:20:47,14,0,0,14
2024-09-03T10:37:12,14,0,0,14
2024-09-03T10:53:36,14,0,0,14
2024-09-03T11:10:15,14,0,0,14
2024-09-03T11:26:42,14,0,0,14
2024-09-03T11:43:08,14,0,0,14
2024-09-03T11:59:36,14,0,0,14
2024-09-03T12:16:01,14,0,0,14
2024-09-03T12:32:26,14,0,0,14
2024-09-03T12:49:00,14,0,0,14
2024-09-03T13:05:25,14,0,0,14
2024-09-03T13:21:51,14,0,0,14
2024-09-03T13:38:15,14,0,0,14
2024-09-03T13:54:40,14,0,0,14
2024-09-03T14:11:15,14,0,0,14
2024-09-03T14:27:40,14,0,0,14
2024-09-03T14:44:05,14,0,0,14
2024-09-03T15:00:31,14,0,0,14
2024-09-03T15:17:07,14,0,0,14
2024-09-03T15:33:32,14,0,0,14
2024-09-03T15:49:57,14,0,0,14
2024-09-03T16:06:23,14,0,0,14
2024-09-03T16:22:58,14,0,0,14
2024-09-03T16:39:24,14,0,0,14
2024-09-03T16:55:50,14,0,0,14
2024-09-03T17:12:18,14,0,0,14
2024-09-03T17:28:44,14,0,0,14
2024-09-03T17:45:19,14,0,0,14
2024-09-03T18:01:44,14,0,0,14
2024-09-03T18:18:10,14,0,0,14
2024-09-03T18:34:34,14,0,0,14
2024-09-03T18:50:58,14,0,0,14
2024-09-03T19:07:33,14,0,0,14
2024-09-03T19:23:58,14,0,0,14
2024-09-03T19:40:23,14,0,0,14
2024-09-03T19:56:48,14,0,0,14
2024-09-03T20:13:12,14,0,0,14
2024-09-03T20:29:37,14,0,0,14
2024-09-03T20:46:02,14,0,0,14
2024-09-03T21:02:37,14,0,0,14
2024-09-03T21:19:02,14,0,0,14
2024-09-03T21:35:28,14,0,0,14
2024-09-03T21:51:53,14,0,0,14
2024-09-03T22:08:18,14,0,0,14
2024-09-03T22:24:43,14,0,0,14
2024-09-03T22:41:08,14,0,0,14
2024-09-03T22:57:44,14,0,0,14
2024-09-03T23:14:10,14,0,0,14
2024-09-03T23:30:36,14,0,0,14
2024-09-03T23:47:01,14,0,0,14
2024-09-04T00:03:28,14,0,0,14
2024-09-04T00:19:56,14,0,0,14
2024-09-04T00:36:35,14,0,0,14
2024-09-04T00:53:10,14,0,0,14
2024-09-04T01:09:47,14,0,0,14
2024-09-04T01:26:28,14,0,0,14
2024-09-04T01:42:59,14,0,0,14
2024-09-04T01:59:29,14,0,0,14
2024-09-04T02:16:01,14,0,0,14
2024-09-04T02:32:29,14,0,0,14
2024-09-04T02:49:01,14,0,0,14
2024-09-04T03:05:35,14,0,0,14
2024-09-04T03:22:06,14,0,0,14
2024-09-04T03:38:33,14,0,0,14
2024-09-04T03:55:02,14,0,0,14
2024-09-04T04:25:59,14,0,0,14
2024-09-04T04:42:31,14,0,0,14
2024-09-04T04:59:11,14,0,0,14
2024-09-04T05:15:41,14,0,0,14
2024-09-04T05:32:11,14,0,0,14
2024-09-04T05:48:40,14,0,0,14
2024-09-04T06:05:09,14,0,0,14
2024-09-04T06:21:38,14,0,0,14
2024-09-04T06:38:07,14,0,0,14
2024-09-04T06:54:35,14,0,0,14
2024-09-04T07:11:04,14,0,0,14
2024-09-04T07:27:36,14,0,0,14
2024-09-04T07:44:04,14,0,0,14
2024-09-04T08:00:33,14,0,0,14
2024-09-04T08:17:01,14,0,0,14
2024-09-04T08:33:38,14,0,0,14
2024-09-04T08:50:06,14,0,0,14
2024-09-04T09:06:35,14,0,0,14
2024-09-04T09:23:02,14,0,0,14
2024-09-04T09:39:31,14,0,0,14
2024-09-04T09:55:57,14,0,0,14
2024-09-04T10:12:22,14,0,0,14
2024-09-04T10:28:49,14,0,0,14
2024-09-04T10:45:24,14,0,0,14
2024-09-04T11:01:51,14,0,0,14
2024-09-04T11:18:18,14,0,0,14
2024-09-04T11:34:44,14,0,0,14
2024-09-04T11:51:11,14,0,0,14
2024-09-04T12:07:47,14,0,0,14
2024-09-04T12:24:12,14,0,0,14
2024-09-04T12:40:37,14,0,0,14
2024-09-04T12:57:02,14,0,0,14
2024-09-04T13:13:29,14,0,0,14
2024-09-04T13:30:04,14,0,0,14
2024-09-04T13:46:32,14,0,0,14
2024-09-04T14:02:57,14,0,0,14
2024-09-04T14:19:23,14,0,0,14
2024-09-04T14:35:48,14,0,0,14
2024-09-04T14:52:16,14,0,0,14
2024-09-04T15:08:57,14,0,0,14
2024-09-04T15:25:24,14,0,0,14
2024-09-04T15:41:53,14,0,0,14
2024-09-04T15:58:21,14,0,0,14
2024-09-04T16:14:57,14,0,0,14
2024-09-04T16:31:23,14,0,0,14
2024-09-04T16:47:51,14,0,0,14
2024-09-04T17:04:18,14,0,0,14
2024-09-04T17:20:46,14,0,0,14
2024-09-04T17:37:23,14,0,0,14
2024-09-04T17:53:49,14,0,0,14
2024-09-04T18:10:16,14,0,0,14
2024-09-04T18:26:42,14,0,0,14
2024-09-04T18:43:10,14,0,0,14
2024-09-04T18:59:46,14,0,0,14
2024-09-04T19:16:14,14,0,0,14
2024-09-04T19:32:42,14,0,0,14
2024-09-04T19:49:09,14,0,0,14
2024-09-04T20:05:35,14,0,0,14
2024-09-04T20:22:01,14,0,0,14
2024-09-04T20:38:28,14,0,0,14
2024-09-04T20:55:05,14,0,0,14
2024-09-04T21:11:31,14,0,0,14
2024-09-04T21:27:59,14,0,0,14
2024-09-04T21:44:26,14,0,0,14
2024-09-04T22:00:53,14,0,0,14
2024-09-04T22:17:20,14,0,0,14
2024-09-04T22:33:50,14,0,0,14
2024-09-04T22:50:16,14,0,0,14
2024-09-04T23:06:54,14,0,0,14
2024-09-04T23:23:21,14,0,0,14
2024-09-04T23:39:47,14,0,0,14
2024-09-04T23:56:14,14,0,0,14
2024-09-05T00:12:44,14,0,0,14
2024-09-05T00:29:13,14,0,0,14
2024-09-05T00:45:43,14,0,0,14
2024-09-05T01:02:40,14,0,0,14
2024-09-05T01:19:19,14,0,0,14
2024-09-05T01:35:50,14,0,0,14
2024-09-05T01:52:21,14,0,0,14
2024-09-05T02:08:50,14,0,0,14
2024-09-05T02:25:20,14,0,0,14
2024-09-05T02:41:51,14,0,0,14
2024-09-05T02:58:18,14,0,0,14
2024-09-05T03:14:48,14,0,0,14
2024-09-05T03:31:16,14,0,0,14
2024-09-05T03:47:44,14,0,0,14
2024-09-05T04:04:14,14,0,0,14
2024-09-05T04:30:54,14,0,0,14
2024-09-05T04:47:26,14,0,0,14
2024-09-05T05:03:56,14,0,0,14
2024-09-05T05:20:28,14,0,0,14
2024-09-05T05:36:58,14,0,0,14
2024-09-05T05:53:30,14,0,0,14
2024-09-05T06:09:59,14,0,0,14
2024-09-05T06:26:28,14,0,0,14
2024-09-05T06:43:02,14,0,0,14
2024-09-05T06:59:44,14,0,0,14
2024-09-05T07:16:25,14,0,0,14
2024-09-05T07:33:03,14,0,0,14
2024-09-05T07:49:39,14,0,0,14
2024-09-05T08:06:16,14,0,0,14
2024-09-05T08:22:51,14,0,0,14
2024-09-05T08:39:29,14,0,0,14
2024-09-05T08:56:01,14,0,0,14
2024-09-05T09:12:32,14,0,0,14
2024-09-05T09:29:05,14,0,0,14
2024-09-05T09:45:35,14,0,0,14
2024-09-05T10:02:07,14,0,0,14
2024-09-05T10:18:48,14,0,0,14
2024-09-05T10:35:19,14,0,0,14
2024-09-05T10:51:49,14,0,0,14
2024-09-05T11:08:34,14,0,0,14
2024-09-05T11:25:08,14,0,0,14
2024-09-05T11:41:51,14,0,0,14
2024-09-05T11:58:21,14,0,0,14
2024-09-05T12:14:53,14,0,0,14
2024-09-05T12:31:33,14,0,0,14
2024-09-05T12:48:04,14,0,0,14
2024-09-05T13:04:34,14,0,0,14
2024-09-05T13:21:12,14,0,0,14
2024-09-05T13:37:42,14,0,0,14
2024-09-05T13:54:10,14,0,0,14
2024-09-05T14:10:39,14,0,0,14
2024-09-05T14:27:16,14,0,0,14
2024-09-05T14:43:44,14,0,0,14
2024-09-05T15:00:14,14,0,0,14
2024-09-05T15:16:46,14,0,0,14
2024-09-05T15:33:25,14,0,0,14
2024-09-05T15:49:54,14,0,0,14
2024-09-05T16:06:23,14,0,0,14
2024-09-05T16:22:51,14,0,0,14
2024-09-05T16:39:29,14,0,0,14
2024-09-05T16:55:58,14,0,0,14
2024-09-05T17:12:26,14,0,0,14
2024-09-05T17:28:55,14,0,0,14
2024-09-05T17:45:25,14,0,0,14
2024-09-05T18:02:02,14,0,0,14
2024-09-05T18:18:30,14,0,0,14
2024-09-05T18:34:58,14,0,0,14
2024-09-05T18:51:26,14,0,0,14
2024-09-05T19:07:55,14,0,0,14
2024-09-05T19:24:35,14,0,0,14
2024-09-05T19:41:02,14,0,0,14
2024-09-05T19:57:29,14,0,0,14
2024-09-05T20:13:56,14,0,0,14
2024-09-05T20:30:24,14,0,0,14
2024-09-05T20:47:01,14,0,0,14
2024-09-05T21:03:27,14,0,0,14
2024-09-05T21:19:55,14,0,0,14
2024-09-05T21:36:23,14,0,0,14
2024-09-05T21:52:51,14,0,0,14
2024-09-05T22:09:18,14,0,0,14
2024-09-05T22:25:57,14,0,0,14
2024-09-05T22:42:24,14,0,0,14
2024-09-05T22:58:51,14,0,0,14
2024-09-05T23:15:18,14,0,0,14
2024-09-05T23:31:45,14,0,0,14
2024-09-05T23:48:12,14,0,0,14
2024-09-06T00:04:40,14,0,0,14
2024-09-06T00:21:12,14,0,0,14
2024-09-06T00:37:55,14,0,0,14
2024-09-06T00:54:30,14,0,0,14
2024-09-06T01:11:07,14,0,0,14
2024-09-06T01:27:39,14,0,0,14
2024-09-06T01:44:10,14,0,0,14
2024-09-06T02:00:41,14,0,0,14
2024-09-06T02:17:12,14,0,0,14
2024-09-06T02:33:48,14,0,0,14
2024-09-06T02:50:19,14,0,0,14
2024-09-06T03:06:49,14,0,0,14
2024-09-06T03:23:21,14,0,0,14
2024-09-06T03:39:51,14,0,0,14
2024-09-06T03:56:21,14,0,0,14
2024-09-06T04:12:52,14,0,0,14
2024-09-06T04:34:01,14,0,0,14
2024-09-06T04:50:34,14,0,0,14
2024-09-06T05:07:07,14,0,0,14
2024-09-06T05:23:39,14,0,0,14
2024-09-06T05:40:10,14,0,0,14
2024-09-06T05:56:40,14,0,0,14
2024-09-06T06:13:10,14,0,0,14
2024-09-06T06:29:39,14,0,0,14
2024-09-06T06:46:11,14,0,0,14
2024-09-06T07:02:42,14,0,0,14
2024-09-06T07:19:13,14,0,0,14
2024-09-06T07:35:42,14,0,0,14
2024-09-06T07:52:10,14,0,0,14
2024-09-06T08:08:40,14,0,0,14
2024-09-06T08:25:09,14,0,0,14
2024-09-06T08:41:49,14,0,0,14
2024-09-06T08:58:19,14,0,0,14
2024-09-06T09:14:50,14,0,0,14
2024-09-06T09:31:18,14,0,0,14
2024-09-06T09:47:45,14,0,0,14
2024-09-06T10:04:12,14,0,0,14
2024-09-06T10:20:41,14,0,0,14
2024-09-06T10:37:18,14,0,0,14
2024-09-06T10:53:47,14,0,0,14
2024-09-06T11:10:17,14,0,0,14
2024-09-06T11:26:44,14,0,0,14
2024-09-06T11:43:13,14,0,0,14
2024-09-06T11:59:50,14,0,0,14
2024-09-06T12:16:18,14,0,0,14
2024-09-06T12:32:46,14,0,0,14
2024-09-06T12:49:12,14,0,0,14
2024-09-06T13:05:41,14,0,0,14
2024-09-06T13:22:17,14,0,0,14
2024-09-06T13:38:44,14,0,0,14
2024-09-06T13:55:12,14,0,0,14
2024-09-06T14:11:39,14,0,0,14
2024-09-06T14:28:07,14,0,0,14
2024-09-06T14:44:44,14,0,0,14
2024-09-06T15:01:11,14,0,0,14
2024-09-06T15:17:39,14,0,0,14
2024-09-06T15:34:07,14,0,0,14
2024-09-06T15:50:34,14,0,0,14
2024-09-06T16:07:00,14,0,0,14
2024-09-06T16:23:38,14,0,0,14
2024-09-06T16:40:05,14,0,0,14
2024-09-06T16:56:32,14,0,0,14
2024-09-06T17:13:00,14,0,0,14
2024-09-06T17:29:27,14,0,0,14
2024-09-06T17:45:54,14,0,0,14
2024-09-06T18:02:30,14,0,0,14
2024-09-06T18:18:57,14,0,0,14
2024-09-06T18:35:24,14,0,0,14
2024-09-06T18:51:50,14,0,0,14
2024-09-06T19:08:18,14,0,0,14
2024-09-06T19:24:45,14,0,0,14
2024-09-06T19:41:12,14,0,0,14
2024-09-06T19:57:48,14,0,0,14
2024-09-06T20:14:15,14,0,0,14
2024-09-06T20:30:42,14,0,0,14
2024-09-06T20:47:09,14,0,0,14
2024-09-06T21:03:38,14,0,0,14
2024-09-06T21:20:04,14,0,0,14
2024-09-06T21:36:32,14,0,0,14
2024-09-06T21:52:59,14,0,0,14
2024-09-06T22:09:36,14,0,0,14
2024-09-06T22:26:03,14,0,0,14
2024-09-06T22:42:30,14,0,0,14
2024-09-06T22:58:59,14,0,0,14
2024-09-06T23:15:28,14,0,0,14
2024-09-06T23:32:06,14,0,0,14
2024-09-06T23:48:34,14,0,0,14
2024-09-07T00:05:01,14,0,0,14
2024-09-07T00:21:32,14,0,0,14
2024-09-07T00:38:06,14,0,0,14
2024-09-07T00:54:40,14,0,0,14
2024-09-07T01:11:12,14,0,0,14
2024-09-07T01:27:43,14,0,0,14
2024-09-07T01:44:15,14,0,0,14
2024-09-07T02:00:46,14,0,0,14
2024-09-07T02:17:16,14,0,0,14
2024-09-07T02:33:59,14,0,0,14
2024-09-07T02:50:27,14,0,0,14
2024-09-07T03:06:53,14,0,0,14
2024-09-07T03:23:23,14,0,0,14
2024-09-07T03:39:51,14,0,0,14
2024-09-07T03:56:20,14,0,0,14
2024-09-07T04:12:50,14,0,0,14
2024-09-07T04:35:10,14,0,0,14
2024-09-07T04:51:43,14,0,0,14
2024-09-07T05:08:12,14,0,0,14
2024-09-07T05:24:39,14,0,0,14
2024-09-07T05:41:07,14,0,0,14
2024-09-07T05:57:35,14,0,0,14
2024-09-07T06:14:02,14,0,0,14
2024-09-07T06:30:29,14,0,0,14
2024-09-07T06:46:56,14,0,0,14
2024-09-07T07:03:27,14,0,0,14
2024-09-07T07:19:58,14,0,0,14
2024-09-07T07:36:34,14,0,0,14
2024-09-07T07:53:02,14,0,0,14
2024-09-07T08:10:32,14,0,0,14
2024-09-07T08:27:02,14,0,0,14
2024-09-07T08:43:33,14,0,0,14
2024-09-07T09:00:03,14,0,0,14
2024-09-07T09:16:35,14,0,0,14
2024-09-07T09:33:05,14,0,0,14
2024-09-07T09:49:35,14,0,0,14
2024-09-07T10:06:15,14,0,0,14
2024-09-07T10:22:45,14,0,0,14
2024-09-07T10:39:17,14,0,0,14
2024-09-07T10:55:47,14,0,0,14
2024-09-07T11:12:17,14,0,0,14
2024-09-07T11:28:48,14,0,0,14
2024-09-07T11:45:18,14,0,0,14
2024-09-07T12:01:48,14,0,0,14
2024-09-07T12:18:28,14,0,0,14
2024-09-07T12:34:59,14,0,0,14
2024-09-07T12:51:29,14,0,0,14
2024-09-07T13:07:59,14,0,0,14
2024-09-07T13:24:30,14,0,0,14
2024-09-07T13:40:59,14,0,0,14
2024-09-07T13:57:28,14,0,0,14
2024-09-07T14:13:59,14,0,0,14
2024-09-07T14:30:38,14,0,0,14
2024-09-07T14:47:06,14,0,0,14
2024-09-07T15:03:34,14,0,0,14
2024-09-07T15:20:01,14,0,0,14
2024-09-07T15:36:29,14,0,0,14
2024-09-07T15:52:57,14,0,0,14
2024-09-07T16:09:25,14,0,0,14
2024-09-07T16:25:52,14,0,0,14
2024-09-07T16:42:20,14,0,0,14
2024-09-07T16:58:58,14,0,0,14
2024-09-07T17:15:26,14,0,0,14
2024-09-07T17:31:53,14,0,0,14
2024-09-07T17:48:21,14,0,0,14
2024-09-07T18:04:49,14,0,0,14
2024-09-07T18:21:17,14,0,0,14
2024-09-07T18:37:45,14,0,0,14
2024-09-07T18:54:12,14,0,0,14
2024-09-07T19:10:49,14,0,0,14
2024-09-07T19:27:17,14,0,0,14
2024-09-07T19:43:45,14,0,0,14
2024-09-07T20:00:12,14,0,0,14
2024-09-07T20:16:39,14,0,0,14
2024-09-07T20:33:06,14,0,0,14
2024-09-07T20:49:33,14,0,0,14
2024-09-07T21:06:01,13,1,0,14
2024-09-07T21:22:28,13,1,0,14
2024-09-07T21:39:08,13,1,0,14
2024-09-07T21:55:35,13,1,0,14
2024-09-07T22:12:02,13,1,0,14
2024-09-07T22:28:30,13,1,0,14
2024-09-07T22:44:57,13,1,0,14
2024-09-07T23:01:25,13,1,0,14
2024-09-07T23:17:55,13,1,0,14
2024-09-07T23:34:23,13,1,0,14
2024-09-07T23:50:51,13,1,0,14
2024-09-08T00:07:30,13,1,0,14
2024-09-08T00:24:04,13,1,0,14
2024-09-08T00:40:33,13,1,0,14
2024-09-08T00:57:02,13,1,0,14
2024-09-08T01:13:31,13,1,0,14
2024-09-08T01:29:58,13,1,0,14
2024-09-08T01:46:25,13,1,0,14
2024-09-08T02:02:56,13,1,0,14
2024-09-08T02:19:29,13,1,0,14
2024-09-08T02:36:02,13,1,0,14
2024-09-08T02:52:34,13,1,0,14
2024-09-08T03:09:06,13,1,0,14
2024-09-08T03:25:47,13,1,0,14
2024-09-08T03:42:20,13,1,0,14
2024-09-08T03:58:52,13,1,0,14
2024-09-08T04:15:25,13,1,0,14
2024-09-08T04:36:09,13,1,0,14
2024-09-08T04:52:46,13,1,0,14
2024-09-08T05:09:21,13,1,0,14
2024-09-08T05:25:53,13,1,0,14
2024-09-08T05:42:26,13,1,0,14
2024-09-08T05:58:59,13,1,0,14
2024-09-08T06:15:31,13,1,0,14
2024-09-08T06:32:02,13,1,0,14
2024-09-08T06:48:33,13,1,0,14
2024-09-08T07:05:05,13,1,0,14
2024-09-08T07:21:37,13,1,0,14
2024-09-08T07:38:14,13,1,0,14
2024-09-08T07:54:43,13,1,0,14
2024-09-08T08:11:11,13,1,0,14
2024-09-08T08:27:42,13,1,0,14
2024-09-08T08:44:13,13,1,0,14
2024-09-08T09:00:44,13,1,0,14
2024-09-08T09:17:17,13,1,0,14
2024-09-08T09:33:53,13,1,0,14
2024-09-08T09:50:35,13,1,0,14
2024-09-08T10:07:08,13,1,0,14
2024-09-08T10:23:40,13,1,0,14
2024-09-08T10:40:12,13,1,0,14
2024-09-08T10:56:40,13,1,0,14
2024-09-08T11:13:07,13,1,0,14
2024-09-08T11:29:34,13,1,0,14
2024-09-08T11:46:01,13,1,0,14
2024-09-08T12:02:28,13,1,0,14
2024-09-08T12:18:58,13,1,0,14
2024-09-08T12:35:34,13,1,0,14
2024-09-08T12:52:01,13,1,0,14
2024-09-08T13:08:29,13,1,0,14
2024-09-08T13:24:57,13,1,0,14
2024-09-08T13:41:27,13,1,0,14
2024-09-08T13:57:55,13,1,0,14
2024-09-08T14:14:25,13,1,0,14
2024-09-08T14:31:02,13,1,0,14
2024-09-08T14:47:30,13,1,0,14
2024-09-08T15:03:57,13,1,0,14
2024-09-08T15:20:21,13,1,0,14
2024-09-08T15:36:49,13,1,0,14
2024-09-08T15:53:16,13,1,0,14
2024-09-08T16:09:44,13,1,0,14
2024-09-08T16:26:23,13,1,0,14
2024-09-08T16:42:52,13,1,0,14
2024-09-08T16:59:19,13,1,0,14
2024-09-08T17:15:48,13,1,0,14
2024-09-08T17:32:15,13,1,0,14
2024-09-08T17:48:42,13,1,0,14
2024-09-08T18:05:09,13,1,0,14
2024-09-08T18:21:36,13,1,0,14
2024-09-08T18:38:04,13,1,0,14
2024-09-08T18:54:41,13,1,0,14
2024-09-08T19:11:10,13,1,0,14
2024-09-08T19:27:40,13,1,0,14
2024-09-08T19:44:10,13,1,0,14
2024-09-08T20:00:38,13,1,0,14
2024-09-08T20:17:07,13,1,0,14
2024-09-08T20:33:35,13,1,0,14
2024-09-08T20:50:03,13,1,0,14
2024-09-08T21:06:32,13,1,0,14
2024-09-08T21:23:14,13,1,0,14
2024-09-08T21:39:44,13,1,0,14
2024-09-08T21:56:13,13,1,0,14
2024-09-08T22:12:42,13,1,0,14
2024-09-08T22:29:11,13,1,0,14
2024-09-08T22:45:39,13,1,0,14
2024-09-08T23:02:07,13,1,0,14
2024-09-08T23:18:36,13,1,0,14
2024-09-08T23:35:05,13,1,0,14
2024-09-08T23:51:33,13,1,0,14
2024-09-09T00:08:14,13,1,0,14
2024-09-09T00:24:53,13,1,0,14
2024-09-09T00:41:36,13,1,0,14
2024-09-09T00:58:13,13,1,0,14
2024-09-09T01:14:59,13,1,0,14
2024-09-09T01:31:34,13,1,0,14
2024-09-09T01:48:06,13,1,0,14
2024-09-09T02:04:38,13,1,0,14
2024-09-09T02:21:10,13,1,0,14
2024-09-09T02:37:42,13,1,0,14
2024-09-09T02:54:23,13,1,0,14
2024-09-09T03:10:56,13,1,0,14
2024-09-09T03:27:29,13,1,0,14
2024-09-09T03:44:00,13,1,0,14
2024-09-09T04:00:33,13,1,0,14
2024-09-09T04:23:41,13,1,0,14
2024-09-09T04:40:18,13,1,0,14
2024-09-09T04:56:52,13,1,0,14
2024-09-09T05:13:29,13,1,0,14
2024-09-09T05:30:02,13,1,0,14
2024-09-09T05:46:35,13,1,0,14
2024-09-09T06:03:09,13,1,0,14
2024-09-09T06:19:46,13,1,0,14
2024-09-09T06:36:24,13,1,0,14
2024-09-09T06:53:01,13,1,0,14
2024-09-09T07:09:34,13,1,0,14
2024-09-09T07:26:04,13,1,0,14
2024-09-09T07:42:36,13,1,0,14
2024-09-09T07:59:08,13,1,0,14
2024-09-09T08:15:51,13,1,0,14
2024-09-09T08:32:25,13,1,0,14
2024-09-09T08:48:56,13,1,0,14
2024-09-09T09:05:25,13,1,0,14
2024-09-09T09:21:53,13,1,0,14
2024-09-09T09:38:21,13,1,0,14
2024-09-09T09:54:49,13,1,0,14
2024-09-09T10:11:32,13,1,0,14
2024-09-09T10:28:00,13,1,0,14
2024-09-09T10:44:30,13,1,0,14
2024-09-09T11:00:59,13,1,0,14
2024-09-09T11:17:29,13,1,0,14
2024-09-09T11:34:09,13,1,0,14
2024-09-09T11:50:40,13,1,0,14
2024-09-09T12:07:11,13,1,0,14
2024-09-09T12:23:43,13,1,0,14
2024-09-09T12:40:22,13,1,0,14
2024-09-09T12:56:51,13,1,0,14
2024-09-09T13:13:23,13,1,0,14
2024-09-09T13:29:53,13,1,0,14
2024-09-09T13:46:32,13,1,0,14
2024-09-09T14:03:03,13,1,0,14
2024-09-09T14:19:32,13,1,0,14
2024-09-09T14:36:02,13,1,0,14
2024-09-09T14:52:34,13,1,0,14
2024-09-09T15:09:15,13,1,0,14
2024-09-09T15:25:48,13,1,0,14
2024-09-09T15:42:18,13,1,0,14
2024-09-09T15:58:49,13,1,0,14
2024-09-09T16:15:32,13,1,0,14
2024-09-09T16:32:04,13,1,0,14
2024-09-09T16:48:36,13,1,0,14
2024-09-09T17:05:08,13,1,0,14
2024-09-09T17:21:41,13,1,0,14
2024-09-09T17:38:22,13,1,0,14
2024-09-09T17:54:54,13,1,0,14
2024-09-09T18:11:26,13,1,0,14
2024-09-09T18:27:58,13,1,0,14
2024-09-09T18:44:28,13,1,0,14
2024-09-09T19:01:10,13,1,0,14
2024-09-09T19:17:43,13,1,0,14
2024-09-09T19:34:14,13,1,0,14
2024-09-09T19:50:45,13,1,0,14
2024-09-09T20:07:16,13,1,0,14
2024-09-09T20:23:57,13,1,0,14
2024-09-09T20:40:27,13,1,0,14
2024-09-09T20:56:58,13,1,0,14
2024-09-09T21:13:30,13,1,0,14
2024-09-09T21:30:03,13,1,0,14
2024-09-09T21:46:35,13,1,0,14
2024-09-09T22:03:19,13,1,0,14
2024-09-09T22:19:52,13,1,0,14
2024-09-09T22:36:23,13,1,0,14
2024-09-09T22:52:54,13,1,0,14
2024-09-09T23:09:26,13,1,0,14
2024-09-09T23:25:59,13,1,0,14
2024-09-09T23:42:31,13,1,0,14
2024-09-09T23:59:13,13,1,0,14
2024-09-10T00:16:09,13,1,0,14
2024-09-10T00:32:54,13,1,0,14
2024-09-10T00:49:34,13,1,0,14
2024-09-10T01:06:19,13,1,0,14
2024-09-10T01:22:58,13,1,0,14
2024-09-10T01:39:33,13,1,0,14
2024-09-10T01:56:08,13,1,0,14
2024-09-10T02:12:43,13,1,0,14
2024-09-10T02:29:16,13,1,0,14
2024-09-10T02:45:51,13,1,0,14
2024-09-10T03:02:34,13,1,0,14
2024-09-10T03:19:07,13,1,0,14
2024-09-10T03:35:49,13,1,0,14
2024-09-10T03:52:23,13,1,0,14
2024-09-10T04:08:56,13,1,0,14
2024-09-10T04:37:47,13,1,0,14
2024-09-10T04:54:24,13,1,0,14
2024-09-10T05:11:01,13,1,0,14
2024-09-10T05:27:37,13,1,0,14
2024-09-10T05:44:10,13,1,0,14
2024-09-10T06:00:43,13,1,0,14
2024-09-10T06:17:17,13,1,0,14
2024-09-10T06:33:58,13,1,0,14
2024-09-10T06:51:03,13,1,0,14
2024-09-10T07:07:40,13,1,0,14
2024-09-10T07:24:16,13,1,0,14
2024-09-10T07:40:50,13,1,0,14
2024-09-10T07:57:25,13,1,0,14
2024-09-10T08:14:09,13,1,0,14
2024-09-10T08:30:44,13,1,0,14
2024-09-10T08:47:20,13,1,0,14
2024-09-10T09:03:55,13,1,0,14
2024-09-10T09:20:34,13,1,0,14
2024-09-10T09:37:08,13,1,0,14
2024-09-10T09:53:42,13,1,0,14
2024-09-10T10:10:27,13,1,0,14
2024-09-10T10:27:01,13,1,0,14
2024-09-10T10:43:35,13,1,0,14
2024-09-10T11:00:12,13,1,0,14
2024-09-10T11:16:48,13,1,0,14
2024-09-10T11:33:34,13,1,0,14
2024-09-10T11:50:09,13,1,0,14
2024-09-10T12:06:42,13,1,0,14
2024-09-10T12:23:17,13,1,0,14
2024-09-10T12:39:53,13,1,0,14
2024-09-10T12:56:35,13,1,0,14
2024-09-10T13:13:07,13,1,0,14
2024-09-10T13:29:38,13,1,0,14
2024-09-10T13:46:11,13,1,0,14
2024-09-10T14:02:43,13,1,0,14
2024-09-10T14:19:30,13,1,0,14
2024-09-10T14:36:04,13,1,0,14
2024-09-10T14:52:37,13,1,0,14
2024-09-10T15:09:17,13,1,0,14
2024-09-10T15:26:02,13,1,0,14
2024-09-10T15:42:39,13,1,0,14
2024-09-10T15:59:14,13,1,0,14
2024-09-10T16:15:49,13,1,0,14
2024-09-10T16:32:23,13,1,0,14
2024-09-10T16:49:07,13,1,0,14
2024-09-10T17:05:40,13,1,0,14
2024-09-10T17:22:15,13,1,0,14
2024-09-10T17:38:49,13,1,0,14
2024-09-10T17:55:33,13,1,0,14
2024-09-10T18:12:06,13,1,0,14
2024-09-10T18:28:39,13,1,0,14
2024-09-10T18:45:12,13,1,0,14
2024-09-10T19:01:45,13,1,0,14
2024-09-10T19:18:20,13,1,0,14
2024-09-10T19:34:53,13,1,0,14
2024-09-10T19:51:36,13,1,0,14
2024-09-10T20:08:09,13,1,0,14
2024-09-10T20:24:42,13,1,0,14
2024-09-10T20:41:14,13,1,0,14
2024-09-10T20:57:47,13,1,0,14
2024-09-10T21:14:21,13,1,0,14
2024-09-10T21:31:07,13,1,0,14
2024-09-10T21:47:42,13,1,0,14
2024-09-10T22:04:17,13,1,0,14
2024-09-10T22:20:50,13,1,0,14
2024-09-10T22:37:23,13,1,0,14
2024-09-10T22:53:55,13,1,0,14
2024-09-10T23:10:40,13,1,0,14
2024-09-10T23:27:13,13,1,0,14
2024-09-10T23:43:47,13,1,0,14
2024-09-11T00:00:21,13,1,0,14
2024-09-11T00:16:59,13,1,0,14
2024-09-11T00:33:40,13,1,0,14
2024-09-11T00:50:24,13,1,0,14
2024-09-11T01:07:08,13,1,0,14
2024-09-11T01:23:46,13,1,0,14
2024-09-11T01:40:36,13,1,0,14
2024-09-11T01:57:35,13,1,0,14
2024-09-11T02:14:14,13,1,0,14
2024-09-11T02:30:51,13,1,0,14
2024-09-11T02:47:27,13,1,0,14
2024-09-11T03:04:03,13,1,0,14
2024-09-11T03:20:40,13,1,0,14
2024-09-11T03:37:18,13,1,0,14
2024-09-11T03:53:56,13,1,0,14
2024-09-11T04:26:50,13,1,0,14
2024-09-11T04:43:29,13,1,0,14
2024-09-11T05:00:07,13,1,0,14
2024-09-11T05:16:45,13,1,0,14
2024-09-11T05:33:24,13,1,0,14
2024-09-11T05:50:01,13,1,0,14
2024-09-11T06:06:37,13,1,0,14
2024-09-11T06:23:13,13,1,0,14
2024-09-11T06:39:56,13,1,0,14
2024-09-11T06:56:32,13,1,0,14
2024-09-11T07:13:12,13,1,0,14
2024-09-11T07:29:50,13,1,0,14
2024-09-11T07:46:34,13,1,0,14
2024-09-11T08:03:10,13,1,0,14
2024-09-11T08:19:47,13,1,0,14
2024-09-11T08:36:24,13,1,0,14
2024-09-11T08:53:00,13,1,0,14
2024-09-11T09:09:36,13,1,0,14
2024-09-11T09:26:14,13,1,0,14
2024-09-11T09:42:50,13,1,0,14
2024-09-11T09:59:25,13,1,0,14
2024-09-11T10:16:14,13,1,0,14
2024-09-11T10:32:52,13,1,0,14
2024-09-11T10:49:26,13,1,0,14
2024-09-11T11:06:01,13,1,0,14
2024-09-11T11:22:35,13,1,0,14
2024-09-11T11:39:10,13,1,0,14
2024-09-11T11:55:56,13,1,0,14
2024-09-11T12:12:30,13,1,0,14
2024-09-11T12:29:05,13,1,0,14
2024-09-11T12:45:39,13,1,0,14
2024-09-11T13:02:14,13,1,0,14
2024-09-11T13:18:59,13,1,0,14
2024-09-11T13:35:34,13,1,0,14
2024-09-11T13:52:09,13,1,0,14
2024-09-11T14:08:43,13,1,0,14
2024-09-11T14:25:19,13,1,0,14
2024-09-11T14:41:53,13,1,0,14
2024-09-11T14:58:37,13,1,0,14
2024-09-11T15:15:11,13,1,0,14
2024-09-11T15:31:48,13,1,0,14
2024-09-11T15:48:22,13,1,0,14
2024-09-11T16:05:09,13,1,0,14
2024-09-11T16:21:45,13,1,0,14
2024-09-11T16:38:20,13,1,0,14
2024-09-11T16:54:55,13,1,0,14
2024-09-11T17:11:30,13,1,0,14
2024-09-11T17:28:05,13,1,0,14
2024-09-11T17:44:49,13,1,0,14
2024-09-11T18:01:23,13,1,0,14
2024-09-11T18:17:59,13,1,0,14
2024-09-11T18:34:33,13,1,0,14
2024-09-11T18:51:08,13,1,0,14
2024-09-11T19:07:43,13,1,0,14
2024-09-11T19:24:26,13,1,0,14
2024-09-11T19:40:59,13,1,0,14
2024-09-11T19:57:33,13,1,0,14
2024-09-11T20:14:07,13,1,0,14
2024-09-11T20:30:41,13,1,0,14
2024-09-11T20:47:15,13,1,0,14
2024-09-11T21:03:48,13,1,0,14
2024-09-11T21:20:33,13,1,0,14
2024-09-11T21:37:08,13,1,0,14
2024-09-11T21:53:45,13,1,0,14
2024-09-11T22:10:19,13,1,0,14
2024-09-11T22:26:54,13,1,0,14
2024-09-11T22:43:28,13,1,0,14
2024-09-11T23:00:02,13,1,0,14
2024-09-11T23:16:37,13,1,0,14
2024-09-11T23:33:22,13,1,0,14
2024-09-11T23:49:57,13,1,0,14
2024-09-12T00:06:32,13,1,0,14
2024-09-12T00:23:13,13,1,0,14
2024-09-12T00:39:54,13,1,0,14
2024-09-12T00:56:40,13,1,0,14
2024-09-12T01:13:25,13,1,0,14
2024-09-12T01:30:05,13,1,0,14
2024-09-12T01:46:44,13,1,0,14
2024-09-12T02:03:22,13,1,0,14
2024-09-12T02:20:10,13,1,0,14
2024-09-12T02:36:47,13,1,0,14
2024-09-12T02:53:23,13,1,0,14
2024-09-12T03:10:00,13,1,0,14
2024-09-12T03:26:37,13,1,0,14
2024-09-12T03:43:15,13,1,0,14
2024-09-12T03:59:53,13,1,0,14
2024-09-12T19:07:54,13,1,0,14
2024-09-12T19:40:24,13,1,0,14
2024-09-12T20:12:44,13,1,0,14
2024-09-12T20:45:03,13,1,0,14
2024-09-12T21:17:33,13,1,0,14
2024-09-12T21:49:54,13,1,0,14
2024-09-12T22:22:19,13,1,0,14
2024-09-12T22:54:49,13,1,0,14
2024-09-12T23:27:08,13,1,0,14
2024-09-12T23:59:29,13,1,0,14
2024-09-13T00:32:08,13,1,0,14
2024-09-13T01:04:39,13,1,0,14
2024-09-13T01:37:05,13,1,0,14
2024-09-13T02:09:30,13,1,0,14
2024-09-13T02:41:54,13,1,0,14
2024-09-13T03:14:17,13,1,0,14
2024-09-13T03:46:40,13,1,0,14
2024-09-13T04:36:25,13,1,0,14
2024-09-13T05:08:51,13,1,0,14
2024-09-13T05:41:17,13,1,0,14
2024-09-13T06:13:42,13,1,0,14
2024-09-13T06:46:06,13,1,0,14
2024-09-13T07:18:33,13,1,0,14
2024-09-13T07:51:02,13,1,0,14
2024-09-13T08:23:25,13,1,0,14
2024-09-13T08:55:47,13,1,0,14
2024-09-13T09:28:31,13,1,0,14
2024-09-13T10:01:23,13,1,0,14
2024-09-13T10:33:55,13,1,0,14
2024-09-13T11:06:26,13,1,0,14
2024-09-13T11:38:46,13,1,0,14
2024-09-13T12:11:18,13,1,0,14
2024-09-13T12:46:06,13,1,0,14
2024-09-13T13:18:53,13,1,0,14
2024-09-13T13:51:24,13,1,0,14
2024-09-13T14:23:45,13,1,0,14
2024-09-13T14:56:06,13,1,0,14
2024-09-13T15:28:36,13,1,0,14
2024-09-13T16:00:59,13,1,0,14
2024-09-13T16:33:29,13,1,0,14
2024-09-13T17:05:50,13,1,0,14
2024-09-13T17:38:13,13,1,0,14
2024-09-13T18:10:45,13,1,0,14
2024-09-13T18:43:07,13,1,0,14
2024-09-13T19:15:41,13,1,0,14
2024-09-13T19:48:04,13,1,0,14
2024-09-13T20:20:28,13,1,0,14
2024-09-13T20:52:51,13,1,0,14
2024-09-13T21:25:22,13,1,0,14
2024-09-13T21:57:52,13,1,0,14
2024-09-13T22:30:15,13,1,0,14
2024-09-13T23:02:38,13,1,0,14
2024-09-13T23:35:10,13,1,0,14
2024-09-14T00:07:34,13,1,0,14
2024-09-14T00:40:08,13,1,0,14
2024-09-14T01:12:39,13,1,0,14
2024-09-14T01:45:12,13,1,0,14
2024-09-14T02:17:48,13,1,0,14
2024-09-14T02:50:13,13,1,0,14
2024-09-14T03:22:39,13,1,0,14
2024-09-14T03:55:04,13,1,0,14
2024-09-14T04:43:08,13,1,0,14
2024-09-14T05:15:34,13,1,0,14
2024-09-14T05:47:58,13,1,0,14
2024-09-14T06:20:20,13,1,0,14
2024-09-14T06:52:45,13,1,0,14
2024-09-14T07:25:11,13,1,0,14
2024-09-14T07:58:41,13,1,0,14
2024-09-14T08:31:14,13,1,0,14
2024-09-14T09:03:40,13,1,0,14
2024-09-14T09:36:07,13,1,0,14
2024-09-14T10:08:42,13,1,0,14
2024-09-14T10:41:09,13,1,0,14
2024-09-14T11:13:35,13,1,0,14
2024-09-14T11:46:07,13,1,0,14
2024-09-14T12:18:33,13,1,0,14
2024-09-14T12:51:06,13,1,0,14
2024-09-14T13:23:30,13,1,0,14
2024-09-14T13:55:55,13,1,0,14
2024-09-14T14:28:19,13,1,0,14
2024-09-14T15:00:52,13,1,0,14
2024-09-14T15:33:16,13,1,0,14
2024-09-14T16:05:38,13,1,0,14
2024-09-14T16:38:08,13,1,0,14
2024-09-14T17:10:31,13,1,0,14
2024-09-14T17:42:53,13,1,0,14
2024-09-14T18:15:15,13,1,0,14
2024-09-14T18:47:38,13,1,0,14
2024-09-14T19:20:08,13,1,0,14
2024-09-14T19:52:30,13,1,0,14
2024-09-14T20:24:52,13,1,0,14
2024-09-14T20:57:21,13,1,0,14
2024-09-14T21:29:44,13,1,0,14
2024-09-14T22:02:08,13,1,0,14
2024-09-14T22:34:30,13,1,0,14
2024-09-14T23:06:52,13,1,0,14
2024-09-14T23:39:23,13,1,0,14
2024-09-15T00:11:46,13,1,0,14
2024-09-15T00:44:09,13,1,0,14
2024-09-15T01:22:32,13,1,0,14
2024-09-15T01:54:59,13,1,0,14
2024-09-15T02:27:27,13,1,0,14
2024-09-15T03:00:40,13,1,0,14
2024-09-15T03:33:09,13,1,0,14
2024-09-15T04:31:23,13,1,0,14
2024-09-15T05:03:53,13,1,0,14
2024-09-15T05:36:21,13,1,0,14
2024-09-15T06:08:48,13,1,0,14
2024-09-15T06:41:17,13,1,0,14
2024-09-15T07:13:45,13,1,0,14
2024-09-15T07:46:16,13,1,0,14
2024-09-15T08:18:40,13,1,0,14
2024-09-15T08:51:14,13,1,0,14
2024-09-15T09:23:47,13,1,0,14
2024-09-15T09:56:22,13,1,0,14
2024-09-15T10:28:52,13,1,0,14
2024-09-15T11:01:16,13,1,0,14
2024-09-15T11:33:49,13,1,0,14
2024-09-15T12:06:12,13,1,0,14
2024-09-15T12:38:36,13,1,0,14
2024-09-15T13:11:09,13,1,0,14
2024-09-15T13:43:34,13,1,0,14
2024-09-15T14:15:58,13,1,0,14
2024-09-15T14:48:22,13,1,0,14
2024-09-15T15:20:55,13,1,0,14
2024-09-15T15:53:19,13,1,0,14
2024-09-15T16:25:43,13,1,0,14
2024-09-15T16:58:15,13,1,0,14
2024-09-15T17:30:39,13,1,0,14
2024-09-15T18:03:02,13,1,0,14
2024-09-15T18:35:26,13,1,0,14
2024-09-15T19:08:02,13,1,0,14
2024-09-15T19:40:31,13,1,0,14
2024-09-15T20:13:00,13,1,0,14
2024-09-15T20:45:25,13,1,0,14
2024-09-15T21:17:58,13,1,0,14
2024-09-15T21:50:29,13,1,0,14
2024-09-15T22:22:53,13,1,0,14
2024-09-15T22:55:26,13,1,0,14
2024-09-15T23:27:51,13,1,0,14
2024-09-16T00:00:16,13,1,0,14
2024-09-16T00:32:52,13,1,0,14
2024-09-16T01:05:29,13,1,0,14
2024-09-16T01:38:13,13,1,0,14
2024-09-16T02:10:41,13,1,0,14
2024-09-16T02:43:11,13,1,0,14
2024-09-16T03:15:56,13,1,0,14
2024-09-16T03:48:23,13,1,0,14
2024-09-16T04:30:13,13,1,0,14
2024-09-16T05:02:44,13,1,0,14
2024-09-16T05:35:19,13,1,0,14
2024-09-16T06:07:49,13,1,0,14
2024-09-16T06:40:17,13,1,0,14
2024-09-16T07:12:47,13,1,0,14
2024-09-16T07:45:12,13,1,0,14
2024-09-16T08:17:39,13,1,0,14
2024-09-16T08:50:14,13,1,0,14
2024-09-16T09:22:38,13,1,0,14
2024-09-16T09:55:02,13,1,0,14
2024-09-16T10:27:26,13,1,0,14
2024-09-16T11:00:01,13,1,0,14
2024-09-16T11:32:25,13,1,0,14
2024-09-16T12:05:05,13,1,0,14
2024-09-16T12:37:30,13,1,0,14
2024-09-16T13:10:04,13,1,0,14
2024-09-16T13:42:28,13,1,0,14
2024-09-16T14:14:51,13,1,0,14
2024-09-16T14:47:25,13,1,0,14
2024-09-16T15:19:50,13,1,0,14
2024-09-16T15:52:25,14,0,0,14
2024-09-16T16:24:51,13,1,0,14
2024-09-16T16:57:27,13,1,0,14
2024-09-16T17:29:53,14,0,0,14
2024-09-16T18:02:18,14,0,0,14
2024-09-16T18:36:02,14,0,0,14
2024-09-16T19:08:29,14,0,0,14
2024-09-16T19:41:04,14,0,0,14
2024-09-16T20:13:29,14,0,0,14
2024-09-16T20:45:55,14,0,0,14
2024-09-16T21:18:29,14,0,0,14
2024-09-16T21:50:55,14,0,0,14
2024-09-16T22:23:20,14,0,0,14
2024-09-16T22:55:45,14,0,0,14
2024-09-16T23:28:21,14,0,0,14
2024-09-17T00:00:47,14,0,0,14
2024-09-17T00:33:18,14,0,0,14
2024-09-17T01:05:56,14,0,0,14
2024-09-17T01:38:27,14,0,0,14
2024-09-17T02:11:01,14,0,0,14
2024-09-17T02:43:40,14,0,0,14
2024-09-17T03:16:07,14,0,0,14
2024-09-17T03:48:40,14,0,0,14
2024-09-17T04:38:23,14,0,0,14
2024-09-17T05:10:55,14,0,0,14
2024-09-17T05:43:26,14,0,0,14
2024-09-17T06:15:53,14,0,0,14
2024-09-17T06:48:20,14,0,0,14
2024-09-17T07:20:48,14,0,0,14
2024-09-17T07:53:13,14,0,0,14
2024-09-17T08:26:14,14,0,0,14
2024-09-17T08:58:44,14,0,0,14
2024-09-17T09:31:14,14,0,0,14
2024-09-17T10:03:42,14,0,0,14
2024-09-17T10:36:22,14,0,0,14
2024-09-17T11:08:51,14,0,0,14
2024-09-17T11:41:30,14,0,0,14
2024-09-17T12:13:59,14,0,0,14
2024-09-17T12:46:37,14,0,0,14
2024-09-17T13:19:04,14,0,0,14
2024-09-17T13:51:41,14,0,0,14
2024-09-17T14:24:06,14,0,0,14
2024-09-17T14:56:31,14,0,0,14
2024-09-17T15:29:06,14,0,0,14
2024-09-17T16:01:30,14,0,0,14
2024-09-17T16:34:07,14,0,0,14
2024-09-17T17:06:33,14,0,0,14
2024-09-17T17:39:00,14,0,0,14
2024-09-17T18:11:36,14,0,0,14
2024-09-17T18:44:01,14,0,0,14
2024-09-17T19:16:27,14,0,0,14
2024-09-17T19:49:03,14,0,0,14
2024-09-17T20:21:29,14,0,0,14
2024-09-17T20:53:54,14,0,0,14
2024-09-17T21:26:32,14,0,0,14
2024-09-17T21:58:59,14,0,0,14
2024-09-17T22:31:25,14,0,0,14
2024-09-17T23:03:52,14,0,0,14
2024-09-17T23:36:29,14,0,0,14
2024-09-18T00:08:57,14,0,0,14
2024-09-18T00:41:29,14,0,0,14
2024-09-18T01:14:08,14,0,0,14
2024-09-18T01:46:41,14,0,0,14
2024-09-18T02:19:22,14,0,0,14
2024-09-18T02:51:58,14,0,0,14
2024-09-18T03:24:28,14,0,0,14
2024-09-18T03:57:00,14,0,0,14
2024-09-18T04:31:08,14,0,0,14
2024-09-18T05:03:41,14,0,0,14
2024-09-18T05:37:44,14,0,0,14
2024-09-18T06:11:18,14,0,0,14
2024-09-18T06:43:51,14,0,0,14
2024-09-18T07:16:26,14,0,0,14
2024-09-18T07:48:56,14,0,0,14
2024-09-18T08:21:26,14,0,0,14
2024-09-18T08:54:06,14,0,0,14
2024-09-18T09:26:35,14,0,0,14
2024-09-18T09:59:04,14,0,0,14
2024-09-18T10:31:44,14,0,0,14
2024-09-18T11:04:13,14,0,0,14
2024-09-18T11:36:41,14,0,0,14
2024-09-18T12:09:17,14,0,0,14
2024-09-18T12:41:44,14,0,0,14
2024-09-18T13:14:19,14,0,0,14
2024-09-18T13:46:46,14,0,0,14
2024-09-18T14:19:23,14,0,0,14
2024-09-18T14:51:52,14,0,0,14
2024-09-18T15:24:20,14,0,0,14
2024-09-18T15:56:59,14,0,0,14
2024-09-18T16:29:29,14,0,0,14
2024-09-18T17:02:08,14,0,0,14
2024-09-18T17:34:38,14,0,0,14
2024-09-18T18:07:08,14,0,0,14
2024-09-18T18:39:48,14,0,0,14
2024-09-18T19:12:18,14,0,0,14
2024-09-18T19:44:48,14,0,0,14
2024-09-18T20:17:28,14,0,0,14
2024-09-18T20:49:58,14,0,0,14
2024-09-18T21:22:28,14,0,0,14
2024-09-18T21:55:09,14,0,0,14
2024-09-18T22:27:39,14,0,0,14
2024-09-18T23:00:09,14,0,0,14
2024-09-18T23:32:38,14,0,0,14
2024-09-19T00:05:17,14,0,0,14
2024-09-19T00:37:53,14,0,0,14
2024-09-19T01:10:37,14,0,0,14
2024-09-19T01:43:14,14,0,0,14
2024-09-19T02:15:46,14,0,0,14
2024-09-19T02:48:26,14,0,0,14
2024-09-19T03:20:57,14,0,0,14
2024-09-19T03:53:34,14,0,0,14
2024-09-19T04:44:04,14,0,0,14
2024-09-19T05:16:39,14,0,0,14
2024-09-19T05:49:16,14,0,0,14
2024-09-19T06:21:49,14,0,0,14
2024-09-19T06:54:45,14,0,0,14
2024-09-19T07:27:19,14,0,0,14
2024-09-19T07:59:50,14,0,0,14
2024-09-19T08:32:32,14,0,0,14
2024-09-19T09:05:04,14,0,0,14
2024-09-19T09:37:34,14,0,0,14
2024-09-19T10:10:05,14,0,0,14
2024-09-19T10:42:47,14,0,0,14
2024-09-19T11:15:17,14,0,0,14
2024-09-19T11:47:58,14,0,0,14
2024-09-19T12:20:27,14,0,0,14
2024-09-19T12:53:06,14,0,0,14
2024-09-19T13:25:36,14,0,0,14
2024-09-19T13:58:15,14,0,0,14
2024-09-19T14:30:45,14,0,0,14
2024-09-19T15:03:14,14,0,0,14
2024-09-19T15:35:54,14,0,0,14
2024-09-19T16:08:23,14,0,0,14
2024-09-19T16:41:01,14,0,0,14
2024-09-19T17:13:29,14,0,0,14
2024-09-19T17:45:58,14,0,0,14
2024-09-19T18:18:36,14,0,0,14
2024-09-19T18:51:03,14,0,0,14
2024-09-19T19:23:31,14,0,0,14
2024-09-19T19:56:09,14,0,0,14
2024-09-19T20:28:39,14,0,0,14
2024-09-19T21:01:08,14,0,0,14
2024-09-19T21:33:38,14,0,0,14
2024-09-19T22:06:17,14,0,0,14
2024-09-19T22:38:45,14,0,0,14
2024-09-19T23:11:18,14,0,0,14
2024-09-19T23:43:47,14,0,0,14
2024-09-20T00:16:28,14,0,0,14
2024-09-20T00:49:04,14,0,0,14
2024-09-20T01:21:43,14,0,0,14
2024-09-20T01:54:20,14,0,0,14
2024-09-20T02:26:53,14,0,0,14
2024-09-20T02:59:26,14,0,0,14
2024-09-20T03:31:56,14,0,0,14
2024-09-20T04:04:49,14,0,0,14
2024-09-20T04:38:02,14,0,0,14
2024-09-20T05:10:42,14,0,0,14
2024-09-20T05:43:16,14,0,0,14
2024-09-20T06:15:51,14,0,0,14
2024-09-20T06:48:26,14,0,0,14
2024-09-20T07:21:02,14,0,0,14
2024-09-20T07:53:32,14,0,0,14
2024-09-20T08:26:10,14,0,0,14
2024-09-20T08:58:42,14,0,0,14
2024-09-20T09:31:12,14,0,0,14
2024-09-20T10:03:39,14,0,0,14
2024-09-20T10:36:17,14,0,0,14
2024-09-20T11:08:45,14,0,0,14
2024-09-20T11:41:22,14,0,0,14
2024-09-20T12:13:51,14,0,0,14
2024-09-20T12:46:31,14,0,0,14
2024-09-20T13:19:02,14,0,0,14
2024-09-20T13:51:41,14,0,0,14
2024-09-20T14:24:12,14,0,0,14
2024-09-20T14:56:43,14,0,0,14
2024-09-20T15:29:22,14,0,0,14
2024-09-20T16:01:53,14,0,0,14
2024-09-20T16:34:32,14,0,0,14
2024-09-20T17:07:03,14,0,0,14
2024-09-20T17:39:42,14,0,0,14
2024-09-20T18:12:12,14,0,0,14
2024-09-20T18:44:42,14,0,0,14
2024-09-20T19:17:22,14,0,0,14
2024-09-20T19:49:52,14,0,0,14
2024-09-20T20:22:23,14,0,0,14
2024-09-20T20:55:02,14,0,0,14
2024-09-20T21:27:33,14,0,0,14
2024-09-20T22:00:16,14,0,0,14
2024-09-20T22:32:47,14,0,0,14
2024-09-20T23:05:17,14,0,0,14
2024-09-20T23:37:58,14,0,0,14
2024-09-21T00:10:29,14,0,0,14
2024-09-21T00:43:08,14,0,0,14
2024-09-21T01:15:43,14,0,0,14
2024-09-21T01:48:28,14,0,0,14
2024-09-21T02:21:03,14,0,0,14
2024-09-21T02:53:35,14,0,0,14
2024-09-21T03:26:08,14,0,0,14
2024-09-21T03:58:42,14,0,0,14
2024-09-21T04:39:26,14,0,0,14
2024-09-21T05:12:00,14,0,0,14
2024-09-21T05:44:34,14,0,0,14
2024-09-21T06:17:07,14,0,0,14
2024-09-21T06:49:38,14,0,0,14
2024-09-21T07:22:18,14,0,0,14
2024-09-21T07:56:32,14,0,0,14
2024-09-21T08:29:07,14,0,0,14
2024-09-21T09:01:40,14,0,0,14
2024-09-21T09:34:20,14,0,0,14
2024-09-21T10:06:54,14,0,0,14
2024-09-21T10:39:28,14,0,0,14
2024-09-21T11:12:08,14,0,0,14
2024-09-21T11:44:41,14,0,0,14
2024-09-21T12:17:16,14,0,0,14
2024-09-21T12:49:57,14,0,0,14
2024-09-21T13:22:29,14,0,0,14
2024-09-21T13:55:01,14,0,0,14
2024-09-21T14:27:41,14,0,0,14
2024-09-21T15:00:13,14,0,0,14
2024-09-21T15:32:46,14,0,0,14
2024-09-21T16:05:23,14,0,0,14
2024-09-21T16:37:54,14,0,0,14
2024-09-21T17:10:23,14,0,0,14
2024-09-21T17:43:00,14,0,0,14
2024-09-21T18:15:32,14,0,0,14
2024-09-21T18:48:02,14,0,0,14
2024-09-21T19:20:34,14,0,0,14
2024-09-21T19:53:10,14,0,0,14
2024-09-21T20:25:40,14,0,0,14
2024-09-21T20:58:10,14,0,0,14
2024-09-21T21:30:40,14,0,0,14
2024-09-21T22:03:20,14,0,0,14
2024-09-21T22:35:50,14,0,0,14
2024-09-21T23:08:20,14,0,0,14
2024-09-21T23:40:50,14,0,0,14
2024-09-22T00:13:29,14,0,0,14
2024-09-22T00:46:06,14,0,0,14
2024-09-22T01:18:40,14,0,0,14
2024-09-22T01:51:12,14,0,0,14
2024-09-22T02:23:46,14,0,0,14
2024-09-22T02:56:18,14,0,0,14
2024-09-22T03:28:56,14,0,0,14
2024-09-22T04:01:34,14,0,0,14
2024-09-22T04:41:34,14,0,0,14
2024-09-22T05:16:37,14,0,0,14
2024-09-22T05:49:20,14,0,0,14
2024-09-22T06:21:58,14,0,0,14
2024-09-22T06:54:44,14,0,0,14
2024-09-22T07:27:21,14,0,0,14
2024-09-22T07:59:59,14,0,0,14
2024-09-22T08:32:35,14,0,0,14
2024-09-22T09:05:11,14,0,0,14
2024-09-22T09:37:49,14,0,0,14
2024-09-22T10:10:27,14,0,0,14
2024-09-22T10:43:03,14,0,0,14
2024-09-22T11:15:46,14,0,0,14
2024-09-22T11:48:17,14,0,0,14
2024-09-22T12:20:50,14,0,0,14
2024-09-22T12:53:30,14,0,0,14
2024-09-22T13:26:01,14,0,0,14
2024-09-22T13:58:33,14,0,0,14
2024-09-22T14:31:12,14,0,0,14
2024-09-22T15:03:43,14,0,0,14
2024-09-22T15:36:14,14,0,0,14
2024-09-22T16:08:53,14,0,0,14
2024-09-22T16:41:24,14,0,0,14
2024-09-22T17:13:56,14,0,0,14
2024-09-22T17:46:34,14,0,0,14
2024-09-22T18:19:04,14,0,0,14
2024-09-22T18:51:36,14,0,0,14
2024-09-22T19:24:18,14,0,0,14
2024-09-22T19:56:49,14,0,0,14
2024-09-22T20:29:20,14,0,0,14
2024-09-22T21:01:50,14,0,0,14
2024-09-22T21:34:28,14,0,0,14
2024-09-22T22:06:59,14,0,0,14
2024-09-22T22:39:30,14,0,0,14
2024-09-22T23:12:08,14,0,0,14
2024-09-22T23:44:41,14,0,0,14
2024-09-23T00:17:17,14,0,0,14
2024-09-23T00:50:00,14,0,0,14
2024-09-23T01:22:54,14,0,0,14
2024-09-23T01:55:31,14,0,0,14
2024-09-23T02:28:07,14,0,0,14
2024-09-23T03:00:51,14,0,0,14
2024-09-23T03:33:29,14,0,0,14
2024-09-23T04:06:04,14,0,0,14
2024-09-23T04:41:56,14,0,0,14
2024-09-23T05:14:38,14,0,0,14
2024-09-23T05:47:16,14,0,0,14
2024-09-23T06:19:55,14,0,0,14
2024-09-23T06:52:32,14,0,0,14
2024-09-23T07:25:08,14,0,0,14
2024-09-23T07:57:41,14,0,0,14
2024-09-23T08:30:15,14,0,0,14
2024-09-23T09:02:53,14,0,0,14
2024-09-23T09:35:25,14,0,0,14
2024-09-23T10:08:06,14,0,0,14
2024-09-23T10:40:39,14,0,0,14
2024-09-23T11:13:19,14,0,0,14
2024-09-23T11:46:08,14,0,0,14
2024-09-23T12:18:42,14,0,0,14
2024-09-23T12:51:26,14,0,0,14
2024-09-23T13:24:13,14,0,0,14
2024-09-23T13:56:58,14,0,0,14
2024-09-23T14:29:32,14,0,0,14
2024-09-23T15:02:20,14,0,0,14
2024-09-23T15:35:05,14,0,0,14
2024-09-23T16:07:49,14,0,0,14
2024-09-23T16:40:24,14,0,0,14
2024-09-23T17:13:12,14,0,0,14
2024-09-23T17:45:47,14,0,0,14
2024-09-23T18:18:28,14,0,0,14
2024-09-23T18:50:58,14,0,0,14
2024-09-23T19:23:36,14,0,0,14
2024-09-23T19:56:04,14,0,0,14
2024-09-23T20:28:39,14,0,0,14
2024-09-23T21:01:07,14,0,0,14
2024-09-23T21:33:50,14,0,0,14
2024-09-23T22:06:27,14,0,0,14
2024-09-23T22:39:07,14,0,0,14
2024-09-23T23:11:39,14,0,0,14
2024-09-23T23:44:20,14,0,0,14
2024-09-24T00:16:54,14,0,0,14
2024-09-24T00:49:39,14,0,0,14
2024-09-24T01:22:23,14,0,0,14
2024-09-24T01:55:19,14,0,0,14
2024-09-24T02:27:54,14,0,0,14
2024-09-24T03:00:29,14,0,0,14
2024-09-24T03:33:05,14,0,0,14
2024-09-24T04:05:50,14,0,0,14
2024-09-24T04:38:16,14,0,0,14
2024-09-24T05:10:55,14,0,0,14
2024-09-24T05:43:34,14,0,0,14
2024-09-24T06:16:11,14,0,0,14
2024-09-24T06:49:18,14,0,0,14
2024-09-24T07:22:02,14,0,0,14
2024-09-24T07:54:38,14,0,0,14
2024-09-24T08:27:15,14,0,0,14
2024-09-24T08:59:59,14,0,0,14
2024-09-24T09:32:37,14,0,0,14
2024-09-24T10:05:13,14,0,0,14
2024-09-24T10:37:58,14,0,0,14
2024-09-24T11:10:41,14,0,0,14
2024-09-24T11:43:17,14,0,0,14
2024-09-24T12:16:01,14,0,0,14
2024-09-24T12:48:45,14,0,0,14
2024-09-24T13:21:18,14,0,0,14
2024-09-24T13:54:00,14,0,0,14
2024-09-24T14:26:42,14,0,0,14
2024-09-24T14:59:16,14,0,0,14
2024-09-24T15:31:59,14,0,0,14
2024-09-24T16:04:44,14,0,0,14
2024-09-24T16:37:17,14,0,0,14
2024-09-24T17:10:00,14,0,0,14
2024-09-24T17:42:34,14,0,0,14
2024-09-24T18:15:17,14,0,0,14
2024-09-24T18:47:51,14,0,0,14
2024-09-24T19:20:33,14,0,0,14
2024-09-24T19:53:06,14,0,0,14
2024-09-24T20:25:48,14,0,0,14
2024-09-24T20:58:22,14,0,0,14
2024-09-24T21:31:05,14,0,0,14
2024-09-24T22:03:39,14,0,0,14
2024-09-24T22:36:13,14,0,0,14
2024-09-24T23:08:55,14,0,0,14
2024-09-24T23:41:29,14,0,0,14
2024-09-25T00:14:14,14,0,0,14
2024-09-25T00:46:58,14,0,0,14
2024-09-25T01:19:44,14,0,0,14
2024-09-25T01:52:31,14,0,0,14
2024-09-25T02:25:09,14,0,0,14
2024-09-25T02:57:45,14,0,0,14
2024-09-25T03:30:30,14,0,0,14
2024-09-25T04:04:55,14,0,0,14
2024-09-25T04:39:17,14,0,0,14
2024-09-25T05:11:57,14,0,0,14
2024-09-25T05:44:38,14,0,0,14
2024-09-25T06:17:30,14,0,0,14
2024-09-25T06:50:13,14,0,0,14
2024-09-25T07:22:55,14,0,0,14
2024-09-25T07:55:31,14,0,0,14
2024-09-25T08:28:15,14,0,0,14
2024-09-25T09:00:51,14,0,0,14
2024-09-25T09:33:27,14,0,0,14
2024-09-25T10:06:12,14,0,0,14
2024-09-25T10:38:47,14,0,0,14
2024-09-25T11:11:35,14,0,0,14
2024-09-25T11:44:17,14,0,0,14
2024-09-25T12:17:01,14,0,0,14
2024-09-25T12:49:43,14,0,0,14
2024-09-25T13:22:26,14,0,0,14
2024-09-25T13:55:03,14,0,0,14
2024-09-25T14:27:47,14,0,0,14
2024-09-25T15:00:32,14,0,0,14
2024-09-25T15:34:50,14,0,0,14
2024-09-25T16:07:32,14,0,0,14
2024-09-25T16:40:16,14,0,0,14
2024-09-25T17:13:02,14,0,0,14
2024-09-25T17:45:45,14,0,0,14
2024-09-25T18:18:28,14,0,0,14
2024-09-25T18:51:09,14,0,0,14
2024-09-25T19:23:44,14,0,0,14
2024-09-25T19:56:25,14,0,0,14
2024-09-25T20:29:06,14,0,0,14
2024-09-25T21:01:48,14,0,0,14
2024-09-25T21:34:32,14,0,0,14
2024-09-25T22:07:16,14,0,0,14
2024-09-25T22:39:59,14,0,0,14
2024-09-25T23:12:42,14,0,0,14
2024-09-25T23:45:22,14,0,0,14
2024-09-26T00:18:12,14,0,0,14
2024-09-26T00:51:03,14,0,0,14
2024-09-26T01:23:45,14,0,0,14
2024-09-26T01:56:23,14,0,0,14
2024-09-26T02:29:07,14,0,0,14
2024-09-26T03:01:43,14,0,0,14
2024-09-26T03:34:25,14,0,0,14
2024-09-26T04:08:56,14,0,0,14
2024-09-26T04:42:29,14,0,0,14
2024-09-26T05:15:28,14,0,0,14
2024-09-26T05:48:08,14,0,0,14
2024-09-26T06:20:49,14,0,0,14
2024-09-26T06:53:26,14,0,0,14
2024-09-26T07:26:12,14,0,0,14
2024-09-26T07:58:49,14,0,0,14
2024-09-26T08:31:42,14,0,0,14
2024-09-26T09:04:40,14,0,0,14
2024-09-26T09:37:29,14,0,0,14
2024-09-26T10:10:31,13,1,0,14
2024-09-26T10:43:29,13,1,0,14
2024-09-26T11:16:28,13,1,0,14
2024-09-26T11:49:27,13,1,0,14
2024-09-26T12:22:18,14,0,0,14
2024-09-26T12:55:16,14,0,0,14
2024-09-26T13:28:17,14,0,0,14
2024-09-26T14:01:04,14,0,0,14
2024-09-26T14:34:04,14,0,0,14
2024-09-26T15:06:52,14,0,0,14
2024-09-26T15:39:50,14,0,0,14
2024-09-26T16:12:38,14,0,0,14
2024-09-26T16:45:26,14,0,0,14
2024-09-26T17:18:26,13,1,0,14
2024-09-26T17:51:12,13,1,0,14
2024-09-26T18:23:48,13,1,0,14
2024-09-26T18:56:35,13,1,0,14
2024-09-26T19:29:23,13,1,0,14
2024-09-26T20:02:09,14,0,0,14
2024-09-26T20:34:45,14,0,0,14
2024-09-26T21:07:31,14,0,0,14
2024-09-26T21:40:17,14,0,0,14
2024-09-26T22:12:52,14,0,0,14
2024-09-26T22:45:39,14,0,0,14
2024-09-26T23:18:26,14,0,0,14
2024-09-26T23:51:02,14,0,0,14
2024-09-27T00:23:54,14,0,0,14
2024-09-27T00:56:38,14,0,0,14
2024-09-27T01:29:22,14,0,0,14
2024-09-27T02:02:14,14,0,0,14
2024-09-27T02:34:55,14,0,0,14
2024-09-27T03:07:33,14,0,0,14
2024-09-27T03:40:15,14,0,0,14
2024-09-27T04:37:58,14,0,0,14
2024-09-27T05:10:42,14,0,0,14
2024-09-27T05:43:23,14,0,0,14
2024-09-27T06:16:04,13,1,0,14
2024-09-27T06:48:47,13,1,0,14
2024-09-27T07:21:27,13,1,0,14
2024-09-27T07:54:12,13,1,0,14
2024-09-27T08:26:50,13,1,0,14
2024-09-27T08:59:48,13,1,0,14
2024-09-27T09:32:37,13,1,0,14
2024-09-27T10:05:35,13,1,0,14
2024-09-27T10:38:23,13,1,0,14
2024-09-27T11:11:26,13,1,0,14
2024-09-27T11:44:18,12,2,0,14
2024-09-27T12:17:13,12,2,0,14
2024-09-27T12:50:06,12,2,0,14
2024-09-27T13:22:53,12,2,0,14
2024-09-27T13:55:47,12,2,0,14
2024-09-27T14:28:42,12,2,0,14
2024-09-27T15:01:29,12,2,0,14
2024-09-27T15:34:15,12,2,0,14
2024-09-27T16:07:01,12,2,0,14
2024-09-27T16:39:37,12,2,0,14
2024-09-27T17:12:33,12,2,0,14
2024-09-27T17:45:20,12,2,0,14
2024-09-27T18:17:55,12,2,0,14
2024-09-27T18:50:31,12,2,0,14
2024-09-27T19:23:17,12,2,0,14
2024-09-27T19:55:52,12,2,0,14
2024-09-27T20:28:28,12,2,0,14
2024-09-27T21:01:14,12,2,0,14
2024-09-27T21:33:49,12,2,0,14
2024-09-27T22:06:25,12,2,0,14
2024-09-27T22:39:11,12,2,0,14
2024-09-27T23:11:47,12,2,0,14
2024-09-27T23:44:24,12,2,0,14
2024-09-28T00:17:02,12,2,0,14
2024-09-28T00:49:46,12,2,0,14
2024-09-28T01:22:38,12,2,0,14
2024-09-28T01:55:18,12,2,0,14
2024-09-28T02:27:57,12,2,0,14
2024-09-28T03:00:33,12,2,0,14
2024-09-28T03:33:11,12,2,0,14
2024-09-28T04:05:49,12,2,0,14
2024-09-28T04:38:45,12,2,0,14
2024-09-28T05:11:23,12,2,0,14
2024-09-28T05:44:00,12,2,0,14
2024-09-28T06:16:36,12,2,0,14
2024-09-28T06:49:58,12,2,0,14
2024-09-28T07:22:39,12,2,0,14
2024-09-28T07:55:18,12,2,0,14
2024-09-28T08:27:57,12,2,0,14
2024-09-28T09:00:52,12,2,0,14
2024-09-28T09:33:31,12,2,0,14
2024-09-28T10:06:10,12,2,0,14
2024-09-28T10:38:48,12,2,0,14
2024-09-28T11:11:38,12,2,0,14
2024-09-28T11:44:16,12,2,0,14
2024-09-28T12:17:03,12,2,0,14
2024-09-28T12:49:40,12,2,0,14
2024-09-28T13:22:17,12,2,0,14
2024-09-28T13:55:02,12,2,0,14
2024-09-28T14:27:39,12,2,0,14
2024-09-28T15:00:15,12,2,0,14
2024-09-28T15:33:07,12,2,0,14
2024-09-28T16:05:41,12,2,0,14
2024-09-28T16:38:16,12,2,0,14
2024-09-28T17:11:01,12,2,0,14
2024-09-28T17:43:36,12,2,0,14
2024-09-28T18:16:11,12,2,0,14
2024-09-28T18:48:46,12,2,0,14
2024-09-28T19:21:31,12,2,0,14
2024-09-28T19:54:05,12,2,0,14
2024-09-28T20:26:41,12,2,0,14
2024-09-28T20:59:31,12,2,0,14
2024-09-28T21:32:07,12,2,0,14
2024-09-28T22:04:43,12,2,0,14
2024-09-28T22:37:19,12,2,0,14
2024-09-28T23:10:11,12,2,0,14
2024-09-28T23:42:48,12,2,0,14
2024-09-29T00:15:26,12,2,0,14
2024-09-29T00:48:08,12,2,0,14
2024-09-29T01:20:47,12,2,0,14
2024-09-29T01:53:44,12,2,0,14
2024-09-29T02:26:24,12,2,0,14
2024-09-29T02:59:03,12,2,0,14
2024-09-29T03:31:43,12,2,0,14
2024-09-29T04:04:23,12,2,0,14
2024-09-29T04:37:44,12,2,0,14
2024-09-29T05:10:30,12,2,0,14
2024-09-29T05:43:11,12,2,0,14
2024-09-29T06:15:52,12,2,0,14
2024-09-29T06:48:34,12,2,0,14
2024-09-29T07:21:13,12,2,0,14
2024-09-29T07:53:51,12,2,0,14
2024-09-29T08:26:28,12,2,0,14
2024-09-29T08:59:12,12,2,0,14
2024-09-29T09:32:00,11,3,0,14
2024-09-29T10:04:46,11,3,0,14
2024-09-29T10:37:27,11,3,0,14
2024-09-29T11:10:03,11,3,0,14
2024-09-29T11:42:38,11,3,0,14
2024-09-29T12:15:23,11,3,0,14
2024-09-29T12:48:03,11,3,0,14
2024-09-29T13:20:46,11,3,0,14
2024-09-29T13:53:22,11,3,0,14
2024-09-29T14:26:06,11,3,0,14
2024-09-29T14:58:41,11,3,0,14
2024-09-29T15:31:25,11,3,0,14
2024-09-29T16:04:00,11,3,0,14
2024-09-29T16:36:36,11,3,0,14
2024-09-29T17:09:22,11,3,0,14
2024-09-29T17:41:59,11,3,0,14
2024-09-29T18:14:43,11,3,0,14
2024-09-29T18:47:18,11,3,0,14
2024-09-29T19:20:05,11,3,0,14
2024-09-29T19:52:43,11,3,0,14
2024-09-29T20:25:28,11,3,0,14
2024-09-29T20:58:03,11,3,0,14
2024-09-29T21:30:51,11,3,0,14
2024-09-29T22:03:27,11,3,0,14
2024-09-29T22:36:13,11,3,0,14
2024-09-29T23:08:48,11,3,0,14
2024-09-29T23:41:35,11,3,0,14
2024-09-30T00:14:13,11,3,0,14
2024-09-30T00:47:07,11,3,0,14
2024-09-30T01:19:57,11,3,0,14
2024-09-30T01:52:38,11,3,0,14
2024-09-30T02:25:37,11,3,0,14
2024-09-30T02:58:15,11,3,0,14
2024-09-30T03:30:54,11,3,0,14
2024-09-30T04:03:35,11,3,0,14
2024-09-30T04:34:55,11,3,0,14
2024-09-30T05:07:40,11,3,0,14
2024-09-30T05:40:23,11,3,0,14
2024-09-30T06:13:04,11,3,0,14
2024-09-30T06:45:46,11,3,0,14
2024-09-30T07:18:25,11,3,0,14
2024-09-30T07:51:08,11,3,0,14
2024-09-30T08:23:44,11,3,0,14
2024-09-30T08:56:29,11,3,0,14
2024-09-30T09:29:14,11,3,0,14
2024-09-30T10:02:01,11,3,0,14
2024-09-30T10:34:47,11,3,0,14
2024-09-30T11:07:36,11,3,0,14
2024-09-30T11:40:24,11,3,0,14
2024-09-30T12:13:11,11,3,0,14
2024-09-30T12:45:58,11,3,0,14
2024-09-30T13:18:43,11,3,0,14
2024-09-30T13:51:42,11,3,0,14
2024-09-30T14:24:31,11,3,0,14
2024-09-30T14:57:18,11,3,0,14
2024-09-30T15:30:07,11,3,0,14
2024-09-30T16:02:53,11,3,0,14
2024-09-30T16:35:40,11,3,0,14
2024-09-30T17:08:18,11,3,0,14
2024-09-30T17:41:06,11,3,0,14
2024-09-30T18:13:54,11,3,0,14
2024-09-30T18:46:40,11,3,0,14
2024-09-30T19:19:16,11,3,0,14
2024-09-30T19:52:02,11,3,0,14
2024-09-30T20:24:38,11,3,0,14
2024-09-30T20:57:24,11,3,0,14
2024-09-30T21:30:11,11,3,0,14
2024-09-30T22:02:47,11,3,0,14
2024-09-30T22:35:33,11,3,0,14
2024-09-30T23:08:09,11,3,0,14
2024-09-30T23:40:46,11,3,0,14
2024-10-01T00:13:35,11,3,0,14
2024-10-01T00:46:21,11,3,0,14
2024-10-01T01:19:11,11,3,0,14
2024-10-01T01:52:03,11,3,0,14
2024-10-01T02:24:42,11,3,0,14
2024-10-01T02:57:23,11,3,0,14
2024-10-01T03:30:02,11,3,0,14
2024-10-01T04:02:39,11,3,0,14
2024-10-01T04:34:45,11,3,0,14
2024-10-01T05:07:27,11,3,0,14
2024-10-01T05:41:56,11,3,0,14
2024-10-01T06:14:39,11,3,0,14
2024-10-01T06:47:24,11,3,0,14
2024-10-01T07:20:04,11,3,0,14
2024-10-01T07:52:42,11,3,0,14
2024-10-01T08:25:29,11,3,0,14
2024-10-01T08:58:06,11,3,0,14
2024-10-01T09:30:54,11,3,0,14
2024-10-01T10:03:41,11,3,0,14
2024-10-01T10:36:29,11,3,0,14
2024-10-01T11:09:18,11,3,0,14
2024-10-01T11:41:55,11,3,0,14
2024-10-01T12:14:43,11,3,0,14
2024-10-01T12:47:30,11,3,0,14
2024-10-01T13:20:16,11,3,0,14
2024-10-01T13:53:03,11,3,0,14
2024-10-01T14:25:49,11,3,0,14
2024-10-01T14:58:37,11,3,0,14
2024-10-01T15:31:27,11,3,0,14
2024-10-01T16:04:16,11,3,0,14
2024-10-01T16:37:05,11,3,0,14
2024-10-01T17:09:42,11,3,0,14
2024-10-01T17:42:28,11,3,0,14
2024-10-01T18:15:14,11,3,0,14
2024-10-01T18:47:49,11,3,0,14
2024-10-01T19:20:36,11,3,0,14
2024-10-01T19:53:21,11,3,0,14
2024-10-01T20:25:57,11,3,0,14
2024-10-01T20:58:42,11,3,0,14
2024-10-01T21:31:19,11,3,0,14
2024-10-01T22:04:05,11,3,0,14
2024-10-01T22:36:41,11,3,0,14
2024-10-01T23:09:17,11,3,0,14
2024-10-01T23:42:05,11,3,0,14
2024-10-02T00:14:44,11,3,0,14
2024-10-02T00:47:26,11,3,0,14
2024-10-02T01:20:25,11,3,0,14
2024-10-02T01:53:07,11,3,0,14
2024-10-02T02:25:48,11,3,0,14
2024-10-02T02:58:29,11,3,0,14
2024-10-02T03:31:10,11,3,0,14
2024-10-02T04:04:29,11,3,0,14
2024-10-02T04:43:35,11,3,0,14
2024-10-02T05:16:17,11,3,0,14
2024-10-02T05:49:02,11,3,0,14
2024-10-02T06:21:44,11,3,0,14
2024-10-02T06:54:36,11,3,0,14
2024-10-02T07:27:34,11,3,0,14
2024-10-02T08:00:24,11,3,0,14
2024-10-02T08:33:04,11,3,0,14
2024-10-02T09:05:45,11,3,0,14
2024-10-02T09:38:33,11,3,0,14
2024-10-02T10:11:21,11,3,0,14
2024-10-02T10:43:58,11,3,0,14
2024-10-02T11:26:01,11,3,0,14
2024-10-02T12:14:56,11,3,0,14
2024-10-02T12:47:50,11,3,0,14
2024-10-02T13:20:41,11,3,0,14
2024-10-02T13:53:29,11,3,0,14
2024-10-02T14:26:19,11,3,0,14
2024-10-02T14:59:07,11,3,0,14
2024-10-02T15:31:47,11,3,0,14
2024-10-02T16:04:37,11,3,0,14
2024-10-02T16:37:27,11,3,0,14
2024-10-02T17:10:15,11,3,0,14
2024-10-02T17:42:57,11,3,0,14
2024-10-02T18:15:44,11,3,0,14
2024-10-02T18:48:22,12,2,0,14
2024-10-02T19:21:10,13,1,0,14
2024-10-02T19:53:47,13,1,0,14
2024-10-02T20:26:35,13,1,0,14
2024-10-02T20:59:12,13,1,0,14
2024-10-02T21:32:02,13,1,0,14
2024-10-02T22:04:41,13,1,0,14
2024-10-02T22:37:19,13,1,0,14
2024-10-02T23:10:09,13,1,0,14
2024-10-02T23:42:47,13,1,0,14
2024-10-03T00:15:28,13,1,0,14
2024-10-03T00:48:23,13,1,0,14
2024-10-03T01:21:13,13,1,0,14
2024-10-03T01:53:57,13,1,0,14
2024-10-03T02:26:39,13,1,0,14
2024-10-03T02:59:19,13,1,0,14
2024-10-03T03:32:09,13,1,0,14
2024-10-03T04:05:04,13,1,0,14
2024-10-03T04:32:52,13,1,0,14
2024-10-03T05:07:28,13,1,0,14
2024-10-03T05:40:13,13,1,0,14
2024-10-03T06:13:00,13,1,0,14
2024-10-03T06:45:44,13,1,0,14
2024-10-03T07:18:28,13,1,0,14
2024-10-03T07:51:09,13,1,0,14
2024-10-03T08:23:52,13,1,0,14
2024-10-03T08:56:40,13,1,0,14
2024-10-03T09:29:22,13,1,0,14
2024-10-03T10:02:10,13,1,0,14
2024-10-03T10:34:49,13,1,0,14
2024-10-03T11:07:39,13,1,0,14
2024-10-03T11:40:19,13,1,0,14
2024-10-03T12:13:11,13,1,0,14
2024-10-03T12:46:00,13,1,0,14
2024-10-03T13:18:51,11,3,0,14
2024-10-03T13:51:29,11,3,0,14
2024-10-03T14:24:21,11,3,0,14
2024-10-03T14:57:03,11,3,0,14
2024-10-03T15:29:54,11,3,0,14
2024-10-03T16:02:43,11,3,0,14
2024-10-03T16:35:25,11,3,0,14
2024-10-03T17:08:17,11,3,0,14
2024-10-03T17:40:58,11,3,0,14
2024-10-03T18:13:49,11,3,0,14
2024-10-03T18:46:30,11,3,0,14
2024-10-03T19:19:11,11,3,0,14
2024-10-03T19:52:01,11,3,0,14
2024-10-03T20:24:41,11,3,0,14
2024-10-03T20:57:22,11,3,0,14
2024-10-03T21:30:13,11,3,0,14
2024-10-03T22:02:55,11,3,0,14
2024-10-03T22:35:35,11,3,0,14
2024-10-03T23:08:28,11,3,0,14
2024-10-03T23:41:09,11,3,0,14
2024-10-04T00:13:52,11,3,0,14
2024-10-04T00:46:52,11,3,0,14
2024-10-04T01:19:47,11,3,0,14
2024-10-04T01:52:34,11,3,0,14
2024-10-04T02:25:20,11,3,0,14
2024-10-04T02:58:12,11,3,0,14
2024-10-04T03:31:02,11,3,0,14
2024-10-04T04:03:47,11,3,0,14
2024-10-04T04:41:25,11,3,0,14
2024-10-04T05:14:18,11,3,0,14
2024-10-04T05:47:04,11,3,0,14
2024-10-04T06:19:52,11,3,0,14
2024-10-04T06:52:37,11,3,0,14
2024-10-04T07:25:22,11,3,0,14
2024-10-04T07:58:03,11,3,0,14
2024-10-04T08:30:56,11,3,0,14
2024-10-04T09:03:37,11,3,0,14
2024-10-04T09:36:17,11,3,0,14
2024-10-04T10:09:07,11,3,0,14
2024-10-04T10:41:48,11,3,0,14
2024-10-04T11:14:39,11,3,0,14
2024-10-04T11:47:19,11,3,0,14
2024-10-04T12:20:08,11,3,0,14
2024-10-04T12:59:02,11,3,0,14
2024-10-04T13:31:53,11,3,0,14
2024-10-04T14:04:32,11,3,0,14
2024-10-04T14:37:20,11,3,0,14
2024-10-04T15:10:00,11,3,0,14
2024-10-04T15:42:49,11,3,0,14
2024-10-04T16:15:29,11,3,0,14
2024-10-04T16:48:18,11,3,0,14
2024-10-04T17:20:57,11,3,0,14
2024-10-04T17:53:37,11,3,0,14
2024-10-04T18:26:28,11,3,0,14
2024-10-04T18:59:07,11,3,0,14
2024-10-04T19:31:48,11,3,0,14
2024-10-04T20:04:38,11,3,0,14
2024-10-04T20:37:17,11,3,0,14
2024-10-04T21:09:57,11,3,0,14
2024-10-04T21:42:37,11,3,0,14
2024-10-04T22:15:18,11,3,0,14
2024-10-04T22:48:07,11,3,0,14
2024-10-04T23:20:48,11,3,0,14
2024-10-04T23:53:29,11,3,0,14
2024-10-05T00:26:15,11,3,0,14
2024-10-05T00:59:04,11,3,0,14
2024-10-05T01:32:01,11,3,0,14
2024-10-05T02:04:48,11,3,0,14
2024-10-05T02:37:31,11,3,0,14
2024-10-05T03:10:13,11,3,0,14
2024-10-05T03:42:57,11,3,0,14
2024-10-05T04:15:41,11,3,0,14
2024-10-05T04:42:39,11,3,0,14
2024-10-05T05:15:24,11,3,0,14
2024-10-05T05:49:23,11,3,0,14
2024-10-05T06:22:13,11,3,0,14
2024-10-05T06:55:02,11,3,0,14
2024-10-05T07:27:53,11,3,0,14
2024-10-05T08:00:45,11,3,0,14
2024-10-05T08:33:31,11,3,0,14
2024-10-05T09:06:16,11,3,0,14
2024-10-05T09:39:01,11,3,0,14
2024-10-05T10:11:58,11,3,0,14
2024-10-05T10:44:43,11,3,0,14
2024-10-05T11:17:27,11,3,0,14
2024-10-05T11:50:11,11,3,0,14
2024-10-05T12:22:55,11,3,0,14
2024-10-05T12:55:45,11,3,0,14
2024-10-05T13:28:26,11,3,0,14
2024-10-05T14:01:08,11,3,0,14
2024-10-05T14:33:58,11,3,0,14
2024-10-05T15:06:40,11,3,0,14
2024-10-05T15:39:23,11,3,0,14
2024-10-05T16:12:04,11,3,0,14
2024-10-05T16:44:54,11,3,0,14
2024-10-05T17:17:35,11,3,0,14
2024-10-05T17:50:17,11,3,0,14
2024-10-05T18:22:58,11,3,0,14
2024-10-05T18:55:41,11,3,0,14
2024-10-05T19:28:24,11,3,0,14
2024-10-05T20:01:14,11,3,0,14
2024-10-05T20:33:55,11,3,0,14
2024-10-05T21:06:37,11,3,0,14
2024-10-05T21:39:19,11,3,0,14
2024-10-05T22:12:02,11,3,0,14
2024-10-05T22:44:44,11,3,0,14
2024-10-05T23:17:38,11,3,0,14
2024-10-05T23:50:20,11,3,0,14
2024-10-06T00:23:04,11,3,0,14
2024-10-06T00:55:53,11,3,0,14
2024-10-06T01:28:38,11,3,0,14
2024-10-06T02:01:24,11,3,0,14
2024-10-06T02:34:09,11,3,0,14
2024-10-06T03:06:53,11,3,0,14
2024-10-06T03:39:36,11,3,0,14
2024-10-06T04:47:13,11,3,0,14
2024-10-06T05:19:59,11,3,0,14
2024-10-06T05:52:43,11,3,0,14
2024-10-06T06:25:24,11,3,0,14
2024-10-06T06:58:07,11,3,0,14
2024-10-06T07:30:50,11,3,0,14
2024-10-06T08:03:38,11,3,0,14
2024-10-06T08:36:26,11,3,0,14
2024-10-06T09:09:13,11,3,0,14
2024-10-06T09:42:05,11,3,0,14
2024-10-06T10:14:54,11,3,0,14
2024-10-06T10:47:43,11,3,0,14
2024-10-06T11:20:48,11,3,0,14
2024-10-06T11:53:36,11,3,0,14
2024-10-06T12:26:22,11,3,0,14
2024-10-06T12:59:06,11,3,0,14
2024-10-06T13:31:59,11,3,0,14
2024-10-06T14:04:41,11,3,0,14
2024-10-06T14:37:21,11,3,0,14
2024-10-06T15:10:02,11,3,0,14
2024-10-06T15:42:50,11,3,0,14
2024-10-06T16:15:31,11,3,0,14
2024-10-06T16:48:12,11,3,0,14
2024-10-06T17:20:52,11,3,0,14
2024-10-06T17:53:41,11,3,0,14
2024-10-06T18:26:21,11,3,0,14
2024-10-06T18:59:03,11,3,0,14
2024-10-06T19:31:58,11,3,0,14
2024-10-06T20:04:38,11,3,0,14
2024-10-06T20:37:19,11,3,0,14
2024-10-06T21:09:59,11,3,0,14
2024-10-06T21:42:49,11,3,0,14
2024-10-06T22:15:34,11,3,0,14
2024-10-06T22:48:14,11,3,0,14
2024-10-06T23:21:14,11,3,0,14
2024-10-06T23:53:55,11,3,0,14
2024-10-07T00:26:38,11,3,0,14
2024-10-07T00:59:54,11,3,0,14
2024-10-07T01:32:42,11,3,0,14
2024-10-07T02:05:41,11,3,0,14
2024-10-07T02:38:27,11,3,0,14
2024-10-07T03:11:13,11,3,0,14
2024-10-07T03:43:59,11,3,0,14
2024-10-07T04:35:21,11,3,0,14
2024-10-07T05:08:12,11,3,0,14
2024-10-07T05:41:02,11,3,0,14
2024-10-07T06:13:53,11,3,0,14
2024-10-07T06:46:39,11,3,0,14
2024-10-07T07:19:24,11,3,0,14
2024-10-07T07:52:08,11,3,0,14
2024-10-07T08:24:50,11,3,0,14
2024-10-07T08:57:41,11,3,0,14
2024-10-07T09:30:22,11,3,0,14
2024-10-07T10:03:12,11,3,0,14
2024-10-07T10:35:53,11,3,0,14
2024-10-07T11:08:46,11,3,0,14
2024-10-07T11:41:26,11,3,0,14
2024-10-07T12:14:16,11,3,0,14
2024-10-07T12:46:56,11,3,0,14
2024-10-07T13:19:46,11,3,0,14
2024-10-07T13:52:26,11,3,0,14
2024-10-07T14:25:19,11,3,0,14
2024-10-07T14:58:14,11,3,0,14
2024-10-07T15:31:09,11,3,0,14
2024-10-07T16:03:51,11,3,0,14
2024-10-07T16:36:33,11,3,0,14
2024-10-07T17:09:26,11,3,0,14
2024-10-07T17:42:10,11,3,0,14
2024-10-07T18:15:03,11,3,0,14
2024-10-07T18:47:47,11,3,0,14
2024-10-07T19:20:30,11,3,0,14
2024-10-07T19:53:24,11,3,0,14
2024-10-07T20:26:07,11,3,0,14
2024-10-07T20:58:50,11,3,0,14
2024-10-07T21:31:44,11,3,0,14
2024-10-07T22:04:27,11,3,0,14
2024-10-07T22:37:11,11,3,0,14
2024-10-07T23:10:05,11,3,0,14
2024-10-07T23:42:49,11,3,0,14
2024-10-08T00:15:37,11,3,0,14
2024-10-08T00:48:29,11,3,0,14
2024-10-08T01:21:38,11,3,0,14
2024-10-08T01:54:28,11,3,0,14
2024-10-08T02:27:22,11,3,0,14
2024-10-08T03:00:09,11,3,0,14
2024-10-08T03:32:57,11,3,0,14
2024-10-08T04:05:46,11,3,0,14
2024-10-08T04:43:23,11,3,0,14
2024-10-08T05:16:15,11,3,0,14
2024-10-08T05:49:03,11,3,0,14
2024-10-08T06:21:53,11,3,0,14
2024-10-08T06:54:41,11,3,0,14
2024-10-08T07:27:31,11,3,0,14
2024-10-08T08:00:18,11,3,0,14
2024-10-08T08:33:07,11,3,0,14
2024-10-08T09:06:05,11,3,0,14
2024-10-08T09:38:51,11,3,0,14
2024-10-08T10:11:45,11,3,0,14
2024-10-08T10:44:28,11,3,0,14
2024-10-08T11:17:32,11,3,0,14
2024-10-08T11:50:16,11,3,0,14
2024-10-08T12:23:11,11,3,0,14
2024-10-08T12:55:56,11,3,0,14
2024-10-08T13:28:57,11,3,0,14
2024-10-08T14:01:43,11,3,0,14
2024-10-08T14:34:37,11,3,0,14
2024-10-08T15:07:22,11,3,0,14
2024-10-08T15:40:20,11,3,0,14
2024-10-08T16:13:16,11,3,0,14
2024-10-08T16:46:01,11,3,0,14
2024-10-08T17:18:58,11,3,0,14
2024-10-08T17:51:43,11,3,0,14
2024-10-08T18:24:38,11,3,0,14
2024-10-08T18:57:22,11,3,0,14
2024-10-08T19:30:08,11,3,0,14
2024-10-08T20:03:12,11,3,0,14
2024-10-08T20:35:56,11,3,0,14
2024-10-08T21:08:40,11,3,0,14
2024-10-08T21:41:35,11,3,0,14
2024-10-08T22:14:19,11,3,0,14
2024-10-08T22:47:04,11,3,0,14
2024-10-08T23:19:50,11,3,0,14
2024-10-08T23:52:54,11,3,0,14
2024-10-09T00:25:43,11,3,0,14
2024-10-09T00:58:39,11,3,0,14
2024-10-09T01:31:33,11,3,0,14
2024-10-09T02:04:21,11,3,0,14
2024-10-09T02:37:19,11,3,0,14
2024-10-09T03:10:06,11,3,0,14
2024-10-09T03:42:56,11,3,0,14
2024-10-09T04:36:41,11,3,0,14
2024-10-09T05:09:37,11,3,0,14
2024-10-09T05:42:29,11,3,0,14
2024-10-09T06:15:18,11,3,0,14
2024-10-09T06:48:10,11,3,0,14
2024-10-09T07:21:01,11,3,0,14
2024-10-09T07:53:50,11,3,0,14
2024-10-09T08:26:46,11,3,0,14
2024-10-09T08:59:32,11,3,0,14
2024-10-09T09:32:18,11,3,0,14
2024-10-09T10:05:23,11,3,0,14
2024-10-09T10:38:08,11,3,0,14
2024-10-09T11:10:54,11,3,0,14
2024-10-09T11:43:48,11,3,0,14
2024-10-09T12:16:32,11,3,0,14
2024-10-09T12:49:35,11,3,0,14
2024-10-09T13:22:30,11,3,0,14
2024-10-09T13:55:14,11,3,0,14
2024-10-09T14:28:19,11,3,0,14
2024-10-09T15:01:07,11,3,0,14
2024-10-09T15:34:03,11,3,0,14
2024-10-09T16:06:47,11,3,0,14
2024-10-09T16:39:50,11,3,0,14
2024-10-09T17:12:35,11,3,0,14
2024-10-09T17:45:30,11,3,0,14
2024-10-09T18:18:15,11,3,0,14
2024-10-09T18:50:59,11,3,0,14
2024-10-09T19:23:54,11,3,0,14
2024-10-09T19:56:39,11,3,0,14
2024-10-09T20:29:23,11,3,0,14
2024-10-09T21:02:17,11,3,0,14
2024-10-09T21:35:02,11,3,0,14
2024-10-09T22:07:47,11,3,0,14
2024-10-09T22:40:41,11,3,0,14
2024-10-09T23:13:28,11,3,0,14
2024-10-09T23:46:12,11,3,0,14
2024-10-10T00:19:21,11,3,0,14
2024-10-10T00:52:13,11,3,0,14
2024-10-10T01:25:05,11,3,0,14
2024-10-10T01:57:52,11,3,0,14
2024-10-10T02:30:38,11,3,0,14
2024-10-10T03:03:24,11,3,0,14
2024-10-10T03:36:24,11,3,0,14
2024-10-10T04:09:10,11,3,0,14
2024-10-10T04:41:23,11,3,0,14
2024-10-10T05:14:43,11,3,0,14
2024-10-10T05:47:39,11,3,0,14
2024-10-10T06:20:30,11,3,0,14
2024-10-10T06:58:05,11,3,0,14
2024-10-10T07:30:55,11,3,0,14
2024-10-10T08:03:43,11,3,0,14
2024-10-10T08:36:43,11,3,0,14
2024-10-10T09:09:30,11,3,0,14
2024-10-10T09:42:17,11,3,0,14
2024-10-10T10:15:15,11,3,0,14
2024-10-10T10:48:01,11,3,0,14
2024-10-10T11:20:59,11,3,0,14
2024-10-10T11:53:45,11,3,0,14
2024-10-10T12:26:45,11,3,0,14
2024-10-10T12:59:40,11,3,0,14
2024-10-10T13:32:26,11,3,0,14
2024-10-10T14:05:13,11,3,0,14
2024-10-10T14:38:08,11,3,0,14
2024-10-10T15:10:55,11,3,0,14
2024-10-10T15:43:51,11,3,0,14
2024-10-10T16:16:39,11,3,0,14
2024-10-10T16:49:37,11,3,0,14
2024-10-10T17:22:26,11,3,0,14
2024-10-10T17:55:23,11,3,0,14
2024-10-10T18:28:12,11,3,0,14
2024-10-10T19:01:00,11,3,0,14
2024-10-10T19:33:58,11,3,0,14
2024-10-10T20:06:45,11,3,0,14
2024-10-10T20:39:32,11,3,0,14
2024-10-10T21:12:31,11,3,0,14
2024-10-10T21:45:19,11,3,0,14
2024-10-10T22:18:10,11,3,0,14
2024-10-10T22:51:10,11,3,0,14
2024-10-10T23:23:59,11,3,0,14
2024-10-10T23:56:47,11,3,0,14
2024-10-11T00:29:57,11,3,0,14
2024-10-11T01:02:56,11,3,0,14
2024-10-11T01:35:52,11,3,0,14
2024-10-11T02:08:50,11,3,0,14
2024-10-11T02:41:54,11,3,0,14
2024-10-11T03:14:48,11,3,0,14
2024-10-11T03:47:38,11,3,0,14
2024-10-11T04:34:03,11,3,0,14
2024-10-11T05:07:01,11,3,0,14
2024-10-11T05:39:56,11,3,0,14
2024-10-11T06:12:50,11,3,0,14
2024-10-11T06:45:43,11,3,0,14
2024-10-11T07:18:36,11,3,0,14
2024-10-11T07:51:35,11,3,0,14
2024-10-11T08:24:25,11,3,0,14
2024-10-11T08:57:16,11,3,0,14
2024-10-11T09:30:03,11,3,0,14
2024-10-11T10:03:01,11,3,0,14
2024-10-11T10:35:49,11,3,0,14
2024-10-11T11:08:47,11,3,0,14
2024-10-11T11:41:35,11,3,0,14
2024-10-11T12:14:31,11,3,0,14
2024-10-11T12:47:18,11,3,0,14
2024-10-11T13:20:14,11,3,0,14
2024-10-11T13:53:01,11,3,0,14
2024-10-11T14:25:58,11,3,0,14
2024-10-11T14:58:46,11,3,0,14
2024-10-11T15:31:43,11,3,0,14
2024-10-11T16:04:39,11,3,0,14
2024-10-11T16:37:27,11,3,0,14
2024-10-11T17:10:17,11,3,0,14
2024-10-11T17:43:06,11,3,0,14
2024-10-11T18:16:05,11,3,0,14
2024-10-11T18:48:53,11,3,0,14
2024-10-11T19:21:41,11,3,0,14
2024-10-11T19:54:29,11,3,0,14
2024-10-11T20:27:26,11,3,0,14
2024-10-11T21:00:13,11,3,0,14
2024-10-11T21:33:00,11,3,0,14
2024-10-11T22:05:48,11,3,0,14
2024-10-11T22:38:35,11,3,0,14
2024-10-11T23:11:33,11,3,0,14
2024-10-11T23:44:21,11,3,0,14
2024-10-12T00:17:12,11,3,0,14
2024-10-12T00:50:08,11,3,0,14
2024-10-12T01:23:01,11,3,0,14
2024-10-12T01:55:57,11,3,0,14
2024-10-12T02:28:48,11,3,0,14
2024-10-12T03:01:37,11,3,0,14
2024-10-12T03:34:31,11,3,0,14
2024-10-12T04:07:23,11,3,0,14
2024-10-12T04:42:07,11,3,0,14
2024-10-12T05:14:59,11,3,0,14
2024-10-12T05:47:48,11,3,0,14
2024-10-12T06:20:36,11,3,0,14
2024-10-12T06:53:30,11,3,0,14
2024-10-12T07:28:05,11,3,0,14
2024-10-12T08:00:56,11,3,0,14
2024-10-12T08:33:50,11,3,0,14
2024-10-12T09:06:50,11,3,0,14
2024-10-12T09:39:43,11,3,0,14
2024-10-12T10:12:35,11,3,0,14
2024-10-12T10:45:26,11,3,0,14
2024-10-12T11:18:18,11,3,0,14
2024-10-12T11:51:17,11,3,0,14
2024-10-12T12:24:12,11,3,0,14
2024-10-12T12:57:02,11,3,0,14
2024-10-12T13:30:06,11,3,0,14
2024-10-12T14:02:56,11,3,0,14
2024-10-12T14:35:47,11,3,0,14
2024-10-12T15:08:36,11,3,0,14
2024-10-12T15:41:23,11,3,0,14
2024-10-12T16:14:21,11,3,0,14
2024-10-12T16:47:09,11,3,0,14
2024-10-12T17:19:57,11,3,0,14
2024-10-12T17:52:44,11,3,0,14
2024-10-12T18:25:32,11,3,0,14
2024-10-12T18:58:18,11,3,0,14
2024-10-12T19:31:16,11,3,0,14
2024-10-12T20:04:04,11,3,0,14
2024-10-12T20:36:51,11,3,0,14
2024-10-12T21:09:39,11,3,0,14
2024-10-12T21:42:27,11,3,0,14
2024-10-12T22:15:25,11,3,0,14
2024-10-12T22:48:13,11,3,0,14
2024-10-12T23:21:02,11,3,0,14
2024-10-12T23:53:49,11,3,0,14
2024-10-13T00:26:41,11,3,0,14
2024-10-13T00:59:31,11,3,0,14
2024-10-13T01:32:28,11,3,0,14
2024-10-13T02:05:19,11,3,0,14
2024-10-13T02:38:15,11,3,0,14
2024-10-13T03:11:08,11,3,0,14
2024-10-13T03:44:01,11,3,0,14
2024-10-13T04:42:26,11,3,0,14
2024-10-13T05:15:21,11,3,0,14
2024-10-13T05:48:13,11,3,0,14
2024-10-13T06:21:05,11,3,0,14
2024-10-13T06:53:57,11,3,0,14
2024-10-13T07:26:55,11,3,0,14
2024-10-13T07:59:52,11,3,0,14
2024-10-13T08:32:44,11,3,0,14
2024-10-13T09:05:35,11,3,0,14
2024-10-13T09:38:29,11,3,0,14
2024-10-13T10:11:28,11,3,0,14
2024-10-13T10:44:21,11,3,0,14
2024-10-13T11:17:13,11,3,0,14
2024-10-13T11:50:09,11,3,0,14
2024-10-13T12:23:00,11,3,0,14
2024-10-13T12:55:54,11,3,0,14
2024-10-13T13:28:53,11,3,0,14
2024-10-13T14:01:43,11,3,0,14
2024-10-13T14:34:28,11,3,0,14
2024-10-13T15:07:12,11,3,0,14
2024-10-13T15:39:57,11,3,0,14
2024-10-13T16:12:51,11,3,0,14
2024-10-13T16:45:36,11,3,0,14
2024-10-13T17:18:21,11,3,0,14
2024-10-13T17:51:08,11,3,0,14
2024-10-13T18:23:55,11,3,0,14
2024-10-13T18:56:50,11,3,0,14
2024-10-13T19:29:35,11,3,0,14
2024-10-13T20:02:19,11,3,0,14
2024-10-13T20:35:02,11,3,0,14
2024-10-13T21:07:56,11,3,0,14
2024-10-13T21:40:40,11,3,0,14
2024-10-13T22:13:23,11,3,0,14
2024-10-13T22:46:16,11,3,0,14
2024-10-13T23:19:03,11,3,0,14
2024-10-13T23:51:49,11,3,0,14
2024-10-14T00:24:40,11,3,0,14
2024-10-14T00:57:32,11,3,0,14
2024-10-14T01:30:36,11,3,0,14
2024-10-14T02:03:28,11,3,0,14
2024-10-14T02:36:45,11,3,0,14
2024-10-14T03:09:34,11,3,0,14
2024-10-14T03:42:24,11,3,0,14
2024-10-14T04:35:48,11,3,0,14
2024-10-14T05:09:04,11,3,0,14
2024-10-14T05:42:00,11,3,0,14
2024-10-14T06:14:57,11,3,0,14
2024-10-14T06:47:52,11,3,0,14
2024-10-14T07:20:43,11,3,0,14
2024-10-14T07:53:33,11,3,0,14
2024-10-14T08:26:23,11,3,0,14
2024-10-14T08:59:11,11,3,0,14
2024-10-14T09:32:10,11,3,0,14
2024-10-14T10:04:59,11,3,0,14
2024-10-14T10:37:48,11,3,0,14
2024-10-14T11:10:50,11,3,0,14
2024-10-14T11:43:39,11,3,0,14
2024-10-14T12:16:37,11,3,0,14
2024-10-14T12:49:25,11,3,0,14
2024-10-14T13:22:14,11,3,0,14
2024-10-14T13:55:11,11,3,0,14
2024-10-14T14:28:00,11,3,0,14
2024-10-14T15:00:50,11,3,0,14
2024-10-14T15:33:51,11,3,0,14
2024-10-14T16:06:40,11,3,0,14
2024-10-14T16:39:38,11,3,0,14
2024-10-14T17:12:27,11,3,0,14
2024-10-14T17:45:16,11,3,0,14
2024-10-14T18:18:24,11,3,0,14
2024-10-14T18:51:13,11,3,0,14
2024-10-14T19:24:02,11,3,0,14
2024-10-14T19:56:51,11,3,0,14
2024-10-14T20:29:39,11,3,0,14
2024-10-14T21:02:36,11,3,0,14
2024-10-14T21:35:25,11,3,0,14
2024-10-14T22:08:14,11,3,0,14
2024-10-14T22:41:20,11,3,0,14
2024-10-14T23:14:09,11,3,0,14
2024-10-14T23:46:58,11,3,0,14
2024-10-15T00:19:48,11,3,0,14
2024-10-15T00:52:47,11,3,0,14
2024-10-15T01:25:55,11,3,0,14
2024-10-15T01:58:51,11,3,0,14
2024-10-15T02:31:45,11,3,0,14
2024-10-15T03:04:36,11,3,0,14
2024-10-15T03:37:27,11,3,0,14
2024-10-15T04:33:58,11,3,0,14
2024-10-15T05:06:56,11,3,0,14
2024-10-15T05:39:52,11,3,0,14
2024-10-15T06:12:46,11,3,0,14
2024-10-15T06:45:42,11,3,0,14
2024-10-15T07:18:39,11,3,0,14
2024-10-15T07:51:31,11,3,0,14
2024-10-15T08:24:25,11,3,0,14
2024-10-15T08:57:26,11,3,0,14
2024-10-15T09:30:18,11,3,0,14
2024-10-15T10:03:08,11,3,0,14
2024-10-15T10:35:57,11,3,0,14
2024-10-15T11:09:11,11,3,0,14
2024-10-15T11:41:59,11,3,0,14
2024-10-15T12:14:59,11,3,0,14
2024-10-15T12:47:49,11,3,0,14
2024-10-15T13:20:38,11,3,0,14
2024-10-15T13:53:52,11,3,0,14
2024-10-15T14:26:43,11,3,0,14
2024-10-15T14:59:33,11,3,0,14
2024-10-15T15:32:33,11,3,0,14
2024-10-15T16:05:24,11,3,0,14
2024-10-15T16:38:24,11,3,0,14
2024-10-15T17:11:13,11,3,0,14
2024-10-15T17:44:02,11,3,0,14
2024-10-15T18:17:09,11,3,0,14
2024-10-15T18:49:58,11,3,0,14
2024-10-15T19:22:47,11,3,0,14
2024-10-15T19:55:45,11,3,0,14
2024-10-15T20:28:33,11,3,0,14
2024-10-15T21:01:21,11,3,0,14
2024-10-15T21:34:11,11,3,0,14
2024-10-15T22:07:00,11,3,0,14
2024-10-15T22:40:00,11,3,0,14
2024-10-15T23:12:50,11,3,0,14
2024-10-15T23:45:38,11,3,0,14
2024-10-16T00:19:25,11,3,0,14
2024-10-16T00:54:23,11,3,0,14
2024-10-16T01:28:23,11,3,0,14
2024-10-16T02:24:13,11,3,0,14
2024-10-16T02:57:07,11,3,0,14
2024-10-16T03:29:58,11,3,0,14
2024-10-16T04:05:11,11,3,0,14
2024-10-16T04:40:31,11,3,0,14
2024-10-16T05:13:31,11,3,0,14
2024-10-16T05:46:26,11,3,0,14
2024-10-16T06:19:21,11,3,0,14
2024-10-16T06:52:24,11,3,0,14
2024-10-16T07:25:21,11,3,0,14
2024-10-16T07:58:12,11,3,0,14
2024-10-16T08:31:08,11,3,0,14
2024-10-16T09:04:08,11,3,0,14
2024-10-16T09:36:57,11,3,0,14
2024-10-16T10:09:46,11,3,0,14
2024-10-16T10:42:35,11,3,0,14
2024-10-16T11:15:35,11,3,0,14
2024-10-16T11:48:23,11,3,0,14
2024-10-16T12:21:13,11,3,0,14
2024-10-16T12:54:11,11,3,0,14
2024-10-16T13:27:01,11,3,0,14
2024-10-16T13:59:50,11,3,0,14
2024-10-16T14:32:49,11,3,0,14
2024-10-16T15:05:40,11,3,0,14
2024-10-16T15:38:44,11,3,0,14
2024-10-16T16:11:32,11,3,0,14
2024-10-16T16:44:21,11,3,0,14
2024-10-16T17:17:11,11,3,0,14
2024-10-16T17:50:11,11,3,0,14
2024-10-16T18:23:00,11,3,0,14
2024-10-16T18:55:49,11,3,0,14
2024-10-16T19:28:38,11,3,0,14
2024-10-16T20:01:27,11,3,0,14
2024-10-16T20:34:25,11,3,0,14
2024-10-16T21:07:13,11,3,0,14
2024-10-16T21:40:03,11,3,0,14
2024-10-16T22:14:19,11,3,0,14
2024-10-16T22:47:09,11,3,0,14
2024-10-16T23:19:58,11,3,0,14
2024-10-16T23:52:59,11,3,0,14
2024-10-17T00:25:55,11,3,0,14
2024-10-17T00:58:52,11,3,0,14
2024-10-17T01:31:48,11,3,0,14
2024-10-17T02:04:46,11,3,0,14
2024-10-17T02:37:39,11,3,0,14
2024-10-17T03:10:29,11,3,0,14
2024-10-17T03:43:23,11,3,0,14
2024-10-17T04:16:16,11,3,0,14
2024-10-17T04:46:06,11,3,0,14
2024-10-17T05:19:03,11,3,0,14
2024-10-17T05:51:59,11,3,0,14
2024-10-17T06:24:54,11,3,0,14
2024-10-17T06:57:49,11,3,0,14
2024-10-17T07:30:43,11,3,0,14
2024-10-17T08:03:35,11,3,0,14
2024-10-17T08:36:29,11,3,0,14
2024-10-17T09:09:24,11,3,0,14
2024-10-17T09:42:21,11,3,0,14
2024-10-17T10:15:11,11,3,0,14
2024-10-17T10:47:59,11,3,0,14
2024-10-17T11:20:49,11,3,0,14
2024-10-17T11:53:46,11,3,0,14
2024-10-17T12:26:35,11,3,0,14
2024-10-17T12:59:24,11,3,0,14
2024-10-17T13:32:14,11,3,0,14
2024-10-17T14:05:13,11,3,0,14
2024-10-17T14:38:01,11,3,0,14
2024-10-17T15:10:51,11,3,0,14
2024-10-17T15:43:41,11,3,0,14
2024-10-17T16:16:40,11,3,0,14
2024-10-17T16:49:30,11,3,0,14
2024-10-17T17:22:20,11,3,0,14
2024-10-17T17:55:11,11,3,0,14
2024-10-17T18:28:09,11,3,0,14
2024-10-17T19:00:58,11,3,0,14
2024-10-17T19:33:47,11,3,0,14
2024-10-17T20:06:36,11,3,0,14
2024-10-17T20:39:25,11,3,0,14
2024-10-17T21:12:25,11,3,0,14
2024-10-17T21:45:15,11,3,0,14
2024-10-17T22:18:04,11,3,0,14
2024-10-17T22:50:53,11,3,0,14
2024-10-17T23:23:44,11,3,0,14
2024-10-17T23:56:44,11,3,0,14
2024-10-18T00:29:40,11,3,0,14
2024-10-18T01:02:38,11,3,0,14
2024-10-18T01:35:36,11,3,0,14
2024-10-18T02:08:37,11,3,0,14
2024-10-18T02:41:43,11,3,0,14
2024-10-18T03:14:39,11,3,0,14
2024-10-18T03:47:31,11,3,0,14
2024-10-18T04:31:25,11,3,0,14
2024-10-18T05:04:21,11,3,0,14
2024-10-18T05:37:18,11,3,0,14
2024-10-18T06:10:21,11,3,0,14
2024-10-18T06:43:16,11,3,0,14
2024-10-18T07:16:22,11,3,0,14
2024-10-18T07:49:16,11,3,0,14
2024-10-18T08:22:08,11,3,0,14
2024-10-18T08:55:01,11,3,0,14
2024-10-18T09:27:54,11,3,0,14
2024-10-18T10:00:53,11,3,0,14
2024-10-18T10:33:41,11,3,0,14
2024-10-18T11:06:31,11,3,0,14
2024-10-18T11:39:34,11,3,0,14
2024-10-18T12:12:23,11,3,0,14
2024-10-18T12:45:20,11,3,0,14
2024-10-18T13:18:09,11,3,0,14
2024-10-18T13:50:58,11,3,0,14
2024-10-18T14:23:47,11,3,0,14
2024-10-18T14:56:46,11,3,0,14
2024-10-18T15:29:35,11,3,0,14
2024-10-18T16:02:25,11,3,0,14
2024-10-18T16:35:15,11,3,0,14
2024-10-18T17:08:16,11,3,0,14
2024-10-18T17:41:05,11,3,0,14
2024-10-18T18:13:54,11,3,0,14
2024-10-18T18:46:43,11,3,0,14
2024-10-18T19:19:32,11,3,0,14
2024-10-18T19:52:32,11,3,0,14
2024-10-18T20:25:22,11,3,0,14
2024-10-18T20:58:11,11,3,0,14
2024-10-18T21:31:01,11,3,0,14
2024-10-18T22:03:52,11,3,0,14
2024-10-18T22:36:42,11,3,0,14
2024-10-18T23:09:32,11,3,0,14
2024-10-18T23:42:31,11,3,0,14
2024-10-19T00:15:23,11,3,0,14
2024-10-19T00:48:21,11,3,0,14
2024-10-19T01:21:19,11,3,0,14
2024-10-19T01:54:18,11,3,0,14
2024-10-19T02:27:18,11,3,0,14
2024-10-19T03:00:10,11,3,0,14
2024-10-19T03:33:03,11,3,0,14
2024-10-19T04:05:57,11,3,0,14
2024-10-19T04:35:37,11,3,0,14
2024-10-19T05:08:31,11,3,0,14
2024-10-19T05:41:21,11,3,0,14
2024-10-19T06:14:13,11,3,0,14
2024-10-19T06:47:10,11,3,0,14
2024-10-19T07:20:06,11,3,0,14
2024-10-19T07:53:00,11,3,0,14
2024-10-19T08:26:02,11,3,0,14
2024-10-19T08:58:53,11,3,0,14
2024-10-19T09:31:43,11,3,0,14
2024-10-19T10:04:33,11,3,0,14
2024-10-19T10:37:22,11,3,0,14
2024-10-19T11:10:12,11,3,0,14
2024-10-19T11:43:12,11,3,0,14
2024-10-19T12:16:00,11,3,0,14
2024-10-19T12:48:48,11,3,0,14
2024-10-19T13:21:36,11,3,0,14
2024-10-19T13:54:24,11,3,0,14
2024-10-19T14:27:11,11,3,0,14
2024-10-19T15:00:03,11,3,0,14
2024-10-19T15:32:51,11,3,0,14
2024-10-19T16:05:35,11,3,0,14
2024-10-19T16:38:20,11,3,0,14
2024-10-19T17:11:07,11,3,0,14
2024-10-19T17:44:00,11,3,0,14
2024-10-19T18:16:47,11,3,0,14
2024-10-19T18:49:31,11,3,0,14
2024-10-19T19:22:16,11,3,0,14
2024-10-19T19:55:01,11,3,0,14
2024-10-19T20:27:45,11,3,0,14
2024-10-19T21:01:15,11,3,0,14
2024-10-19T21:34:00,11,3,0,14
2024-10-19T22:06:54,11,3,0,14
2024-10-19T22:39:38,11,3,0,14
2024-10-19T23:12:28,11,3,0,14
2024-10-19T23:45:13,11,3,0,14
2024-10-27T00:58:47,11,3,0,14
2024-10-27T01:31:40,11,3,0,14
2024-10-27T02:04:35,11,3,0,14
2024-10-27T02:37:33,11,3,0,14
2024-10-27T03:10:28,11,3,0,14
2024-10-27T03:43:23,11,3,0,14
2024-10-27T04:36:59,11,3,0,14
2024-10-27T05:10:00,11,3,0,14
2024-10-27T05:43:00,11,3,0,14
2024-10-27T06:15:59,11,3,0,14
2024-10-27T06:48:58,11,3,0,14
2024-10-27T07:21:54,11,3,0,14
2024-10-27T07:54:51,11,3,0,14
2024-10-27T08:27:45,11,3,0,14
2024-10-27T09:00:41,11,3,0,14
2024-10-27T09:33:35,11,3,0,14
2024-10-27T10:06:48,11,3,0,14
2024-10-27T10:39:36,11,3,0,14
2024-10-27T11:12:27,11,3,0,14
2024-10-27T11:45:17,11,3,0,14
2024-10-27T12:18:07,11,3,0,14
2024-10-27T12:51:04,11,3,0,14
2024-10-27T13:23:55,11,3,0,14
2024-10-27T13:56:44,11,3,0,14
2024-10-27T14:29:33,11,3,0,14
2024-10-27T15:02:28,11,3,0,14
2024-10-27T15:35:28,11,3,0,14
2024-10-27T16:08:17,11,3,0,14
2024-10-27T16:41:08,11,3,0,14
2024-10-27T17:13:58,11,3,0,14
2024-10-27T17:46:58,11,3,0,14
2024-10-27T18:19:50,11,3,0,14
2024-10-27T18:52:40,11,3,0,14
2024-10-27T19:25:33,11,3,0,14
2024-10-27T19:58:22,11,3,0,14
2024-10-27T20:31:10,11,3,0,14
2024-10-27T21:04:16,11,3,0,14
2024-10-27T21:37:07,11,3,0,14
2024-10-27T22:10:00,11,3,0,14
2024-10-27T22:42:50,11,3,0,14
2024-10-27T23:15:40,11,3,0,14
2024-10-27T23:48:31,11,3,0,14
2024-10-28T00:21:24,11,3,0,14
2024-10-28T00:55:32,11,3,0,14
2024-10-28T01:28:29,11,3,0,14
2024-10-28T02:01:34,11,3,0,14
2024-10-28T02:34:28,11,3,0,14
2024-10-28T03:07:20,11,3,0,14
2024-10-28T03:40:13,11,3,0,14
2024-10-28T04:34:25,11,3,0,14
2024-10-28T05:09:03,11,3,0,14
2024-10-28T05:41:58,11,3,0,14
2024-10-28T06:14:57,11,3,0,14
2024-10-28T06:48:07,11,3,0,14
2024-10-28T07:21:06,11,3,0,14
2024-10-28T07:53:58,11,3,0,14
2024-10-28T08:26:52,11,3,0,14
2024-10-28T08:59:42,11,3,0,14
2024-10-28T09:32:33,11,3,0,14
2024-10-28T10:05:35,11,3,0,14
2024-10-28T10:38:26,11,3,0,14
2024-10-28T11:11:15,11,3,0,14
2024-10-28T11:44:04,11,3,0,14
2024-10-28T12:17:04,11,3,0,14
2024-10-28T12:49:52,11,3,0,14
2024-10-28T13:22:52,11,3,0,14
2024-10-28T13:55:41,11,3,0,14
2024-10-28T14:28:29,11,3,0,14
2024-10-28T15:01:20,11,3,0,14
2024-10-28T15:34:18,11,3,0,14
2024-10-28T16:07:07,11,3,0,14
2024-10-28T16:39:56,11,3,0,14
2024-10-28T17:12:55,11,3,0,14
2024-10-28T17:45:43,11,3,0,14
2024-10-28T18:18:31,11,3,0,14
2024-10-28T18:51:19,11,3,0,14
2024-10-28T19:24:08,11,3,0,14
2024-10-28T19:57:07,11,3,0,14
2024-10-28T20:29:55,11,3,0,14
2024-10-28T21:02:43,11,3,0,14
2024-10-28T21:35:31,11,3,0,14
2024-10-28T22:08:30,11,3,0,14
2024-10-28T22:41:29,11,3,0,14
2024-10-28T23:14:19,11,3,0,14
2024-10-28T23:47:10,11,3,0,14
2024-10-29T00:20:05,11,3,0,14
2024-10-29T00:53:02,11,3,0,14
2024-10-29T01:26:00,11,3,0,14
2024-10-29T01:58:53,11,3,0,14
2024-10-29T02:31:55,11,3,0,14
2024-10-29T03:04:48,11,3,0,14
2024-10-29T03:37:41,11,3,0,14
2024-10-29T04:12:56,11,3,0,14
2024-10-29T04:39:24,11,3,0,14
2024-10-29T05:12:21,11,3,0,14
2024-10-29T05:45:18,11,3,0,14
2024-10-29T06:18:13,11,3,0,14
2024-10-29T06:51:06,11,3,0,14
2024-10-29T07:24:00,11,3,0,14
2024-10-29T07:56:53,11,3,0,14
2024-10-29T08:29:45,11,3,0,14
2024-10-29T09:02:46,11,3,0,14
2024-10-29T09:35:37,11,3,0,14
2024-10-29T10:08:27,11,3,0,14
2024-10-29T10:41:16,11,3,0,14
2024-10-29T11:14:04,11,3,0,14
2024-10-29T11:47:04,11,3,0,14
2024-10-29T12:19:54,11,3,0,14
2024-10-29T12:52:42,11,3,0,14
2024-10-29T13:25:41,11,3,0,14
2024-10-29T13:58:29,11,3,0,14
2024-10-29T14:31:18,11,3,0,14
2024-10-29T15:04:20,11,3,0,14
2024-10-29T15:37:09,11,3,0,14
2024-10-29T16:10:00,11,3,0,14
2024-10-29T16:42:49,11,3,0,14
2024-10-29T17:15:52,11,3,0,14
2024-10-29T17:48:41,11,3,0,14
2024-10-29T18:21:29,11,3,0,14
2024-10-29T18:54:18,11,3,0,14
2024-10-29T19:27:07,11,3,0,14
2024-10-29T20:00:07,11,3,0,14
2024-10-29T20:32:56,11,3,0,14
2024-10-29T21:05:45,11,3,0,14
2024-10-29T21:38:35,11,3,0,14
2024-10-29T22:11:28,11,3,0,14
2024-10-29T22:44:18,11,3,0,14
2024-10-29T23:17:07,11,3,0,14
2024-10-29T23:50:06,11,3,0,14
2024-10-30T00:23:03,11,3,0,14
2024-10-30T00:57:17,11,3,0,14
2024-10-30T01:30:15,11,3,0,14
2024-10-30T02:03:11,11,3,0,14
2024-10-30T02:36:05,11,3,0,14
2024-10-30T03:09:02,11,3,0,14
2024-10-30T03:41:54,11,3,0,14
2024-10-30T04:31:46,11,3,0,14
2024-10-30T05:04:41,11,3,0,14
2024-10-30T05:37:36,11,3,0,14
2024-10-30T06:10:30,11,3,0,14
2024-10-30T06:43:24,11,3,0,14
2024-10-30T07:16:17,11,3,0,14
2024-10-30T07:49:09,11,3,0,14
2024-10-30T08:22:01,11,3,0,14
2024-10-30T08:55:03,11,3,0,14
2024-10-30T09:27:53,11,3,0,14
2024-10-30T10:00:43,11,3,0,14
2024-10-30T10:33:33,11,3,0,14
2024-10-30T11:06:37,11,3,0,14
2024-10-30T11:39:27,11,3,0,14
2024-10-30T12:12:16,11,3,0,14
2024-10-30T12:45:05,11,3,0,14
2024-10-30T13:18:04,11,3,0,14
2024-10-30T13:50:53,11,3,0,14
2024-10-30T14:23:42,11,3,0,14
2024-10-30T14:56:32,11,3,0,14
2024-10-30T15:29:35,11,3,0,14
2024-10-30T16:02:26,11,3,0,14
2024-10-30T16:35:15,11,3,0,14
2024-10-30T17:08:06,11,3,0,14
2024-10-30T17:41:07,11,3,0,14
2024-10-30T18:13:56,11,3,0,14
2024-10-30T18:46:45,11,3,0,14
2024-10-30T19:19:34,11,3,0,14
2024-10-30T19:52:23,11,3,0,14
2024-10-30T20:25:25,11,3,0,14
2024-10-30T20:58:15,11,3,0,14
2024-10-30T21:31:06,11,3,0,14
2024-10-30T22:04:00,11,3,0,14
2024-10-30T22:36:59,11,3,0,14
2024-10-30T23:09:48,11,3,0,14
2024-10-30T23:42:38,11,3,0,14
2024-10-31T00:15:31,11,3,0,14
2024-10-31T00:48:29,11,3,0,14
2024-10-31T01:21:26,11,3,0,14
2024-10-31T01:54:25,11,3,0,14
2024-10-31T02:27:28,11,3,0,14
2024-10-31T03:00:11,11,3,0,14
2024-10-31T03:33:00,11,3,0,14
2024-10-31T04:05:54,11,3,0,14
2024-10-31T04:40:54,11,3,0,14
2024-10-31T05:13:51,11,3,0,14
2024-10-31T05:48:32,11,3,0,14
2024-10-31T06:21:27,11,3,0,14
2024-10-31T06:54:22,11,3,0,14
2024-10-31T07:27:17,11,3,0,14
2024-10-31T08:00:12,11,3,0,14
2024-10-31T08:33:05,11,3,0,14
2024-10-31T09:06:00,11,3,0,14
2024-10-31T09:38:59,11,3,0,14
2024-10-31T10:11:50,11,3,0,14
2024-10-31T10:44:40,11,3,0,14
2024-10-31T11:17:30,11,3,0,14
2024-10-31T11:50:21,11,3,0,14
2024-10-31T12:23:24,11,3,0,14
2024-10-31T12:56:15,11,3,0,14
2024-10-31T13:29:17,11,3,0,14
2024-10-31T14:02:06,11,3,0,14
2024-10-31T14:34:55,11,3,0,14
2024-10-31T15:07:44,11,3,0,14
2024-10-31T15:40:44,11,3,0,14
2024-10-31T16:13:32,11,3,0,14
2024-10-31T16:46:20,11,3,0,14
2024-10-31T17:19:10,11,3,0,14
2024-10-31T17:52:07,11,3,0,14
2024-10-31T18:24:55,11,3,0,14
2024-10-31T18:57:44,11,3,0,14
2024-10-31T19:30:33,11,3,0,14
2024-10-31T20:03:23,11,3,0,14
2024-10-31T20:36:20,11,3,0,14
2024-10-31T21:09:08,11,3,0,14
2024-10-31T21:41:58,11,3,0,14
2024-10-31T22:14:48,11,3,0,14
2024-10-31T22:47:37,11,3,0,14
2024-10-31T23:20:28,11,3,0,14
2024-10-31T23:53:19,11,3,0,14
2024-11-01T00:26:22,11,3,0,14
2024-11-01T00:59:19,11,3,0,14
2024-11-01T01:32:17,11,3,0,14
2024-11-01T02:05:23,11,3,0,14
2024-11-01T02:38:21,11,3,0,14
2024-11-01T03:11:16,11,3,0,14
2024-11-01T03:44:11,11,3,0,14
2024-11-01T04:41:49,11,3,0,14
2024-11-01T05:14:45,11,3,0,14
2024-11-01T05:47:39,11,3,0,14
2024-11-01T06:20:33,11,3,0,14
2024-11-01T06:53:30,11,3,0,14
2024-11-01T07:26:25,11,3,0,14
2024-11-01T07:59:19,11,3,0,14
2024-11-01T08:32:15,11,3,0,14
2024-11-01T09:05:14,11,3,0,14
2024-11-01T09:38:05,11,3,0,14
2024-11-01T10:10:55,11,3,0,14
2024-11-01T10:43:46,11,3,0,14
2024-11-01T11:16:36,11,3,0,14
2024-11-01T11:49:38,11,3,0,14
2024-11-01T12:22:29,11,3,0,14
2024-11-01T12:55:18,11,3,0,14
2024-11-01T13:28:20,11,3,0,14
2024-11-01T14:01:10,11,3,0,14
2024-11-01T14:33:59,11,3,0,14
2024-11-01T15:06:49,11,3,0,14
2024-11-01T15:39:52,11,3,0,14
2024-11-01T16:12:41,11,3,0,14
2024-11-01T16:45:31,11,3,0,14
2024-11-01T17:18:21,11,3,0,14
2024-11-01T17:51:09,11,3,0,14
2024-11-01T18:24:07,11,3,0,14
2024-11-01T18:56:56,11,3,0,14
2024-11-01T19:29:46,11,3,0,14
2024-11-01T20:02:35,11,3,0,14
2024-11-01T20:35:24,11,3,0,14
2024-11-01T21:08:14,11,3,0,14
2024-11-01T21:41:14,11,3,0,14
2024-11-01T22:14:05,11,3,0,14
2024-11-01T22:46:56,11,3,0,14
2024-11-01T23:19:48,11,3,0,14
2024-11-01T23:52:38,11,3,0,14
2024-11-02T00:25:35,11,3,0,14
2024-11-02T00:58:30,11,3,0,14
2024-11-02T01:31:31,11,3,0,14
2024-11-02T02:04:29,11,3,0,14
2024-11-02T02:37:22,11,3,0,14
2024-11-02T03:10:13,11,3,0,14
2024-11-02T03:43:07,11,3,0,14
2024-11-02T04:40:04,11,3,0,14
2024-11-02T05:12:57,11,3,0,14
2024-11-02T05:45:49,11,3,0,14
2024-11-02T06:19:41,11,3,0,14
2024-11-02T06:52:35,11,3,0,14
2024-11-02T07:25:31,11,3,0,14
2024-11-02T07:58:26,11,3,0,14
2024-11-02T08:31:28,11,3,0,14
2024-11-02T09:04:24,11,3,0,14
2024-11-02T09:37:18,11,3,0,14
2024-11-02T10:10:14,11,3,0,14
2024-11-02T10:43:09,11,3,0,14
2024-11-02T11:16:03,11,3,0,14
2024-11-02T11:48:56,11,3,0,14
2024-11-02T12:22:02,11,3,0,14
2024-11-02T12:54:55,11,3,0,14
2024-11-02T13:27:48,11,3,0,14
2024-11-02T14:00:41,11,3,0,14
2024-11-02T14:33:36,11,3,0,14
2024-11-02T15:06:38,11,3,0,14
2024-11-02T15:39:30,11,3,0,14
2024-11-02T16:12:21,11,3,0,14
2024-11-02T16:45:10,11,3,0,14
2024-11-02T17:18:00,11,3,0,14
2024-11-02T17:50:57,11,3,0,14
2024-11-02T18:23:57,11,3,0,14
2024-11-02T18:56:45,11,3,0,14
2024-11-02T19:29:37,11,3,0,14
2024-11-02T20:02:31,11,3,0,14
2024-11-02T20:35:22,11,3,0,14
2024-11-02T21:08:11,11,3,0,14
2024-11-02T21:41:00,11,3,0,14
2024-11-02T22:13:49,11,3,0,14
2024-11-02T22:46:48,11,3,0,14
2024-11-02T23:19:38,11,3,0,14
2024-11-02T23:52:27,11,3,0,14
2024-11-03T00:25:21,11,3,0,14
2024-11-03T00:58:13,11,3,0,14
2024-11-03T01:31:05,11,3,0,14
2024-11-03T01:03:55,11,3,0,14
2024-11-03T01:36:46,11,3,0,14
2024-11-03T02:09:48,11,3,0,14
2024-11-03T02:42:44,11,3,0,14
2024-11-03T03:15:39,11,3,0,14
2024-11-03T03:48:34,11,3,0,14
2024-11-03T04:43:01,11,3,0,14
2024-11-03T05:15:58,11,3,0,14
2024-11-03T05:48:53,11,3,0,14
2024-11-03T06:21:49,11,3,0,14
2024-11-03T06:54:44,11,3,0,14
2024-11-03T07:27:39,11,3,0,14
2024-11-03T08:00:35,11,3,0,14
2024-11-03T08:33:28,11,3,0,14
2024-11-03T09:06:28,11,3,0,14
2024-11-03T09:39:42,11,3,0,14
2024-11-03T10:12:35,11,3,0,14
2024-11-03T10:45:40,11,3,0,14
2024-11-03T11:18:37,11,3,0,14
2024-11-03T11:51:37,11,3,0,14
2024-11-03T12:24:29,11,3,0,14
2024-11-03T12:57:20,11,3,0,14
2024-11-03T13:30:10,11,3,0,14
2024-11-03T14:03:00,11,3,0,14
2024-11-03T14:35:49,11,3,0,14
2024-11-03T15:08:39,11,3,0,14
2024-11-03T15:41:39,11,3,0,14
2024-11-03T16:14:30,11,3,0,14
2024-11-03T16:47:22,11,3,0,14
2024-11-03T17:20:12,11,3,0,14
2024-11-03T17:53:01,11,3,0,14
2024-11-03T18:26:01,11,3,0,14
2024-11-03T18:58:54,11,3,0,14
2024-11-03T19:31:48,11,3,0,14
2024-11-03T20:04:39,11,3,0,14
2024-11-03T20:37:28,11,3,0,14
2024-11-03T21:10:26,11,3,0,14
2024-11-03T21:43:18,11,3,0,14
2024-11-03T22:16:09,11,3,0,14
2024-11-03T22:48:58,11,3,0,14
2024-11-03T23:21:49,11,3,0,14
2024-11-03T23:54:50,11,3,0,14
2024-11-04T00:27:52,11,3,0,14
2024-11-04T01:00:55,11,3,0,14
2024-11-04T01:33:58,11,3,0,14
2024-11-04T02:06:56,11,3,0,14
2024-11-04T02:39:50,11,3,0,14
2024-11-04T03:12:44,11,3,0,14
2024-11-04T03:45:37,11,3,0,14
2024-11-04T04:42:17,11,3,0,14
2024-11-04T05:15:18,11,3,0,14
2024-11-04T05:48:15,11,3,0,14
2024-11-04T06:21:11,11,3,0,14
2024-11-04T06:54:06,11,3,0,14
2024-11-04T07:26:58,11,3,0,14
2024-11-04T07:59:48,11,3,0,14
2024-11-04T08:32:42,11,3,0,14
2024-11-04T09:05:32,11,3,0,14
2024-11-04T09:38:43,11,3,0,14
2024-11-04T10:11:33,11,3,0,14
2024-11-04T10:44:24,11,3,0,14
2024-11-04T11:17:23,11,3,0,14
2024-11-04T11:50:13,11,3,0,14
2024-11-04T12:23:22,10,4,0,14
2024-11-04T12:56:12,10,4,0,14
2024-11-04T13:29:03,10,4,0,14
2024-11-04T14:01:52,10,4,0,14
2024-11-04T14:34:52,10,4,0,14
2024-11-04T15:07:41,10,4,0,14
2024-11-04T15:40:51,10,4,0,14
2024-11-04T16:13:41,10,4,0,14
2024-11-04T16:46:31,10,4,0,14
2024-11-04T17:19:21,10,4,0,14
2024-11-04T17:52:22,10,4,0,14
2024-11-04T18:25:13,10,4,0,14
2024-11-04T18:58:02,10,4,0,14
2024-11-04T19:30:51,10,4,0,14
2024-11-04T20:03:57,10,4,0,14
2024-11-04T20:36:46,10,4,0,14
2024-11-04T21:09:36,10,4,0,14
2024-11-04T21:42:25,10,4,0,14
2024-11-04T22:15:16,10,4,0,14
2024-11-04T22:48:16,10,4,0,14
2024-11-04T23:21:06,10,4,0,14
2024-11-04T23:53:55,10,4,0,14
2024-11-05T00:26:50,10,4,0,14
2024-11-05T00:59:49,10,4,0,14
2024-11-05T01:32:46,10,4,0,14
2024-11-05T02:05:47,10,4,0,14
2024-11-05T02:39:00,10,4,0,14
2024-11-05T03:11:52,10,4,0,14
2024-11-05T03:44:46,10,4,0,14
2024-11-05T04:38:20,10,4,0,14
2024-11-05T05:11:39,10,4,0,14
2024-11-05T05:44:33,10,4,0,14
2024-11-05T06:17:29,10,4,0,14
2024-11-05T06:50:27,10,4,0,14
2024-11-05T07:23:21,10,4,0,14
2024-11-05T07:56:12,10,4,0,14
2024-11-05T08:29:04,10,4,0,14
2024-11-05T09:02:03,10,4,0,14
2024-11-05T09:34:54,10,4,0,14
2024-11-05T10:07:44,10,4,0,14
2024-11-05T10:40:34,10,4,0,14
2024-11-05T11:13:36,10,4,0,14
2024-11-05T11:46:26,10,4,0,14
2024-11-05T12:19:17,10,4,0,14
2024-11-05T12:52:18,10,4,0,14
2024-11-05T13:25:09,10,4,0,14
2024-11-05T13:57:58,10,4,0,14
2024-11-05T14:30:59,10,4,0,14
2024-11-05T15:03:50,10,4,0,14
2024-11-05T15:36:40,10,4,0,14
2024-11-05T16:09:40,10,4,0,14
2024-11-05T16:42:30,10,4,0,14
2024-11-05T17:15:20,10,4,0,14
2024-11-05T17:48:19,10,4,0,14
2024-11-05T18:21:09,10,4,0,14
2024-11-05T18:53:58,10,4,0,14
2024-11-05T19:26:47,10,4,0,14
2024-11-05T19:59:37,10,4,0,14
2024-11-05T20:32:26,10,4,0,14
2024-11-05T21:05:25,10,4,0,14
2024-11-05T21:38:14,10,4,0,14
2024-11-05T22:11:04,10,4,0,14
2024-11-05T22:44:30,10,4,0,14
2024-11-05T23:17:20,10,4,0,14
2024-11-05T23:50:09,10,4,0,14
2024-11-06T00:23:06,10,4,0,14
2024-11-06T00:56:04,10,4,0,14
2024-11-06T01:29:10,10,4,0,14
2024-11-06T02:02:12,10,4,0,14
2024-11-06T02:35:11,10,4,0,14
2024-11-06T03:08:06,10,4,0,14
2024-11-06T03:41:01,10,4,0,14
2024-11-06T04:13:55,10,4,0,14
2024-11-06T04:45:29,10,4,0,14
2024-11-06T05:18:26,10,4,0,14
2024-11-06T05:51:21,10,4,0,14
2024-11-06T06:24:17,10,4,0,14
2024-11-06T06:57:13,10,4,0,14
2024-11-06T07:30:07,10,4,0,14
2024-11-06T08:03:03,10,4,0,14
2024-11-06T08:36:05,10,4,0,14
2024-11-06T09:09:13,10,4,0,14
2024-11-06T09:42:25,10,4,0,14
2024-11-06T10:15:36,10,4,0,14
2024-11-06T10:52:01,10,4,0,14
2024-11-06T11:26:08,10,4,0,14
2024-11-06T11:59:35,10,4,0,14
2024-11-06T12:33:02,10,4,0,14
2024-11-06T13:06:08,10,4,0,14
2024-11-06T13:39:26,10,4,0,14
2024-11-06T14:12:31,10,4,0,14
2024-11-06T14:45:39,10,4,0,14
2024-11-06T15:18:45,10,4,0,14
2024-11-06T15:51:47,10,4,0,14
2024-11-06T16:24:49,10,4,0,14
2024-11-06T16:57:49,10,4,0,14
2024-11-06T17:30:53,10,4,0,14
2024-11-06T18:03:42,10,4,0,14
2024-11-06T18:36:44,10,4,0,14
2024-11-06T19:09:46,10,4,0,14
2024-11-06T19:42:37,10,4,0,14
2024-11-06T20:15:37,10,4,0,14
2024-11-06T20:48:27,10,4,0,14
2024-11-06T21:21:31,10,4,0,14
2024-11-06T21:54:20,10,4,0,14
2024-11-06T22:27:21,10,4,0,14
2024-11-06T23:00:10,10,4,0,14
2024-11-06T23:33:13,10,4,0,14
2024-11-07T00:06:05,10,4,0,14
2024-11-07T00:39:04,10,4,0,14
2024-11-07T01:12:14,10,4,0,14
2024-11-07T01:45:09,10,4,0,14
2024-11-07T02:18:10,10,4,0,14
2024-11-07T02:51:03,10,4,0,14
2024-11-07T03:23:57,10,4,0,14
2024-11-07T03:56:51,10,4,0,14
2024-11-07T04:43:56,10,4,0,14
2024-11-07T05:16:55,10,4,0,14
2024-11-07T05:49:50,10,4,0,14
2024-11-07T06:22:44,10,4,0,14
2024-11-07T06:55:39,10,4,0,14
2024-11-07T07:28:32,10,4,0,14
2024-11-07T08:01:29,10,4,0,14
2024-11-07T08:34:30,10,4,0,14
2024-11-07T09:07:19,10,4,0,14
2024-11-07T09:40:09,10,4,0,14
2024-11-07T10:13:15,10,4,0,14
2024-11-07T10:46:05,10,4,0,14
2024-11-07T11:19:09,10,4,0,14
2024-11-07T11:52:13,10,4,0,14
2024-11-07T12:25:03,10,4,0,14
2024-11-07T12:58:05,10,4,0,14
2024-11-07T13:31:05,10,4,0,14
2024-11-07T14:03:55,10,4,0,14
2024-11-07T14:37:01,10,4,0,14
2024-11-07T15:10:01,10,4,0,14
2024-11-07T15:43:03,10,4,0,14
2024-11-07T16:15:52,10,4,0,14
2024-11-07T16:48:53,10,4,0,14
2024-11-07T17:21:45,10,4,0,14
2024-11-07T17:54:47,10,4,0,14
2024-11-07T18:27:47,10,4,0,14
2024-11-07T19:00:35,10,4,0,14
2024-11-07T19:33:35,10,4,0,14
2024-11-07T20:06:24,10,4,0,14
2024-11-07T20:39:15,10,4,0,14
2024-11-07T21:12:15,10,4,0,14
2024-11-07T21:45:08,10,4,0,14
2024-11-07T22:18:10,10,4,0,14
2024-11-07T22:50:59,10,4,0,14
2024-11-07T23:23:50,10,4,0,14
2024-11-07T23:56:51,10,4,0,14
2024-11-08T00:29:48,10,4,0,14
2024-11-08T01:02:45,10,4,0,14
2024-11-08T01:35:52,10,4,0,14
2024-11-08T02:08:56,10,4,0,14
2024-11-08T02:41:52,10,4,0,14
2024-11-08T03:14:46,10,4,0,14
2024-11-08T03:47:40,10,4,0,14
2024-11-08T04:38:09,10,4,0,14
2024-11-08T05:11:05,10,4,0,14
2024-11-08T05:44:04,10,4,0,14
2024-11-08T06:16:58,10,4,0,14
2024-11-08T06:49:53,10,4,0,14
2024-11-08T07:23:02,10,4,0,14
2024-11-08T07:55:54,10,4,0,14
2024-11-08T08:28:46,10,4,0,14
2024-11-08T09:01:36,10,4,0,14
2024-11-08T09:34:38,10,4,0,14
2024-11-08T10:07:27,10,4,0,14
2024-11-08T10:40:34,10,4,0,14
2024-11-08T11:13:25,10,4,0,14
2024-11-08T11:46:25,10,4,0,14
2024-11-08T12:19:13,10,4,0,14
2024-11-08T12:52:20,10,4,0,14
2024-11-08T13:25:09,10,4,0,14
2024-11-08T13:58:09,10,4,0,14
2024-11-08T14:31:00,10,4,0,14
2024-11-08T15:04:01,10,4,0,14
2024-11-08T15:36:52,10,4,0,14
2024-11-08T16:09:59,10,4,0,14
2024-11-08T16:42:48,10,4,0,14
2024-11-08T17:15:49,10,4,0,14
2024-11-08T17:48:37,10,4,0,14
2024-11-08T18:21:25,10,4,0,14
2024-11-08T18:54:33,10,4,0,14
2024-11-08T19:27:22,10,4,0,14
2024-11-08T20:00:12,10,4,0,14
2024-11-08T20:33:10,10,4,0,14
2024-11-08T21:05:58,10,4,0,14
2024-11-08T21:38:51,10,4,0,14
2024-11-08T22:11:41,10,4,0,14
2024-11-08T22:44:49,10,4,0,14
2024-11-08T23:17:40,10,4,0,14
2024-11-08T23:50:29,10,4,0,14
2024-11-09T00:23:35,10,4,0,14
2024-11-09T00:56:31,10,4,0,14
2024-11-09T01:29:26,10,4,0,14
2024-11-09T02:02:23,10,4,0,14
2024-11-09T02:35:15,10,4,0,14
2024-11-09T03:08:07,10,4,0,14
2024-11-09T03:41:22,10,4,0,14
2024-11-09T04:38:57,10,4,0,14
2024-11-09T05:11:53,10,4,0,14
2024-11-09T05:44:53,10,4,0,14
2024-11-09T06:17:48,10,4,0,14
2024-11-09T06:50:42,10,4,0,14
2024-11-09T07:23:46,10,4,0,14
2024-11-09T07:56:41,10,4,0,14
2024-11-09T08:29:35,10,4,0,14
2024-11-09T09:02:29,10,4,0,14
2024-11-09T09:35:23,10,4,0,14
2024-11-09T10:08:26,10,4,0,14
2024-11-09T10:41:19,10,4,0,14
2024-11-09T11:14:11,10,4,0,14
2024-11-09T11:47:02,10,4,0,14
2024-11-09T12:20:04,10,4,0,14
2024-11-09T12:52:56,10,4,0,14
2024-11-09T13:25:45,10,4,0,14
2024-11-09T13:58:33,10,4,0,14
2024-11-09T14:31:35,10,4,0,14
2024-11-09T15:04:26,10,4,0,14
2024-11-09T15:37:16,10,4,0,14
2024-11-09T16:10:15,10,4,0,14
2024-11-09T16:43:04,10,4,0,14
2024-11-09T17:15:53,10,4,0,14
2024-11-09T17:48:43,10,4,0,14
2024-11-09T18:21:42,10,4,0,14
2024-11-09T18:54:31,10,4,0,14
2024-11-09T19:27:21,10,4,0,14
2024-11-09T20:00:11,10,4,0,14
2024-11-09T20:33:10,10,4,0,14
2024-11-09T21:05:59,10,4,0,14
2024-11-09T21:38:49,10,4,0,14
2024-11-09T22:11:38,10,4,0,14
2024-11-09T22:44:26,10,4,0,14
2024-11-09T23:17:26,10,4,0,14
2024-11-09T23:50:14,10,4,0,14
2024-11-10T00:23:05,10,4,0,14
2024-11-10T00:55:58,10,4,0,14
2024-11-10T01:28:48,10,4,0,14
2024-11-10T02:01:47,10,4,0,14
2024-11-10T02:34:39,10,4,0,14
2024-11-10T03:07:30,10,4,0,14
2024-11-10T03:40:26,10,4,0,14
2024-11-10T04:47:13,10,4,0,14
2024-11-10T05:20:12,10,4,0,14
2024-11-10T05:53:10,10,4,0,14
2024-11-10T06:26:16,10,4,0,14
2024-11-10T06:59:15,10,4,0,14
2024-11-10T07:32:18,10,4,0,14
2024-11-10T08:05:26,10,4,0,14
2024-11-10T08:38:26,10,4,0,14
2024-11-10T09:11:24,10,4,0,14
2024-11-10T09:40:58,10,4,0,14
2024-11-10T10:13:57,10,4,0,14
2024-11-10T10:46:58,10,4,0,14
2024-11-10T11:19:50,10,4,0,14
2024-11-10T11:52:42,10,4,0,14
2024-11-10T12:25:43,10,4,0,14
2024-11-10T12:58:33,10,4,0,14
2024-11-10T13:31:25,10,4,0,14
2024-11-10T14:04:23,10,4,0,14
2024-11-10T14:37:14,10,4,0,14
2024-11-10T15:10:06,10,4,0,14
2024-11-10T15:43:01,10,4,0,14
2024-11-10T16:16:01,10,4,0,14
2024-11-10T16:48:52,10,4,0,14
2024-11-10T17:21:43,10,4,0,14
2024-11-10T17:54:45,10,4,0,14
2024-11-10T18:27:36,10,4,0,14
2024-11-10T19:00:28,10,4,0,14
2024-11-10T19:33:28,10,4,0,14
2024-11-10T20:06:19,10,4,0,14
2024-11-10T20:39:09,10,4,0,14
2024-11-10T21:12:01,10,4,0,14
2024-11-10T21:45:05,10,4,0,14
2024-11-10T22:17:55,10,4,0,14
2024-11-10T22:50:48,10,4,0,14
2024-11-10T23:23:47,10,4,0,14
2024-11-10T23:56:37,10,4,0,14
2024-11-11T00:29:38,10,4,0,14
2024-11-11T01:02:37,10,4,0,14
2024-11-11T01:35:52,10,4,0,14
2024-11-11T02:08:50,10,4,0,14
2024-11-11T02:41:44,10,4,0,14
2024-11-11T03:14:39,10,4,0,14
2024-11-11T03:47:33,10,4,0,14
2024-11-11T04:46:22,10,4,0,14
2024-11-11T05:19:19,10,4,0,14
2024-11-11T05:52:19,10,4,0,14
2024-11-11T06:25:13,10,4,0,14
2024-11-11T06:58:08,10,4,0,14
2024-11-11T07:31:10,10,4,0,14
2024-11-11T08:03:59,10,4,0,14
2024-11-11T08:36:50,10,4,0,14
2024-11-11T09:09:39,10,4,0,14
2024-11-11T09:42:35,10,4,0,14
2024-11-11T10:15:25,10,4,0,14
2024-11-11T10:48:14,10,4,0,14
2024-11-11T11:21:12,10,4,0,14
2024-11-11T11:54:01,10,4,0,14
2024-11-11T12:26:49,10,4,0,14
2024-11-11T12:59:47,10,4,0,14
2024-11-11T13:32:35,10,4,0,14
2024-11-11T14:05:26,10,4,0,14
2024-11-11T14:38:25,10,4,0,14
2024-11-11T15:11:15,10,4,0,14
2024-11-11T15:44:04,10,4,0,14
2024-11-11T16:17:05,10,4,0,14
2024-11-11T16:49:56,10,4,0,14
2024-11-11T17:22:55,10,4,0,14
2024-11-11T17:55:45,10,4,0,14
2024-11-11T18:28:34,10,4,0,14
2024-11-11T19:01:34,10,4,0,14
2024-11-11T19:34:23,10,4,0,14
2024-11-11T20:07:11,10,4,0,14
2024-11-11T20:40:11,10,4,0,14
2024-11-11T21:13:02,10,4,0,14
2024-11-11T21:46:03,10,4,0,14
2024-11-11T22:18:53,10,4,0,14
2024-11-11T22:51:53,10,4,0,14
2024-11-11T23:24:53,10,4,0,14
2024-11-11T23:57:43,10,4,0,14
2024-11-12T00:33:47,10,4,0,14
2024-11-12T01:06:46,10,4,0,14
2024-11-12T01:39:54,10,4,0,14
2024-11-12T02:12:52,10,4,0,14
2024-11-12T02:45:55,10,4,0,14
2024-11-12T03:18:47,10,4,0,14
2024-11-12T03:51:50,10,4,0,14
2024-11-12T04:34:37,10,4,0,14
2024-11-12T05:07:33,10,4,0,14
2024-11-12T05:40:32,10,4,0,14
2024-11-12T06:13:26,10,4,0,14
2024-11-12T06:46:20,10,4,0,14
2024-11-12T07:19:14,10,4,0,14
2024-11-12T07:52:12,10,4,0,14
2024-11-12T08:25:05,10,4,0,14
2024-11-12T08:57:59,10,4,0,14
2024-11-12T09:31:02,10,4,0,14
2024-11-12T10:04:06,10,4,0,14
2024-11-12T10:37:07,10,4,0,14
2024-11-12T11:10:11,10,4,0,14
2024-11-12T11:43:16,10,4,0,14
2024-11-12T12:16:19,10,4,0,14
2024-11-12T12:49:24,10,4,0,14
2024-11-12T13:22:32,10,4,0,14
2024-11-12T13:55:37,10,4,0,14
2024-11-12T14:28:46,10,4,0,14
2024-11-12T15:01:59,10,4,0,14
2024-11-12T15:35:03,10,4,0,14
2024-11-12T16:08:07,10,4,0,14
2024-11-12T16:41:08,10,4,0,14
2024-11-12T17:13:59,10,4,0,14
2024-11-12T17:47:00,10,4,0,14
2024-11-12T18:20:00,10,4,0,14
2024-11-12T18:52:59,10,4,0,14
2024-11-12T19:25:59,10,4,0,14
2024-11-12T19:58:50,10,4,0,14
2024-11-12T20:31:52,10,4,0,14
2024-11-12T21:04:55,10,4,0,14
2024-11-12T21:37:45,10,4,0,14
2024-11-12T22:10:46,10,4,0,14
2024-11-12T22:43:46,10,4,0,14
2024-11-12T23:16:36,10,4,0,14
2024-11-12T23:49:37,10,4,0,14
2024-11-13T00:22:34,10,4,0,14
2024-11-13T00:55:46,10,4,0,14
2024-11-13T01:28:46,10,4,0,14
2024-11-13T02:01:52,10,4,0,14
2024-11-13T02:34:51,10,4,0,14
2024-11-13T03:07:59,10,4,0,14
2024-11-13T03:40:55,10,4,0,14
2024-11-13T04:13:49,10,4,0,14
2024-11-13T04:40:34,10,4,0,14
2024-11-13T05:13:27,10,4,0,14
2024-11-13T05:48:14,10,4,0,14
2024-11-13T06:21:06,10,4,0,14
2024-11-13T09:50:59,10,4,0,14
2024-11-13T10:23:48,10,4,0,14
2024-11-13T10:56:47,10,4,0,14
2024-11-13T11:29:56,10,4,0,14
2024-11-13T12:02:58,10,4,0,14
2024-11-13T12:35:58,10,4,0,14
2024-11-13T13:08:57,10,4,0,14
2024-11-13T13:42:08,10,4,0,14
2024-11-13T14:15:09,10,4,0,14
2024-11-13T14:48:09,10,4,0,14
2024-11-13T15:21:13,10,4,0,14
2024-11-13T15:54:16,10,4,0,14
2024-11-13T16:27:20,10,4,0,14
2024-11-13T17:00:19,10,4,0,14
2024-11-13T17:33:22,10,4,0,14
2024-11-13T18:06:11,10,4,0,14
2024-11-13T18:39:11,10,4,0,14
2024-11-13T19:12:14,10,4,0,14
2024-11-13T19:45:14,10,4,0,14
2024-11-13T20:18:13,10,4,0,14
2024-11-13T20:51:02,10,4,0,14
2024-11-13T21:24:21,10,4,0,14
2024-11-13T21:57:51,10,4,0,14
2024-11-13T22:30:40,10,4,0,14
2024-11-13T23:03:40,10,4,0,14
2024-11-13T23:36:29,10,4,0,14
2024-11-14T00:09:30,10,4,0,14
2024-11-14T00:42:27,10,4,0,14
2024-11-14T01:15:36,10,4,0,14
2024-11-14T01:48:31,10,4,0,14
2024-11-14T02:21:35,10,4,0,14
2024-11-14T02:54:25,10,4,0,14
2024-11-14T03:27:29,10,4,0,14
2024-11-14T04:00:22,10,4,0,14
2024-11-14T07:19:23,10,4,0,14
2024-11-14T07:52:22,10,4,0,14
2024-11-14T08:25:13,10,4,0,14
2024-11-14T08:58:06,10,4,0,14
2024-11-14T09:31:08,10,4,0,14
2024-11-14T10:04:12,10,4,0,14
2024-11-14T10:37:17,10,4,0,14
2024-11-14T11:10:12,10,4,0,14
2024-11-14T11:43:26,10,4,0,14
2024-11-14T12:16:31,10,4,0,14
2024-11-14T12:49:35,10,4,0,14
2024-11-14T13:22:38,10,4,0,14
2024-11-14T13:55:43,10,4,0,14
2024-11-14T14:28:49,10,4,0,14
2024-11-14T15:01:53,10,4,0,14
2024-11-14T15:34:57,10,4,0,14
2024-11-14T16:08:06,10,4,0,14
2024-11-14T16:41:08,10,4,0,14
2024-11-14T17:14:11,10,4,0,14
2024-11-14T17:47:15,10,4,0,14
2024-11-14T18:20:21,10,4,0,14
2024-11-14T18:53:23,10,4,0,14
2024-11-14T19:26:15,10,4,0,14
2024-11-14T19:59:21,10,4,0,14
2024-11-14T20:32:22,10,4,0,14
2024-11-14T21:05:13,10,4,0,14
2024-11-14T21:39:35,10,4,0,14
2024-11-14T22:12:26,10,4,0,14
2024-11-14T22:45:26,10,4,0,14
2024-11-14T23:18:30,10,4,0,14
2024-11-14T23:51:20,10,4,0,14
2024-11-15T00:24:29,10,4,0,14
2024-11-15T00:57:25,10,4,0,14
2024-11-15T01:30:24,10,4,0,14
2024-11-15T02:03:24,10,4,0,14
2024-11-15T02:36:31,10,4,0,14
2024-11-15T03:09:26,10,4,0,14
2024-11-15T03:42:20,10,4,0,14
2024-11-15T04:15:26,10,4,0,14
2024-11-15T04:46:49,10,4,0,14
2024-11-15T05:19:45,10,4,0,14
2024-11-15T05:52:39,10,4,0,14
2024-11-15T06:25:31,10,4,0,14
2024-11-15T06:58:26,10,4,0,14
2024-11-15T07:31:24,10,4,0,14
2024-11-15T08:04:17,10,4,0,14
2024-11-15T08:37:21,10,4,0,14
2024-11-15T09:10:17,10,4,0,14
2024-11-15T09:43:23,10,4,0,14
2024-11-15T10:16:18,10,4,0,14
2024-11-15T10:49:21,10,4,0,14
2024-11-15T11:22:33,10,4,0,14
2024-11-15T11:55:37,10,4,0,14
2024-11-15T12:28:39,10,4,0,14
2024-11-15T13:01:45,10,4,0,14
2024-11-15T13:34:50,10,4,0,14
2024-11-15T14:07:54,10,4,0,14
2024-11-15T14:40:58,10,4,0,14
2024-11-15T15:14:00,10,4,0,14
2024-11-15T15:46:55,10,4,0,14
2024-11-15T16:19:59,10,4,0,14
2024-11-15T16:53:03,10,4,0,14
2024-11-15T17:26:11,10,4,0,14
2024-11-15T17:59:14,10,4,0,14
2024-11-15T18:32:21,10,4,0,14
2024-11-15T19:05:16,10,4,0,14
2024-11-15T19:38:18,10,4,0,14
2024-11-15T20:11:23,10,4,0,14
2024-11-15T20:44:16,10,4,0,14
2024-11-15T21:17:47,10,4,0,14
2024-11-15T21:51:14,10,4,0,14
2024-11-15T22:24:13,10,4,0,14
2024-11-15T22:57:03,10,4,0,14
2024-11-15T23:30:05,10,4,0,14
2024-11-16T00:02:55,10,4,0,14
2024-11-16T00:36:08,10,4,0,14
2024-11-16T01:09:01,10,4,0,14
2024-11-16T01:41:55,10,4,0,14
2024-11-16T02:14:52,10,4,0,14
2024-11-16T02:47:52,10,4,0,14
2024-11-16T03:20:44,10,4,0,14
2024-11-16T03:53:36,10,4,0,14
2024-11-16T04:49:46,10,4,0,14
2024-11-16T05:22:41,10,4,0,14
2024-11-16T05:55:34,10,4,0,14
2024-11-16T06:28:28,10,4,0,14
2024-11-16T07:01:23,10,4,0,14
2024-11-16T07:34:18,10,4,0,14
2024-11-16T08:07:19,10,4,0,14
2024-11-16T08:40:13,10,4,0,14
2024-11-16T09:13:08,10,4,0,14
2024-11-16T09:46:13,10,4,0,14
2024-11-16T10:19:07,10,4,0,14
2024-11-16T10:52:20,10,4,0,14
2024-11-16T11:25:24,10,4,0,14
2024-11-16T11:58:34,10,4,0,14
2024-11-16T12:31:30,10,4,0,14
2024-11-16T13:04:34,10,4,0,14
2024-11-16T13:37:37,10,4,0,14
2024-11-16T14:10:49,10,4,0,14
2024-11-16T14:43:41,10,4,0,14
2024-11-16T15:16:44,10,4,0,14
2024-11-16T15:49:53,10,4,0,14
2024-11-16T16:23:01,10,4,0,14
2024-11-16T16:56:02,10,4,0,14
2024-11-16T17:28:55,10,4,0,14
2024-11-16T18:02:06,10,4,0,14
2024-11-16T18:35:14,10,4,0,14
2024-11-16T19:08:05,10,4,0,14
2024-11-16T19:41:11,10,4,0,14
2024-11-16T20:14:00,10,4,0,14
2024-11-16T20:46:59,10,4,0,14
2024-11-16T21:20:01,10,4,0,14
2024-11-16T21:53:31,10,4,0,14
2024-11-16T22:26:20,10,4,0,14
2024-11-16T22:59:09,10,4,0,14
2024-11-16T23:32:08,10,4,0,14
2024-11-17T00:04:57,10,4,0,14
2024-11-17T01:02:41,10,4,0,14
2024-11-17T01:35:49,10,4,0,14
2024-11-17T02:08:49,10,4,0,14
2024-11-17T02:41:44,10,4,0,14
2024-11-17T03:14:38,10,4,0,14
2024-11-17T03:47:36,10,4,0,14
2024-11-17T04:20:33,10,4,0,14
2024-11-17T04:48:59,10,4,0,14
2024-11-17T05:21:57,10,4,0,14
2024-11-17T05:54:51,10,4,0,14
2024-11-17T06:27:45,10,4,0,14
2024-11-17T07:00:40,10,4,0,14
2024-11-17T07:33:34,10,4,0,14
2024-11-17T08:06:24,10,4,0,14
2024-11-17T08:39:17,10,4,0,14
2024-11-17T09:12:08,10,4,0,14
2024-11-17T09:44:59,10,4,0,14
2024-11-17T10:18:01,10,4,0,14
2024-11-17T10:50:53,10,4,0,14
2024-11-17T11:23:49,10,4,0,14
2024-11-17T11:56:48,10,4,0,14
2024-11-17T12:29:37,10,4,0,14
2024-11-17T13:02:26,10,4,0,14
2024-11-17T13:35:25,10,4,0,14
2024-11-17T14:08:15,10,4,0,14
2024-11-17T14:41:03,10,4,0,14
2024-11-17T15:14:03,10,4,0,14
2024-11-17T15:46:52,10,4,0,14
2024-11-17T16:19:43,10,4,0,14
2024-11-17T16:52:41,10,4,0,14
2024-11-17T17:25:33,10,4,0,14
2024-11-17T17:58:32,10,4,0,14
2024-11-17T18:31:23,10,4,0,14
2024-11-17T19:04:15,10,4,0,14
2024-11-17T19:37:15,10,4,0,14
2024-11-17T20:10:08,10,4,0,14
2024-11-17T20:43:00,10,4,0,14
2024-11-17T21:16:21,10,4,0,14
2024-11-17T21:49:20,10,4,0,14
2024-11-17T22:22:15,10,4,0,14
2024-11-17T22:55:14,10,4,0,14
2024-11-17T23:28:05,10,4,0,14
2024-11-18T00:00:56,10,4,0,14
2024-11-18T00:34:10,10,4,0,14
2024-11-18T01:07:11,10,4,0,14
2024-11-18T01:40:10,10,4,0,14
2024-11-18T02:13:07,10,4,0,14
2024-11-18T02:46:00,10,4,0,14
2024-11-18T03:18:53,10,4,0,14
2024-11-18T03:51:57,10,4,0,14
2024-11-18T04:40:03,10,4,0,14
2024-11-18T05:13:00,10,4,0,14
2024-11-18T05:45:58,10,4,0,14
2024-11-18T06:18:53,10,4,0,14
2024-11-18T06:51:46,10,4,0,14
2024-11-18T07:24:53,10,4,0,14
2024-11-18T07:57:45,10,4,0,14
2024-11-18T08:30:36,10,4,0,14
2024-11-18T09:03:28,10,4,0,14
2024-11-18T09:36:39,10,4,0,14
2024-11-18T10:09:30,10,4,0,14
2024-11-18T10:42:28,10,4,0,14
2024-11-18T11:15:26,10,4,0,14
2024-11-18T11:48:28,10,4,0,14
2024-11-18T12:21:39,10,4,0,14
2024-11-18T12:54:30,10,4,0,14
2024-11-18T13:27:31,10,4,0,14
2024-11-18T14:00:34,10,4,0,14
2024-11-18T14:33:35,10,4,0,14
2024-11-18T15:06:25,10,4,0,14
2024-11-18T15:39:36,10,4,0,14
2024-11-18T16:12:37,10,4,0,14
2024-11-18T16:45:28,10,4,0,14
2024-11-18T17:18:28,10,4,0,14
2024-11-18T17:51:18,10,4,0,14
2024-11-18T18:24:19,10,4,0,14
2024-11-18T18:57:19,10,4,0,14
2024-11-18T19:30:08,10,4,0,14
2024-11-18T20:03:18,10,4,0,14
2024-11-18T20:36:17,10,4,0,14
2024-11-18T21:09:42,10,4,0,14
2024-11-18T21:43:37,10,4,0,14
2024-11-18T22:16:27,10,4,0,14
2024-11-18T22:49:29,10,4,0,14
2024-11-18T23:22:20,10,4,0,14
2024-11-18T23:55:27,10,4,0,14
2024-11-19T00:31:03,10,4,0,14
2024-11-19T01:04:02,10,4,0,14
2024-11-19T01:37:11,10,4,0,14
2024-11-19T02:10:21,10,4,0,14
2024-11-19T02:43:20,10,4,0,14
2024-11-19T03:16:17,10,4,0,14
2024-11-19T03:49:10,10,4,0,14
2024-11-19T04:37:37,10,4,0,14
2024-11-19T05:11:25,10,4,0,14
2024-11-19T05:44:21,10,4,0,14
2024-11-19T06:17:15,10,4,0,14
2024-11-19T06:50:09,10,4,0,14
2024-11-19T07:23:10,10,4,0,14
2024-11-19T07:56:03,10,4,0,14
2024-11-19T08:29:11,10,4,0,14
2024-11-19T09:02:05,10,4,0,14
2024-11-19T09:34:56,10,4,0,14
2024-11-19T10:07:57,10,4,0,14
2024-11-19T10:41:06,10,4,0,14
2024-11-19T11:13:59,10,4,0,14
2024-11-19T11:47:48,10,4,0,14
2024-11-19T12:21:41,10,4,0,14
2024-11-19T12:56:05,10,4,0,14
2024-11-19T13:33:11,10,4,0,14
2024-11-19T14:09:16,10,4,0,14
2024-11-19T14:43:37,10,4,0,14
2024-11-19T15:16:41,10,4,0,14
2024-11-19T16:00:45,10,4,0,14
2024-11-19T16:33:48,10,4,0,14
2024-11-19T17:06:48,10,4,0,14
2024-11-19T17:39:51,10,4,0,14
2024-11-19T18:12:51,10,4,0,14
2024-11-19T18:45:44,10,4,0,14
2024-11-19T19:18:44,10,4,0,14
2024-11-19T19:51:37,10,4,0,14
2024-11-19T20:24:37,10,4,0,14
2024-11-19T20:57:37,10,4,0,14
2024-11-19T21:31:29,10,4,0,14
2024-11-19T22:04:29,10,4,0,14
2024-11-19T22:37:19,10,4,0,14
2024-11-19T23:10:11,10,4,0,14
2024-11-19T23:43:13,10,4,0,14
2024-11-20T00:16:13,10,4,0,14
2024-11-20T00:49:09,10,4,0,14
2024-11-20T01:22:19,10,4,0,14
2024-11-20T01:55:17,10,4,0,14
2024-11-20T02:28:14,10,4,0,14
2024-11-20T03:01:11,10,4,0,14
2024-11-20T03:34:08,10,4,0,14
2024-11-20T04:09:16,10,4,0,14
2024-11-20T04:48:29,10,4,0,14
2024-11-20T05:21:27,10,4,0,14
2024-11-20T05:54:21,10,4,0,14
2024-11-20T06:27:16,10,4,0,14
2024-11-20T07:00:10,10,4,0,14
2024-11-20T07:33:07,10,4,0,14
2024-11-20T08:06:02,10,4,0,14
2024-11-20T08:39:08,10,4,0,14
2024-11-20T09:12:00,10,4,0,14
2024-11-20T09:45:05,10,4,0,14
2024-11-20T10:17:56,10,4,0,14
2024-11-20T10:51:01,10,4,0,14
2024-11-20T11:24:05,10,4,0,14
2024-11-20T11:56:57,10,4,0,14
2024-11-20T12:30:00,10,4,0,14
2024-11-20T13:03:04,10,4,0,14
2024-11-20T13:36:05,10,4,0,14
2024-11-20T14:09:00,10,4,0,14
2024-11-20T14:42:04,10,4,0,14
2024-11-20T15:15:07,10,4,0,14
2024-11-20T15:48:09,10,4,0,14
2024-11-20T16:21:02,10,4,0,14
2024-11-20T16:54:06,10,4,0,14
2024-11-20T17:27:10,10,4,0,14
2024-11-20T18:00:00,10,4,0,14
2024-11-20T18:33:02,10,4,0,14
2024-11-20T19:05:53,10,4,0,14
2024-11-20T19:38:54,10,4,0,14
2024-11-20T20:11:58,10,4,0,14
2024-11-20T20:44:48,10,4,0,14
2024-11-20T21:17:48,10,4,0,14
2024-11-20T21:51:19,10,4,0,14
2024-11-20T22:24:22,10,4,0,14
2024-11-20T22:57:12,10,4,0,14
2024-11-20T23:30:03,10,4,0,14
2024-11-21T00:03:02,10,4,0,14
2024-11-21T00:36:00,10,4,0,14
2024-11-21T01:08:59,10,4,0,14
2024-11-21T01:41:56,10,4,0,14
2024-11-21T02:15:10,10,4,0,14
2024-11-21T02:48:05,10,4,0,14
2024-11-21T03:21:00,10,4,0,14
2024-11-21T03:53:54,10,4,0,14
2024-11-21T04:46:27,10,4,0,14
2024-11-21T05:19:23,10,4,0,14
2024-11-21T05:52:20,10,4,0,14
2024-11-21T06:25:14,10,4,0,14
2024-11-21T06:58:08,10,4,0,14
2024-11-21T07:31:11,10,4,0,14
2024-11-21T08:04:04,10,4,0,14
2024-11-21T08:36:59,10,4,0,14
2024-11-21T09:10:02,10,4,0,14
2024-11-21T09:42:59,10,4,0,14
2024-11-21T10:16:01,10,4,0,14
2024-11-21T10:49:02,10,4,0,14
2024-11-21T11:21:54,10,4,0,14
2024-11-21T11:54:55,10,4,0,14
2024-11-21T12:27:58,10,4,0,14
2024-11-21T13:01:01,10,4,0,14
2024-11-21T13:34:04,10,4,0,14
2024-11-21T14:06:55,10,4,0,14
2024-11-21T14:40:02,10,4,0,14
2024-11-21T15:13:13,10,4,0,14
2024-11-21T15:46:20,10,4,0,14
2024-11-21T16:19:23,10,4,0,14
2024-11-21T16:52:26,10,4,0,14
2024-11-21T17:25:19,10,4,0,14
2024-11-21T17:58:20,10,4,0,14
2024-11-21T18:31:23,10,4,0,14
2024-11-21T19:04:15,10,4,0,14
2024-11-21T19:37:17,10,4,0,14
2024-11-21T20:10:08,10,4,0,14
2024-11-21T20:43:10,10,4,0,14
2024-11-21T21:16:11,10,4,0,14
2024-11-21T21:49:02,10,4,0,14
2024-11-21T22:22:03,10,4,0,14
2024-11-21T22:54:52,10,4,0,14
2024-11-21T23:27:56,10,4,0,14
2024-11-22T00:00:47,10,4,0,14
2024-11-22T00:34:04,10,4,0,14
2024-11-22T01:07:02,10,4,0,14
2024-11-22T01:40:00,10,4,0,14
2024-11-22T02:13:08,10,4,0,14
2024-11-22T02:46:17,10,4,0,14
2024-11-22T03:19:12,10,4,0,14
2024-11-22T03:52:06,10,4,0,14
2024-11-22T04:43:52,10,4,0,14
2024-11-22T05:16:47,10,4,0,14
2024-11-22T05:49:40,10,4,0,14
2024-11-22T06:22:34,10,4,0,14
2024-11-22T06:55:29,10,4,0,14
2024-11-22T07:28:23,10,4,0,14
2024-11-22T08:01:18,10,4,0,14
2024-11-22T08:34:09,10,4,0,14
2024-11-22T09:07:10,10,4,0,14
2024-11-22T09:40:05,10,4,0,14
2024-11-22T10:13:06,10,4,0,14
2024-11-22T10:45:57,10,4,0,14
2024-11-22T11:18:59,10,4,0,14
2024-11-22T11:52:00,10,4,0,14
2024-11-22T12:25:02,10,4,0,14
2024-11-22T12:58:03,10,4,0,14
2024-11-22T13:30:56,10,4,0,14
2024-11-22T14:03:56,10,4,0,14
2024-11-22T14:36:56,10,4,0,14
2024-11-22T15:10:00,10,4,0,14
2024-11-22T15:43:03,10,4,0,14
2024-11-22T16:16:02,10,4,0,14
2024-11-22T16:49:05,10,4,0,14
2024-11-22T17:21:57,10,4,0,14
2024-11-22T17:54:59,10,4,0,14
2024-11-22T18:27:59,10,4,0,14
2024-11-22T19:00:51,10,4,0,14
2024-11-22T19:33:51,10,4,0,14
2024-11-22T20:06:41,10,4,0,14
2024-11-22T20:39:42,10,4,0,14
2024-11-22T21:12:33,10,4,0,14
2024-11-22T21:45:33,10,4,0,14
2024-11-22T22:18:24,10,4,0,14
2024-11-22T22:51:24,10,4,0,14
2024-11-22T23:24:16,10,4,0,14
2024-11-22T23:57:06,10,4,0,14
2024-11-23T00:30:12,10,4,0,14
2024-11-23T01:03:12,10,4,0,14
2024-11-23T01:36:06,10,4,0,14
2024-11-23T02:09:12,10,4,0,14
2024-11-23T02:42:06,10,4,0,14
2024-11-23T03:14:57,10,4,0,14
2024-11-23T03:47:51,10,4,0,14
2024-11-23T04:48:01,10,4,0,14
2024-11-23T05:20:56,10,4,0,14
2024-11-23T05:53:51,10,4,0,14
2024-11-23T06:26:47,10,4,0,14
2024-11-23T06:59:42,10,4,0,14
2024-11-23T07:32:36,10,4,0,14
2024-11-23T08:05:36,10,4,0,14
2024-11-23T08:38:31,10,4,0,14
2024-11-23T09:11:25,10,4,0,14
2024-11-23T09:44:18,10,4,0,14
2024-11-23T10:17:21,10,4,0,14
2024-11-23T10:50:15,10,4,0,14
2024-11-23T11:23:20,10,4,0,14
2024-11-23T11:56:23,10,4,0,14
2024-11-23T12:29:16,10,4,0,14
2024-11-23T13:02:20,10,4,0,14
2024-11-23T13:35:14,10,4,0,14
2024-11-23T14:08:14,10,4,0,14
2024-11-23T14:41:15,10,4,0,14
2024-11-23T15:14:08,10,4,0,14
2024-11-23T15:47:10,10,4,0,14
2024-11-23T16:20:10,10,4,0,14
2024-11-23T16:53:03,10,4,0,14
2024-11-23T17:26:03,10,4,0,14
2024-11-23T17:59:07,10,4,0,14
2024-11-23T18:31:57,10,4,0,14
2024-11-23T19:05:00,10,4,0,14
2024-11-23T19:37:58,10,4,0,14
2024-11-23T20:10:47,10,4,0,14
2024-11-23T20:43:46,10,4,0,14
2024-11-23T21:16:39,10,4,0,14
2024-11-23T21:49:30,10,4,0,14
2024-11-23T22:22:30,10,4,0,14
2024-11-23T22:55:19,10,4,0,14
2024-11-23T23:28:11,10,4,0,14
2024-11-24T00:01:02,10,4,0,14
2024-11-24T00:34:05,10,4,0,14
2024-11-24T01:07:02,10,4,0,14
2024-11-24T01:39:53,10,4,0,14
2024-11-24T02:12:44,10,4,0,14
2024-11-24T02:45:47,10,4,0,14
2024-11-24T03:18:38,10,4,0,14
2024-11-24T03:52:16,10,4,0,14
2024-11-24T04:36:21,10,4,0,14
2024-11-24T05:09:18,10,4,0,14
2024-11-24T05:42:15,10,4,0,14
2024-11-24T06:15:12,10,4,0,14
2024-11-24T06:48:08,10,4,0,14
2024-11-24T07:21:06,10,4,0,14
2024-11-24T07:54:05,10,4,0,14
2024-11-24T08:27:02,10,4,0,14
2024-11-24T09:00:12,10,4,0,14
2024-11-24T09:33:05,10,4,0,14
2024-11-24T10:05:58,10,4,0,14
2024-11-24T10:38:55,10,4,0,14
2024-11-24T11:11:52,10,4,0,14
2024-11-24T11:44:59,10,4,0,14
2024-11-24T12:17:54,10,4,0,14
2024-11-24T12:50:44,10,4,0,14
2024-11-24T13:23:36,10,4,0,14
2024-11-24T13:56:36,10,4,0,14
2024-11-24T14:29:26,10,4,0,14
2024-11-24T15:02:20,10,4,0,14
2024-11-24T15:35:20,10,4,0,14
2024-11-24T16:08:46,10,4,0,14
2024-11-24T16:41:38,10,4,0,14
2024-11-24T17:14:38,10,4,0,14
2024-11-24T17:47:29,10,4,0,14
2024-11-24T18:20:19,10,4,0,14
2024-11-24T18:53:19,10,4,0,14
2024-11-24T19:26:11,10,4,0,14
2024-11-24T19:59:03,10,4,0,14
2024-11-24T20:31:55,10,4,0,14
2024-11-24T21:04:55,10,4,0,14
2024-11-24T21:37:45,10,4,0,14
2024-11-24T22:10:35,10,4,0,14
