time,enrolled,available,waitlisted,total
2024-04-16T14:04:23,47,0,0,0
2024-04-16T14:20:44,47,0,0,0
2024-04-16T14:36:55,47,0,0,0
2024-04-16T14:53:05,47,0,0,0
2024-04-16T15:09:29,47,0,0,0
2024-04-16T15:25:43,47,0,0,0
2024-04-16T15:41:53,47,0,0,0
2024-04-16T15:58:03,47,0,0,0
2024-04-16T16:14:14,47,0,0,0
2024-04-16T16:30:34,47,0,0,0
2024-04-16T16:46:47,47,0,0,0
2024-04-16T17:02:56,47,0,0,0
2024-04-16T17:19:08,47,0,0,0
2024-04-16T17:35:19,47,0,0,0
2024-04-16T17:51:30,47,0,0,0
2024-04-16T18:07:51,47,0,0,0
2024-04-16T18:24:01,47,0,0,0
2024-04-16T18:40:12,47,0,0,0
2024-04-16T18:56:22,47,0,0,0
2024-04-16T19:12:31,47,0,0,0
2024-04-16T19:28:39,47,0,0,0
2024-04-16T19:44:45,47,0,0,0
2024-04-16T20:01:03,47,0,0,0
2024-04-16T20:17:10,47,0,0,0
2024-04-16T20:33:16,47,0,0,0
2024-04-16T20:49:23,47,0,0,0
2024-04-16T21:05:29,47,0,0,0
2024-04-16T21:21:37,47,0,0,0
2024-04-16T21:37:49,47,0,0,0
2024-04-16T21:54:11,47,0,0,0
2024-04-16T22:10:21,47,0,0,0
2024-04-16T22:26:31,47,0,0,0
2024-04-16T22:42:41,47,0,0,0
2024-04-16T22:58:50,47,0,0,0
2024-04-16T23:15:01,47,0,0,0
2024-04-16T23:31:12,47,0,0,0
2024-04-16T23:47:23,47,0,0,0
2024-04-17T00:03:47,47,0,0,0
2024-04-17T00:20:05,47,0,0,0
2024-04-17T00:36:19,47,0,0,0
2024-04-17T00:52:37,47,0,0,0
2024-04-17T01:08:50,47,0,0,0
2024-04-17T01:25:02,47,0,0,0
2024-04-17T01:41:13,47,0,0,0
2024-04-17T01:57:26,47,0,0,0
2024-04-17T02:13:40,47,0,0,0
2024-04-17T02:29:51,47,0,0,0
2024-04-17T02:46:03,47,0,0,0
2024-04-17T03:02:14,47,0,0,0
2024-04-17T03:18:27,47,0,0,0
2024-04-17T03:34:42,47,0,0,0
2024-04-17T03:51:04,47,0,0,0
2024-04-17T04:07:17,47,0,0,0
2024-04-17T12:04:01,47,0,0,0
2024-04-17T12:20:12,47,0,0,0
2024-04-17T12:36:24,47,0,0,0
2024-04-17T12:52:46,47,0,0,0
2024-04-17T13:08:57,47,0,0,0
2024-04-17T13:25:08,47,0,0,0
2024-04-17T13:41:19,47,0,0,0
2024-04-17T13:57:31,47,0,0,0
2024-04-17T14:13:55,47,0,0,0
2024-04-17T14:30:06,47,0,0,0
2024-04-17T14:46:18,47,0,0,0
2024-04-17T15:02:31,47,0,0,0
2024-04-17T15:18:54,47,0,0,0
2024-04-17T15:35:06,47,0,0,0
2024-04-17T15:51:17,47,0,0,0
2024-04-17T16:07:29,47,0,0,0
2024-04-17T16:23:40,47,0,0,0
2024-04-17T16:39:50,47,0,0,0
2024-04-17T16:56:14,47,0,0,0
2024-04-17T17:12:27,47,0,0,0
2024-04-17T17:28:40,47,0,0,0
2024-04-17T17:44:52,47,0,0,0
2024-04-17T18:01:03,47,0,0,0
2024-04-17T18:17:15,47,0,0,0
2024-04-17T18:33:39,47,0,0,0
2024-04-17T18:49:49,47,0,0,0
2024-04-17T19:06:01,47,0,0,0
2024-04-17T19:22:10,47,0,0,0
2024-04-17T19:38:21,47,0,0,0
2024-04-17T19:54:31,47,0,0,0
2024-04-17T20:10:42,47,0,0,0
2024-04-17T20:27:03,47,0,0,0
2024-04-17T20:43:15,47,0,0,0
2024-04-17T20:59:26,47,0,0,0
2024-04-17T21:15:39,47,0,0,0
2024-04-17T21:31:51,47,0,0,0
2024-04-17T21:48:03,47,0,0,0
2024-04-17T22:04:15,47,0,0,0
2024-04-17T22:20:34,47,0,0,0
2024-04-17T22:36:45,47,0,0,0
2024-04-17T22:52:56,47,0,0,0
2024-04-17T23:09:08,47,0,0,0
2024-04-17T23:25:22,47,0,0,0
2024-04-17T23:41:37,47,0,0,0
2024-04-17T23:57:48,47,0,0,0
2024-04-18T00:14:04,47,0,0,0
2024-04-18T00:30:24,47,0,0,0
2024-04-18T00:46:41,47,0,0,0
2024-04-18T01:03:11,47,0,0,0
2024-04-18T01:19:27,47,0,0,0
2024-04-18T01:35:42,47,0,0,0
2024-04-18T01:51:56,47,0,0,0
2024-04-18T02:08:10,47,0,0,0
2024-04-18T02:24:23,47,0,0,0
2024-04-18T02:40:35,47,0,0,0
2024-04-18T02:56:50,47,0,0,0
2024-04-18T03:13:03,47,0,0,0
2024-04-18T03:29:16,47,0,0,0
2024-04-18T03:45:30,47,0,0,0
2024-04-18T04:01:45,47,0,0,0
2024-04-18T04:32:02,47,0,0,0
2024-04-18T04:48:21,47,0,0,0
2024-04-18T05:04:37,47,0,0,0
2024-04-18T05:20:54,47,0,0,0
2024-04-18T05:37:12,47,0,0,0
2024-04-18T05:53:26,47,0,0,0
2024-04-18T06:09:41,47,0,0,0
2024-04-18T06:25:54,47,0,0,0
2024-04-18T06:42:07,47,0,0,0
2024-04-18T06:58:20,47,0,0,0
2024-04-18T07:14:38,47,0,0,0
2024-04-18T07:30:51,47,0,0,0
2024-04-18T07:47:07,47,0,0,0
2024-04-18T08:03:20,47,0,0,0
2024-04-18T08:19:34,47,0,0,0
2024-04-18T08:36:05,47,0,0,0
2024-04-18T08:52:17,47,0,0,0
2024-04-18T09:08:29,47,0,0,0
2024-04-18T09:24:43,47,0,0,0
2024-04-18T09:41:09,47,0,0,0
2024-04-18T09:57:21,47,0,0,0
2024-04-18T10:13:34,47,0,0,0
2024-04-18T10:29:46,47,0,0,0
2024-04-18T10:46:01,47,0,0,0
2024-04-18T11:02:24,47,0,0,0
2024-04-18T11:18:34,47,0,0,0
2024-04-18T11:34:46,47,0,0,0
2024-04-18T11:50:56,47,0,0,0
2024-04-18T12:07:21,47,0,0,0
2024-04-18T12:23:32,47,0,0,0
2024-04-18T12:39:43,47,0,0,0
2024-04-18T12:55:53,47,0,0,0
2024-04-18T13:12:23,47,0,0,0
2024-04-18T13:28:34,47,0,0,0
2024-04-18T13:44:45,47,0,0,0
2024-04-18T14:00:56,47,0,0,0
2024-04-18T14:17:06,47,0,0,0
2024-04-18T14:33:27,47,0,0,0
2024-04-18T14:49:37,47,0,0,0
2024-04-18T15:05:52,47,0,0,0
2024-04-18T15:22:21,47,0,0,0
2024-04-18T15:38:31,47,0,0,0
2024-04-18T15:54:42,47,0,0,0
2024-04-18T16:10:53,47,0,0,0
2024-04-18T16:27:03,47,0,0,0
2024-04-18T16:43:25,47,0,0,0
2024-04-18T16:59:35,47,0,0,0
2024-04-18T17:15:47,47,0,0,0
2024-04-18T17:31:56,47,0,0,0
2024-04-18T17:48:26,47,0,0,0
2024-04-18T18:04:37,47,0,0,0
2024-04-18T18:20:48,47,0,0,0
2024-04-18T18:36:59,47,0,0,0
2024-04-18T18:53:09,47,0,0,0
2024-04-18T19:09:21,47,0,0,0
2024-04-18T19:25:31,47,0,0,0
2024-04-18T19:41:54,47,0,0,0
2024-04-18T19:58:05,47,0,0,0
2024-04-18T20:14:15,47,0,0,0
2024-04-18T20:30:26,47,0,0,0
2024-04-18T20:46:35,47,0,0,0
2024-04-18T21:02:45,47,0,0,0
2024-04-18T21:18:55,47,0,0,0
2024-04-18T21:35:07,47,0,0,0
2024-04-18T21:51:36,47,0,0,0
2024-04-18T22:07:45,47,0,0,0
2024-04-18T22:23:52,47,0,0,0
2024-04-18T22:40:01,47,0,0,0
2024-04-18T22:56:09,47,0,0,0
2024-04-18T23:12:19,47,0,0,0
2024-04-18T23:28:29,47,0,0,0
2024-04-18T23:44:39,47,0,0,0
2024-04-19T00:00:50,47,0,0,0
2024-04-19T00:17:08,47,0,0,0
2024-04-19T00:33:36,47,0,0,0
2024-04-19T00:49:48,47,0,0,0
2024-04-19T01:05:59,47,0,0,0
2024-04-19T01:22:12,47,0,0,0
2024-04-19T01:38:24,47,0,0,0
2024-04-19T01:54:35,47,0,0,0
2024-04-19T02:10:47,47,0,0,0
2024-04-19T02:26:57,47,0,0,0
2024-04-19T02:43:09,47,0,0,0
2024-04-19T02:59:19,47,0,0,0
2024-04-19T03:15:34,47,0,0,0
2024-04-19T03:32:06,47,0,0,0
2024-04-19T03:48:19,47,0,0,0
2024-04-19T04:04:34,47,0,0,0
2024-04-19T04:29:01,47,0,0,0
2024-04-19T04:46:29,47,0,0,0
2024-04-19T05:03:05,47,0,0,0
2024-04-19T05:19:27,47,0,0,0
2024-04-19T05:35:42,47,0,0,0
2024-04-19T05:51:56,47,0,0,0
2024-04-19T06:08:09,47,0,0,0
2024-04-19T06:24:25,47,0,0,0
2024-04-19T06:40:38,47,0,0,0
2024-04-19T06:56:51,47,0,0,0
2024-04-19T07:13:10,47,0,0,0
2024-04-19T07:29:23,47,0,0,0
2024-04-19T07:45:34,47,0,0,0
2024-04-19T08:01:46,47,0,0,0
2024-04-19T08:17:59,47,0,0,0
2024-04-19T08:34:23,47,0,0,0
2024-04-19T08:50:35,47,0,0,0
2024-04-19T09:06:49,47,0,0,0
2024-04-19T09:23:01,47,0,0,0
2024-04-19T09:39:13,47,0,0,0
2024-04-19T09:55:25,47,0,0,0
2024-04-19T10:11:35,47,0,0,0
2024-04-19T10:27:46,47,0,0,0
2024-04-19T10:44:07,47,0,0,0
2024-04-19T11:00:19,47,0,0,0
2024-04-19T11:16:30,47,0,0,0
2024-04-19T11:32:41,47,0,0,0
2024-04-19T11:48:50,47,0,0,0
2024-04-19T12:05:01,47,0,0,0
2024-04-19T12:21:11,47,0,0,0
2024-04-19T12:37:33,47,0,0,0
2024-04-19T12:53:43,47,0,0,0
2024-04-19T13:09:55,47,0,0,0
2024-04-19T13:26:05,47,0,0,0
2024-04-19T13:42:16,47,0,0,0
2024-04-19T13:58:27,47,0,0,0
2024-04-19T14:14:39,47,0,0,0
2024-04-19T14:30:49,47,0,0,0
2024-04-19T14:47:11,47,0,0,0
2024-04-19T15:03:20,47,0,0,0
2024-04-19T15:19:30,47,0,0,0
2024-04-19T15:35:40,47,0,0,0
2024-04-19T15:51:49,47,0,0,0
2024-04-19T16:08:02,47,0,0,0
2024-04-19T16:24:12,47,0,0,0
2024-04-19T16:40:23,47,0,0,0
2024-04-19T16:56:43,47,0,0,0
2024-04-19T17:12:54,47,0,0,0
2024-04-19T17:29:06,47,0,0,0
2024-04-19T17:45:16,47,0,0,0
2024-04-19T18:01:26,47,0,0,0
2024-04-19T18:17:37,47,0,0,0
2024-04-19T18:33:47,47,0,0,0
2024-04-19T18:49:57,47,0,0,0
2024-04-19T19:06:09,47,0,0,0
2024-04-19T19:22:19,47,0,0,0
2024-04-19T19:38:30,47,0,0,0
2024-04-19T19:54:52,47,0,0,0
2024-04-19T20:11:08,47,0,0,0
2024-04-19T20:27:18,47,0,0,0
2024-04-19T20:43:28,47,0,0,0
2024-04-19T20:59:38,47,0,0,0
2024-04-19T21:15:49,47,0,0,0
2024-04-19T21:32:00,47,0,0,0
2024-04-19T21:48:11,47,0,0,0
2024-04-19T22:04:22,47,0,0,0
2024-04-19T22:20:33,47,0,0,0
2024-04-19T22:36:44,47,0,0,0
2024-04-19T22:52:55,47,0,0,0
2024-04-19T23:09:18,47,0,0,0
2024-04-19T23:25:29,47,0,0,0
2024-04-19T23:41:40,47,0,0,0
2024-04-19T23:57:52,47,0,0,0
2024-04-20T00:14:06,47,0,0,0
2024-04-20T00:30:21,47,0,0,0
2024-04-20T00:46:36,47,0,0,0
2024-04-20T01:02:47,47,0,0,0
2024-04-20T01:18:58,47,0,0,0
2024-04-20T01:35:09,47,0,0,0
2024-04-20T01:51:21,47,0,0,0
2024-04-20T02:07:31,47,0,0,0
2024-04-20T02:23:42,47,0,0,0
2024-04-20T02:39:55,47,0,0,0
2024-04-20T02:56:07,47,0,0,0
2024-04-20T03:12:27,47,0,0,0
2024-04-20T03:28:36,47,0,0,0
2024-04-20T03:44:45,47,0,0,0
2024-04-20T04:00:56,47,0,0,0
2024-04-20T04:21:36,47,0,0,0
2024-04-20T04:37:54,47,0,0,0
2024-04-20T04:55:45,47,0,0,0
2024-04-20T05:13:17,47,0,0,0
2024-04-20T05:29:33,47,0,0,0
2024-04-20T05:45:48,47,0,0,0
2024-04-20T06:02:01,47,0,0,0
2024-04-20T06:18:14,47,0,0,0
2024-04-20T06:34:26,47,0,0,0
2024-04-20T06:50:38,47,0,0,0
2024-04-20T07:06:50,47,0,0,0
2024-04-20T07:23:03,47,0,0,0
2024-04-20T07:39:16,47,0,0,0
2024-04-20T07:55:28,47,0,0,0
2024-04-20T08:11:40,47,0,0,0
2024-04-20T08:27:51,47,0,0,0
2024-04-20T08:44:13,47,0,0,0
2024-04-20T09:00:26,47,0,0,0
2024-04-20T09:16:37,47,0,0,0
2024-04-20T09:32:49,47,0,0,0
2024-04-20T09:49:00,47,0,0,0
2024-04-20T10:05:12,47,0,0,0
2024-04-20T10:21:24,47,0,0,0
2024-04-20T10:37:36,47,0,0,0
2024-04-20T10:53:47,47,0,0,0
2024-04-20T11:09:57,47,0,0,0
2024-04-20T11:26:08,47,0,0,0
2024-04-20T11:42:19,47,0,0,0
2024-04-20T11:58:29,47,0,0,0
2024-04-20T12:14:40,47,0,0,0
2024-04-20T12:31:03,47,0,0,0
2024-04-20T12:47:14,47,0,0,0
2024-04-20T13:03:25,47,0,0,0
2024-04-20T13:19:36,47,0,0,0
2024-04-20T13:35:47,47,0,0,0
2024-04-20T13:51:57,47,0,0,0
2024-04-20T14:08:09,47,0,0,0
2024-04-20T14:24:19,47,0,0,0
2024-04-20T14:40:29,47,0,0,0
2024-04-20T14:56:39,47,0,0,0
2024-04-20T15:12:49,47,0,0,0
2024-04-20T15:28:59,47,0,0,0
2024-04-20T15:45:10,47,0,0,0
2024-04-20T16:01:22,47,0,0,0
2024-04-20T16:17:46,47,0,0,0
2024-04-20T16:33:57,47,0,0,0
2024-04-20T16:50:08,47,0,0,0
2024-04-20T17:06:19,47,0,0,0
2024-04-20T17:22:33,47,0,0,0
2024-04-20T17:38:45,47,0,0,0
2024-04-20T17:55:00,47,0,0,0
2024-04-20T18:11:11,47,0,0,0
2024-04-20T18:27:22,47,0,0,0
2024-04-20T18:43:34,47,0,0,0
2024-04-20T18:59:45,47,0,0,0
2024-04-20T19:15:57,47,0,0,0
2024-04-20T19:32:08,47,0,0,0
2024-04-20T19:48:19,47,0,0,0
2024-04-20T20:04:30,47,0,0,0
2024-04-20T20:20:51,47,0,0,0
2024-04-20T20:37:03,47,0,0,0
2024-04-20T20:53:15,47,0,0,0
2024-04-20T21:09:27,47,0,0,0
2024-04-20T21:25:40,47,0,0,0
2024-04-20T21:41:52,47,0,0,0
2024-04-20T21:58:04,47,0,0,0
2024-04-20T22:14:17,47,0,0,0
2024-04-20T22:30:28,47,0,0,0
2024-04-20T22:46:40,47,0,0,0
2024-04-20T23:02:55,47,0,0,0
2024-04-20T23:19:08,47,0,0,0
2024-04-20T23:35:19,47,0,0,0
2024-04-20T23:51:31,47,0,0,0
2024-04-21T00:07:44,47,0,0,0
2024-04-21T00:23:57,47,0,0,0
2024-04-21T01:13:21,47,0,0,0
2024-04-21T01:29:36,47,0,0,0
2024-04-21T01:45:50,47,0,0,0
2024-04-21T02:02:07,47,0,0,0
2024-04-21T02:18:24,47,0,0,0
2024-04-21T02:34:42,47,0,0,0
2024-04-21T02:50:57,47,0,0,0
2024-04-21T03:07:32,47,0,0,0
2024-04-21T03:23:50,47,0,0,0
2024-04-21T03:40:04,47,0,0,0
2024-04-21T03:56:23,47,0,0,0
2024-04-21T04:12:39,47,0,0,0
2024-04-21T04:30:01,47,0,0,0
2024-04-21T04:47:26,47,0,0,0
2024-04-21T05:04:01,47,0,0,0
2024-04-21T05:20:17,47,0,0,0
2024-04-21T05:36:42,47,0,0,0
2024-04-21T05:52:59,47,0,0,0
2024-04-21T06:09:11,47,0,0,0
2024-04-21T06:25:22,47,0,0,0
2024-04-21T06:41:32,47,0,0,0
2024-04-21T06:57:43,47,0,0,0
2024-04-21T07:14:06,47,0,0,0
2024-04-21T07:30:21,47,0,0,0
2024-04-21T07:46:34,47,0,0,0
2024-04-21T08:02:47,47,0,0,0
2024-04-21T08:18:59,47,0,0,0
2024-04-21T08:35:09,47,0,0,0
2024-04-21T08:51:20,47,0,0,0
2024-04-21T09:07:36,47,0,0,0
2024-04-21T09:23:48,47,0,0,0
2024-04-21T09:40:03,47,0,0,0
2024-04-21T09:56:14,47,0,0,0
2024-04-21T10:12:28,47,0,0,0
2024-04-21T10:28:42,47,0,0,0
2024-04-21T10:45:01,47,0,0,0
2024-04-21T11:01:11,47,0,0,0
2024-04-21T11:17:21,47,0,0,0
2024-04-21T11:33:31,47,0,0,0
2024-04-21T11:49:42,47,0,0,0
2024-04-21T12:05:52,47,0,0,0
2024-04-21T12:22:01,47,0,0,0
2024-04-21T12:38:10,47,0,0,0
2024-04-21T12:54:20,47,0,0,0
2024-04-21T13:10:30,47,0,0,0
2024-04-21T13:26:39,47,0,0,0
2024-04-21T13:42:48,47,0,0,0
2024-04-21T13:58:58,47,0,0,0
2024-04-21T14:15:18,47,0,0,0
2024-04-21T14:31:28,47,0,0,0
2024-04-21T14:47:39,47,0,0,0
2024-04-21T15:03:51,47,0,0,0
2024-04-21T15:20:01,47,0,0,0
2024-04-21T15:36:11,47,0,0,0
2024-04-21T15:52:20,47,0,0,0
2024-04-21T16:08:31,47,0,0,0
2024-04-21T16:24:42,47,0,0,0
2024-04-21T16:40:54,47,0,0,0
2024-04-21T16:57:13,47,0,0,0
2024-04-21T17:13:23,47,0,0,0
2024-04-21T17:29:33,47,0,0,0
2024-04-21T17:45:42,47,0,0,0
2024-04-21T18:01:51,47,0,0,0
2024-04-21T18:18:00,47,0,0,0
2024-04-21T18:34:09,47,0,0,0
2024-04-21T18:50:18,47,0,0,0
2024-04-21T19:06:30,47,0,0,0
2024-04-21T19:22:39,47,0,0,0
2024-04-21T19:38:48,47,0,0,0
2024-04-21T19:55:08,47,0,0,0
2024-04-21T20:11:17,47,0,0,0
2024-04-21T20:27:26,47,0,0,0
2024-04-21T20:43:35,47,0,0,0
2024-04-21T20:59:44,47,0,0,0
2024-04-21T21:15:55,47,0,0,0
2024-04-21T21:32:07,47,0,0,0
2024-04-21T21:48:19,47,0,0,0
2024-04-21T22:04:28,47,0,0,0
2024-04-21T22:20:39,47,0,0,0
2024-04-21T22:36:48,47,0,0,0
2024-04-21T22:52:57,47,0,0,0
2024-04-21T23:09:19,47,0,0,0
2024-04-21T23:25:28,47,0,0,0
2024-04-21T23:41:38,47,0,0,0
2024-04-21T23:57:49,47,0,0,0
2024-04-22T00:14:05,47,0,0,0
2024-04-22T00:30:28,47,0,0,0
2024-04-22T00:46:44,47,0,0,0
2024-04-22T01:02:57,47,0,0,0
2024-04-22T01:19:11,47,0,0,0
2024-04-22T01:35:26,47,0,0,0
2024-04-22T01:51:37,47,0,0,0
2024-04-22T02:07:50,47,0,0,0
2024-04-22T02:24:01,47,0,0,0
2024-04-22T02:40:30,47,0,0,0
2024-04-22T02:56:40,47,0,0,0
2024-04-22T03:12:51,47,0,0,0
2024-04-22T03:29:03,47,0,0,0
2024-04-22T03:45:14,47,0,0,0
2024-04-22T04:01:25,47,0,0,0
2024-04-22T04:24:35,47,0,0,0
2024-04-22T04:40:51,47,0,0,0
2024-04-22T04:58:40,47,0,0,0
2024-04-22T05:15:05,47,0,0,0
2024-04-22T05:31:20,47,0,0,0
2024-04-22T05:47:35,47,0,0,0
2024-04-22T06:03:51,47,0,0,0
2024-04-22T06:20:04,47,0,0,0
2024-04-22T06:36:17,47,0,0,0
2024-04-22T06:52:30,47,0,0,0
2024-04-22T07:08:47,47,0,0,0
2024-04-22T07:24:59,47,0,0,0
2024-04-22T07:41:11,47,0,0,0
2024-04-22T07:57:22,47,0,0,0
2024-04-22T08:13:44,47,0,0,0
2024-04-22T08:29:53,47,0,0,0
2024-04-22T08:46:05,47,0,0,0
2024-04-22T09:02:15,47,0,0,0
2024-04-22T09:18:26,47,0,0,0
2024-04-22T09:34:37,47,0,0,0
2024-04-22T09:50:47,47,0,0,0
2024-04-22T10:07:11,47,0,0,0
2024-04-22T10:23:22,47,0,0,0
2024-04-22T10:39:33,47,0,0,0
2024-04-22T10:55:43,47,0,0,0
2024-04-22T11:11:54,47,0,0,0
2024-04-22T11:28:04,47,0,0,0
2024-04-22T11:44:14,47,0,0,0
2024-04-22T12:00:35,47,0,0,0
2024-04-22T12:16:47,47,0,0,0
2024-04-22T12:32:57,47,0,0,0
2024-04-22T12:49:08,47,0,0,0
2024-04-22T13:05:18,47,0,0,0
2024-04-22T13:21:39,47,0,0,0
2024-04-22T13:37:51,47,0,0,0
2024-04-22T13:54:01,47,0,0,0
2024-04-22T14:10:14,47,0,0,0
2024-04-22T14:26:23,47,0,0,0
2024-04-22T14:42:52,47,0,0,0
2024-04-22T14:59:03,47,0,0,0
2024-04-22T15:15:14,47,0,0,0
2024-04-22T15:31:26,47,0,0,0
2024-04-22T15:47:37,47,0,0,0
2024-04-22T16:03:50,47,0,0,0
2024-04-22T16:20:12,47,0,0,0
2024-04-22T16:36:24,47,0,0,0
2024-04-22T16:52:34,47,0,0,0
2024-04-22T17:08:46,47,0,0,0
2024-04-22T17:25:01,47,0,0,0
2024-04-22T17:41:12,47,0,0,0
2024-04-22T17:57:25,47,0,0,0
2024-04-22T18:13:46,47,0,0,0
2024-04-22T18:29:56,47,0,0,0
2024-04-22T18:46:05,47,0,0,0
2024-04-22T19:02:16,47,0,0,0
2024-04-22T19:18:25,47,0,0,0
2024-04-22T19:34:34,47,0,0,0
2024-04-22T19:50:44,47,0,0,0
2024-04-22T20:07:02,47,0,0,0
2024-04-22T20:23:25,47,0,0,0
2024-04-22T20:39:36,47,0,0,0
2024-04-22T20:55:47,47,0,0,0
2024-04-22T21:11:58,47,0,0,0
2024-04-22T21:28:08,47,0,0,0
2024-04-22T21:44:19,47,0,0,0
2024-04-22T22:00:29,47,0,0,0
2024-04-22T22:16:46,47,0,0,0
2024-04-22T22:32:57,47,0,0,0
2024-04-22T22:49:21,47,0,0,0
2024-04-22T23:05:33,47,0,0,0
2024-04-22T23:21:44,47,0,0,0
2024-04-22T23:37:57,47,0,0,0
2024-04-22T23:54:08,47,0,0,0
2024-04-23T00:10:23,47,0,0,0
2024-04-23T00:26:44,47,0,0,0
2024-04-23T00:43:03,47,0,0,0
2024-04-23T00:59:22,47,0,0,0
2024-04-23T01:15:38,47,0,0,0
2024-04-23T01:31:51,47,0,0,0
2024-04-23T01:48:05,47,0,0,0
2024-04-23T02:04:31,47,0,0,0
2024-04-23T02:20:43,47,0,0,0
2024-04-23T02:36:57,47,0,0,0
2024-04-23T02:53:09,47,0,0,0
2024-04-23T03:09:22,47,0,0,0
2024-04-23T03:25:51,47,0,0,0
2024-04-23T03:42:05,47,0,0,0
2024-04-23T03:58:18,47,0,0,0
2024-04-23T04:14:38,47,0,0,0
2024-04-23T04:35:51,47,0,0,0
2024-04-23T04:53:50,47,0,0,0
2024-04-23T05:10:07,47,0,0,0
2024-04-23T05:26:20,47,0,0,0
2024-04-23T05:42:35,47,0,0,0
2024-04-23T05:58:52,47,0,0,0
2024-04-23T06:15:04,47,0,0,0
2024-04-23T06:31:19,47,0,0,0
2024-04-23T06:47:32,47,0,0,0
2024-04-23T07:03:47,47,0,0,0
2024-04-23T07:20:00,47,0,0,0
2024-04-23T07:36:13,47,0,0,0
2024-04-23T07:52:27,47,0,0,0
2024-04-23T08:08:40,47,0,0,0
2024-04-23T08:25:15,47,0,0,0
2024-04-23T08:41:28,47,0,0,0
2024-04-23T08:57:42,47,0,0,0
2024-04-23T09:13:53,47,0,0,0
2024-04-23T09:30:05,47,0,0,0
2024-04-23T09:46:21,47,0,0,0
2024-04-23T10:02:35,47,0,0,0
2024-04-23T10:18:47,47,0,0,0
2024-04-23T10:34:58,47,0,0,0
2024-04-23T10:51:07,47,0,0,0
2024-04-23T11:07:35,47,0,0,0
2024-04-23T11:23:46,47,0,0,0
2024-04-23T11:40:00,47,0,0,0
2024-04-23T11:56:17,47,0,0,0
2024-04-23T12:12:28,47,0,0,0
2024-04-23T12:28:39,47,0,0,0
2024-04-23T12:44:51,47,0,0,0
2024-04-23T13:01:22,47,0,0,0
2024-04-23T13:17:33,47,0,0,0
2024-04-23T13:33:44,47,0,0,0
2024-04-23T13:49:54,47,0,0,0
2024-04-23T14:06:05,47,0,0,0
2024-04-23T14:22:16,47,0,0,0
2024-04-23T14:38:27,47,0,0,0
2024-04-23T14:54:49,47,0,0,0
2024-04-23T15:11:00,47,0,0,0
2024-04-23T15:27:11,47,0,0,0
2024-04-23T15:43:21,47,0,0,0
2024-04-23T15:59:31,47,0,0,0
2024-04-23T16:15:42,47,0,0,0
2024-04-23T16:31:54,47,0,0,0
2024-04-23T16:48:24,47,0,0,0
2024-04-23T17:04:34,47,0,0,0
2024-04-23T17:20:48,47,0,0,0
2024-04-23T17:36:58,47,0,0,0
2024-04-23T17:53:09,47,0,0,0
2024-04-23T18:09:20,47,0,0,0
2024-04-23T18:25:30,47,0,0,0
2024-04-23T18:41:40,47,0,0,0
2024-04-23T18:58:01,47,0,0,0
2024-04-23T19:14:13,47,0,0,0
2024-04-23T19:30:22,47,0,0,0
2024-04-23T19:46:32,47,0,0,0
2024-04-23T20:02:53,47,0,0,0
2024-04-23T20:19:04,47,0,0,0
2024-04-23T20:35:15,47,0,0,0
2024-04-23T20:51:25,47,0,0,0
2024-04-23T21:07:57,47,0,0,0
2024-04-23T21:24:07,47,0,0,0
2024-04-23T21:40:19,47,0,0,0
2024-04-23T21:56:31,47,0,0,0
2024-04-23T22:12:43,47,0,0,0
2024-04-23T22:28:54,47,0,0,0
2024-04-23T22:45:04,47,0,0,0
2024-04-23T23:01:14,47,0,0,0
2024-04-23T23:17:28,47,0,0,0
2024-04-23T23:33:50,47,0,0,0
2024-04-23T23:50:02,47,0,0,0
2024-04-24T00:06:15,47,0,0,0
2024-04-24T00:22:33,47,0,0,0
2024-04-24T00:38:48,47,0,0,0
2024-04-24T00:55:05,47,0,0,0
2024-04-24T01:11:18,47,0,0,0
2024-04-24T01:27:31,47,0,0,0
2024-04-24T01:43:45,47,0,0,0
2024-04-24T01:59:56,47,0,0,0
2024-04-24T02:16:08,47,0,0,0
2024-04-24T02:32:19,47,0,0,0
2024-04-24T02:48:31,47,0,0,0
2024-04-24T03:04:43,47,0,0,0
2024-04-24T03:21:07,47,0,0,0
2024-04-24T03:38:24,47,0,0,0
2024-04-24T03:54:37,47,0,0,0
2024-04-24T04:10:50,47,0,0,0
2024-04-24T04:32:20,47,0,0,0
2024-04-24T04:48:34,47,0,0,0
2024-04-24T05:04:49,47,0,0,0
2024-04-24T05:21:58,47,0,0,0
2024-04-24T05:39:04,47,0,0,0
2024-04-24T05:55:19,47,0,0,0
2024-04-24T06:11:35,47,0,0,0
2024-04-24T06:27:48,47,0,0,0
2024-04-24T06:44:00,47,0,0,0
2024-04-24T07:00:11,47,0,0,0
2024-04-24T07:16:24,47,0,0,0
2024-04-24T07:32:43,47,0,0,0
2024-04-24T07:48:52,47,0,0,0
2024-04-24T08:05:03,47,0,0,0
2024-04-24T08:21:21,47,0,0,0
2024-04-24T08:37:32,47,0,0,0
2024-04-24T08:53:54,47,0,0,0
2024-04-24T09:10:05,47,0,0,0
2024-04-24T09:26:15,47,0,0,0
2024-04-24T09:42:26,47,0,0,0
2024-04-24T09:58:36,47,0,0,0
2024-04-24T10:14:46,47,0,0,0
2024-04-24T10:30:55,47,0,0,0
2024-04-24T10:47:17,47,0,0,0
2024-04-24T11:03:27,47,0,0,0
2024-04-24T11:19:37,47,0,0,0
2024-04-24T11:35:48,47,0,0,0
2024-04-24T11:51:58,47,0,0,0
2024-04-24T12:08:08,47,0,0,0
2024-04-24T12:24:28,47,0,0,0
2024-04-24T12:40:38,47,0,0,0
2024-04-24T12:56:48,47,0,0,0
2024-04-24T13:12:59,47,0,0,0
2024-04-24T13:29:13,47,0,0,0
2024-04-24T13:45:34,47,0,0,0
2024-04-24T14:01:45,47,0,0,0
2024-04-24T14:17:55,47,0,0,0
2024-04-24T14:34:05,47,0,0,0
2024-04-24T14:50:15,47,0,0,0
2024-04-24T15:06:25,47,0,0,0
2024-04-24T15:22:46,47,0,0,0
2024-04-24T15:38:59,47,0,0,0
2024-04-24T15:55:13,47,0,0,0
2024-04-24T16:11:23,47,0,0,0
2024-04-24T16:27:33,47,0,0,0
2024-04-24T16:43:43,47,0,0,0
2024-04-24T16:59:56,47,0,0,0
2024-04-24T17:16:21,47,0,0,0
2024-04-24T17:32:33,47,0,0,0
2024-04-24T17:48:44,47,0,0,0
2024-04-24T18:04:58,47,0,0,0
2024-04-24T18:21:13,47,0,0,0
2024-04-24T18:37:27,47,0,0,0
2024-04-24T18:53:39,47,0,0,0
2024-04-24T19:09:51,47,0,0,0
2024-04-24T19:26:02,47,0,0,0
2024-04-24T19:42:23,47,0,0,0
2024-04-24T19:58:35,47,0,0,0
2024-04-24T20:14:45,47,0,0,0
2024-04-24T20:30:56,47,0,0,0
2024-04-24T20:47:07,47,0,0,0
2024-04-24T21:03:18,47,0,0,0
2024-04-24T21:19:28,47,0,0,0
2024-04-24T21:35:39,47,0,0,0
2024-04-24T21:51:50,47,0,0,0
2024-04-24T22:08:10,47,0,0,0
2024-04-24T22:24:21,47,0,0,0
2024-04-24T22:40:31,47,0,0,0
2024-04-24T22:56:42,47,0,0,0
2024-04-24T23:12:54,47,0,0,0
2024-04-24T23:29:06,47,0,0,0
2024-04-24T23:45:17,47,0,0,0
2024-04-25T00:01:29,47,0,0,0
2024-04-25T00:17:46,47,0,0,0
2024-04-25T00:34:06,47,0,0,0
2024-04-25T00:50:23,47,0,0,0
2024-04-25T01:06:36,47,0,0,0
2024-04-25T01:22:50,47,0,0,0
2024-04-25T01:39:10,47,0,0,0
2024-04-25T01:55:23,47,0,0,0
2024-04-25T02:11:34,47,0,0,0
2024-04-25T02:27:45,47,0,0,0
2024-04-25T02:43:56,47,0,0,0
2024-04-25T03:00:09,47,0,0,0
2024-04-25T03:16:25,47,0,0,0
2024-04-25T03:32:37,47,0,0,0
2024-04-25T03:48:47,47,0,0,0
2024-04-25T04:07:01,47,0,0,0
2024-04-25T04:31:32,47,0,0,0
2024-04-25T04:47:59,47,0,0,0
2024-04-25T05:04:13,47,0,0,0
2024-04-25T05:20:34,47,0,0,0
2024-04-25T05:36:49,47,0,0,0
2024-04-25T05:53:03,47,0,0,0
2024-04-25T06:09:17,47,0,0,0
2024-04-25T06:25:34,47,0,0,0
2024-04-25T06:41:47,47,0,0,0
2024-04-25T06:58:00,47,0,0,0
2024-04-25T07:14:17,47,0,0,0
2024-04-25T07:30:30,47,0,0,0
2024-04-25T07:46:41,47,0,0,0
2024-04-25T08:02:53,47,0,0,0
2024-04-25T08:19:14,47,0,0,0
2024-04-25T08:35:28,47,0,0,0
2024-04-25T08:51:38,47,0,0,0
2024-04-25T09:08:01,47,0,0,0
2024-04-25T09:24:13,47,0,0,0
2024-04-25T09:40:26,47,0,0,0
2024-04-25T09:56:37,47,0,0,0
2024-04-25T10:12:49,47,0,0,0
2024-04-25T10:29:01,47,0,0,0
2024-04-25T10:45:11,47,0,0,0
2024-04-25T11:01:22,47,0,0,0
2024-04-25T11:17:34,47,0,0,0
2024-04-25T11:33:55,47,0,0,0
2024-04-25T11:50:06,47,0,0,0
2024-04-25T12:06:18,47,0,0,0
2024-04-25T12:22:32,47,0,0,0
2024-04-25T12:38:42,47,0,0,0
2024-04-25T12:54:53,47,0,0,0
2024-04-25T13:11:14,47,0,0,0
2024-04-25T13:27:27,47,0,0,0
2024-04-25T13:43:38,47,0,0,0
2024-04-25T13:59:49,47,0,0,0
2024-04-25T14:16:01,47,0,0,0
2024-04-25T14:32:12,47,0,0,0
2024-04-25T14:48:22,47,0,0,0
2024-04-25T15:04:44,47,0,0,0
2024-04-25T15:20:54,47,0,0,0
2024-04-25T15:37:04,47,0,0,0
2024-04-25T15:53:15,47,0,0,0
2024-04-25T16:09:25,47,0,0,0
2024-04-25T16:25:35,47,0,0,0
2024-04-25T16:41:55,47,0,0,0
2024-04-25T16:58:05,47,0,0,0
2024-04-25T17:14:17,47,0,0,0
2024-04-25T17:30:28,47,0,0,0
2024-04-25T17:46:38,47,0,0,0
2024-04-25T18:02:49,47,0,0,0
2024-04-25T18:18:59,47,0,0,0
2024-04-25T18:35:11,47,0,0,0
2024-04-25T18:51:32,47,0,0,0
2024-04-25T19:07:44,47,0,0,0
2024-04-25T19:23:54,47,0,0,0
2024-04-25T19:40:03,47,0,0,0
2024-04-25T19:56:13,47,0,0,0
2024-04-25T20:12:35,47,0,0,0
2024-04-25T20:28:45,47,0,0,0
2024-04-25T20:44:55,47,0,0,0
2024-04-25T21:01:05,47,0,0,0
2024-04-25T21:17:16,47,0,0,0
2024-04-25T21:33:37,47,0,0,0
2024-04-25T21:49:51,47,0,0,0
2024-04-25T22:06:02,47,0,0,0
2024-04-25T22:22:13,47,0,0,0
2024-04-25T22:38:23,47,0,0,0
2024-04-25T22:54:33,47,0,0,0
2024-04-25T23:10:45,47,0,0,0
2024-04-25T23:26:57,47,0,0,0
2024-04-25T23:43:08,47,0,0,0
2024-04-25T23:59:19,47,0,0,0
2024-04-26T00:15:46,47,0,0,0
2024-04-26T00:32:03,47,0,0,0
2024-04-26T00:48:21,47,0,0,0
2024-04-26T01:04:35,47,0,0,0
2024-04-26T01:20:49,47,0,0,0
2024-04-26T01:37:02,47,0,0,0
2024-04-26T01:53:15,47,0,0,0
2024-04-26T02:09:28,47,0,0,0
2024-04-26T02:25:39,47,0,0,0
2024-04-26T02:41:50,47,0,0,0
2024-04-26T02:58:02,47,0,0,0
2024-04-26T03:14:25,47,0,0,0
2024-04-26T03:30:56,47,0,0,0
2024-04-26T03:47:08,47,0,0,0
2024-04-26T04:03:20,47,0,0,0
2024-04-26T04:26:08,47,0,0,0
2024-04-26T04:43:59,47,0,0,0
2024-04-26T05:00:13,47,0,0,0
2024-04-26T05:16:34,47,0,0,0
2024-04-26T05:32:47,47,0,0,0
2024-04-26T05:49:00,47,0,0,0
2024-04-26T06:05:12,47,0,0,0
2024-04-26T06:21:31,47,0,0,0
2024-04-26T06:37:43,47,0,0,0
2024-04-26T06:53:54,47,0,0,0
2024-04-26T07:10:06,47,0,0,0
2024-04-26T07:26:23,47,0,0,0
2024-04-26T07:42:33,47,0,0,0
2024-04-26T07:58:43,47,0,0,0
2024-04-26T08:14:55,47,0,0,0
2024-04-26T08:31:22,47,0,0,0
2024-04-26T08:47:32,47,0,0,0
2024-04-26T09:03:42,47,0,0,0
2024-04-26T09:19:53,47,0,0,0
2024-04-26T09:36:04,47,0,0,0
2024-04-26T09:52:15,47,0,0,0
2024-04-26T10:08:26,47,0,0,0
2024-04-26T10:24:37,47,0,0,0
2024-04-26T10:40:48,47,0,0,0
2024-04-26T10:56:58,47,0,0,0
2024-04-26T11:13:21,47,0,0,0
2024-04-26T11:29:31,47,0,0,0
2024-04-26T11:45:42,47,0,0,0
2024-04-26T12:01:52,47,0,0,0
2024-04-26T12:18:03,47,0,0,0
2024-04-26T12:34:14,47,0,0,0
2024-04-26T12:50:25,47,0,0,0
2024-04-26T13:06:48,47,0,0,0
2024-04-26T13:23:00,47,0,0,0
2024-04-26T13:39:11,47,0,0,0
2024-04-26T13:55:21,47,0,0,0
2024-04-26T14:11:32,47,0,0,0
2024-04-26T14:27:43,47,0,0,0
2024-04-26T14:43:53,47,0,0,0
2024-04-26T15:00:04,47,0,0,0
2024-04-26T15:16:29,47,0,0,0
2024-04-26T15:32:39,47,0,0,0
2024-04-26T15:48:49,47,0,0,0
2024-04-26T16:05:05,47,0,0,0
2024-04-26T16:21:15,47,0,0,0
2024-04-26T16:37:46,47,0,0,0
2024-04-26T16:53:57,47,0,0,0
2024-04-26T17:10:08,47,0,0,0
2024-04-26T17:26:23,47,0,0,0
2024-04-26T17:42:35,47,0,0,0
2024-04-26T17:58:46,47,0,0,0
2024-04-26T18:14:56,47,0,0,0
2024-04-26T18:31:07,47,0,0,0
2024-04-26T18:47:18,47,0,0,0
2024-04-26T19:03:28,47,0,0,0
2024-04-26T19:19:38,47,0,0,0
2024-04-26T19:35:58,47,0,0,0
2024-04-26T19:52:09,47,0,0,0
2024-04-26T20:08:22,47,0,0,0
2024-04-26T20:24:32,47,0,0,0
2024-04-26T20:40:42,47,0,0,0
2024-04-26T20:56:52,47,0,0,0
2024-04-26T21:13:02,47,0,0,0
2024-04-26T21:29:12,47,0,0,0
2024-04-27T00:06:31,47,0,0,0
2024-04-27T00:22:49,47,0,0,0
2024-04-27T00:39:07,47,0,0,0
2024-04-27T00:55:33,47,0,0,0
2024-04-27T01:11:44,47,0,0,0
2024-04-27T01:27:55,47,0,0,0
2024-04-27T01:44:08,47,0,0,0
2024-04-27T02:00:19,47,0,0,0
2024-04-27T02:16:30,47,0,0,0
2024-04-27T02:32:41,47,0,0,0
2024-04-27T02:48:50,47,0,0,0
2024-04-27T03:05:00,47,0,0,0
2024-04-27T03:21:11,47,0,0,0
2024-04-27T03:37:22,47,0,0,0
2024-04-27T03:53:35,47,0,0,0
2024-04-27T04:25:15,47,0,0,0
2024-04-27T04:41:27,47,0,0,0
2024-04-27T05:00:01,47,0,0,0
2024-04-27T05:16:13,47,0,0,0
2024-04-27T05:32:27,47,0,0,0
2024-04-27T05:48:39,47,0,0,0
2024-04-27T06:04:50,47,0,0,0
2024-04-27T06:21:02,47,0,0,0
2024-04-27T06:37:14,47,0,0,0
2024-04-27T06:53:25,47,0,0,0
2024-04-27T07:09:36,47,0,0,0
2024-04-27T07:25:56,47,0,0,0
2024-04-27T07:42:07,47,0,0,0
2024-04-27T07:58:18,47,0,0,0
2024-04-27T08:14:29,47,0,0,0
2024-04-27T08:30:39,47,0,0,0
2024-04-27T08:46:50,47,0,0,0
2024-04-27T09:03:00,47,0,0,0
2024-04-27T09:19:10,47,0,0,0
2024-04-27T09:35:20,47,0,0,0
2024-04-27T09:51:30,47,0,0,0
2024-04-27T10:07:39,47,0,0,0
2024-04-27T10:24:00,47,0,0,0
2024-04-27T10:40:10,47,0,0,0
2024-04-27T10:56:20,47,0,0,0
2024-04-27T11:12:30,47,0,0,0
2024-04-27T11:28:41,47,0,0,0
2024-04-27T11:44:52,47,0,0,0
2024-04-27T12:01:01,47,0,0,0
2024-04-27T12:17:10,47,0,0,0
2024-04-27T12:33:19,47,0,0,0
2024-04-27T12:49:27,47,0,0,0
2024-04-27T13:05:37,47,0,0,0
2024-04-27T13:21:46,47,0,0,0
2024-04-27T13:38:05,47,0,0,0
2024-04-27T13:54:14,47,0,0,0
2024-04-27T14:10:23,47,0,0,0
2024-04-27T14:26:32,47,0,0,0
2024-04-27T14:42:41,47,0,0,0
2024-04-27T14:58:50,47,0,0,0
2024-04-27T15:15:02,47,0,0,0
2024-04-27T15:31:11,47,0,0,0
2024-04-27T15:47:20,47,0,0,0
2024-04-27T16:03:28,47,0,0,0
2024-04-27T16:19:37,47,0,0,0
2024-04-27T16:35:56,47,0,0,0
2024-04-27T16:52:04,47,0,0,0
2024-04-27T17:08:14,47,0,0,0
2024-04-27T17:24:23,47,0,0,0
2024-04-27T17:40:32,47,0,0,0
2024-04-27T17:56:42,47,0,0,0
2024-04-27T18:12:50,47,0,0,0
2024-04-27T18:29:00,47,0,0,0
2024-04-27T18:45:09,47,0,0,0
2024-04-27T19:01:19,47,0,0,0
2024-04-27T19:17:28,47,0,0,0
2024-04-27T19:33:37,47,0,0,0
2024-04-27T19:49:47,47,0,0,0
2024-04-27T20:05:56,47,0,0,0
2024-04-27T20:22:05,47,0,0,0
2024-04-27T20:38:23,47,0,0,0
2024-04-27T20:54:32,47,0,0,0
2024-04-27T21:10:42,47,0,0,0
2024-04-27T21:26:51,47,0,0,0
2024-04-27T21:43:00,47,0,0,0
2024-04-27T21:59:11,47,0,0,0
2024-04-27T22:15:21,47,0,0,0
2024-04-27T22:31:30,47,0,0,0
2024-04-27T22:47:40,47,0,0,0
2024-04-27T23:03:49,47,0,0,0
2024-04-27T23:19:59,47,0,0,0
2024-04-27T23:36:08,47,0,0,0
2024-04-27T23:52:17,47,0,0,0
2024-04-28T00:08:36,47,0,0,0
2024-04-28T00:24:48,47,0,0,0
2024-04-28T00:40:55,47,0,0,0
2024-04-28T00:57:02,47,0,0,0
2024-04-28T01:13:10,47,0,0,0
2024-04-28T04:39:19,47,0,0,0
2024-04-28T04:55:37,47,0,0,0
2024-04-28T05:12:16,47,0,0,0
2024-04-28T05:28:29,47,0,0,0
2024-04-28T05:44:45,47,0,0,0
2024-04-28T06:01:03,47,0,0,0
2024-04-28T06:17:23,47,0,0,0
2024-04-28T06:33:37,47,0,0,0
2024-04-28T06:49:50,47,0,0,0
2024-04-28T07:06:03,47,0,0,0
2024-04-28T07:22:15,47,0,0,0
2024-04-28T07:38:29,47,0,0,0
2024-04-28T07:54:45,47,0,0,0
2024-04-28T08:11:07,47,0,0,0
2024-04-28T08:27:21,47,0,0,0
2024-04-28T08:43:40,47,0,0,0
2024-04-28T08:59:58,47,0,0,0
2024-04-28T09:16:17,47,0,0,0
2024-04-28T09:32:32,47,0,0,0
2024-04-28T09:48:52,47,0,0,0
2024-04-28T10:05:07,47,0,0,0
2024-04-28T10:21:26,47,0,0,0
2024-04-28T10:37:38,47,0,0,0
2024-04-28T10:53:48,47,0,0,0
2024-04-28T11:09:58,47,0,0,0
2024-04-28T11:26:07,47,0,0,0
2024-04-28T11:42:17,47,0,0,0
2024-04-28T11:58:27,47,0,0,0
2024-04-28T12:14:36,47,0,0,0
2024-04-28T12:30:55,47,0,0,0
2024-04-28T12:47:04,47,0,0,0
2024-04-28T13:03:14,47,0,0,0
2024-04-28T13:19:24,47,0,0,0
2024-04-28T13:35:34,47,0,0,0
2024-04-28T13:51:43,47,0,0,0
2024-04-28T14:07:52,47,0,0,0
2024-04-28T14:24:01,47,0,0,0
2024-04-28T14:40:10,47,0,0,0
2024-04-28T14:56:19,47,0,0,0
2024-04-28T15:12:29,47,0,0,0
2024-04-28T15:28:49,47,0,0,0
2024-04-28T15:44:59,47,0,0,0
2024-04-28T16:01:08,47,0,0,0
2024-04-28T16:17:18,47,0,0,0
2024-04-28T16:33:28,47,0,0,0
2024-04-28T16:49:38,47,0,0,0
2024-04-28T17:05:48,47,0,0,0
2024-04-28T17:21:58,47,0,0,0
2024-04-28T17:38:08,47,0,0,0
2024-04-28T17:54:17,47,0,0,0
2024-04-28T18:10:27,47,0,0,0
2024-04-28T18:26:38,47,0,0,0
2024-04-28T18:43:00,47,0,0,0
2024-04-28T18:59:11,47,0,0,0
2024-04-28T19:15:24,47,0,0,0
2024-04-28T19:31:35,47,0,0,0
2024-04-28T19:47:45,47,0,0,0
2024-04-28T20:03:54,47,0,0,0
2024-04-28T20:20:06,47,0,0,0
2024-04-28T20:36:16,47,0,0,0
2024-04-28T20:52:26,47,0,0,0
2024-04-28T21:08:35,47,0,0,0
2024-04-28T21:24:47,47,0,0,0
2024-04-28T21:41:00,47,0,0,0
2024-04-28T21:57:14,47,0,0,0
2024-04-28T22:13:35,47,0,0,0
2024-04-28T22:29:46,47,0,0,0
2024-04-28T22:45:56,47,0,0,0
2024-04-28T23:02:05,47,0,0,0
2024-04-28T23:18:17,47,0,0,0
2024-04-28T23:34:27,47,0,0,0
2024-04-28T23:50:38,47,0,0,0
2024-04-29T00:06:52,47,0,0,0
2024-04-29T00:23:11,47,0,0,0
2024-04-29T00:39:29,47,0,0,0
2024-04-29T00:55:46,47,0,0,0
2024-04-29T01:12:03,47,0,0,0
2024-04-29T01:28:16,47,0,0,0
2024-04-29T01:44:28,47,0,0,0
2024-04-29T02:00:39,47,0,0,0
2024-04-29T02:16:52,47,0,0,0
2024-04-29T02:33:11,47,0,0,0
2024-04-29T02:49:23,47,0,0,0
2024-04-29T03:05:34,47,0,0,0
2024-04-29T03:21:46,47,0,0,0
2024-04-29T03:37:59,47,0,0,0
2024-04-29T03:54:12,47,0,0,0
2024-04-29T04:10:24,47,0,0,0
2024-04-29T04:32:38,47,0,0,0
2024-04-29T04:50:03,47,0,0,0
2024-04-29T05:06:35,47,0,0,0
2024-04-29T05:22:49,47,0,0,0
2024-04-29T05:39:02,47,0,0,0
2024-04-29T05:55:17,47,0,0,0
2024-04-29T06:11:29,47,0,0,0
2024-04-29T06:27:44,47,0,0,0
2024-04-29T06:43:54,47,0,0,0
2024-04-29T07:00:03,47,0,0,0
2024-04-29T07:16:14,47,0,0,0
2024-04-29T07:32:22,47,0,0,0
2024-04-29T07:48:32,47,0,0,0
2024-04-29T08:04:42,47,0,0,0
2024-04-29T08:20:53,47,0,0,0
2024-04-29T08:37:03,47,0,0,0
2024-04-29T08:53:14,47,0,0,0
2024-04-29T09:09:27,47,0,0,0
2024-04-29T09:25:48,47,0,0,0
2024-04-29T09:41:58,47,0,0,0
2024-04-29T09:58:09,47,0,0,0
2024-04-29T10:14:19,47,0,0,0
2024-04-29T10:30:30,47,0,0,0
2024-04-29T10:46:40,47,0,0,0
2024-04-29T11:02:50,47,0,0,0
2024-04-29T11:19:00,47,0,0,0
2024-04-29T11:35:26,47,0,0,0
2024-04-29T11:51:35,47,0,0,0
2024-04-29T12:07:45,47,0,0,0
2024-04-29T12:23:58,47,0,0,0
2024-04-29T12:40:18,47,0,0,0
2024-04-29T12:56:28,47,0,0,0
2024-04-29T13:12:38,47,0,0,0
2024-04-29T13:28:48,47,0,0,0
2024-04-29T13:44:57,47,0,0,0
2024-04-29T14:01:19,47,0,0,0
2024-04-29T14:17:29,47,0,0,0
2024-04-29T14:33:38,47,0,0,0
2024-04-29T14:49:49,47,0,0,0
2024-04-29T15:05:59,47,0,0,0
2024-04-29T15:22:21,47,0,0,0
2024-04-29T15:38:31,47,0,0,0
2024-04-29T15:54:42,47,0,0,0
2024-04-29T16:10:51,47,0,0,0
2024-04-29T16:27:01,47,0,0,0
2024-04-29T16:43:10,47,0,0,0
2024-04-29T16:59:20,47,0,0,0
2024-04-29T17:15:34,47,0,0,0
2024-04-29T17:32:05,47,0,0,0
2024-04-29T17:48:16,47,0,0,0
2024-04-29T18:04:26,47,0,0,0
2024-04-29T18:20:36,47,0,0,0
2024-04-29T18:36:46,47,0,0,0
2024-04-29T18:52:57,47,0,0,0
2024-04-29T19:09:08,47,0,0,0
2024-04-29T19:25:18,47,0,0,0
2024-04-29T19:41:28,47,0,0,0
2024-04-29T19:57:38,47,0,0,0
2024-04-29T20:13:57,47,0,0,0
2024-04-29T20:30:20,47,0,0,0
2024-04-29T20:46:30,47,0,0,0
2024-04-29T21:02:39,47,0,0,0
2024-04-29T21:18:53,47,0,0,0
2024-04-29T21:35:05,47,0,0,0
2024-04-29T21:51:16,47,0,0,0
2024-04-29T22:07:28,47,0,0,0
2024-04-29T22:23:39,47,0,0,0
2024-04-29T22:39:49,47,0,0,0
2024-04-29T22:56:00,47,0,0,0
2024-04-29T23:12:11,47,0,0,0
2024-04-29T23:28:22,47,0,0,0
2024-04-29T23:44:42,47,0,0,0
2024-04-30T00:00:53,47,0,0,0
2024-04-30T00:17:13,47,0,0,0
2024-04-30T00:33:32,47,0,0,0
2024-04-30T00:49:49,47,0,0,0
2024-04-30T01:06:02,47,0,0,0
2024-04-30T01:22:15,47,0,0,0
2024-04-30T01:38:27,47,0,0,0
2024-04-30T01:54:40,47,0,0,0
2024-04-30T02:10:51,47,0,0,0
2024-04-30T02:27:03,47,0,0,0
2024-04-30T02:43:13,47,0,0,0
2024-04-30T02:59:34,47,0,0,0
2024-04-30T03:15:47,47,0,0,0
2024-04-30T03:32:00,47,0,0,0
2024-04-30T03:48:16,47,0,0,0
2024-04-30T04:04:31,47,0,0,0
2024-04-30T10:08:33,47,0,0,0
2024-05-01T14:39:57,47,0,0,0
2024-05-02T12:56:35,47,0,0,0
2024-05-02T13:12:45,47,0,0,0
2024-05-02T13:29:04,47,0,0,0
2024-05-02T13:45:15,47,0,0,0
2024-05-02T14:01:24,47,0,0,0
2024-05-02T14:17:36,47,0,0,0
2024-05-02T14:33:46,47,0,0,0
2024-05-02T14:49:54,47,0,0,0
2024-05-02T15:06:03,47,0,0,0
2024-05-02T15:22:25,47,0,0,0
2024-05-02T15:38:33,47,0,0,0
2024-05-02T15:54:41,47,0,0,0
2024-05-02T16:10:49,47,0,0,0
2024-05-02T16:26:58,47,0,0,0
2024-05-02T16:43:17,47,0,0,0
2024-05-02T16:59:25,47,0,0,0
2024-05-02T17:15:36,47,0,0,0
2024-05-02T17:31:47,47,0,0,0
2024-05-02T17:47:57,47,0,0,0
2024-05-02T18:04:05,47,0,0,0
2024-05-02T18:20:14,47,0,0,0
2024-05-02T18:36:32,47,0,0,0
2024-05-02T18:52:40,47,0,0,0
2024-05-02T19:08:49,47,0,0,0
2024-05-02T19:24:58,47,0,0,0
2024-05-02T19:41:07,47,0,0,0
2024-05-02T19:57:18,47,0,0,0
2024-05-02T20:13:27,47,0,0,0
2024-05-02T20:29:39,47,0,0,0
2024-05-02T20:45:48,47,0,0,0
2024-05-02T21:02:04,47,0,0,0
2024-05-02T21:18:14,47,0,0,0
2024-05-02T21:34:23,47,0,0,0
2024-05-02T21:50:32,47,0,0,0
2024-05-02T22:06:39,47,0,0,0
2024-05-02T22:22:47,47,0,0,0
2024-05-02T22:38:54,47,0,0,0
2024-05-02T22:55:02,47,0,0,0
2024-05-02T23:11:11,47,0,0,0
2024-05-02T23:27:32,47,0,0,0
2024-05-02T23:43:43,47,0,0,0
2024-05-02T23:59:53,47,0,0,0
2024-05-03T00:16:06,47,0,0,0
2024-05-03T00:32:18,47,0,0,0
2024-05-03T00:48:29,47,0,0,0
2024-05-03T01:04:42,47,0,0,0
2024-05-03T01:20:56,47,0,0,0
2024-05-03T01:37:08,47,0,0,0
2024-05-03T01:53:20,47,0,0,0
2024-05-03T02:09:49,47,0,0,0
2024-05-03T02:26:00,47,0,0,0
2024-05-03T02:42:10,47,0,0,0
2024-05-03T02:58:21,47,0,0,0
2024-05-03T03:14:31,47,0,0,0
2024-05-03T03:30:44,47,0,0,0
2024-05-03T03:47:10,47,0,0,0
2024-05-03T04:03:21,47,0,0,0
2024-05-03T04:28:46,47,0,0,0
2024-05-03T04:44:59,47,0,0,0
2024-05-03T05:01:10,47,0,0,0
2024-05-03T05:17:28,47,0,0,0
2024-05-03T05:35:34,47,0,0,0
2024-05-03T05:51:47,47,0,0,0
2024-05-03T06:08:00,47,0,0,0
2024-05-03T06:24:12,47,0,0,0
2024-05-03T06:40:25,47,0,0,0
2024-05-03T06:56:37,47,0,0,0
2024-05-03T07:12:51,47,0,0,0
2024-05-03T07:29:04,47,0,0,0
2024-05-03T07:45:16,47,0,0,0
2024-05-03T08:01:28,47,0,0,0
2024-05-03T08:17:49,47,0,0,0
2024-05-03T08:33:59,47,0,0,0
2024-05-03T08:50:10,47,0,0,0
2024-05-03T09:06:23,47,0,0,0
2024-05-03T09:22:34,47,0,0,0
2024-05-03T09:38:51,47,0,0,0
2024-05-03T09:55:03,47,0,0,0
2024-05-03T10:11:13,47,0,0,0
2024-05-03T10:27:26,47,0,0,0
2024-05-03T10:43:48,47,0,0,0
2024-05-03T10:59:58,47,0,0,0
2024-05-03T11:16:10,47,0,0,0
2024-05-03T11:32:25,47,0,0,0
2024-05-03T11:48:36,47,0,0,0
2024-05-03T12:04:47,47,0,0,0
2024-05-03T12:21:08,47,0,0,0
2024-05-03T12:37:20,47,0,0,0
2024-05-03T12:53:30,47,0,0,0
2024-05-03T13:09:40,47,0,0,0
2024-05-03T13:25:50,47,0,0,0
2024-05-03T13:42:00,47,0,0,0
2024-05-03T13:58:10,47,0,0,0
2024-05-03T14:14:21,47,0,0,0
2024-05-03T14:30:31,47,0,0,0
2024-05-03T14:46:52,47,0,0,0
2024-05-03T15:03:02,47,0,0,0
2024-05-03T15:19:13,47,0,0,0
2024-05-03T15:35:23,47,0,0,0
2024-05-03T15:51:33,47,0,0,0
2024-05-03T16:07:43,47,0,0,0
2024-05-03T16:24:03,47,0,0,0
2024-05-03T16:40:13,47,0,0,0
2024-05-03T16:56:24,47,0,0,0
2024-05-03T17:12:38,47,0,0,0
2024-05-03T17:28:49,47,0,0,0
2024-05-03T17:45:01,47,0,0,0
2024-05-03T18:01:13,47,0,0,0
2024-05-03T18:17:24,47,0,0,0
2024-05-03T18:33:35,47,0,0,0
2024-05-03T18:49:54,47,0,0,0
2024-05-03T19:06:05,47,0,0,0
2024-05-03T19:22:15,47,0,0,0
2024-05-03T19:38:26,47,0,0,0
2024-05-03T19:54:36,47,0,0,0
2024-05-03T20:10:56,47,0,0,0
2024-05-03T20:27:07,47,0,0,0
2024-05-03T20:43:18,47,0,0,0
2024-05-03T20:59:29,47,0,0,0
2024-05-03T21:15:40,47,0,0,0
2024-05-03T21:31:51,47,0,0,0
2024-05-03T21:48:12,47,0,0,0
2024-05-03T22:04:23,47,0,0,0
2024-05-03T22:20:33,47,0,0,0
2024-05-03T22:36:43,47,0,0,0
2024-05-03T22:52:54,47,0,0,0
2024-05-03T23:09:06,47,0,0,0
2024-05-03T23:25:18,47,0,0,0
2024-05-03T23:41:35,47,0,0,0
2024-05-03T23:57:46,47,0,0,0
2024-05-04T00:14:00,47,0,0,0
2024-05-04T00:30:22,47,0,0,0
2024-05-04T00:46:48,47,0,0,0
2024-05-04T01:03:01,47,0,0,0
2024-05-04T01:19:14,47,0,0,0
2024-05-04T01:35:25,47,0,0,0
2024-05-04T01:51:37,47,0,0,0
2024-05-04T02:07:55,47,0,0,0
2024-05-04T02:24:06,47,0,0,0
2024-05-04T02:40:16,47,0,0,0
2024-05-04T02:56:27,47,0,0,0
2024-05-04T03:12:44,47,0,0,0
2024-05-04T03:28:58,47,0,0,0
2024-05-04T03:45:12,47,0,0,0
2024-05-04T04:01:26,47,0,0,0
2024-05-04T04:27:24,47,0,0,0
2024-05-04T04:44:52,47,0,0,0
2024-05-04T05:01:24,47,0,0,0
2024-05-04T05:17:39,47,0,0,0
2024-05-04T05:33:54,47,0,0,0
2024-05-04T05:50:07,47,0,0,0
2024-05-04T06:06:20,47,0,0,0
2024-05-04T06:22:35,47,0,0,0
2024-05-04T06:38:47,47,0,0,0
2024-05-04T06:55:16,47,0,0,0
2024-05-04T07:11:30,47,0,0,0
2024-05-04T07:27:43,47,0,0,0
2024-05-04T07:43:55,47,0,0,0
2024-05-04T08:00:06,47,0,0,0
2024-05-04T08:16:18,47,0,0,0
2024-05-04T08:32:29,47,0,0,0
2024-05-04T08:48:39,47,0,0,0
2024-05-04T09:04:52,47,0,0,0
2024-05-04T09:21:04,47,0,0,0
2024-05-04T09:37:15,47,0,0,0
2024-05-04T09:53:27,47,0,0,0
2024-05-04T10:10:00,47,0,0,0
2024-05-04T10:26:12,47,0,0,0
2024-05-04T10:42:24,47,0,0,0
2024-05-04T10:58:35,47,0,0,0
2024-05-04T11:14:47,47,0,0,0
2024-05-04T11:30:57,47,0,0,0
2024-05-04T11:47:07,47,0,0,0
2024-05-04T12:03:17,47,0,0,0
2024-05-04T12:19:27,47,0,0,0
2024-05-04T12:35:37,47,0,0,0
2024-05-04T12:52:07,47,0,0,0
2024-05-04T13:08:17,47,0,0,0
2024-05-04T13:24:27,47,0,0,0
2024-05-04T13:40:37,47,0,0,0
2024-05-04T13:56:49,47,0,0,0
2024-05-04T14:12:58,47,0,0,0
2024-05-04T14:29:08,47,0,0,0
2024-05-04T14:45:18,47,0,0,0
2024-05-04T15:01:27,47,0,0,0
2024-05-04T15:17:37,47,0,0,0
2024-05-04T15:33:48,47,0,0,0
2024-05-04T15:50:08,47,0,0,0
2024-05-04T16:06:22,47,0,0,0
2024-05-04T16:22:32,47,0,0,0
2024-05-04T16:38:42,47,0,0,0
2024-05-04T16:54:54,47,0,0,0
2024-05-04T17:11:06,47,0,0,0
2024-05-04T17:27:17,47,0,0,0
2024-05-04T17:43:26,47,0,0,0
2024-05-04T17:59:37,47,0,0,0
2024-05-04T18:15:47,47,0,0,0
2024-05-04T18:31:58,47,0,0,0
2024-05-04T18:48:08,47,0,0,0
2024-05-04T19:04:34,47,0,0,0
2024-05-04T19:20:45,47,0,0,0
2024-05-04T19:36:54,47,0,0,0
2024-05-04T19:53:04,47,0,0,0
2024-05-04T20:09:15,47,0,0,0
2024-05-04T20:25:25,47,0,0,0
2024-05-04T20:41:35,47,0,0,0
2024-05-04T20:57:46,47,0,0,0
2024-05-04T21:13:58,47,0,0,0
2024-05-04T21:30:09,47,0,0,0
2024-05-04T21:46:19,47,0,0,0
2024-05-04T22:02:31,47,0,0,0
2024-05-04T22:18:50,47,0,0,0
2024-05-04T22:35:02,47,0,0,0
2024-05-04T22:51:13,47,0,0,0
2024-05-04T23:07:24,47,0,0,0
2024-05-04T23:23:35,47,0,0,0
2024-05-04T23:39:45,47,0,0,0
2024-05-04T23:55:55,47,0,0,0
2024-05-05T00:12:09,47,0,0,0
2024-05-05T00:28:29,47,0,0,0
2024-05-05T00:44:43,47,0,0,0
2024-05-05T01:00:54,47,0,0,0
2024-05-05T01:17:09,47,0,0,0
2024-05-05T01:33:41,47,0,0,0
2024-05-05T01:49:55,47,0,0,0
2024-05-05T02:06:08,47,0,0,0
2024-05-05T02:22:22,47,0,0,0
2024-05-05T02:39:02,47,0,0,0
2024-05-05T02:55:16,47,0,0,0
2024-05-05T03:11:31,47,0,0,0
2024-05-05T03:27:46,47,0,0,0
2024-05-05T03:43:58,47,0,0,0
2024-05-05T04:00:10,47,0,0,0
2024-05-05T04:24:47,47,0,0,0
2024-05-05T04:41:05,47,0,0,0
2024-05-05T04:57:18,47,0,0,0
2024-05-05T05:13:33,47,0,0,0
2024-05-05T05:29:46,47,0,0,0
2024-05-05T05:46:00,47,0,0,0
2024-05-05T06:02:12,47,0,0,0
2024-05-05T06:18:26,47,0,0,0
2024-05-05T06:34:37,47,0,0,0
2024-05-05T06:50:47,47,0,0,0
2024-05-05T07:06:58,47,0,0,0
2024-05-05T07:23:13,47,0,0,0
2024-05-05T07:39:27,47,0,0,0
2024-05-05T07:55:41,47,0,0,0
2024-05-05T08:12:01,47,0,0,0
2024-05-05T08:28:14,47,0,0,0
2024-05-05T08:44:27,47,0,0,0
2024-05-05T09:00:42,47,0,0,0
2024-05-05T09:16:57,47,0,0,0
2024-05-05T09:33:13,47,0,0,0
2024-05-05T09:49:25,47,0,0,0
2024-05-05T10:05:38,47,0,0,0
2024-05-05T10:21:51,47,0,0,0
2024-05-05T10:38:03,47,0,0,0
2024-05-05T10:54:14,47,0,0,0
2024-05-05T11:10:24,47,0,0,0
2024-05-05T11:26:34,47,0,0,0
2024-05-05T11:42:46,47,0,0,0
2024-05-05T11:59:07,47,0,0,0
2024-05-05T12:15:18,47,0,0,0
2024-05-05T12:31:28,47,0,0,0
2024-05-05T12:47:38,47,0,0,0
2024-05-05T13:03:50,47,0,0,0
2024-05-05T13:20:01,47,0,0,0
2024-05-05T13:36:12,47,0,0,0
2024-05-05T13:52:26,47,0,0,0
2024-05-05T14:08:38,47,0,0,0
2024-05-05T14:25:01,47,0,0,0
2024-05-05T14:41:12,47,0,0,0
2024-05-05T14:57:25,47,0,0,0
2024-05-05T15:13:39,47,0,0,0
2024-05-05T15:29:49,47,0,0,0
2024-05-05T15:45:59,47,0,0,0
2024-05-05T16:02:10,47,0,0,0
2024-05-05T16:18:22,47,0,0,0
2024-05-05T16:34:43,47,0,0,0
2024-05-05T16:50:54,47,0,0,0
2024-05-05T17:07:04,47,0,0,0
2024-05-05T17:23:15,47,0,0,0
2024-05-05T17:39:25,47,0,0,0
2024-05-05T17:55:36,47,0,0,0
2024-05-05T18:11:47,47,0,0,0
2024-05-05T18:28:01,47,0,0,0
2024-05-05T18:44:12,47,0,0,0
2024-05-05T19:00:25,47,0,0,0
2024-05-05T19:16:50,47,0,0,0
2024-05-05T19:33:04,47,0,0,0
2024-05-05T19:49:15,47,0,0,0
2024-05-05T20:05:28,47,0,0,0
2024-05-05T20:21:38,47,0,0,0
2024-05-05T20:37:48,47,0,0,0
2024-05-05T20:53:58,47,0,0,0
2024-05-05T21:10:09,47,0,0,0
2024-05-05T21:26:25,47,0,0,0
2024-05-05T21:42:37,47,0,0,0
2024-05-05T21:58:49,47,0,0,0
2024-05-05T22:15:10,47,0,0,0
2024-05-05T22:31:22,47,0,0,0
2024-05-05T22:47:33,47,0,0,0
2024-05-05T23:03:44,47,0,0,0
2024-05-05T23:19:56,47,0,0,0
2024-05-05T23:36:10,47,0,0,0
2024-05-05T23:52:22,47,0,0,0
2024-05-06T00:08:37,47,0,0,0
2024-05-06T00:24:52,47,0,0,0
2024-05-06T00:41:11,47,0,0,0
2024-05-06T00:57:27,47,0,0,0
2024-05-06T01:13:40,47,0,0,0
2024-05-06T01:30:06,47,0,0,0
2024-05-06T01:46:31,47,0,0,0
2024-05-06T02:02:44,47,0,0,0
2024-05-06T02:19:05,47,0,0,0
2024-05-06T02:35:18,47,0,0,0
2024-05-06T02:51:29,47,0,0,0
2024-05-06T03:07:45,47,0,0,0
2024-05-06T03:24:03,47,0,0,0
2024-05-06T03:40:19,47,0,0,0
2024-05-06T03:56:32,47,0,0,0
2024-05-06T04:36:22,47,0,0,0
2024-05-06T04:54:00,47,0,0,0
2024-05-06T05:10:18,47,0,0,0
2024-05-06T05:26:36,47,0,0,0
2024-05-06T05:42:51,47,0,0,0
2024-05-06T05:59:03,47,0,0,0
2024-05-06T06:15:16,47,0,0,0
2024-05-06T06:31:30,47,0,0,0
2024-05-06T06:47:41,47,0,0,0
2024-05-06T07:03:56,47,0,0,0
2024-05-06T07:20:10,47,0,0,0
2024-05-06T07:36:20,47,0,0,0
2024-05-06T07:52:31,47,0,0,0
2024-05-06T08:08:57,47,0,0,0
2024-05-06T08:25:08,47,0,0,0
2024-05-06T08:41:22,47,0,0,0
2024-05-06T08:57:34,47,0,0,0
2024-05-06T09:13:46,47,0,0,0
2024-05-06T09:29:57,47,0,0,0
2024-05-06T09:46:13,47,0,0,0
2024-05-06T10:02:24,47,0,0,0
2024-05-06T10:18:36,47,0,0,0
2024-05-06T10:34:47,47,0,0,0
2024-05-06T10:50:58,47,0,0,0
2024-05-06T11:07:18,47,0,0,0
2024-05-06T11:23:29,47,0,0,0
2024-05-06T11:39:39,47,0,0,0
2024-05-06T11:55:50,47,0,0,0
2024-05-06T12:12:03,47,0,0,0
2024-05-06T12:28:15,47,0,0,0
2024-05-06T12:44:28,47,0,0,0
2024-05-06T13:00:49,47,0,0,0
2024-05-06T13:17:00,47,0,0,0
2024-05-06T13:33:10,47,0,0,0
2024-05-06T13:49:24,47,0,0,0
2024-05-06T14:05:41,47,0,0,0
2024-05-06T14:21:52,47,0,0,0
2024-05-06T14:38:03,47,0,0,0
2024-05-06T14:54:14,47,0,0,0
2024-05-06T15:10:24,47,0,0,0
2024-05-06T15:26:49,47,0,0,0
2024-05-06T15:43:01,47,0,0,0
2024-05-06T15:59:13,47,0,0,0
2024-05-06T16:15:26,47,0,0,0
2024-05-06T16:31:37,47,0,0,0
2024-05-06T16:47:48,47,0,0,0
2024-05-06T17:03:58,47,0,0,0
2024-05-06T17:20:21,47,0,0,0
2024-05-06T17:36:34,47,0,0,0
2024-05-06T17:52:45,47,0,0,0
2024-05-06T18:08:57,47,0,0,0
2024-05-06T18:25:08,47,0,0,0
2024-05-06T18:41:18,47,0,0,0
2024-05-06T18:57:29,47,0,0,0
2024-05-06T19:13:39,47,0,0,0
2024-05-06T19:29:50,47,0,0,0
2024-05-06T19:46:11,47,0,0,0
2024-05-06T20:02:22,47,0,0,0
2024-05-06T20:18:33,47,0,0,0
2024-05-06T20:34:44,47,0,0,0
2024-05-06T20:50:54,47,0,0,0
2024-05-06T21:07:05,47,0,0,0
2024-05-06T21:23:16,47,0,0,0
2024-05-06T21:39:27,47,0,0,0
2024-05-06T21:55:39,47,0,0,0
2024-05-06T22:11:50,47,0,0,0
2024-05-06T22:28:10,47,0,0,0
2024-05-06T22:44:20,47,0,0,0
2024-05-06T23:00:32,47,0,0,0
2024-05-06T23:16:44,47,0,0,0
2024-05-06T23:32:55,47,0,0,0
2024-05-06T23:49:06,47,0,0,0
2024-05-07T00:05:20,47,0,0,0
2024-05-07T00:21:35,47,0,0,0
2024-05-07T00:37:54,47,0,0,0
2024-05-07T00:54:09,47,0,0,0
2024-05-07T01:10:22,47,0,0,0
2024-05-07T01:26:35,47,0,0,0
2024-05-07T01:42:49,47,0,0,0
2024-05-07T01:59:10,47,0,0,0
2024-05-07T02:15:21,47,0,0,0
2024-05-07T02:31:33,47,0,0,0
2024-05-07T02:47:43,47,0,0,0
2024-05-07T03:04:02,47,0,0,0
2024-05-07T03:20:15,47,0,0,0
2024-05-07T03:36:27,47,0,0,0
2024-05-07T03:52:40,47,0,0,0
2024-05-07T04:24:25,47,0,0,0
2024-05-07T04:42:10,47,0,0,0
2024-05-07T04:58:23,47,0,0,0
2024-05-07T05:14:45,47,0,0,0
2024-05-07T05:31:00,47,0,0,0
2024-05-07T05:47:14,47,0,0,0
2024-05-07T06:03:29,47,0,0,0
2024-05-07T06:19:42,47,0,0,0
2024-05-07T06:35:54,47,0,0,0
2024-05-07T06:52:06,47,0,0,0
2024-05-07T07:08:21,47,0,0,0
2024-05-07T07:24:34,47,0,0,0
2024-05-07T07:40:46,47,0,0,0
2024-05-07T07:56:57,47,0,0,0
2024-05-07T08:13:11,47,0,0,0
2024-05-07T08:29:24,47,0,0,0
2024-05-07T08:45:35,47,0,0,0
2024-05-07T09:01:55,47,0,0,0
2024-05-07T09:18:07,47,0,0,0
2024-05-07T09:34:20,47,0,0,0
2024-05-07T09:50:32,47,0,0,0
2024-05-07T10:06:44,47,0,0,0
2024-05-07T10:22:58,47,0,0,0
2024-05-07T10:39:09,47,0,0,0
2024-05-07T10:55:21,47,0,0,0
2024-05-07T11:11:39,47,0,0,0
2024-05-07T11:28:01,47,0,0,0
2024-05-07T11:44:12,47,0,0,0
2024-05-07T12:00:25,47,0,0,0
2024-05-07T12:16:37,47,0,0,0
2024-05-07T12:32:48,47,0,0,0
2024-05-07T12:48:59,47,0,0,0
2024-05-07T13:05:19,47,0,0,0
2024-05-07T13:21:30,47,0,0,0
2024-05-07T13:37:41,47,0,0,0
2024-05-07T13:53:52,47,0,0,0
2024-05-07T14:10:03,47,0,0,0
2024-05-07T14:26:13,47,0,0,0
2024-05-07T14:42:23,47,0,0,0
2024-05-07T14:58:34,47,0,0,0
2024-05-07T15:14:54,47,0,0,0
2024-05-07T15:31:05,47,0,0,0
2024-05-07T15:47:15,47,0,0,0
2024-05-07T16:03:26,47,0,0,0
2024-05-07T16:19:36,47,0,0,0
2024-05-07T16:35:47,47,0,0,0
2024-05-07T16:52:08,47,0,0,0
2024-05-07T17:08:18,47,0,0,0
2024-05-07T17:24:31,47,0,0,0
2024-05-07T17:40:43,47,0,0,0
2024-05-07T17:56:53,47,0,0,0
2024-05-07T18:13:03,47,0,0,0
2024-05-07T18:29:15,47,0,0,0
2024-05-07T18:45:25,47,0,0,0
2024-05-07T19:01:37,47,0,0,0
2024-05-07T19:17:57,47,0,0,0
2024-05-07T19:34:07,47,0,0,0
2024-05-07T19:50:17,47,0,0,0
2024-05-07T20:06:34,47,0,0,0
2024-05-07T20:22:45,47,0,0,0
2024-05-07T20:38:56,47,0,0,0
2024-05-07T20:55:06,47,0,0,0
2024-05-07T21:11:16,47,0,0,0
2024-05-07T21:27:29,47,0,0,0
2024-05-07T21:43:40,47,0,0,0
2024-05-07T21:59:59,47,0,0,0
2024-05-07T22:16:10,47,0,0,0
2024-05-07T22:32:21,47,0,0,0
2024-05-07T22:48:32,47,0,0,0
2024-05-07T23:04:42,47,0,0,0
2024-05-07T23:20:54,47,0,0,0
2024-05-07T23:37:06,47,0,0,0
2024-05-07T23:53:17,47,0,0,0
2024-05-08T00:09:33,47,0,0,0
2024-05-08T00:25:48,47,0,0,0
2024-05-08T00:42:07,47,0,0,0
2024-05-08T00:58:25,47,0,0,0
2024-05-08T01:14:40,47,0,0,0
2024-05-08T01:30:54,47,0,0,0
2024-05-08T01:47:17,47,0,0,0
2024-05-08T02:03:29,47,0,0,0
2024-05-08T02:19:39,47,0,0,0
2024-05-08T02:35:51,47,0,0,0
2024-05-08T02:52:01,47,0,0,0
2024-05-08T03:08:11,47,0,0,0
2024-05-08T03:24:22,47,0,0,0
2024-05-08T03:40:32,47,0,0,0
2024-05-08T03:56:41,47,0,0,0
2024-05-08T04:25:47,47,0,0,0
2024-05-08T04:41:59,47,0,0,0
2024-05-08T04:58:11,47,0,0,0
2024-05-08T05:14:27,47,0,0,0
2024-05-08T05:30:46,47,0,0,0
2024-05-08T05:47:01,47,0,0,0
2024-05-08T06:03:14,47,0,0,0
2024-05-08T06:19:26,47,0,0,0
2024-05-08T06:35:37,47,0,0,0
2024-05-08T06:51:49,47,0,0,0
2024-05-08T07:08:03,47,0,0,0
2024-05-08T07:24:17,47,0,0,0
2024-05-08T07:40:32,47,0,0,0
2024-05-08T07:56:44,47,0,0,0
2024-05-08T08:12:57,47,0,0,0
2024-05-08T08:29:11,47,0,0,0
2024-05-08T08:45:23,47,0,0,0
2024-05-08T09:29:51,47,0,0,0
2024-05-08T09:46:03,47,0,0,0
2024-05-08T10:02:15,47,0,0,0
2024-05-08T10:18:26,47,0,0,0
2024-05-08T10:34:37,47,0,0,0
2024-05-08T10:50:47,47,0,0,0
2024-05-08T11:06:57,47,0,0,0
2024-05-08T11:23:08,47,0,0,0
2024-05-08T11:39:23,47,0,0,0
2024-05-08T11:55:46,47,0,0,0
2024-05-08T12:11:55,47,0,0,0
2024-05-08T12:28:03,47,0,0,0
2024-05-08T12:44:11,47,0,0,0
2024-05-08T13:00:21,47,0,0,0
2024-05-08T13:16:32,47,0,0,0
2024-05-08T13:32:46,47,0,0,0
2024-05-08T13:49:05,47,0,0,0
2024-05-08T14:05:13,47,0,0,0
2024-05-08T14:21:22,47,0,0,0
2024-05-08T14:37:31,47,0,0,0
2024-05-08T14:53:40,47,0,0,0
2024-05-08T15:09:52,47,0,0,0
2024-05-08T15:26:04,47,0,0,0
2024-05-08T15:42:24,47,0,0,0
2024-05-08T15:58:33,47,0,0,0
2024-05-08T16:14:44,47,0,0,0
2024-05-08T16:30:53,47,0,0,0
2024-05-08T16:47:03,47,0,0,0
2024-05-08T17:03:15,47,0,0,0
2024-05-08T17:19:28,47,0,0,0
2024-05-08T17:35:37,47,0,0,0
2024-05-08T17:51:58,47,0,0,0
2024-05-08T18:08:08,47,0,0,0
2024-05-08T18:24:18,47,0,0,0
2024-05-08T18:40:27,47,0,0,0
2024-05-08T18:56:39,47,0,0,0
2024-05-08T19:12:49,47,0,0,0
2024-05-08T19:29:00,47,0,0,0
2024-05-08T19:45:10,47,0,0,0
2024-05-08T20:01:27,47,0,0,0
2024-05-08T20:17:37,47,0,0,0
2024-05-08T20:33:56,47,0,0,0
2024-05-08T20:50:05,47,0,0,0
2024-05-08T21:06:14,47,0,0,0
2024-05-08T21:22:27,47,0,0,0
2024-05-08T21:38:38,47,0,0,0
2024-05-08T21:54:52,47,0,0,0
2024-05-08T22:11:00,47,0,0,0
2024-05-08T22:27:06,47,0,0,0
2024-05-08T22:43:12,47,0,0,0
2024-05-08T22:59:18,47,0,0,0
2024-05-08T23:15:26,47,0,0,0
2024-05-08T23:31:42,47,0,0,0
2024-05-08T23:47:48,47,0,0,0
2024-05-09T00:03:59,47,0,0,0
2024-05-09T00:20:11,47,0,0,0
2024-05-09T00:36:21,47,0,0,0
2024-05-09T00:52:40,47,0,0,0
2024-05-09T01:08:54,47,0,0,0
2024-05-09T01:25:07,47,0,0,0
2024-05-09T01:41:26,47,0,0,0
2024-05-09T01:57:40,47,0,0,0
2024-05-09T02:13:53,47,0,0,0
2024-05-09T02:30:05,47,0,0,0
2024-05-09T02:46:17,47,0,0,0
2024-05-09T03:02:39,47,0,0,0
2024-05-09T03:18:51,47,0,0,0
2024-05-09T03:35:02,47,0,0,0
2024-05-09T03:51:14,47,0,0,0
2024-05-09T04:07:28,47,0,0,0
2024-05-09T04:32:34,47,0,0,0
2024-05-09T04:48:48,47,0,0,0
2024-05-09T05:05:02,47,0,0,0
2024-05-09T05:21:26,47,0,0,0
2024-05-09T05:37:40,47,0,0,0
2024-05-09T05:53:55,47,0,0,0
2024-05-09T06:10:07,47,0,0,0
2024-05-09T06:26:24,47,0,0,0
2024-05-09T06:42:38,47,0,0,0
2024-05-09T06:58:53,47,0,0,0
2024-05-09T07:15:11,47,0,0,0
2024-05-09T07:31:25,47,0,0,0
2024-05-09T07:47:38,47,0,0,0
2024-05-09T08:03:50,47,0,0,0
2024-05-09T08:20:05,47,0,0,0
2024-05-09T08:36:18,47,0,0,0
2024-05-09T08:52:42,47,0,0,0
2024-05-09T09:08:57,47,0,0,0
2024-05-09T09:25:09,47,0,0,0
2024-05-09T09:41:20,47,0,0,0
2024-05-09T09:57:34,47,0,0,0
2024-05-09T10:13:47,47,0,0,0
2024-05-09T10:29:59,47,0,0,0
2024-05-09T10:46:11,47,0,0,0
2024-05-09T11:02:23,47,0,0,0
2024-05-09T11:18:35,47,0,0,0
2024-05-09T11:34:48,47,0,0,0
2024-05-09T11:51:10,47,0,0,0
2024-05-09T12:07:23,47,0,0,0
2024-05-09T12:23:38,47,0,0,0
2024-05-09T12:39:50,47,0,0,0
2024-05-09T12:56:02,47,0,0,0
2024-05-09T13:12:14,47,0,0,0
2024-05-09T13:28:37,47,0,0,0
2024-05-09T13:44:49,47,0,0,0
2024-05-09T14:01:01,47,0,0,0
2024-05-09T14:17:14,47,0,0,0
2024-05-09T14:38:06,47,0,0,0
2024-05-09T14:54:19,47,0,0,0
2024-05-09T15:10:33,47,0,0,0
2024-05-09T15:27:00,47,0,0,0
2024-05-09T15:43:12,47,0,0,0
2024-05-09T15:59:24,47,0,0,0
2024-05-09T16:24:19,47,0,0,0
2024-05-09T16:40:30,47,0,0,0
2024-05-09T16:56:39,47,0,0,0
2024-05-09T17:13:11,47,0,0,0
2024-05-09T17:44:32,47,0,0,0
2024-05-09T18:00:44,47,0,0,0
2024-05-09T18:16:56,47,0,0,0
2024-05-09T18:33:08,47,0,0,0
2024-05-09T18:49:21,47,0,0,0
2024-05-09T19:05:33,47,0,0,0
2024-05-09T19:21:46,47,0,0,0
2024-05-09T19:37:58,47,0,0,0
2024-05-09T19:54:10,47,0,0,0
2024-05-09T20:10:41,47,0,0,0
2024-05-09T20:26:52,47,0,0,0
2024-05-09T20:43:04,47,0,0,0
2024-05-09T20:59:15,47,0,0,0
2024-05-09T21:15:27,47,0,0,0
2024-05-09T21:31:39,47,0,0,0
2024-05-09T21:47:51,47,0,0,0
2024-05-09T22:04:04,47,0,0,0
2024-05-09T22:20:16,47,0,0,0
2024-05-09T22:36:29,47,0,0,0
2024-05-09T22:52:42,47,0,0,0
2024-05-09T23:09:13,47,0,0,0
2024-05-09T23:25:25,47,0,0,0
2024-05-09T23:41:37,47,0,0,0
2024-05-09T23:57:50,47,0,0,0
2024-05-10T00:14:07,47,0,0,0
2024-05-10T00:30:30,47,0,0,0
2024-05-10T00:46:52,47,0,0,0
2024-05-10T01:03:07,47,0,0,0
2024-05-10T01:19:21,47,0,0,0
2024-05-10T01:35:34,47,0,0,0
2024-05-10T01:51:47,47,0,0,0
2024-05-10T02:08:05,47,0,0,0
2024-05-10T02:24:18,47,0,0,0
2024-05-10T02:40:32,47,0,0,0
2024-05-10T02:56:45,47,0,0,0
2024-05-10T03:12:59,47,0,0,0
2024-05-10T03:29:14,47,0,0,0
2024-05-10T03:45:34,47,0,0,0
2024-05-10T04:01:51,47,0,0,0
2024-05-10T04:22:16,47,0,0,0
2024-05-10T04:38:36,47,0,0,0
2024-05-10T04:56:26,47,0,0,0
2024-05-10T05:12:46,47,0,0,0
2024-05-10T05:29:01,47,0,0,0
2024-05-10T05:45:15,47,0,0,0
2024-05-10T06:01:28,47,0,0,0
2024-05-10T06:17:44,47,0,0,0
2024-05-10T06:33:56,47,0,0,0
2024-05-10T06:50:08,47,0,0,0
2024-05-10T07:06:22,47,0,0,0
2024-05-10T07:22:35,47,0,0,0
2024-05-10T07:38:48,47,0,0,0
2024-05-10T07:54:58,47,0,0,0
2024-05-10T08:11:09,47,0,0,0
2024-05-10T08:27:23,47,0,0,0
2024-05-10T08:43:34,47,0,0,0
2024-05-10T08:59:53,47,0,0,0
2024-05-10T09:16:04,47,0,0,0
2024-05-10T09:32:15,47,0,0,0
2024-05-10T09:48:27,47,0,0,0
2024-05-10T10:04:39,47,0,0,0
2024-05-10T10:20:51,47,0,0,0
2024-05-10T10:37:03,47,0,0,0
2024-05-10T10:53:14,47,0,0,0
2024-05-10T11:09:25,47,0,0,0
2024-05-10T11:25:37,47,0,0,0
2024-05-10T11:41:49,47,0,0,0
2024-05-10T11:58:13,47,0,0,0
2024-05-10T12:14:25,47,0,0,0
2024-05-10T12:30:37,47,0,0,0
2024-05-10T12:46:49,47,0,0,0
2024-05-10T13:02:59,47,0,0,0
2024-05-10T13:19:11,47,0,0,0
2024-05-10T13:35:23,47,0,0,0
2024-05-10T13:51:35,47,0,0,0
2024-05-10T14:07:57,47,0,0,0
2024-05-10T14:24:08,47,0,0,0
2024-05-10T14:40:19,47,0,0,0
2024-05-10T14:56:29,47,0,0,0
2024-05-10T15:12:41,47,0,0,0
2024-05-10T15:28:54,47,0,0,0
2024-05-10T15:45:05,47,0,0,0
2024-05-10T16:01:16,47,0,0,0
2024-05-10T16:17:28,47,0,0,0
2024-05-10T16:33:52,47,0,0,0
2024-05-10T16:50:03,47,0,0,0
2024-05-10T17:06:14,47,0,0,0
2024-05-10T17:22:26,47,0,0,0
2024-05-10T17:38:37,47,0,0,0
2024-05-10T17:54:48,47,0,0,0
2024-05-10T18:11:00,47,0,0,0
2024-05-10T18:27:11,47,0,0,0
2024-05-10T18:43:22,47,0,0,0
2024-05-10T18:59:33,47,0,0,0
2024-05-10T19:15:45,47,0,0,0
2024-05-10T19:31:56,47,0,0,0
2024-05-10T19:48:19,47,0,0,0
2024-05-10T20:04:31,47,0,0,0
2024-05-10T20:20:42,47,0,0,0
2024-05-10T20:36:56,47,0,0,0
2024-05-10T20:53:07,47,0,0,0
2024-05-10T21:09:19,47,0,0,0
2024-05-10T21:25:32,47,0,0,0
2024-05-10T21:41:46,47,0,0,0
2024-05-10T21:58:01,47,0,0,0
2024-05-10T22:14:14,47,0,0,0
2024-05-10T22:30:26,47,0,0,0
2024-05-10T22:46:36,47,0,0,0
2024-05-10T23:02:49,47,0,0,0
2024-05-10T23:19:13,47,0,0,0
2024-05-10T23:35:26,47,0,0,0
2024-05-10T23:51:38,47,0,0,0
2024-05-11T00:07:51,47,0,0,0
2024-05-11T00:24:09,47,0,0,0
2024-05-11T00:40:29,47,0,0,0
2024-05-11T00:56:46,47,0,0,0
2024-05-11T01:13:00,47,0,0,0
2024-05-11T01:29:14,47,0,0,0
2024-05-11T01:45:30,47,0,0,0
2024-05-11T02:01:48,47,0,0,0
2024-05-11T02:18:02,47,0,0,0
2024-05-11T02:34:15,47,0,0,0
2024-05-11T02:50:26,47,0,0,0
2024-05-11T03:06:38,47,0,0,0
2024-05-11T03:22:51,47,0,0,0
2024-05-11T03:39:05,47,0,0,0
2024-05-11T03:55:27,47,0,0,0
2024-05-11T04:11:39,47,0,0,0
2024-05-11T11:55:05,47,0,0,0
2024-05-11T12:11:20,47,0,0,0
2024-05-11T12:27:41,47,0,0,0
2024-05-11T12:43:52,47,0,0,0
2024-05-11T13:00:03,47,0,0,0
2024-05-11T13:16:14,47,0,0,0
2024-05-11T13:32:25,47,0,0,0
2024-05-11T13:48:36,47,0,0,0
2024-05-11T14:04:47,47,0,0,0
2024-05-11T14:21:13,47,0,0,0
2024-05-11T14:38:04,47,0,0,0
2024-05-11T14:54:14,47,0,0,0
2024-05-11T15:10:26,47,0,0,0
2024-05-11T15:26:37,47,0,0,0
2024-05-11T15:42:49,47,0,0,0
2024-05-11T15:59:10,47,0,0,0
2024-05-11T16:15:21,47,0,0,0
2024-05-11T16:31:32,47,0,0,0
2024-05-11T16:47:44,47,0,0,0
2024-05-11T17:03:55,47,0,0,0
2024-05-11T17:20:07,47,0,0,0
2024-05-11T17:36:18,47,0,0,0
2024-05-11T17:52:29,47,0,0,0
2024-05-11T18:08:40,47,0,0,0
2024-05-11T18:24:51,47,0,0,0
2024-05-11T18:41:02,47,0,0,0
2024-05-11T18:57:12,47,0,0,0
2024-05-11T19:13:24,47,0,0,0
2024-05-11T19:29:35,47,0,0,0
2024-05-11T19:45:47,47,0,0,0
2024-05-11T20:02:08,47,0,0,0
2024-05-11T20:18:19,47,0,0,0
2024-05-11T20:34:30,47,0,0,0
2024-05-11T20:50:41,47,0,0,0
2024-05-11T21:06:52,47,0,0,0
2024-05-11T21:23:03,47,0,0,0
2024-05-11T21:39:14,47,0,0,0
2024-05-11T21:55:25,47,0,0,0
2024-05-11T22:11:35,47,0,0,0
2024-05-11T22:27:46,47,0,0,0
2024-05-11T22:43:57,47,0,0,0
2024-05-11T23:00:08,47,0,0,0
2024-05-11T23:16:19,47,0,0,0
2024-05-11T23:32:31,47,0,0,0
2024-05-11T23:48:42,47,0,0,0
2024-05-12T05:11:32,47,0,0,0
2024-05-12T05:27:52,47,0,0,0
2024-05-12T05:44:07,47,0,0,0
2024-05-12T06:00:22,47,0,0,0
2024-05-12T06:16:39,47,0,0,0
2024-05-12T06:32:49,47,0,0,0
2024-05-12T06:49:23,47,0,0,0
2024-05-12T07:05:38,47,0,0,0
2024-05-12T07:21:50,47,0,0,0
2024-05-12T07:38:00,47,0,0,0
2024-05-12T07:54:10,47,0,0,0
2024-05-12T08:10:20,47,0,0,0
2024-05-12T08:26:30,47,0,0,0
2024-05-12T08:42:40,47,0,0,0
2024-05-12T08:58:50,47,0,0,0
2024-05-12T09:15:00,47,0,0,0
2024-05-12T09:31:21,47,0,0,0
2024-05-12T09:47:30,47,0,0,0
2024-05-12T10:03:43,47,0,0,0
2024-05-12T10:19:54,47,0,0,0
2024-05-12T10:36:07,47,0,0,0
2024-05-12T10:52:20,47,0,0,0
2024-05-12T11:08:35,47,0,0,0
2024-05-12T11:24:49,47,0,0,0
2024-05-12T11:41:01,47,0,0,0
2024-05-12T11:57:10,47,0,0,0
2024-05-12T12:13:21,47,0,0,0
2024-05-12T12:29:31,47,0,0,0
2024-05-12T12:45:42,47,0,0,0
2024-05-12T13:01:52,47,0,0,0
2024-05-12T13:18:02,47,0,0,0
2024-05-12T13:34:12,47,0,0,0
2024-05-12T13:50:21,47,0,0,0
2024-05-12T14:06:31,47,0,0,0
2024-05-12T14:22:51,47,0,0,0
2024-05-12T14:39:00,47,0,0,0
2024-05-12T14:55:09,47,0,0,0
2024-05-12T15:11:19,47,0,0,0
2024-05-12T15:27:28,47,0,0,0
2024-05-12T15:43:38,47,0,0,0
2024-05-12T15:59:47,47,0,0,0
2024-05-12T16:15:57,47,0,0,0
2024-05-12T16:32:07,47,0,0,0
2024-05-12T16:48:18,47,0,0,0
2024-05-12T17:04:27,47,0,0,0
2024-05-12T17:20:38,47,0,0,0
2024-05-12T17:36:48,47,0,0,0
2024-05-12T17:52:59,47,0,0,0
2024-05-12T18:09:19,47,0,0,0
2024-05-12T18:25:30,47,0,0,0
2024-05-12T18:41:41,47,0,0,0
2024-05-12T18:57:51,47,0,0,0
2024-05-12T19:14:05,47,0,0,0
2024-05-12T19:30:17,47,0,0,0
2024-05-12T19:46:30,47,0,0,0
2024-05-12T20:02:40,47,0,0,0
2024-05-12T20:18:50,47,0,0,0
2024-05-12T20:35:01,47,0,0,0
2024-05-12T20:51:12,47,0,0,0
2024-05-12T21:07:23,47,0,0,0
2024-05-12T21:23:35,47,0,0,0
2024-05-12T21:39:54,47,0,0,0
2024-05-12T21:56:16,47,0,0,0
2024-05-12T22:12:27,47,0,0,0
2024-05-12T22:28:36,47,0,0,0
2024-05-12T22:44:45,47,0,0,0
2024-05-12T23:00:54,47,0,0,0
2024-05-12T23:17:05,47,0,0,0
2024-05-12T23:33:16,47,0,0,0
2024-05-12T23:49:27,47,0,0,0
2024-05-13T00:05:39,47,0,0,0
2024-05-13T00:21:54,47,0,0,0
2024-05-13T00:38:16,47,0,0,0
2024-05-13T00:54:34,47,0,0,0
2024-05-13T01:10:55,47,0,0,0
2024-05-13T01:27:40,47,0,0,0
2024-05-13T01:43:59,47,0,0,0
2024-05-13T02:00:12,47,0,0,0
2024-05-13T02:16:24,47,0,0,0
2024-05-13T02:32:36,47,0,0,0
2024-05-13T02:48:47,47,0,0,0
2024-05-13T03:04:57,47,0,0,0
2024-05-13T03:21:08,47,0,0,0
2024-05-13T03:37:21,47,0,0,0
2024-05-13T03:53:32,47,0,0,0
2024-05-13T04:09:45,47,0,0,0
2024-05-13T04:34:20,47,0,0,0
2024-05-13T04:51:55,47,0,0,0
2024-05-13T05:08:33,47,0,0,0
2024-05-13T05:24:50,47,0,0,0
2024-05-13T05:41:05,47,0,0,0
2024-05-13T05:57:18,47,0,0,0
2024-05-13T06:13:32,47,0,0,0
2024-05-13T06:29:45,47,0,0,0
2024-05-13T06:45:57,47,0,0,0
2024-05-13T07:02:11,47,0,0,0
2024-05-13T07:18:24,47,0,0,0
2024-05-13T07:34:35,47,0,0,0
2024-05-13T07:50:51,47,0,0,0
2024-05-13T08:07:07,47,0,0,0
2024-05-13T08:23:18,47,0,0,0
2024-05-13T08:39:30,47,0,0,0
2024-05-13T08:55:42,47,0,0,0
2024-05-13T09:11:57,47,0,0,0
2024-05-13T09:28:10,47,0,0,0
2024-05-13T09:44:35,47,0,0,0
2024-05-13T10:00:46,47,0,0,0
2024-05-13T10:16:58,47,0,0,0
2024-05-13T10:33:11,47,0,0,0
2024-05-13T10:49:22,47,0,0,0
2024-05-13T11:05:34,47,0,0,0
2024-05-13T11:21:45,47,0,0,0
2024-05-13T11:37:56,47,0,0,0
2024-05-13T11:54:47,47,0,0,0
2024-05-13T13:06:56,47,0,0,0
2024-05-13T13:23:09,47,0,0,0
2024-05-13T13:39:19,47,0,0,0
2024-05-13T13:57:09,47,0,0,0
2024-05-13T14:21:20,47,0,0,0
2024-05-13T14:43:09,47,0,0,0
2024-05-13T15:04:36,47,0,0,0
2024-05-13T15:22:41,47,0,0,0
2024-05-13T15:39:06,47,0,0,0
2024-05-13T15:55:18,47,0,0,0
2024-05-13T16:11:29,47,0,0,0
2024-05-13T16:27:40,47,0,0,0
2024-05-13T16:43:52,47,0,0,0
2024-05-13T17:00:02,47,0,0,0
2024-05-13T17:16:16,47,0,0,0
2024-05-13T17:32:29,47,0,0,0
2024-05-13T17:48:40,47,0,0,0
2024-05-13T18:05:01,47,0,0,0
2024-05-13T18:21:13,47,0,0,0
2024-05-13T18:37:25,47,0,0,0
2024-05-13T18:53:36,47,0,0,0
2024-05-13T19:09:49,47,0,0,0
2024-05-13T19:26:01,47,0,0,0
2024-05-13T19:42:13,47,0,0,0
2024-05-13T19:58:33,47,0,0,0
2024-05-13T20:14:45,47,0,0,0
2024-05-13T20:30:57,47,0,0,0
2024-05-13T20:47:08,47,0,0,0
2024-05-13T21:03:20,47,0,0,0
2024-05-13T21:19:34,47,0,0,0
2024-05-13T21:35:47,47,0,0,0
2024-05-13T21:52:00,47,0,0,0
2024-05-13T22:08:12,47,0,0,0
2024-05-13T22:24:24,47,0,0,0
2024-05-13T22:40:45,47,0,0,0
2024-05-13T22:56:57,47,0,0,0
2024-05-13T23:13:10,47,0,0,0
2024-05-13T23:29:22,47,0,0,0
2024-05-13T23:45:35,47,0,0,0
2024-05-14T00:01:47,47,0,0,0
2024-05-14T00:18:03,47,0,0,0
2024-05-14T00:34:23,47,0,0,0
2024-05-14T00:50:47,47,0,0,0
2024-05-14T01:07:01,47,0,0,0
2024-05-14T01:23:14,47,0,0,0
2024-05-14T01:39:28,47,0,0,0
2024-05-14T01:55:41,47,0,0,0
2024-05-14T02:11:53,47,0,0,0
2024-05-14T02:28:15,47,0,0,0
2024-05-14T02:44:26,47,0,0,0
2024-05-14T03:00:38,47,0,0,0
2024-05-14T03:16:53,47,0,0,0
2024-05-14T03:33:07,47,0,0,0
2024-05-14T03:49:19,47,0,0,0
2024-05-14T04:05:31,47,0,0,0
2024-05-14T04:27:03,47,0,0,0
2024-05-14T04:43:24,47,0,0,0
2024-05-14T04:59:41,47,0,0,0
2024-05-14T05:16:02,47,0,0,0
2024-05-14T05:32:19,47,0,0,0
2024-05-14T05:48:38,47,0,0,0
2024-05-14T06:04:55,47,0,0,0
2024-05-14T06:21:28,47,0,0,0
2024-05-14T06:37:54,47,0,0,0
2024-05-14T06:54:10,47,0,0,0
2024-05-14T07:10:29,47,0,0,0
2024-05-14T07:26:46,47,0,0,0
2024-05-14T07:43:02,47,0,0,0
2024-05-14T07:59:17,47,0,0,0
2024-05-14T08:15:34,47,0,0,0
2024-05-14T08:31:47,47,0,0,0
2024-05-14T08:48:00,47,0,0,0
2024-05-14T09:04:12,47,0,0,0
2024-05-14T09:20:37,47,0,0,0
2024-05-14T09:36:51,47,0,0,0
2024-05-14T09:53:04,47,0,0,0
2024-05-14T10:09:17,47,0,0,0
2024-05-14T10:25:30,47,0,0,0
2024-05-14T10:41:43,47,0,0,0
2024-05-14T10:57:56,47,0,0,0
2024-05-14T11:14:09,47,0,0,0
2024-05-14T11:30:20,47,0,0,0
2024-05-14T11:46:46,47,0,0,0
2024-05-14T12:02:58,47,0,0,0
2024-05-14T12:19:12,47,0,0,0
2024-05-14T12:35:25,47,0,0,0
2024-05-14T12:51:38,47,0,0,0
2024-05-14T13:07:50,47,0,0,0
2024-05-14T13:24:13,47,0,0,0
2024-05-14T13:40:26,47,0,0,0
2024-05-14T13:56:38,47,0,0,0
2024-05-14T14:12:53,47,0,0,0
2024-05-14T14:29:05,47,0,0,0
2024-05-14T14:45:18,47,0,0,0
2024-05-14T15:01:31,47,0,0,0
2024-05-14T15:17:46,47,0,0,0
2024-05-14T15:34:08,47,0,0,0
2024-05-14T15:50:20,47,0,0,0
2024-05-14T16:06:38,47,0,0,0
2024-05-14T16:22:50,47,0,0,0
2024-05-14T16:39:03,47,0,0,0
2024-05-14T16:55:18,47,0,0,0
2024-05-14T17:11:31,47,0,0,0
2024-05-14T17:27:44,47,0,0,0
2024-05-14T17:44:06,47,0,0,0
2024-05-14T18:00:19,47,0,0,0
2024-05-14T18:16:33,47,0,0,0
2024-05-14T18:32:48,47,0,0,0
2024-05-14T18:49:00,47,0,0,0
2024-05-14T19:05:13,47,0,0,0
2024-05-14T19:21:24,47,0,0,0
2024-05-14T19:37:36,47,0,0,0
2024-05-14T19:53:48,47,0,0,0
2024-05-14T20:10:04,47,0,0,0
2024-05-14T20:26:16,47,0,0,0
2024-05-14T20:42:39,47,0,0,0
2024-05-14T20:58:50,47,0,0,0
2024-05-14T21:15:03,47,0,0,0
2024-05-14T21:31:18,47,0,0,0
2024-05-14T21:47:31,47,0,0,0
2024-05-14T22:03:45,47,0,0,0
2024-05-14T22:20:33,47,0,0,0
2024-05-14T22:36:45,47,0,0,0
2024-05-14T22:52:58,47,0,0,0
2024-05-14T23:09:12,47,0,0,0
2024-05-14T23:25:35,47,0,0,0
2024-05-14T23:41:50,47,0,0,0
2024-05-14T23:58:04,47,0,0,0
2024-05-15T00:14:22,47,0,0,0
2024-05-15T00:30:44,47,0,0,0
2024-05-15T00:47:05,47,0,0,0
2024-05-15T01:03:23,47,0,0,0
2024-05-15T01:19:44,47,0,0,0
2024-05-15T01:36:03,47,0,0,0
2024-05-15T01:52:20,47,0,0,0
2024-05-15T02:08:36,47,0,0,0
2024-05-15T02:24:51,47,0,0,0
2024-05-15T02:41:07,47,0,0,0
2024-05-15T02:57:22,47,0,0,0
2024-05-15T03:13:37,47,0,0,0
2024-05-15T03:30:22,47,0,0,0
2024-05-15T03:46:40,47,0,0,0
2024-05-15T04:02:58,47,0,0,0
2024-05-15T04:35:06,47,0,0,0
2024-05-15T04:52:57,47,0,0,0
2024-05-15T05:09:17,47,0,0,0
2024-05-15T05:25:35,47,0,0,0
2024-05-15T05:41:53,47,0,0,0
2024-05-15T05:58:08,47,0,0,0
2024-05-15T06:14:26,47,0,0,0
2024-05-15T06:30:40,47,0,0,0
2024-05-15T06:46:54,47,0,0,0
2024-05-15T07:03:08,47,0,0,0
2024-05-15T07:19:23,47,0,0,0
2024-05-15T07:35:37,47,0,0,0
2024-05-15T07:51:50,47,0,0,0
2024-05-15T08:07:59,47,0,0,0
2024-05-15T08:24:08,47,0,0,0
2024-05-15T08:40:18,47,0,0,0
2024-05-15T08:56:26,47,0,0,0
2024-05-15T09:12:36,47,0,0,0
2024-05-15T09:28:45,47,0,0,0
2024-05-15T09:45:06,47,0,0,0
2024-05-15T10:01:15,47,0,0,0
2024-05-15T10:17:26,47,0,0,0
2024-05-15T10:33:38,47,0,0,0
2024-05-15T10:49:50,47,0,0,0
2024-05-15T11:06:02,47,0,0,0
2024-05-15T11:22:15,47,0,0,0
2024-05-15T11:38:28,47,0,0,0
2024-05-15T11:54:51,47,0,0,0
2024-05-15T12:11:04,47,0,0,0
2024-05-15T12:27:17,47,0,0,0
2024-05-15T12:43:35,47,0,0,0
2024-05-15T12:59:47,47,0,0,0
2024-05-15T13:15:59,47,0,0,0
2024-05-15T13:32:15,47,0,0,0
2024-05-15T13:48:38,47,0,0,0
2024-05-15T14:04:50,47,0,0,0
2024-05-15T14:21:04,47,0,0,0
2024-05-15T14:37:16,47,0,0,0
2024-05-15T14:53:28,47,0,0,0
2024-05-15T15:09:41,47,0,0,0
2024-05-15T15:25:53,47,0,0,0
2024-05-15T15:42:16,47,0,0,0
2024-05-15T15:58:27,47,0,0,0
2024-05-15T16:14:39,47,0,0,0
2024-05-15T16:30:52,47,0,0,0
2024-05-15T16:47:06,47,0,0,0
