time,enrolled,available,waitlisted,total
2024-04-16T14:05:05,8,7,0,15
2024-04-16T14:21:26,8,7,0,15
2024-04-16T14:37:36,8,7,0,15
2024-04-16T14:53:47,8,7,0,15
2024-04-16T15:10:11,8,7,0,15
2024-04-16T15:26:24,8,7,0,15
2024-04-16T15:42:35,8,7,0,15
2024-04-16T15:58:45,8,7,0,15
2024-04-16T16:14:56,8,7,0,15
2024-04-16T16:31:16,8,7,0,15
2024-04-16T16:47:29,8,7,0,15
2024-04-16T17:03:38,8,7,0,15
2024-04-16T17:19:50,8,7,0,15
2024-04-16T17:36:01,8,7,0,15
2024-04-16T17:52:12,8,7,0,15
2024-04-16T18:08:33,8,7,0,15
2024-04-16T18:24:43,8,7,0,15
2024-04-16T18:40:54,8,7,0,15
2024-04-16T18:57:04,8,7,0,15
2024-04-16T19:13:13,8,7,0,15
2024-04-16T19:29:20,8,7,0,15
2024-04-16T19:45:27,8,7,0,15
2024-04-16T20:01:44,8,7,0,15
2024-04-16T20:17:52,8,7,0,15
2024-04-16T20:33:58,8,7,0,15
2024-04-16T20:50:04,8,7,0,15
2024-04-16T21:06:11,8,7,0,15
2024-04-16T21:22:19,8,7,0,15
2024-04-16T21:38:31,8,7,0,15
2024-04-16T21:54:53,8,7,0,15
2024-04-16T22:11:03,8,7,0,15
2024-04-16T22:27:13,8,7,0,15
2024-04-16T22:43:22,8,7,0,15
2024-04-16T22:59:31,8,7,0,15
2024-04-16T23:15:43,8,7,0,15
2024-04-16T23:31:53,8,7,0,15
2024-04-16T23:48:04,8,7,0,15
2024-04-17T00:04:29,8,7,0,15
2024-04-17T00:20:46,8,7,0,15
2024-04-17T00:37:01,8,7,0,15
2024-04-17T00:53:19,8,7,0,15
2024-04-17T01:09:32,8,7,0,15
2024-04-17T01:25:44,8,7,0,15
2024-04-17T01:41:55,8,7,0,15
2024-04-17T01:58:08,8,7,0,15
2024-04-17T02:14:22,8,7,0,15
2024-04-17T02:30:33,8,7,0,15
2024-04-17T02:46:45,8,7,0,15
2024-04-17T03:02:55,8,7,0,15
2024-04-17T03:19:09,8,7,0,15
2024-04-17T03:35:24,8,7,0,15
2024-04-17T03:51:46,8,7,0,15
2024-04-17T04:07:59,8,7,0,15
2024-04-17T12:04:43,8,7,0,15
2024-04-17T12:20:54,8,7,0,15
2024-04-17T12:37:05,8,7,0,15
2024-04-17T12:53:28,8,7,0,15
2024-04-17T13:09:39,8,7,0,15
2024-04-17T13:25:50,8,7,0,15
2024-04-17T13:42:01,8,7,0,15
2024-04-17T13:58:13,8,7,0,15
2024-04-17T14:14:36,8,7,0,15
2024-04-17T14:30:48,8,7,0,15
2024-04-17T14:46:59,8,7,0,15
2024-04-17T15:03:13,8,7,0,15
2024-04-17T15:19:36,8,7,0,15
2024-04-17T15:35:47,8,7,0,15
2024-04-17T15:51:59,8,7,0,15
2024-04-17T16:08:11,8,7,0,15
2024-04-17T16:24:22,8,7,0,15
2024-04-17T16:40:32,8,7,0,15
2024-04-17T16:56:55,8,7,0,15
2024-04-17T17:13:09,8,7,0,15
2024-04-17T17:29:22,8,7,0,15
2024-04-17T17:45:34,8,7,0,15
2024-04-17T18:01:45,8,7,0,15
2024-04-17T18:17:57,8,7,0,15
2024-04-17T18:34:21,8,7,0,15
2024-04-17T18:50:31,8,7,0,15
2024-04-17T19:06:42,8,7,0,15
2024-04-17T19:22:52,8,7,0,15
2024-04-17T19:39:03,8,7,0,15
2024-04-17T19:55:13,8,7,0,15
2024-04-17T20:11:23,8,7,0,15
2024-04-17T20:27:45,8,7,0,15
2024-04-17T20:43:56,8,7,0,15
2024-04-17T21:00:07,8,7,0,15
2024-04-17T21:16:20,8,7,0,15
2024-04-17T21:32:33,8,7,0,15
2024-04-17T21:48:45,8,7,0,15
2024-04-17T22:04:56,8,7,0,15
2024-04-17T22:21:16,8,7,0,15
2024-04-17T22:37:27,8,7,0,15
2024-04-17T22:53:38,8,7,0,15
2024-04-17T23:09:50,8,7,0,15
2024-04-17T23:26:03,8,7,0,15
2024-04-17T23:42:18,8,7,0,15
2024-04-17T23:58:30,8,7,0,15
2024-04-18T00:14:47,8,7,0,15
2024-04-18T00:31:06,8,7,0,15
2024-04-18T00:47:24,8,7,0,15
2024-04-18T01:03:53,8,7,0,15
2024-04-18T01:20:09,8,7,0,15
2024-04-18T01:36:24,8,7,0,15
2024-04-18T01:52:38,8,7,0,15
2024-04-18T02:08:52,8,7,0,15
2024-04-18T02:25:05,8,7,0,15
2024-04-18T02:41:17,8,7,0,15
2024-04-18T02:57:32,8,7,0,15
2024-04-18T03:13:45,8,7,0,15
2024-04-18T03:29:58,8,7,0,15
2024-04-18T03:46:12,8,7,0,15
2024-04-18T04:02:27,8,7,0,15
2024-04-18T04:32:44,8,7,0,15
2024-04-18T04:49:03,8,7,0,15
2024-04-18T05:05:19,8,7,0,15
2024-04-18T05:21:36,8,7,0,15
2024-04-18T05:37:54,8,7,0,15
2024-04-18T05:54:08,8,7,0,15
2024-04-18T06:10:23,8,7,0,15
2024-04-18T06:26:36,8,7,0,15
2024-04-18T06:42:49,8,7,0,15
2024-04-18T06:59:02,8,7,0,15
2024-04-18T07:15:20,8,7,0,15
2024-04-18T07:31:33,8,7,0,15
2024-04-18T07:47:49,8,7,0,15
2024-04-18T08:04:02,8,7,0,15
2024-04-18T08:20:16,8,7,0,15
2024-04-18T08:36:47,8,7,0,15
2024-04-18T08:52:59,8,7,0,15
2024-04-18T09:09:11,8,7,0,15
2024-04-18T09:25:25,8,7,0,15
2024-04-18T09:41:50,8,7,0,15
2024-04-18T09:58:03,8,7,0,15
2024-04-18T10:14:16,8,7,0,15
2024-04-18T10:30:28,8,7,0,15
2024-04-18T10:46:43,8,7,0,15
2024-04-18T11:03:05,8,7,0,15
2024-04-18T11:19:16,8,7,0,15
2024-04-18T11:35:27,8,7,0,15
2024-04-18T11:51:38,8,7,0,15
2024-04-18T12:08:03,8,7,0,15
2024-04-18T12:24:13,8,7,0,15
2024-04-18T12:40:24,8,7,0,15
2024-04-18T12:56:35,8,7,0,15
2024-04-18T13:13:05,8,7,0,15
2024-04-18T13:29:16,8,7,0,15
2024-04-18T13:45:27,8,7,0,15
2024-04-18T14:01:37,8,7,0,15
2024-04-18T14:17:48,8,7,0,15
2024-04-18T14:34:08,8,7,0,15
2024-04-18T14:50:19,8,7,0,15
2024-04-18T15:06:34,8,7,0,15
2024-04-18T15:23:03,8,7,0,15
2024-04-18T15:39:13,8,7,0,15
2024-04-18T15:55:24,8,7,0,15
2024-04-18T16:11:35,8,7,0,15
2024-04-18T16:27:45,8,7,0,15
2024-04-18T16:44:07,8,7,0,15
2024-04-18T17:00:16,8,7,0,15
2024-04-18T17:16:29,8,7,0,15
2024-04-18T17:32:38,8,7,0,15
2024-04-18T17:49:07,8,7,0,15
2024-04-18T18:05:18,8,7,0,15
2024-04-18T18:21:30,8,7,0,15
2024-04-18T18:37:41,8,7,0,15
2024-04-18T18:53:51,8,7,0,15
2024-04-18T19:10:03,8,7,0,15
2024-04-18T19:26:13,8,7,0,15
2024-04-18T19:42:36,8,7,0,15
2024-04-18T19:58:47,8,7,0,15
2024-04-18T20:14:57,8,7,0,15
2024-04-18T20:31:07,8,7,0,15
2024-04-18T20:47:17,8,7,0,15
2024-04-18T21:03:26,8,7,0,15
2024-04-18T21:19:36,8,7,0,15
2024-04-18T21:35:48,8,7,0,15
2024-04-18T21:52:18,8,7,0,15
2024-04-18T22:08:26,8,7,0,15
2024-04-18T22:24:34,8,7,0,15
2024-04-18T22:40:42,8,7,0,15
2024-04-18T22:56:51,8,7,0,15
2024-04-18T23:13:00,8,7,0,15
2024-04-18T23:29:11,8,7,0,15
2024-04-18T23:45:21,8,7,0,15
2024-04-19T00:01:33,8,7,0,15
2024-04-19T00:17:51,8,7,0,15
2024-04-19T00:34:18,8,7,0,15
2024-04-19T00:50:30,8,7,0,15
2024-04-19T01:06:41,8,7,0,15
2024-04-19T01:22:54,8,7,0,15
2024-04-19T01:39:06,8,7,0,15
2024-04-19T01:55:17,8,7,0,15
2024-04-19T02:11:29,8,7,0,15
2024-04-19T02:27:39,8,7,0,15
2024-04-19T02:43:51,8,7,0,15
2024-04-19T03:00:01,8,7,0,15
2024-04-19T03:16:16,8,7,0,15
2024-04-19T03:32:48,8,7,0,15
2024-04-19T03:49:01,8,7,0,15
2024-04-19T04:05:16,8,7,0,15
2024-04-19T04:29:45,8,7,0,15
2024-04-19T04:47:12,8,7,0,15
2024-04-19T05:03:47,8,7,0,15
2024-04-19T05:20:09,8,7,0,15
2024-04-19T05:36:24,8,7,0,15
2024-04-19T05:52:38,8,7,0,15
2024-04-19T06:08:51,8,7,0,15
2024-04-19T06:25:07,8,7,0,15
2024-04-19T06:41:20,8,7,0,15
2024-04-19T06:57:33,8,7,0,15
2024-04-19T07:13:53,8,7,0,15
2024-04-19T07:30:05,8,7,0,15
2024-04-19T07:46:16,8,7,0,15
2024-04-19T08:02:28,8,7,0,15
2024-04-19T08:18:41,8,7,0,15
2024-04-19T08:35:05,8,7,0,15
2024-04-19T08:51:17,8,7,0,15
2024-04-19T09:07:30,8,7,0,15
2024-04-19T09:23:43,8,7,0,15
2024-04-19T09:39:55,8,7,0,15
2024-04-19T09:56:06,8,7,0,15
2024-04-19T10:12:17,8,7,0,15
2024-04-19T10:28:28,8,7,0,15
2024-04-19T10:44:49,8,7,0,15
2024-04-19T11:01:01,8,7,0,15
2024-04-19T11:17:12,8,7,0,15
2024-04-19T11:33:22,8,7,0,15
2024-04-19T11:49:32,8,7,0,15
2024-04-19T12:05:43,8,7,0,15
2024-04-19T12:21:53,8,7,0,15
2024-04-19T12:38:14,8,7,0,15
2024-04-19T12:54:25,8,7,0,15
2024-04-19T13:10:36,8,7,0,15
2024-04-19T13:26:47,8,7,0,15
2024-04-19T13:42:58,8,7,0,15
2024-04-19T13:59:09,8,7,0,15
2024-04-19T14:15:21,8,7,0,15
2024-04-19T14:31:31,8,7,0,15
2024-04-19T14:47:53,8,7,0,15
2024-04-19T15:04:02,8,7,0,15
2024-04-19T15:20:11,8,7,0,15
2024-04-19T15:36:21,8,7,0,15
2024-04-19T15:52:31,8,7,0,15
2024-04-19T16:08:44,8,7,0,15
2024-04-19T16:24:54,8,7,0,15
2024-04-19T16:41:04,8,7,0,15
2024-04-19T16:57:25,8,7,0,15
2024-04-19T17:13:36,8,7,0,15
2024-04-19T17:29:47,8,7,0,15
2024-04-19T17:45:58,8,7,0,15
2024-04-19T18:02:08,8,7,0,15
2024-04-19T18:18:19,8,7,0,15
2024-04-19T18:34:29,8,7,0,15
2024-04-19T18:50:39,8,7,0,15
2024-04-19T19:06:50,8,7,0,15
2024-04-19T19:23:01,8,7,0,15
2024-04-19T19:39:12,8,7,0,15
2024-04-19T19:55:34,8,7,0,15
2024-04-19T20:11:49,8,7,0,15
2024-04-19T20:27:59,8,7,0,15
2024-04-19T20:44:10,8,7,0,15
2024-04-19T21:00:19,8,7,0,15
2024-04-19T21:16:31,8,7,0,15
2024-04-19T21:32:43,8,7,0,15
2024-04-19T21:48:53,8,7,0,15
2024-04-19T22:05:04,8,7,0,15
2024-04-19T22:21:15,8,7,0,15
2024-04-19T22:37:26,8,7,0,15
2024-04-19T22:53:37,8,7,0,15
2024-04-19T23:10:00,8,7,0,15
2024-04-19T23:26:11,8,7,0,15
2024-04-19T23:42:22,8,7,0,15
2024-04-19T23:58:34,8,7,0,15
2024-04-20T00:14:48,8,7,0,15
2024-04-20T00:31:03,8,7,0,15
2024-04-20T00:47:18,8,7,0,15
2024-04-20T01:03:29,8,7,0,15
2024-04-20T01:19:40,8,7,0,15
2024-04-20T01:35:51,8,7,0,15
2024-04-20T01:52:03,8,7,0,15
2024-04-20T02:08:12,8,7,0,15
2024-04-20T02:24:24,8,7,0,15
2024-04-20T02:40:37,8,7,0,15
2024-04-20T02:56:48,8,7,0,15
2024-04-20T03:13:09,8,7,0,15
2024-04-20T03:29:18,8,7,0,15
2024-04-20T03:45:27,8,7,0,15
2024-04-20T04:01:37,8,7,0,15
2024-04-20T04:22:19,8,7,0,15
2024-04-20T04:38:36,8,7,0,15
2024-04-20T04:56:29,8,7,0,15
2024-04-20T05:14:00,8,7,0,15
2024-04-20T05:30:15,8,7,0,15
2024-04-20T05:46:30,8,7,0,15
2024-04-20T06:02:43,8,7,0,15
2024-04-20T06:18:55,8,7,0,15
2024-04-20T06:35:08,8,7,0,15
2024-04-20T06:51:20,8,7,0,15
2024-04-20T07:07:32,8,7,0,15
2024-04-20T07:23:45,8,7,0,15
2024-04-20T07:39:58,8,7,0,15
2024-04-20T07:56:10,8,7,0,15
2024-04-20T08:12:21,8,7,0,15
2024-04-20T08:28:33,8,7,0,15
2024-04-20T08:44:55,8,7,0,15
2024-04-20T09:01:07,8,7,0,15
2024-04-20T09:17:18,8,7,0,15
2024-04-20T09:33:30,8,7,0,15
2024-04-20T09:49:42,8,7,0,15
2024-04-20T10:05:54,8,7,0,15
2024-04-20T10:22:06,8,7,0,15
2024-04-20T10:38:18,8,7,0,15
2024-04-20T10:54:29,8,7,0,15
2024-04-20T11:10:39,8,7,0,15
2024-04-20T11:26:50,8,7,0,15
2024-04-20T11:43:00,8,7,0,15
2024-04-20T11:59:11,8,7,0,15
2024-04-20T12:15:22,8,7,0,15
2024-04-20T12:31:45,8,7,0,15
2024-04-20T12:47:56,8,7,0,15
2024-04-20T13:04:07,8,7,0,15
2024-04-20T13:20:18,8,7,0,15
2024-04-20T13:36:29,8,7,0,15
2024-04-20T13:52:39,8,7,0,15
2024-04-20T14:08:51,8,7,0,15
2024-04-20T14:25:01,8,7,0,15
2024-04-20T14:41:11,8,7,0,15
2024-04-20T14:57:21,8,7,0,15
2024-04-20T15:13:31,8,7,0,15
2024-04-20T15:29:41,8,7,0,15
2024-04-20T15:45:52,8,7,0,15
2024-04-20T16:02:05,8,7,0,15
2024-04-20T16:18:28,8,7,0,15
2024-04-20T16:34:39,8,7,0,15
2024-04-20T16:50:49,8,7,0,15
2024-04-20T17:07:01,8,7,0,15
2024-04-20T17:23:14,8,7,0,15
2024-04-20T17:39:27,8,7,0,15
2024-04-20T17:55:41,8,7,0,15
2024-04-20T18:11:53,8,7,0,15
2024-04-20T18:28:04,8,7,0,15
2024-04-20T18:44:16,8,7,0,15
2024-04-20T19:00:27,8,7,0,15
2024-04-20T19:16:38,8,7,0,15
2024-04-20T19:32:50,8,7,0,15
2024-04-20T19:49:01,8,7,0,15
2024-04-20T20:05:12,8,7,0,15
2024-04-20T20:21:33,8,7,0,15
2024-04-20T20:37:45,8,7,0,15
2024-04-20T20:53:57,8,7,0,15
2024-04-20T21:10:09,8,7,0,15
2024-04-20T21:26:21,8,7,0,15
2024-04-20T21:42:34,8,7,0,15
2024-04-20T21:58:46,8,7,0,15
2024-04-20T22:14:58,8,7,0,15
2024-04-20T22:31:10,8,7,0,15
2024-04-20T22:47:22,8,7,0,15
2024-04-20T23:03:37,8,7,0,15
2024-04-20T23:19:50,8,7,0,15
2024-04-20T23:36:01,8,7,0,15
2024-04-20T23:52:13,8,7,0,15
2024-04-21T00:08:26,8,7,0,15
2024-04-21T00:24:39,8,7,0,15
2024-04-21T01:14:04,8,7,0,15
2024-04-21T01:30:17,8,7,0,15
2024-04-21T01:46:32,8,7,0,15
2024-04-21T02:02:49,8,7,0,15
2024-04-21T02:19:06,8,7,0,15
2024-04-21T02:35:23,8,7,0,15
2024-04-21T02:51:39,8,7,0,15
2024-04-21T03:08:14,8,7,0,15
2024-04-21T03:24:32,8,7,0,15
2024-04-21T03:40:46,8,7,0,15
2024-04-21T03:57:05,8,7,0,15
2024-04-21T04:13:21,8,7,0,15
2024-04-21T04:30:43,8,7,0,15
2024-04-21T04:48:08,8,7,0,15
2024-04-21T05:04:43,8,7,0,15
2024-04-21T05:20:59,8,7,0,15
2024-04-21T05:37:24,8,7,0,15
2024-04-21T05:53:42,8,7,0,15
2024-04-21T06:09:53,8,7,0,15
2024-04-21T06:26:04,8,7,0,15
2024-04-21T06:42:14,8,7,0,15
2024-04-21T06:58:25,8,7,0,15
2024-04-21T07:14:48,8,7,0,15
2024-04-21T07:31:03,8,7,0,15
2024-04-21T07:47:16,8,7,0,15
2024-04-21T08:03:29,8,7,0,15
2024-04-21T08:19:41,8,7,0,15
2024-04-21T08:35:51,8,7,0,15
2024-04-21T08:52:02,8,7,0,15
2024-04-21T09:08:18,8,7,0,15
2024-04-21T09:24:30,8,7,0,15
2024-04-21T09:40:45,8,7,0,15
2024-04-21T09:56:56,8,7,0,15
2024-04-21T10:13:11,8,7,0,15
2024-04-21T10:29:24,8,7,0,15
2024-04-21T10:45:43,8,7,0,15
2024-04-21T11:01:53,8,7,0,15
2024-04-21T11:18:03,8,7,0,15
2024-04-21T11:34:13,8,7,0,15
2024-04-21T11:50:24,8,7,0,15
2024-04-21T12:06:34,8,7,0,15
2024-04-21T12:22:43,8,7,0,15
2024-04-21T12:38:52,8,7,0,15
2024-04-21T12:55:02,8,7,0,15
2024-04-21T13:11:12,8,7,0,15
2024-04-21T13:27:21,8,7,0,15
2024-04-21T13:43:30,8,7,0,15
2024-04-21T13:59:40,8,7,0,15
2024-04-21T14:16:00,8,7,0,15
2024-04-21T14:32:09,8,7,0,15
2024-04-21T14:48:21,8,7,0,15
2024-04-21T15:04:33,8,7,0,15
2024-04-21T15:20:43,8,7,0,15
2024-04-21T15:36:52,8,7,0,15
2024-04-21T15:53:01,8,7,0,15
2024-04-21T16:09:13,8,7,0,15
2024-04-21T16:25:24,8,7,0,15
2024-04-21T16:41:35,8,7,0,15
2024-04-21T16:57:55,8,7,0,15
2024-04-21T17:14:05,8,7,0,15
2024-04-21T17:30:15,8,7,0,15
2024-04-21T17:46:24,8,7,0,15
2024-04-21T18:02:33,8,7,0,15
2024-04-21T18:18:42,8,7,0,15
2024-04-21T18:34:51,8,7,0,15
2024-04-21T18:51:00,8,7,0,15
2024-04-21T19:07:11,8,7,0,15
2024-04-21T19:23:21,8,7,0,15
2024-04-21T19:39:30,8,7,0,15
2024-04-21T19:55:50,8,7,0,15
2024-04-21T20:11:59,8,7,0,15
2024-04-21T20:28:07,8,7,0,15
2024-04-21T20:44:16,8,7,0,15
2024-04-21T21:00:26,8,7,0,15
2024-04-21T21:16:37,8,7,0,15
2024-04-21T21:32:49,8,7,0,15
2024-04-21T21:49:00,8,7,0,15
2024-04-21T22:05:10,8,7,0,15
2024-04-21T22:21:20,8,7,0,15
2024-04-21T22:37:30,8,7,0,15
2024-04-21T22:53:39,8,7,0,15
2024-04-21T23:10:01,8,7,0,15
2024-04-21T23:26:10,8,7,0,15
2024-04-21T23:42:20,8,7,0,15
2024-04-21T23:58:31,8,7,0,15
2024-04-22T00:14:47,8,7,0,15
2024-04-22T00:31:10,8,7,0,15
2024-04-22T00:47:26,8,7,0,15
2024-04-22T01:03:39,8,7,0,15
2024-04-22T01:19:53,8,7,0,15
2024-04-22T01:36:08,8,7,0,15
2024-04-22T01:52:19,8,7,0,15
2024-04-22T02:08:32,8,7,0,15
2024-04-22T02:24:43,8,7,0,15
2024-04-22T02:41:12,8,7,0,15
2024-04-22T02:57:21,8,7,0,15
2024-04-22T03:13:33,8,7,0,15
2024-04-22T03:29:44,8,7,0,15
2024-04-22T03:45:56,8,7,0,15
2024-04-22T04:02:07,8,7,0,15
2024-04-22T04:25:17,8,7,0,15
2024-04-22T04:41:33,8,7,0,15
2024-04-22T04:59:22,8,7,0,15
2024-04-22T05:15:47,8,7,0,15
2024-04-22T05:32:02,8,7,0,15
2024-04-22T05:48:17,8,7,0,15
2024-04-22T06:04:33,8,7,0,15
2024-04-22T06:20:46,8,7,0,15
2024-04-22T06:36:59,8,7,0,15
2024-04-22T06:53:12,8,7,0,15
2024-04-22T07:09:29,8,7,0,15
2024-04-22T07:25:41,8,7,0,15
2024-04-22T07:41:53,8,7,0,15
2024-04-22T07:58:04,8,7,0,15
2024-04-22T08:14:26,8,7,0,15
2024-04-22T08:30:35,8,7,0,15
2024-04-22T08:46:46,8,7,0,15
2024-04-22T09:02:56,8,7,0,15
2024-04-22T09:19:08,8,7,0,15
2024-04-22T09:35:19,8,7,0,15
2024-04-22T09:51:29,8,7,0,15
2024-04-22T10:07:53,8,7,0,15
2024-04-22T10:24:04,8,7,0,15
2024-04-22T10:40:15,8,7,0,15
2024-04-22T10:56:25,8,7,0,15
2024-04-22T11:12:35,8,7,0,15
2024-04-22T11:28:46,8,7,0,15
2024-04-22T11:44:56,8,7,0,15
2024-04-22T12:01:17,8,7,0,15
2024-04-22T12:17:29,8,7,0,15
2024-04-22T12:33:39,8,7,0,15
2024-04-22T12:49:50,8,7,0,15
2024-04-22T13:06:00,8,7,0,15
2024-04-22T13:22:21,8,7,0,15
2024-04-22T13:38:33,8,7,0,15
2024-04-22T13:54:43,8,7,0,15
2024-04-22T14:10:55,8,7,0,15
2024-04-22T14:27:05,8,7,0,15
2024-04-22T14:43:34,8,7,0,15
2024-04-22T14:59:45,8,7,0,15
2024-04-22T15:15:55,8,7,0,15
2024-04-22T15:32:08,8,7,0,15
2024-04-22T15:48:19,8,7,0,15
2024-04-22T16:04:31,8,7,0,15
2024-04-22T16:20:54,8,7,0,15
2024-04-22T16:37:05,8,7,0,15
2024-04-22T16:53:16,8,7,0,15
2024-04-22T17:09:28,8,7,0,15
2024-04-22T17:25:43,8,7,0,15
2024-04-22T17:41:54,8,7,0,15
2024-04-22T17:58:07,8,7,0,15
2024-04-22T18:14:28,8,7,0,15
2024-04-22T18:30:37,8,7,0,15
2024-04-22T18:46:47,8,7,0,15
2024-04-22T19:02:57,8,7,0,15
2024-04-22T19:19:07,8,7,0,15
2024-04-22T19:35:16,8,7,0,15
2024-04-22T19:51:26,8,7,0,15
2024-04-22T20:07:44,8,7,0,15
2024-04-22T20:24:07,8,7,0,15
2024-04-22T20:40:18,8,7,0,15
2024-04-22T20:56:28,8,7,0,15
2024-04-22T21:12:39,8,7,0,15
2024-04-22T21:28:50,8,7,0,15
2024-04-22T21:45:01,8,7,0,15
2024-04-22T22:01:11,8,7,0,15
2024-04-22T22:17:28,8,7,0,15
2024-04-22T22:33:39,8,7,0,15
2024-04-22T22:50:03,8,7,0,15
2024-04-22T23:06:14,8,7,0,15
2024-04-22T23:22:26,8,7,0,15
2024-04-22T23:38:39,8,7,0,15
2024-04-22T23:54:51,8,7,0,15
2024-04-23T00:11:05,8,7,0,15
2024-04-23T00:27:27,8,7,0,15
2024-04-23T00:43:46,8,7,0,15
2024-04-23T01:00:04,8,7,0,15
2024-04-23T01:16:21,8,7,0,15
2024-04-23T01:32:33,8,7,0,15
2024-04-23T01:48:46,8,7,0,15
2024-04-23T02:05:13,8,7,0,15
2024-04-23T02:21:25,8,7,0,15
2024-04-23T02:37:39,8,7,0,15
2024-04-23T02:53:51,8,7,0,15
2024-04-23T03:10:03,8,7,0,15
2024-04-23T03:26:33,8,7,0,15
2024-04-23T03:42:47,8,7,0,15
2024-04-23T03:59:00,8,7,0,15
2024-04-23T04:15:20,8,7,0,15
2024-04-23T04:36:33,8,7,0,15
2024-04-23T04:54:33,8,7,0,15
2024-04-23T05:10:49,8,7,0,15
2024-04-23T05:27:03,8,7,0,15
2024-04-23T05:43:17,8,7,0,15
2024-04-23T05:59:33,8,7,0,15
2024-04-23T06:15:46,8,7,0,15
2024-04-23T06:32:01,8,7,0,15
2024-04-23T06:48:14,8,7,0,15
2024-04-23T07:04:29,8,7,0,15
2024-04-23T07:20:42,8,7,0,15
2024-04-23T07:36:55,8,7,0,15
2024-04-23T07:53:08,8,7,0,15
2024-04-23T08:09:22,8,7,0,15
2024-04-23T08:25:57,8,7,0,15
2024-04-23T08:42:10,8,7,0,15
2024-04-23T08:58:23,8,7,0,15
2024-04-23T09:14:35,8,7,0,15
2024-04-23T09:30:47,8,7,0,15
2024-04-23T09:47:03,8,7,0,15
2024-04-23T10:03:17,8,7,0,15
2024-04-23T10:19:28,8,7,0,15
2024-04-23T10:35:39,8,7,0,15
2024-04-23T10:51:49,8,7,0,15
2024-04-23T11:08:17,8,7,0,15
2024-04-23T11:24:28,8,7,0,15
2024-04-23T11:40:42,8,7,0,15
2024-04-23T11:56:59,8,7,0,15
2024-04-23T12:13:10,8,7,0,15
2024-04-23T12:29:21,8,7,0,15
2024-04-23T12:45:33,8,7,0,15
2024-04-23T13:02:04,8,7,0,15
2024-04-23T13:18:14,8,7,0,15
2024-04-23T13:34:26,8,7,0,15
2024-04-23T13:50:36,8,7,0,15
2024-04-23T14:06:47,8,7,0,15
2024-04-23T14:22:58,8,7,0,15
2024-04-23T14:39:09,8,7,0,15
2024-04-23T14:55:31,8,7,0,15
2024-04-23T15:11:42,8,7,0,15
2024-04-23T15:27:53,8,7,0,15
2024-04-23T15:44:03,8,7,0,15
2024-04-23T16:00:13,8,7,0,15
2024-04-23T16:16:24,8,7,0,15
2024-04-23T16:32:36,8,7,0,15
2024-04-23T16:49:06,8,7,0,15
2024-04-23T17:05:16,8,7,0,15
2024-04-23T17:21:30,8,7,0,15
2024-04-23T17:37:40,8,7,0,15
2024-04-23T17:53:51,8,7,0,15
2024-04-23T18:10:01,8,7,0,15
2024-04-23T18:26:12,8,7,0,15
2024-04-23T18:42:22,8,7,0,15
2024-04-23T18:58:42,8,7,0,15
2024-04-23T19:14:54,8,7,0,15
2024-04-23T19:31:04,8,7,0,15
2024-04-23T19:47:14,8,7,0,15
2024-04-23T20:03:35,8,7,0,15
2024-04-23T20:19:46,8,7,0,15
2024-04-23T20:35:56,8,7,0,15
2024-04-23T20:52:07,8,7,0,15
2024-04-23T21:08:38,8,7,0,15
2024-04-23T21:24:50,8,7,0,15
2024-04-23T21:41:01,8,7,0,15
2024-04-23T21:57:13,8,7,0,15
2024-04-23T22:13:25,8,7,0,15
2024-04-23T22:29:36,8,7,0,15
2024-04-23T22:45:46,8,7,0,15
2024-04-23T23:01:56,8,7,0,15
2024-04-23T23:18:09,8,7,0,15
2024-04-23T23:34:32,8,7,0,15
2024-04-23T23:50:44,8,7,0,15
2024-04-24T00:06:56,8,7,0,15
2024-04-24T00:23:15,8,7,0,15
2024-04-24T00:39:30,8,7,0,15
2024-04-24T00:55:47,8,7,0,15
2024-04-24T01:12:00,8,7,0,15
2024-04-24T01:28:13,8,7,0,15
2024-04-24T01:44:27,8,7,0,15
2024-04-24T02:00:38,8,7,0,15
2024-04-24T02:16:50,8,7,0,15
2024-04-24T02:33:01,8,7,0,15
2024-04-24T02:49:13,8,7,0,15
2024-04-24T03:05:25,8,7,0,15
2024-04-24T03:21:49,8,7,0,15
2024-04-24T03:39:06,8,7,0,15
2024-04-24T03:55:19,8,7,0,15
2024-04-24T04:11:32,8,7,0,15
2024-04-24T04:33:02,8,7,0,15
2024-04-24T04:49:15,8,7,0,15
2024-04-24T05:05:31,8,7,0,15
2024-04-24T05:23:11,8,7,0,15
2024-04-24T05:39:46,8,7,0,15
2024-04-24T05:56:01,8,7,0,15
2024-04-24T06:12:17,8,7,0,15
2024-04-24T06:28:30,8,7,0,15
2024-04-24T06:44:42,8,7,0,15
2024-04-24T07:00:53,8,7,0,15
2024-04-24T07:17:06,8,7,0,15
2024-04-24T07:33:24,8,7,0,15
2024-04-24T07:49:34,8,7,0,15
2024-04-24T08:05:45,8,7,0,15
2024-04-24T08:22:03,8,7,0,15
2024-04-24T08:38:14,8,7,0,15
2024-04-24T08:54:36,8,7,0,15
2024-04-24T09:10:47,8,7,0,15
2024-04-24T09:26:57,8,7,0,15
2024-04-24T09:43:07,8,7,0,15
2024-04-24T09:59:18,8,7,0,15
2024-04-24T10:15:28,8,7,0,15
2024-04-24T10:31:37,8,7,0,15
2024-04-24T10:47:59,8,7,0,15
2024-04-24T11:04:09,8,7,0,15
2024-04-24T11:20:19,8,7,0,15
2024-04-24T11:36:29,8,7,0,15
2024-04-24T11:52:39,8,7,0,15
2024-04-24T12:08:50,8,7,0,15
2024-04-24T12:25:10,8,7,0,15
2024-04-24T12:41:20,8,7,0,15
2024-04-24T12:57:30,8,7,0,15
2024-04-24T13:13:41,8,7,0,15
2024-04-24T13:29:55,8,7,0,15
2024-04-24T13:46:16,8,7,0,15
2024-04-24T14:02:26,8,7,0,15
2024-04-24T14:18:36,8,7,0,15
2024-04-24T14:34:47,8,7,0,15
2024-04-24T14:50:57,8,7,0,15
2024-04-24T15:07:07,8,7,0,15
2024-04-24T15:23:28,8,7,0,15
2024-04-24T15:39:45,8,7,0,15
2024-04-24T15:55:55,8,7,0,15
2024-04-24T16:12:05,8,7,0,15
2024-04-24T16:28:15,8,7,0,15
2024-04-24T16:44:25,8,7,0,15
2024-04-24T17:00:38,8,7,0,15
2024-04-24T17:17:03,8,7,0,15
2024-04-24T17:33:15,8,7,0,15
2024-04-24T17:49:26,8,7,0,15
2024-04-24T18:05:40,8,7,0,15
2024-04-24T18:21:55,8,7,0,15
2024-04-24T18:38:09,8,7,0,15
2024-04-24T18:54:21,8,7,0,15
2024-04-24T19:10:33,8,7,0,15
2024-04-24T19:26:44,8,7,0,15
2024-04-24T19:43:05,8,7,0,15
2024-04-24T19:59:16,8,7,0,15
2024-04-24T20:15:27,8,7,0,15
2024-04-24T20:31:38,8,7,0,15
2024-04-24T20:47:49,8,7,0,15
2024-04-24T21:03:59,8,7,0,15
2024-04-24T21:20:10,8,7,0,15
2024-04-24T21:36:21,8,7,0,15
2024-04-24T21:52:32,8,7,0,15
2024-04-24T22:08:52,8,7,0,15
2024-04-24T22:25:02,8,7,0,15
2024-04-24T22:41:13,8,7,0,15
2024-04-24T22:57:24,8,7,0,15
2024-04-24T23:13:36,8,7,0,15
2024-04-24T23:29:48,8,7,0,15
2024-04-24T23:45:59,8,7,0,15
2024-04-25T00:02:11,8,7,0,15
2024-04-25T00:18:29,8,7,0,15
2024-04-25T00:34:48,8,7,0,15
2024-04-25T00:51:04,8,7,0,15
2024-04-25T01:07:18,8,7,0,15
2024-04-25T01:23:31,8,7,0,15
2024-04-25T01:39:52,8,7,0,15
2024-04-25T01:56:05,8,7,0,15
2024-04-25T02:12:16,8,7,0,15
2024-04-25T02:28:27,8,7,0,15
2024-04-25T02:44:38,8,7,0,15
2024-04-25T03:00:51,8,7,0,15
2024-04-25T03:17:06,8,7,0,15
2024-04-25T03:33:19,8,7,0,15
2024-04-25T03:49:29,8,7,0,15
2024-04-25T04:07:43,8,7,0,15
2024-04-25T04:32:27,8,7,0,15
2024-04-25T04:48:41,8,7,0,15
2024-04-25T05:04:55,8,7,0,15
2024-04-25T05:21:16,8,7,0,15
2024-04-25T05:37:31,8,7,0,15
2024-04-25T05:53:45,8,7,0,15
2024-04-25T06:09:58,8,7,0,15
2024-04-25T06:26:16,8,7,0,15
2024-04-25T06:42:29,8,7,0,15
2024-04-25T06:58:42,8,7,0,15
2024-04-25T07:14:59,8,7,0,15
2024-04-25T07:31:11,8,7,0,15
2024-04-25T07:47:23,8,7,0,15
2024-04-25T08:03:34,8,7,0,15
2024-04-25T08:19:56,8,7,0,15
2024-04-25T08:36:09,8,7,0,15
2024-04-25T08:52:20,8,7,0,15
2024-04-25T09:08:43,8,7,0,15
2024-04-25T09:24:55,8,7,0,15
2024-04-25T09:41:08,8,7,0,15
2024-04-25T09:57:19,8,7,0,15
2024-04-25T10:13:31,8,7,0,15
2024-04-25T10:29:42,8,7,0,15
2024-04-25T10:45:53,8,7,0,15
2024-04-25T11:02:04,8,7,0,15
2024-04-25T11:18:15,8,7,0,15
2024-04-25T11:34:37,8,7,0,15
2024-04-25T11:50:48,8,7,0,15
2024-04-25T12:07:00,8,7,0,15
2024-04-25T12:23:13,8,7,0,15
2024-04-25T12:39:24,8,7,0,15
2024-04-25T12:55:35,8,7,0,15
2024-04-25T13:11:56,8,7,0,15
2024-04-25T13:28:09,8,7,0,15
2024-04-25T13:44:20,8,7,0,15
2024-04-25T14:00:30,8,7,0,15
2024-04-25T14:16:43,8,7,0,15
2024-04-25T14:32:54,8,7,0,15
2024-04-25T14:49:04,8,7,0,15
2024-04-25T15:05:26,8,7,0,15
2024-04-25T15:21:36,8,7,0,15
2024-04-25T15:37:46,8,7,0,15
2024-04-25T15:53:57,8,7,0,15
2024-04-25T16:10:07,8,7,0,15
2024-04-25T16:26:16,8,7,0,15
2024-04-25T16:42:37,8,7,0,15
2024-04-25T16:58:47,8,7,0,15
2024-04-25T17:14:59,8,7,0,15
2024-04-25T17:31:10,8,7,0,15
2024-04-25T17:47:20,8,7,0,15
2024-04-25T18:03:31,8,7,0,15
2024-04-25T18:19:41,8,7,0,15
2024-04-25T18:35:52,8,7,0,15
2024-04-25T18:52:13,8,7,0,15
2024-04-25T19:08:26,8,7,0,15
2024-04-25T19:24:36,8,7,0,15
2024-04-25T19:40:45,8,7,0,15
2024-04-25T19:56:55,8,7,0,15
2024-04-25T20:13:17,8,7,0,15
2024-04-25T20:29:27,8,7,0,15
2024-04-25T20:45:37,8,7,0,15
2024-04-25T21:01:47,8,7,0,15
2024-04-25T21:18:09,8,7,0,15
2024-04-25T21:34:19,8,7,0,15
2024-04-25T21:50:32,8,7,0,15
2024-04-25T22:06:44,8,7,0,15
2024-04-25T22:22:54,8,7,0,15
2024-04-25T22:39:05,8,7,0,15
2024-04-25T22:55:15,8,7,0,15
2024-04-25T23:11:26,8,7,0,15
2024-04-25T23:27:39,8,7,0,15
2024-04-25T23:43:50,8,7,0,15
2024-04-26T00:00:01,8,7,0,15
2024-04-26T00:16:29,8,7,0,15
2024-04-26T00:32:45,8,7,0,15
2024-04-26T00:49:03,8,7,0,15
2024-04-26T01:05:17,8,7,0,15
2024-04-26T01:21:31,8,7,0,15
2024-04-26T01:37:44,8,7,0,15
2024-04-26T01:53:57,8,7,0,15
2024-04-26T02:10:09,8,7,0,15
2024-04-26T02:26:21,8,7,0,15
2024-04-26T02:42:32,8,7,0,15
2024-04-26T02:58:44,8,7,0,15
2024-04-26T03:15:07,8,7,0,15
2024-04-26T03:31:37,8,7,0,15
2024-04-26T03:47:50,8,7,0,15
2024-04-26T04:04:02,8,7,0,15
2024-04-26T04:26:50,8,7,0,15
2024-04-26T04:44:41,8,7,0,15
2024-04-26T05:00:55,8,7,0,15
2024-04-26T05:17:16,8,7,0,15
2024-04-26T05:33:29,8,7,0,15
2024-04-26T05:49:42,8,7,0,15
2024-04-26T06:05:54,8,7,0,15
2024-04-26T06:22:13,8,7,0,15
2024-04-26T06:38:25,8,7,0,15
2024-04-26T06:54:36,8,7,0,15
2024-04-26T07:10:48,8,7,0,15
2024-04-26T07:27:04,8,7,0,15
2024-04-26T07:43:14,8,7,0,15
2024-04-26T07:59:25,8,7,0,15
2024-04-26T08:15:37,8,7,0,15
2024-04-26T08:32:04,8,7,0,15
2024-04-26T08:48:14,8,7,0,15
2024-04-26T09:04:24,8,7,0,15
2024-04-26T09:20:36,8,7,0,15
2024-04-26T09:36:46,8,7,0,15
2024-04-26T09:52:57,8,7,0,15
2024-04-26T10:09:08,8,7,0,15
2024-04-26T10:25:19,8,7,0,15
2024-04-26T10:41:30,8,7,0,15
2024-04-26T10:57:40,8,7,0,15
2024-04-26T11:14:03,8,7,0,15
2024-04-26T11:30:13,8,7,0,15
2024-04-26T11:46:24,8,7,0,15
2024-04-26T12:02:34,8,7,0,15
2024-04-26T12:18:45,8,7,0,15
2024-04-26T12:34:55,8,7,0,15
2024-04-26T12:51:07,8,7,0,15
2024-04-26T13:07:29,8,7,0,15
2024-04-26T13:23:42,8,7,0,15
2024-04-26T13:39:53,8,7,0,15
2024-04-26T13:56:03,8,7,0,15
2024-04-26T14:12:14,8,7,0,15
2024-04-26T14:28:25,8,7,0,15
2024-04-26T14:44:35,8,7,0,15
2024-04-26T15:00:46,8,7,0,15
2024-04-26T15:17:10,8,7,0,15
2024-04-26T15:33:21,8,7,0,15
2024-04-26T15:49:31,8,7,0,15
2024-04-26T16:05:47,8,7,0,15
2024-04-26T16:21:57,8,7,0,15
2024-04-26T16:38:28,8,7,0,15
2024-04-26T16:54:39,8,7,0,15
2024-04-26T17:10:50,8,7,0,15
2024-04-26T17:27:05,8,7,0,15
2024-04-26T17:43:16,8,7,0,15
2024-04-26T17:59:28,8,7,0,15
2024-04-26T18:15:38,8,7,0,15
2024-04-26T18:31:48,8,7,0,15
2024-04-26T18:47:59,8,7,0,15
2024-04-26T19:04:09,8,7,0,15
2024-04-26T19:20:19,8,7,0,15
2024-04-26T19:36:40,8,7,0,15
2024-04-26T19:52:50,8,7,0,15
2024-04-26T20:09:04,8,7,0,15
2024-04-26T20:25:14,8,7,0,15
2024-04-26T20:41:24,8,7,0,15
2024-04-26T20:57:34,8,7,0,15
2024-04-26T21:13:44,8,7,0,15
2024-04-26T21:29:54,8,7,0,15
2024-04-27T00:07:14,8,7,0,15
2024-04-27T00:23:31,8,7,0,15
2024-04-27T00:39:49,8,7,0,15
2024-04-27T00:56:15,8,7,0,15
2024-04-27T01:12:26,8,7,0,15
2024-04-27T01:28:37,8,7,0,15
2024-04-27T01:44:49,8,7,0,15
2024-04-27T02:01:01,8,7,0,15
2024-04-27T02:17:11,8,7,0,15
2024-04-27T02:33:22,8,7,0,15
2024-04-27T02:49:32,8,7,0,15
2024-04-27T03:05:42,8,7,0,15
2024-04-27T03:21:53,8,7,0,15
2024-04-27T03:38:04,8,7,0,15
2024-04-27T03:54:17,8,7,0,15
2024-04-27T04:25:57,8,7,0,15
2024-04-27T04:42:09,8,7,0,15
2024-04-27T05:00:43,8,7,0,15
2024-04-27T05:16:55,8,7,0,15
2024-04-27T05:33:09,8,7,0,15
2024-04-27T05:49:20,8,7,0,15
2024-04-27T06:05:32,8,7,0,15
2024-04-27T06:21:44,8,7,0,15
2024-04-27T06:37:56,8,7,0,15
2024-04-27T06:54:07,8,7,0,15
2024-04-27T07:10:18,8,7,0,15
2024-04-27T07:26:38,8,7,0,15
2024-04-27T07:42:49,8,7,0,15
2024-04-27T07:59:00,8,7,0,15
2024-04-27T08:15:10,8,7,0,15
2024-04-27T08:31:21,8,7,0,15
2024-04-27T08:47:31,8,7,0,15
2024-04-27T09:03:41,8,7,0,15
2024-04-27T09:19:52,8,7,0,15
2024-04-27T09:36:02,8,7,0,15
2024-04-27T09:52:12,8,7,0,15
2024-04-27T10:08:21,8,7,0,15
2024-04-27T10:24:42,8,7,0,15
2024-04-27T10:40:51,8,7,0,15
2024-04-27T10:57:01,8,7,0,15
2024-04-27T11:13:12,8,7,0,15
2024-04-27T11:29:23,8,7,0,15
2024-04-27T11:45:34,8,7,0,15
2024-04-27T12:01:43,8,7,0,15
2024-04-27T12:17:52,8,7,0,15
2024-04-27T12:34:00,8,7,0,15
2024-04-27T12:50:09,8,7,0,15
2024-04-27T13:06:19,8,7,0,15
2024-04-27T13:22:28,8,7,0,15
2024-04-27T13:38:47,8,7,0,15
2024-04-27T13:54:56,8,7,0,15
2024-04-27T14:11:05,8,7,0,15
2024-04-27T14:27:13,8,7,0,15
2024-04-27T14:43:23,8,7,0,15
2024-04-27T14:59:32,8,7,0,15
2024-04-27T15:15:43,8,7,0,15
2024-04-27T15:31:53,8,7,0,15
2024-04-27T15:48:02,8,7,0,15
2024-04-27T16:04:10,8,7,0,15
2024-04-27T16:20:19,8,7,0,15
2024-04-27T16:36:37,8,7,0,15
2024-04-27T16:52:46,8,7,0,15
2024-04-27T17:08:55,8,7,0,15
2024-04-27T17:25:05,8,7,0,15
2024-04-27T17:41:14,8,7,0,15
2024-04-27T17:57:23,8,7,0,15
2024-04-27T18:13:32,8,7,0,15
2024-04-27T18:29:41,8,7,0,15
2024-04-27T18:45:50,8,7,0,15
2024-04-27T19:02:01,8,7,0,15
2024-04-27T19:18:10,8,7,0,15
2024-04-27T19:34:19,8,7,0,15
2024-04-27T19:50:29,8,7,0,15
2024-04-27T20:06:38,8,7,0,15
2024-04-27T20:22:47,8,7,0,15
2024-04-27T20:39:05,8,7,0,15
2024-04-27T20:55:14,8,7,0,15
2024-04-27T21:11:24,8,7,0,15
2024-04-27T21:27:33,8,7,0,15
2024-04-27T21:43:42,8,7,0,15
2024-04-27T21:59:52,8,7,0,15
2024-04-27T22:16:03,8,7,0,15
2024-04-27T22:32:12,8,7,0,15
2024-04-27T22:48:22,8,7,0,15
2024-04-27T23:04:31,8,7,0,15
2024-04-27T23:20:41,8,7,0,15
2024-04-27T23:36:50,8,7,0,15
2024-04-27T23:52:59,8,7,0,15
2024-04-28T00:09:18,8,7,0,15
2024-04-28T00:25:30,8,7,0,15
2024-04-28T00:41:37,8,7,0,15
2024-04-28T00:57:44,8,7,0,15
2024-04-28T01:13:52,8,7,0,15
2024-04-28T04:40:01,8,7,0,15
2024-04-28T04:56:19,8,7,0,15
2024-04-28T05:12:58,8,7,0,15
2024-04-28T05:29:11,8,7,0,15
2024-04-28T05:45:27,8,7,0,15
2024-04-28T06:01:45,8,7,0,15
2024-04-28T06:18:05,8,7,0,15
2024-04-28T06:34:19,8,7,0,15
2024-04-28T06:50:32,8,7,0,15
2024-04-28T07:06:44,8,7,0,15
2024-04-28T07:22:57,8,7,0,15
2024-04-28T07:39:11,8,7,0,15
2024-04-28T07:55:27,8,7,0,15
2024-04-28T08:11:49,8,7,0,15
2024-04-28T08:28:03,8,7,0,15
2024-04-28T08:44:22,8,7,0,15
2024-04-28T09:00:40,8,7,0,15
2024-04-28T09:16:58,8,7,0,15
2024-04-28T09:33:14,8,7,0,15
2024-04-28T09:49:34,8,7,0,15
2024-04-28T10:05:49,8,7,0,15
2024-04-28T10:22:08,8,7,0,15
2024-04-28T10:38:20,8,7,0,15
2024-04-28T10:54:30,8,7,0,15
2024-04-28T11:10:40,8,7,0,15
2024-04-28T11:26:49,8,7,0,15
2024-04-28T11:42:59,8,7,0,15
2024-04-28T11:59:08,8,7,0,15
2024-04-28T12:15:18,8,7,0,15
2024-04-28T12:31:37,8,7,0,15
2024-04-28T12:47:46,8,7,0,15
2024-04-28T13:03:56,8,7,0,15
2024-04-28T13:20:05,8,7,0,15
2024-04-28T13:36:15,8,7,0,15
2024-04-28T13:52:24,8,7,0,15
2024-04-28T14:08:34,8,7,0,15
2024-04-28T14:24:42,8,7,0,15
2024-04-28T14:40:52,8,7,0,15
2024-04-28T14:57:01,8,7,0,15
2024-04-28T15:13:12,8,7,0,15
2024-04-28T15:29:31,8,7,0,15
2024-04-28T15:45:41,8,7,0,15
2024-04-28T16:01:50,8,7,0,15
2024-04-28T16:18:00,8,7,0,15
2024-04-28T16:34:10,8,7,0,15
2024-04-28T16:50:20,8,7,0,15
2024-04-28T17:06:30,8,7,0,15
2024-04-28T17:22:40,8,7,0,15
2024-04-28T17:38:49,8,7,0,15
2024-04-28T17:54:58,8,7,0,15
2024-04-28T18:11:09,8,7,0,15
2024-04-28T18:27:20,8,7,0,15
2024-04-28T18:43:42,8,7,0,15
2024-04-28T18:59:52,8,7,0,15
2024-04-28T19:16:06,8,7,0,15
2024-04-28T19:32:17,8,7,0,15
2024-04-28T19:48:26,8,7,0,15
2024-04-28T20:04:37,8,7,0,15
2024-04-28T20:20:48,8,7,0,15
2024-04-28T20:36:57,8,7,0,15
2024-04-28T20:53:07,8,7,0,15
2024-04-28T21:09:17,8,7,0,15
2024-04-28T21:25:29,8,7,0,15
2024-04-28T21:41:41,8,7,0,15
2024-04-28T21:57:56,8,7,0,15
2024-04-28T22:14:17,8,7,0,15
2024-04-28T22:30:28,8,7,0,15
2024-04-28T22:46:38,8,7,0,15
2024-04-28T23:02:47,8,7,0,15
2024-04-28T23:18:59,8,7,0,15
2024-04-28T23:35:09,8,7,0,15
2024-04-28T23:51:20,8,7,0,15
2024-04-29T00:07:34,8,7,0,15
2024-04-29T00:23:53,8,7,0,15
2024-04-29T00:40:11,8,7,0,15
2024-04-29T00:56:27,8,7,0,15
2024-04-29T01:12:45,8,7,0,15
2024-04-29T01:28:57,8,7,0,15
2024-04-29T01:45:10,8,7,0,15
2024-04-29T02:01:21,8,7,0,15
2024-04-29T02:17:34,8,7,0,15
2024-04-29T02:33:53,8,7,0,15
2024-04-29T02:50:05,8,7,0,15
2024-04-29T03:06:16,8,7,0,15
2024-04-29T03:22:28,8,7,0,15
2024-04-29T03:38:41,8,7,0,15
2024-04-29T03:54:54,8,7,0,15
2024-04-29T04:11:05,8,7,0,15
2024-04-29T04:33:20,8,7,0,15
2024-04-29T04:50:45,8,7,0,15
2024-04-29T05:07:18,8,7,0,15
2024-04-29T05:23:31,8,7,0,15
2024-04-29T05:39:44,8,7,0,15
2024-04-29T05:55:58,8,7,0,15
2024-04-29T06:12:11,8,7,0,15
2024-04-29T06:28:26,8,7,0,15
2024-04-29T06:44:36,8,7,0,15
2024-04-29T07:00:45,8,7,0,15
2024-04-29T07:16:55,8,7,0,15
2024-04-29T07:33:04,8,7,0,15
2024-04-29T07:49:14,8,7,0,15
2024-04-29T08:05:24,8,7,0,15
2024-04-29T08:21:35,8,7,0,15
2024-04-29T08:37:45,8,7,0,15
2024-04-29T08:53:56,8,7,0,15
2024-04-29T09:10:09,8,7,0,15
2024-04-29T09:26:30,8,7,0,15
2024-04-29T09:42:40,8,7,0,15
2024-04-29T09:58:50,8,7,0,15
2024-04-29T10:15:01,8,7,0,15
2024-04-29T10:31:12,8,7,0,15
2024-04-29T10:47:22,8,7,0,15
2024-04-29T11:03:31,8,7,0,15
2024-04-29T11:19:42,8,7,0,15
2024-04-29T11:36:07,8,7,0,15
2024-04-29T11:52:17,8,7,0,15
2024-04-29T12:08:26,8,7,0,15
2024-04-29T12:24:40,8,7,0,15
2024-04-29T12:41:00,8,7,0,15
2024-04-29T12:57:10,8,7,0,15
2024-04-29T13:13:20,8,7,0,15
2024-04-29T13:29:30,8,7,0,15
2024-04-29T13:45:39,8,7,0,15
2024-04-29T14:02:00,8,7,0,15
2024-04-29T14:18:10,8,7,0,15
2024-04-29T14:34:20,8,7,0,15
2024-04-29T14:50:30,8,7,0,15
2024-04-29T15:06:41,8,7,0,15
2024-04-29T15:23:03,8,7,0,15
2024-04-29T15:39:13,8,7,0,15
2024-04-29T15:55:23,8,7,0,15
2024-04-29T16:11:33,8,7,0,15
2024-04-29T16:27:42,8,7,0,15
2024-04-29T16:43:52,8,7,0,15
2024-04-29T17:00:02,8,7,0,15
2024-04-29T17:16:16,8,7,0,15
2024-04-29T17:32:47,8,7,0,15
2024-04-29T17:48:58,8,7,0,15
2024-04-29T18:05:08,8,7,0,15
2024-04-29T18:21:17,8,7,0,15
2024-04-29T18:37:28,8,7,0,15
2024-04-29T18:53:39,8,7,0,15
2024-04-29T19:09:50,8,7,0,15
2024-04-29T19:26:00,8,7,0,15
2024-04-29T19:42:10,8,7,0,15
2024-04-29T19:58:20,8,7,0,15
2024-04-29T20:14:51,8,7,0,15
2024-04-29T20:31:02,8,7,0,15
2024-04-29T20:47:11,8,7,0,15
2024-04-29T21:03:21,8,7,0,15
2024-04-29T21:19:35,8,7,0,15
2024-04-29T21:35:47,8,7,0,15
2024-04-29T21:51:58,8,7,0,15
2024-04-29T22:08:10,8,7,0,15
2024-04-29T22:24:21,8,7,0,15
2024-04-29T22:40:31,8,7,0,15
2024-04-29T22:56:42,8,7,0,15
2024-04-29T23:12:53,8,7,0,15
2024-04-29T23:29:14,8,7,0,15
2024-04-29T23:45:23,8,7,0,15
2024-04-30T00:01:36,8,7,0,15
2024-04-30T00:17:56,8,7,0,15
2024-04-30T00:34:14,8,7,0,15
2024-04-30T00:50:31,8,7,0,15
2024-04-30T01:06:44,8,7,0,15
2024-04-30T01:22:57,8,7,0,15
2024-04-30T01:39:09,8,7,0,15
2024-04-30T01:55:21,8,7,0,15
2024-04-30T02:11:33,8,7,0,15
2024-04-30T02:27:44,8,7,0,15
2024-04-30T02:43:55,8,7,0,15
2024-04-30T03:00:16,8,7,0,15
2024-04-30T03:16:29,8,7,0,15
2024-04-30T03:32:42,8,7,0,15
2024-04-30T03:48:59,8,7,0,15
2024-04-30T04:05:13,8,7,0,15
2024-04-30T10:09:18,8,7,0,15
2024-05-02T12:57:17,8,7,0,15
2024-05-02T13:13:26,8,7,0,15
2024-05-02T13:29:46,8,7,0,15
2024-05-02T13:45:56,8,7,0,15
2024-05-02T14:02:06,8,7,0,15
2024-05-02T14:18:18,8,7,0,15
2024-05-02T14:34:27,8,7,0,15
2024-05-02T14:50:36,8,7,0,15
2024-05-02T15:06:44,8,7,0,15
2024-05-02T15:23:07,8,7,0,15
2024-05-02T15:39:15,8,7,0,15
2024-05-02T15:55:23,8,7,0,15
2024-05-02T16:11:31,8,7,0,15
2024-05-02T16:27:40,8,7,0,15
2024-05-02T16:43:58,8,7,0,15
2024-05-02T17:00:07,8,7,0,15
2024-05-02T17:16:18,8,7,0,15
2024-05-02T17:32:29,8,7,0,15
2024-05-02T17:48:39,8,7,0,15
2024-05-02T18:04:47,8,7,0,15
2024-05-02T18:20:56,8,7,0,15
2024-05-02T18:37:13,8,7,0,15
2024-05-02T18:53:22,8,7,0,15
2024-05-02T19:09:31,8,7,0,15
2024-05-02T19:25:40,8,7,0,15
2024-05-02T19:41:48,8,7,0,15
2024-05-02T19:57:59,8,7,0,15
2024-05-02T20:14:08,8,7,0,15
2024-05-02T20:30:21,8,7,0,15
2024-05-02T20:46:29,8,7,0,15
2024-05-02T21:02:46,8,7,0,15
2024-05-02T21:18:56,8,7,0,15
2024-05-02T21:35:04,8,7,0,15
2024-05-02T21:51:13,8,7,0,15
2024-05-02T22:07:21,8,7,0,15
2024-05-02T22:23:28,8,7,0,15
2024-05-02T22:39:36,8,7,0,15
2024-05-02T22:55:44,8,7,0,15
2024-05-02T23:11:53,8,7,0,15
2024-05-02T23:28:14,8,7,0,15
2024-05-02T23:44:25,8,7,0,15
2024-05-03T00:00:34,8,7,0,15
2024-05-03T00:16:47,8,7,0,15
2024-05-03T00:33:00,8,7,0,15
2024-05-03T00:49:11,8,7,0,15
2024-05-03T01:05:24,8,7,0,15
2024-05-03T01:21:37,8,7,0,15
2024-05-03T01:37:50,8,7,0,15
2024-05-03T01:54:02,8,7,0,15
2024-05-03T02:10:31,8,7,0,15
2024-05-03T02:26:42,8,7,0,15
2024-05-03T02:42:52,8,7,0,15
2024-05-03T02:59:02,8,7,0,15
2024-05-03T03:15:12,8,7,0,15
2024-05-03T03:31:26,8,7,0,15
2024-05-03T03:47:51,8,7,0,15
2024-05-03T04:04:03,8,7,0,15
2024-05-03T04:29:28,8,7,0,15
2024-05-03T04:45:41,8,7,0,15
2024-05-03T05:01:52,8,7,0,15
2024-05-03T05:18:46,8,7,0,15
2024-05-03T05:36:16,8,7,0,15
2024-05-03T05:52:29,8,7,0,15
2024-05-03T06:08:42,8,7,0,15
2024-05-03T06:24:54,8,7,0,15
2024-05-03T06:41:06,8,7,0,15
2024-05-03T06:57:19,8,7,0,15
2024-05-03T07:13:33,8,7,0,15
2024-05-03T07:29:46,8,7,0,15
2024-05-03T07:45:58,8,7,0,15
2024-05-03T08:02:10,8,7,0,15
2024-05-03T08:18:31,8,7,0,15
2024-05-03T08:34:41,8,7,0,15
2024-05-03T08:50:52,8,7,0,15
2024-05-03T09:07:05,8,7,0,15
2024-05-03T09:23:16,8,7,0,15
2024-05-03T09:39:33,8,7,0,15
2024-05-03T09:55:44,8,7,0,15
2024-05-03T10:11:55,8,7,0,15
2024-05-03T10:28:08,8,7,0,15
2024-05-03T10:44:30,8,7,0,15
2024-05-03T11:00:40,8,7,0,15
2024-05-03T11:16:51,8,7,0,15
2024-05-03T11:33:07,8,7,0,15
2024-05-03T11:49:18,8,7,0,15
2024-05-03T12:05:28,8,7,0,15
2024-05-03T12:21:50,8,7,0,15
2024-05-03T12:38:01,8,7,0,15
2024-05-03T12:54:12,8,7,0,15
2024-05-03T13:10:22,8,7,0,15
2024-05-03T13:26:32,8,7,0,15
2024-05-03T13:42:42,8,7,0,15
2024-05-03T13:58:52,8,7,0,15
2024-05-03T14:15:02,8,7,0,15
2024-05-03T14:31:13,8,7,0,15
2024-05-03T14:47:34,8,7,0,15
2024-05-03T15:03:44,8,7,0,15
2024-05-03T15:19:55,8,7,0,15
2024-05-03T15:36:05,8,7,0,15
2024-05-03T15:52:15,8,7,0,15
2024-05-03T16:08:34,8,7,0,15
2024-05-03T16:24:45,8,7,0,15
2024-05-03T16:40:55,8,7,0,15
2024-05-03T16:57:06,8,7,0,15
2024-05-03T17:13:20,8,7,0,15
2024-05-03T17:29:32,8,7,0,15
2024-05-03T17:45:43,8,7,0,15
2024-05-03T18:01:54,8,7,0,15
2024-05-03T18:18:06,8,7,0,15
2024-05-03T18:34:16,8,7,0,15
2024-05-03T18:50:36,8,7,0,15
2024-05-03T19:06:47,8,7,0,15
2024-05-03T19:22:57,8,7,0,15
2024-05-03T19:39:07,8,7,0,15
2024-05-03T19:55:18,8,7,0,15
2024-05-03T20:11:38,8,7,0,15
2024-05-03T20:27:48,8,7,0,15
2024-05-03T20:44:00,8,7,0,15
2024-05-03T21:00:11,8,7,0,15
2024-05-03T21:16:22,8,7,0,15
2024-05-03T21:32:32,8,7,0,15
2024-05-03T21:48:54,8,7,0,15
2024-05-03T22:05:04,8,7,0,15
2024-05-03T22:21:15,8,7,0,15
2024-05-03T22:37:25,8,7,0,15
2024-05-03T22:53:36,8,7,0,15
2024-05-03T23:09:47,8,7,0,15
2024-05-03T23:25:59,8,7,0,15
2024-05-03T23:42:17,8,7,0,15
2024-05-03T23:58:28,8,7,0,15
2024-05-04T00:14:42,8,7,0,15
2024-05-04T00:31:04,8,7,0,15
2024-05-04T00:47:30,8,7,0,15
2024-05-04T01:03:43,8,7,0,15
2024-05-04T01:19:56,8,7,0,15
2024-05-04T01:36:07,8,7,0,15
2024-05-04T01:52:19,8,7,0,15
2024-05-04T02:08:37,8,7,0,15
2024-05-04T02:24:48,8,7,0,15
2024-05-04T02:40:57,8,7,0,15
2024-05-04T02:57:09,8,7,0,15
2024-05-04T03:13:26,8,7,0,15
2024-05-04T03:29:41,8,7,0,15
2024-05-04T03:45:54,8,7,0,15
2024-05-04T04:02:08,8,7,0,15
2024-05-04T04:28:06,8,7,0,15
2024-05-04T04:45:34,8,7,0,15
2024-05-04T05:02:06,8,7,0,15
2024-05-04T05:18:21,8,7,0,15
2024-05-04T05:34:35,8,7,0,15
2024-05-04T05:50:49,8,7,0,15
2024-05-04T06:07:02,8,7,0,15
2024-05-04T06:23:16,8,7,0,15
2024-05-04T06:39:29,8,7,0,15
2024-05-04T06:55:58,8,7,0,15
2024-05-04T07:12:12,8,7,0,15
2024-05-04T07:28:24,8,7,0,15
2024-05-04T07:44:36,8,7,0,15
2024-05-04T08:00:48,8,7,0,15
2024-05-04T08:16:59,8,7,0,15
2024-05-04T08:33:10,8,7,0,15
2024-05-04T08:49:21,8,7,0,15
2024-05-04T09:05:34,8,7,0,15
2024-05-04T09:21:46,8,7,0,15
2024-05-04T09:37:57,8,7,0,15
2024-05-04T09:54:09,8,7,0,15
2024-05-04T10:10:42,8,7,0,15
2024-05-04T10:26:54,8,7,0,15
2024-05-04T10:43:06,8,7,0,15
2024-05-04T10:59:17,8,7,0,15
2024-05-04T11:15:29,8,7,0,15
2024-05-04T11:31:39,8,7,0,15
2024-05-04T11:47:49,8,7,0,15
2024-05-04T12:03:59,8,7,0,15
2024-05-04T12:20:09,8,7,0,15
2024-05-04T12:36:19,8,7,0,15
2024-05-04T12:52:49,8,7,0,15
2024-05-04T13:08:59,8,7,0,15
2024-05-04T13:25:08,8,7,0,15
2024-05-04T13:41:19,8,7,0,15
2024-05-04T13:57:30,8,7,0,15
2024-05-04T14:13:40,8,7,0,15
2024-05-04T14:29:49,8,7,0,15
2024-05-04T14:46:00,8,7,0,15
2024-05-04T15:02:09,8,7,0,15
2024-05-04T15:18:19,8,7,0,15
2024-05-04T15:34:30,8,7,0,15
2024-05-04T15:50:50,8,7,0,15
2024-05-04T16:07:04,8,7,0,15
2024-05-04T16:23:14,8,7,0,15
2024-05-04T16:39:23,8,7,0,15
2024-05-04T16:55:36,8,7,0,15
2024-05-04T17:11:47,8,7,0,15
2024-05-04T17:27:58,8,7,0,15
2024-05-04T17:44:08,8,7,0,15
2024-05-04T18:00:18,8,7,0,15
2024-05-04T18:16:28,8,7,0,15
2024-05-04T18:32:40,8,7,0,15
2024-05-04T18:48:50,8,7,0,15
2024-05-04T19:05:16,8,7,0,15
2024-05-04T19:21:27,8,7,0,15
2024-05-04T19:37:36,8,7,0,15
2024-05-04T19:53:46,8,7,0,15
2024-05-04T20:09:57,8,7,0,15
2024-05-04T20:26:07,8,7,0,15
2024-05-04T20:42:17,8,7,0,15
2024-05-04T20:58:27,8,7,0,15
2024-05-04T21:14:40,8,7,0,15
2024-05-04T21:30:50,8,7,0,15
2024-05-04T21:47:01,8,7,0,15
2024-05-04T22:03:13,8,7,0,15
2024-05-04T22:19:32,8,7,0,15
2024-05-04T22:35:44,8,7,0,15
2024-05-04T22:51:55,8,7,0,15
2024-05-04T23:08:06,8,7,0,15
2024-05-04T23:24:17,8,7,0,15
2024-05-04T23:40:26,8,7,0,15
2024-05-04T23:56:37,8,7,0,15
2024-05-05T00:12:51,8,7,0,15
2024-05-05T00:29:10,8,7,0,15
2024-05-05T00:45:25,8,7,0,15
2024-05-05T01:01:35,8,7,0,15
2024-05-05T01:18:08,8,7,0,15
2024-05-05T01:34:23,8,7,0,15
2024-05-05T01:50:37,8,7,0,15
2024-05-05T02:06:50,8,7,0,15
2024-05-05T02:23:04,8,7,0,15
2024-05-05T02:39:44,8,7,0,15
2024-05-05T02:55:58,8,7,0,15
2024-05-05T03:12:13,8,7,0,15
2024-05-05T03:28:28,8,7,0,15
2024-05-05T03:44:40,8,7,0,15
2024-05-05T04:00:52,8,7,0,15
2024-05-05T04:25:29,8,7,0,15
2024-05-05T04:41:46,8,7,0,15
2024-05-05T04:58:00,8,7,0,15
2024-05-05T05:14:15,8,7,0,15
2024-05-05T05:30:28,8,7,0,15
2024-05-05T05:46:42,8,7,0,15
2024-05-05T06:02:54,8,7,0,15
2024-05-05T06:19:08,8,7,0,15
2024-05-05T06:35:19,8,7,0,15
2024-05-05T06:51:29,8,7,0,15
2024-05-05T07:07:40,8,7,0,15
2024-05-05T07:23:55,8,7,0,15
2024-05-05T07:40:09,8,7,0,15
2024-05-05T07:56:23,8,7,0,15
2024-05-05T08:12:43,8,7,0,15
2024-05-05T08:28:55,8,7,0,15
2024-05-05T08:45:09,8,7,0,15
2024-05-05T09:01:24,8,7,0,15
2024-05-05T09:17:39,8,7,0,15
2024-05-05T09:33:54,8,7,0,15
2024-05-05T09:50:07,8,7,0,15
2024-05-05T10:06:19,8,7,0,15
2024-05-05T10:22:33,8,7,0,15
2024-05-05T10:38:45,8,7,0,15
2024-05-05T10:54:56,8,7,0,15
2024-05-05T11:11:06,8,7,0,15
2024-05-05T11:27:16,8,7,0,15
2024-05-05T11:43:28,8,7,0,15
2024-05-05T11:59:49,8,7,0,15
2024-05-05T12:15:59,8,7,0,15
2024-05-05T12:32:10,8,7,0,15
2024-05-05T12:48:20,8,7,0,15
2024-05-05T13:04:32,8,7,0,15
2024-05-05T13:20:43,8,7,0,15
2024-05-05T13:36:54,8,7,0,15
2024-05-05T13:53:07,8,7,0,15
2024-05-05T14:09:20,8,7,0,15
2024-05-05T14:25:42,8,7,0,15
2024-05-05T14:41:54,8,7,0,15
2024-05-05T14:58:07,8,7,0,15
2024-05-05T15:14:21,8,7,0,15
2024-05-05T15:30:31,8,7,0,15
2024-05-05T15:46:41,8,7,0,15
2024-05-05T16:02:52,8,7,0,15
2024-05-05T16:19:04,8,7,0,15
2024-05-05T16:35:25,8,7,0,15
2024-05-05T16:51:35,8,7,0,15
2024-05-05T17:07:45,8,7,0,15
2024-05-05T17:23:57,8,7,0,15
2024-05-05T17:40:07,8,7,0,15
2024-05-05T17:56:18,8,7,0,15
2024-05-05T18:12:28,8,7,0,15
2024-05-05T18:28:43,8,7,0,15
2024-05-05T18:44:54,8,7,0,15
2024-05-05T19:01:07,8,7,0,15
2024-05-05T19:17:32,8,7,0,15
2024-05-05T19:33:46,8,7,0,15
2024-05-05T19:49:57,8,7,0,15
2024-05-05T20:06:09,8,7,0,15
2024-05-05T20:22:20,8,7,0,15
2024-05-05T20:38:30,8,7,0,15
2024-05-05T20:54:40,8,7,0,15
2024-05-05T21:10:51,8,7,0,15
2024-05-05T21:27:07,8,7,0,15
2024-05-05T21:43:19,8,7,0,15
2024-05-05T21:59:31,8,7,0,15
2024-05-05T22:15:52,8,7,0,15
2024-05-05T22:32:04,8,7,0,15
2024-05-05T22:48:14,8,7,0,15
2024-05-05T23:04:26,8,7,0,15
2024-05-05T23:20:38,8,7,0,15
2024-05-05T23:36:52,8,7,0,15
2024-05-05T23:53:04,8,7,0,15
2024-05-06T00:09:18,8,7,0,15
2024-05-06T00:25:34,8,7,0,15
2024-05-06T00:41:53,8,7,0,15
2024-05-06T00:58:09,8,7,0,15
2024-05-06T01:14:21,8,7,0,15
2024-05-06T01:30:59,8,7,0,15
2024-05-06T01:47:13,8,7,0,15
2024-05-06T02:03:26,8,7,0,15
2024-05-06T02:19:46,8,7,0,15
2024-05-06T02:35:59,8,7,0,15
2024-05-06T02:52:10,8,7,0,15
2024-05-06T03:08:27,8,7,0,15
2024-05-06T03:24:45,8,7,0,15
2024-05-06T03:41:01,8,7,0,15
2024-05-06T03:57:14,8,7,0,15
2024-05-06T04:37:04,8,7,0,15
2024-05-06T04:54:42,8,7,0,15
2024-05-06T05:11:00,8,7,0,15
2024-05-06T05:27:18,8,7,0,15
2024-05-06T05:43:33,8,7,0,15
2024-05-06T05:59:45,8,7,0,15
2024-05-06T06:15:58,8,7,0,15
2024-05-06T06:32:11,8,7,0,15
2024-05-06T06:48:23,8,7,0,15
2024-05-06T07:04:41,8,7,0,15
2024-05-06T07:20:52,8,7,0,15
2024-05-06T07:37:02,8,7,0,15
2024-05-06T07:53:13,8,7,0,15
2024-05-06T08:09:39,8,7,0,15
2024-05-06T08:25:50,8,7,0,15
2024-05-06T08:42:04,8,7,0,15
2024-05-06T08:58:16,8,7,0,15
2024-05-06T09:14:28,8,7,0,15
2024-05-06T09:30:39,8,7,0,15
2024-05-06T09:46:55,8,7,0,15
2024-05-06T10:03:06,8,7,0,15
2024-05-06T10:19:18,8,7,0,15
2024-05-06T10:35:29,8,7,0,15
2024-05-06T10:51:40,8,7,0,15
2024-05-06T11:08:00,8,7,0,15
2024-05-06T11:24:11,8,7,0,15
2024-05-06T11:40:21,8,7,0,15
2024-05-06T11:56:32,8,7,0,15
2024-05-06T12:12:45,8,7,0,15
2024-05-06T12:28:57,8,7,0,15
2024-05-06T12:45:10,8,7,0,15
2024-05-06T13:01:31,8,7,0,15
2024-05-06T13:17:42,8,7,0,15
2024-05-06T13:33:52,8,7,0,15
2024-05-06T13:50:06,8,7,0,15
2024-05-06T14:06:22,8,7,0,15
2024-05-06T14:22:33,8,7,0,15
2024-05-06T14:38:45,8,7,0,15
2024-05-06T14:54:55,8,7,0,15
2024-05-06T15:11:06,8,7,0,15
2024-05-06T15:27:31,8,7,0,15
2024-05-06T15:43:43,8,7,0,15
2024-05-06T15:59:55,8,7,0,15
2024-05-06T16:16:08,8,7,0,15
2024-05-06T16:32:19,8,7,0,15
2024-05-06T16:48:30,8,7,0,15
2024-05-06T17:04:41,8,7,0,15
2024-05-06T17:21:03,8,7,0,15
2024-05-06T17:37:15,8,7,0,15
2024-05-06T17:53:27,8,7,0,15
2024-05-06T18:09:38,8,7,0,15
2024-05-06T18:25:49,8,7,0,15
2024-05-06T18:42:00,8,7,0,15
2024-05-06T18:58:11,8,7,0,15
2024-05-06T19:14:21,8,7,0,15
2024-05-06T19:30:32,8,7,0,15
2024-05-06T19:46:53,8,7,0,15
2024-05-06T20:03:04,8,7,0,15
2024-05-06T20:19:15,8,7,0,15
2024-05-06T20:35:26,8,7,0,15
2024-05-06T20:51:36,8,7,0,15
2024-05-06T21:07:46,8,7,0,15
2024-05-06T21:23:57,8,7,0,15
2024-05-06T21:40:09,8,7,0,15
2024-05-06T21:56:21,8,7,0,15
2024-05-06T22:12:32,8,7,0,15
2024-05-06T22:28:52,8,7,0,15
2024-05-06T22:45:02,8,7,0,15
2024-05-06T23:01:14,8,7,0,15
2024-05-06T23:17:26,8,7,0,15
2024-05-06T23:33:37,8,7,0,15
2024-05-06T23:49:48,8,7,0,15
2024-05-07T00:06:02,8,7,0,15
2024-05-07T00:22:17,8,7,0,15
2024-05-07T00:38:36,8,7,0,15
2024-05-07T00:54:50,8,7,0,15
2024-05-07T01:11:04,8,7,0,15
2024-05-07T01:27:17,8,7,0,15
2024-05-07T01:43:40,8,7,0,15
2024-05-07T01:59:51,8,7,0,15
2024-05-07T02:16:02,8,7,0,15
2024-05-07T02:32:15,8,7,0,15
2024-05-07T02:48:25,8,7,0,15
2024-05-07T03:04:44,8,7,0,15
2024-05-07T03:20:57,8,7,0,15
2024-05-07T03:37:08,8,7,0,15
2024-05-07T03:53:21,8,7,0,15
2024-05-07T04:25:07,8,7,0,15
2024-05-07T04:42:52,8,7,0,15
2024-05-07T04:59:05,8,7,0,15
2024-05-07T05:15:27,8,7,0,15
2024-05-07T05:31:42,8,7,0,15
2024-05-07T05:47:56,8,7,0,15
2024-05-07T06:04:11,8,7,0,15
2024-05-07T06:20:24,8,7,0,15
2024-05-07T06:36:36,8,7,0,15
2024-05-07T06:52:48,8,7,0,15
2024-05-07T07:09:03,8,7,0,15
2024-05-07T07:25:16,8,7,0,15
2024-05-07T07:41:28,8,7,0,15
2024-05-07T07:57:39,8,7,0,15
2024-05-07T08:13:53,8,7,0,15
2024-05-07T08:30:05,8,7,0,15
2024-05-07T08:46:25,8,7,0,15
2024-05-07T09:02:37,8,7,0,15
2024-05-07T09:18:49,8,7,0,15
2024-05-07T09:35:02,8,7,0,15
2024-05-07T09:51:15,8,7,0,15
2024-05-07T10:07:26,8,7,0,15
2024-05-07T10:23:40,8,7,0,15
2024-05-07T10:39:51,8,7,0,15
2024-05-07T10:56:03,8,7,0,15
2024-05-07T11:12:21,8,7,0,15
2024-05-07T11:28:43,8,7,0,15
2024-05-07T11:44:54,8,7,0,15
2024-05-07T12:01:06,8,7,0,15
2024-05-07T12:17:19,8,7,0,15
2024-05-07T12:33:30,8,7,0,15
2024-05-07T12:49:40,8,7,0,15
2024-05-07T13:06:01,8,7,0,15
2024-05-07T13:22:12,8,7,0,15
2024-05-07T13:38:23,8,7,0,15
2024-05-07T13:54:34,8,7,0,15
2024-05-07T14:10:44,8,7,0,15
2024-05-07T14:26:55,8,7,0,15
2024-05-07T14:43:05,8,7,0,15
2024-05-07T14:59:16,8,7,0,15
2024-05-07T15:15:36,8,7,0,15
2024-05-07T15:31:47,8,7,0,15
2024-05-07T15:47:57,8,7,0,15
2024-05-07T16:04:08,8,7,0,15
2024-05-07T16:20:18,8,7,0,15
2024-05-07T16:36:29,8,7,0,15
2024-05-07T16:52:49,8,7,0,15
2024-05-07T17:09:00,8,7,0,15
2024-05-07T17:25:13,8,7,0,15
2024-05-07T17:41:24,8,7,0,15
2024-05-07T17:57:35,8,7,0,15
2024-05-07T18:13:45,8,7,0,15
2024-05-07T18:29:57,8,7,0,15
2024-05-07T18:46:07,8,7,0,15
2024-05-07T19:02:18,8,7,0,15
2024-05-07T19:18:38,8,7,0,15
2024-05-07T19:34:49,8,7,0,15
2024-05-07T19:50:59,8,7,0,15
2024-05-07T20:07:16,8,7,0,15
2024-05-07T20:23:27,8,7,0,15
2024-05-07T20:39:38,8,7,0,15
2024-05-07T20:55:48,8,7,0,15
2024-05-07T21:11:58,8,7,0,15
2024-05-07T21:28:10,8,7,0,15
2024-05-07T21:44:22,8,7,0,15
2024-05-07T22:00:41,8,7,0,15
2024-05-07T22:16:52,8,7,0,15
2024-05-07T22:33:03,8,7,0,15
2024-05-07T22:49:13,8,7,0,15
2024-05-07T23:05:24,8,7,0,15
2024-05-07T23:21:36,8,7,0,15
2024-05-07T23:37:47,8,7,0,15
2024-05-07T23:53:58,8,7,0,15
2024-05-08T00:10:15,8,7,0,15
2024-05-08T00:26:32,8,7,0,15
2024-05-08T00:42:49,8,7,0,15
2024-05-08T00:59:07,8,7,0,15
2024-05-08T01:15:22,8,7,0,15
2024-05-08T01:31:36,8,7,0,15
2024-05-08T01:47:58,8,7,0,15
2024-05-08T02:04:11,8,7,0,15
2024-05-08T02:20:21,8,7,0,15
2024-05-08T02:36:32,8,7,0,15
2024-05-08T02:52:43,8,7,0,15
2024-05-08T03:08:53,8,7,0,15
2024-05-08T03:25:04,8,7,0,15
2024-05-08T03:41:13,8,7,0,15
2024-05-08T03:57:23,8,7,0,15
2024-05-08T04:26:28,8,7,0,15
2024-05-08T04:42:41,8,7,0,15
2024-05-08T04:58:52,8,7,0,15
2024-05-08T05:15:11,8,7,0,15
2024-05-08T05:31:28,8,7,0,15
2024-05-08T05:47:43,8,7,0,15
2024-05-08T06:03:56,8,7,0,15
2024-05-08T06:20:08,8,7,0,15
2024-05-08T06:36:19,8,7,0,15
2024-05-08T06:52:31,8,7,0,15
2024-05-08T07:08:44,8,7,0,15
2024-05-08T07:24:59,8,7,0,15
2024-05-08T07:41:14,8,7,0,15
2024-05-08T07:57:26,8,7,0,15
2024-05-08T08:13:39,8,7,0,15
2024-05-08T08:29:53,8,7,0,15
2024-05-08T08:46:04,8,7,0,15
2024-05-08T09:30:33,8,7,0,15
2024-05-08T09:46:45,8,7,0,15
2024-05-08T10:02:57,8,7,0,15
2024-05-08T10:19:08,8,7,0,15
2024-05-08T10:35:18,8,7,0,15
2024-05-08T10:51:29,8,7,0,15
2024-05-08T11:07:39,8,7,0,15
2024-05-08T11:23:50,8,7,0,15
2024-05-08T11:40:05,8,7,0,15
2024-05-08T11:56:27,8,7,0,15
2024-05-08T12:12:37,8,7,0,15
2024-05-08T12:28:45,8,7,0,15
2024-05-08T12:44:54,8,7,0,15
2024-05-08T13:01:03,8,7,0,15
2024-05-08T13:17:14,8,7,0,15
2024-05-08T13:33:27,8,7,0,15
2024-05-08T13:49:46,8,7,0,15
2024-05-08T14:05:55,8,7,0,15
2024-05-08T14:22:04,8,7,0,15
2024-05-08T14:38:12,8,7,0,15
2024-05-08T14:54:22,8,7,0,15
2024-05-08T15:10:34,8,7,0,15
2024-05-08T15:26:46,8,7,0,15
2024-05-08T15:43:05,8,7,0,15
2024-05-08T15:59:15,8,7,0,15
2024-05-08T16:15:25,8,7,0,15
2024-05-08T16:31:35,8,7,0,15
2024-05-08T16:47:45,8,7,0,15
2024-05-08T17:03:57,8,7,0,15
2024-05-08T17:20:09,8,7,0,15
2024-05-08T17:36:20,8,7,0,15
2024-05-08T17:52:39,8,7,0,15
2024-05-08T18:08:50,8,7,0,15
2024-05-08T18:24:59,8,7,0,15
2024-05-08T18:41:10,8,7,0,15
2024-05-08T18:57:21,8,7,0,15
2024-05-08T19:13:31,8,7,0,15
2024-05-08T19:29:42,8,7,0,15
2024-05-08T19:45:51,8,7,0,15
2024-05-08T20:02:09,8,7,0,15
2024-05-08T20:18:19,8,7,0,15
2024-05-08T20:34:38,8,7,0,15
2024-05-08T20:50:47,8,7,0,15
2024-05-08T21:06:56,8,7,0,15
2024-05-08T21:23:09,8,7,0,15
2024-05-08T21:39:20,8,7,0,15
2024-05-08T21:55:33,8,7,0,15
2024-05-08T22:11:42,8,7,0,15
2024-05-08T22:27:48,8,7,0,15
2024-05-08T22:43:54,8,7,0,15
2024-05-08T23:00:00,8,7,0,15
2024-05-08T23:16:08,8,7,0,15
2024-05-08T23:32:24,8,7,0,15
2024-05-08T23:48:30,8,7,0,15
2024-05-09T00:04:40,8,7,0,15
2024-05-09T00:20:52,8,7,0,15
2024-05-09T00:37:03,8,7,0,15
2024-05-09T00:53:22,8,7,0,15
2024-05-09T01:09:35,8,7,0,15
2024-05-09T01:25:49,8,7,0,15
2024-05-09T01:42:08,8,7,0,15
2024-05-09T01:58:22,8,7,0,15
2024-05-09T02:14:35,8,7,0,15
2024-05-09T02:30:47,8,7,0,15
2024-05-09T02:46:59,8,7,0,15
2024-05-09T03:03:21,8,7,0,15
2024-05-09T03:19:33,8,7,0,15
2024-05-09T03:35:44,8,7,0,15
2024-05-09T03:51:56,8,7,0,15
2024-05-09T04:08:10,8,7,0,15
2024-05-09T04:33:16,8,7,0,15
2024-05-09T04:49:30,8,7,0,15
2024-05-09T05:05:44,8,7,0,15
2024-05-09T05:22:08,8,7,0,15
2024-05-09T05:38:22,8,7,0,15
2024-05-09T05:54:37,8,7,0,15
2024-05-09T06:10:49,8,7,0,15
2024-05-09T06:27:06,8,7,0,15
2024-05-09T06:43:20,8,7,0,15
2024-05-09T06:59:35,8,7,0,15
2024-05-09T07:15:53,8,7,0,15
2024-05-09T07:32:07,8,7,0,15
2024-05-09T07:48:19,8,7,0,15
2024-05-09T08:04:32,8,7,0,15
2024-05-09T08:20:46,8,7,0,15
2024-05-09T08:37:00,8,7,0,15
2024-05-09T08:53:24,8,7,0,15
2024-05-09T09:09:39,8,7,0,15
2024-05-09T09:25:50,8,7,0,15
2024-05-09T09:42:02,8,7,0,15
2024-05-09T09:58:15,8,7,0,15
2024-05-09T10:14:28,8,7,0,15
2024-05-09T10:30:41,8,7,0,15
2024-05-09T10:46:52,8,7,0,15
2024-05-09T11:03:05,8,7,0,15
2024-05-09T11:19:17,8,7,0,15
2024-05-09T11:35:30,8,7,0,15
2024-05-09T11:51:52,8,7,0,15
2024-05-09T12:08:05,8,7,0,15
2024-05-09T12:24:20,8,7,0,15
2024-05-09T12:40:32,8,7,0,15
2024-05-09T12:56:44,8,7,0,15
2024-05-09T13:12:56,8,7,0,15
2024-05-09T13:29:18,8,7,0,15
2024-05-09T13:45:31,8,7,0,15
2024-05-09T14:01:43,8,7,0,15
2024-05-09T14:17:56,8,7,0,15
2024-05-09T14:38:48,8,7,0,15
2024-05-09T14:55:01,8,7,0,15
2024-05-09T15:11:15,8,7,0,15
2024-05-09T15:27:42,8,7,0,15
2024-05-09T15:43:53,8,7,0,15
2024-05-09T16:00:06,8,7,0,15
2024-05-09T16:25:01,8,7,0,15
2024-05-09T16:41:11,8,7,0,15
2024-05-09T16:57:21,8,7,0,15
2024-05-09T17:13:53,8,7,0,15
2024-05-09T17:45:14,8,7,0,15
2024-05-09T18:01:26,8,7,0,15
2024-05-09T18:17:38,8,7,0,15
2024-05-09T18:33:50,8,7,0,15
2024-05-09T18:50:02,8,7,0,15
2024-05-09T19:06:15,8,7,0,15
2024-05-09T19:22:27,8,7,0,15
2024-05-09T19:38:40,8,7,0,15
2024-05-09T19:54:52,8,7,0,15
2024-05-09T20:11:22,8,7,0,15
2024-05-09T20:27:34,8,7,0,15
2024-05-09T20:43:46,8,7,0,15
2024-05-09T20:59:57,8,7,0,15
2024-05-09T21:16:09,8,7,0,15
2024-05-09T21:32:21,8,7,0,15
2024-05-09T21:48:33,8,7,0,15
2024-05-09T22:04:46,8,7,0,15
2024-05-09T22:20:58,8,7,0,15
2024-05-09T22:37:11,8,7,0,15
2024-05-09T22:53:41,8,7,0,15
2024-05-09T23:09:55,8,7,0,15
2024-05-09T23:26:06,8,7,0,15
2024-05-09T23:42:18,8,7,0,15
2024-05-09T23:58:32,8,7,0,15
2024-05-10T00:14:49,8,7,0,15
2024-05-10T00:31:12,8,7,0,15
2024-05-10T00:47:34,8,7,0,15
2024-05-10T01:03:49,8,7,0,15
2024-05-10T01:20:03,8,7,0,15
2024-05-10T01:36:16,8,7,0,15
2024-05-10T01:52:29,8,7,0,15
2024-05-10T02:08:47,8,7,0,15
2024-05-10T02:25:00,8,7,0,15
2024-05-10T02:41:14,8,7,0,15
2024-05-10T02:57:27,8,7,0,15
2024-05-10T03:13:41,8,7,0,15
2024-05-10T03:29:56,8,7,0,15
2024-05-10T03:46:16,8,7,0,15
2024-05-10T04:02:33,8,7,0,15
2024-05-10T04:22:58,8,7,0,15
2024-05-10T04:40:01,8,7,0,15
2024-05-10T04:57:08,8,7,0,15
2024-05-10T05:13:28,8,7,0,15
2024-05-10T05:29:43,8,7,0,15
2024-05-10T05:45:57,8,7,0,15
2024-05-10T06:02:10,8,7,0,15
2024-05-10T06:18:26,8,7,0,15
2024-05-10T06:34:38,8,7,0,15
2024-05-10T06:50:50,8,7,0,15
2024-05-10T07:07:04,8,7,0,15
2024-05-10T07:23:17,8,7,0,15
2024-05-10T07:39:30,8,7,0,15
2024-05-10T07:55:40,8,7,0,15
2024-05-10T08:11:51,8,7,0,15
2024-05-10T08:28:05,8,7,0,15
2024-05-10T08:44:16,8,7,0,15
2024-05-10T09:00:35,8,7,0,15
2024-05-10T09:16:46,8,7,0,15
2024-05-10T09:32:57,8,7,0,15
2024-05-10T09:49:09,8,7,0,15
2024-05-10T10:05:21,8,7,0,15
2024-05-10T10:21:33,8,7,0,15
2024-05-10T10:37:45,8,7,0,15
2024-05-10T10:53:56,8,7,0,15
2024-05-10T11:10:07,8,7,0,15
2024-05-10T11:26:19,8,7,0,15
2024-05-10T11:42:31,8,7,0,15
2024-05-10T11:58:55,8,7,0,15
2024-05-10T12:15:07,8,7,0,15
2024-05-10T12:31:18,8,7,0,15
2024-05-10T12:47:31,8,7,0,15
2024-05-10T13:03:41,8,7,0,15
2024-05-10T13:19:53,8,7,0,15
2024-05-10T13:36:05,8,7,0,15
2024-05-10T13:52:16,8,7,0,15
2024-05-10T14:08:38,8,7,0,15
2024-05-10T14:24:49,8,7,0,15
2024-05-10T14:41:00,8,7,0,15
2024-05-10T14:57:11,8,7,0,15
2024-05-10T15:13:24,8,7,0,15
2024-05-10T15:29:36,8,7,0,15
2024-05-10T15:45:46,8,7,0,15
2024-05-10T16:01:57,8,7,0,15
2024-05-10T16:18:10,8,7,0,15
2024-05-10T16:34:33,8,7,0,15
2024-05-10T16:50:44,8,7,0,15
2024-05-10T17:06:56,8,7,0,15
2024-05-10T17:23:08,8,7,0,15
2024-05-10T17:39:19,8,7,0,15
2024-05-10T17:55:30,8,7,0,15
2024-05-10T18:11:42,8,7,0,15
2024-05-10T18:27:53,8,7,0,15
2024-05-10T18:44:04,8,7,0,15
2024-05-10T19:00:15,8,7,0,15
2024-05-10T19:16:27,8,7,0,15
2024-05-10T19:32:38,8,7,0,15
2024-05-10T19:49:00,8,7,0,15
2024-05-10T20:05:13,8,7,0,15
2024-05-10T20:21:24,8,7,0,15
2024-05-10T20:37:37,8,7,0,15
2024-05-10T20:53:49,8,7,0,15
2024-05-10T21:10:01,8,7,0,15
2024-05-10T21:26:14,8,7,0,15
2024-05-10T21:42:28,8,7,0,15
2024-05-10T21:58:43,8,7,0,15
2024-05-10T22:14:56,8,7,0,15
2024-05-10T22:31:08,8,7,0,15
2024-05-10T22:47:18,8,7,0,15
2024-05-10T23:03:31,8,7,0,15
2024-05-10T23:19:55,8,7,0,15
2024-05-10T23:36:08,8,7,0,15
2024-05-10T23:52:20,8,7,0,15
2024-05-11T00:08:33,8,7,0,15
2024-05-11T00:24:53,8,7,0,15
2024-05-11T00:41:11,8,7,0,15
2024-05-11T00:57:27,8,7,0,15
2024-05-11T01:13:41,8,7,0,15
2024-05-11T01:29:56,8,7,0,15
2024-05-11T01:46:16,8,7,0,15
2024-05-11T02:02:30,8,7,0,15
2024-05-11T02:18:44,8,7,0,15
2024-05-11T02:34:57,8,7,0,15
2024-05-11T02:51:08,8,7,0,15
2024-05-11T03:07:20,8,7,0,15
2024-05-11T03:23:33,8,7,0,15
2024-05-11T03:39:47,8,7,0,15
2024-05-11T03:56:09,8,7,0,15
2024-05-11T04:12:21,8,7,0,15
2024-05-11T11:55:47,8,7,0,15
2024-05-11T12:12:02,8,7,0,15
2024-05-11T12:28:23,8,7,0,15
2024-05-11T12:44:34,8,7,0,15
2024-05-11T13:00:45,8,7,0,15
2024-05-11T13:16:56,8,7,0,15
2024-05-11T13:33:07,8,7,0,15
2024-05-11T13:49:18,8,7,0,15
2024-05-11T14:05:29,8,7,0,15
2024-05-11T14:21:59,8,7,0,15
2024-05-11T14:38:46,8,7,0,15
2024-05-11T14:54:56,8,7,0,15
2024-05-11T15:11:07,8,7,0,15
2024-05-11T15:27:19,8,7,0,15
2024-05-11T15:43:31,8,7,0,15
2024-05-11T15:59:52,8,7,0,15
2024-05-11T16:16:03,8,7,0,15
2024-05-11T16:32:14,8,7,0,15
2024-05-11T16:48:25,8,7,0,15
2024-05-11T17:04:37,8,7,0,15
2024-05-11T17:20:49,8,7,0,15
2024-05-11T17:37:00,8,7,0,15
2024-05-11T17:53:11,8,7,0,15
2024-05-11T18:09:22,8,7,0,15
2024-05-11T18:25:33,8,7,0,15
2024-05-11T18:41:43,8,7,0,15
2024-05-11T18:57:54,8,7,0,15
2024-05-11T19:14:06,8,7,0,15
2024-05-11T19:30:17,8,7,0,15
2024-05-11T19:46:29,8,7,0,15
2024-05-11T20:02:50,8,7,0,15
2024-05-11T20:19:01,8,7,0,15
2024-05-11T20:35:11,8,7,0,15
2024-05-11T20:51:23,8,7,0,15
2024-05-11T21:07:33,8,7,0,15
2024-05-11T21:23:45,8,7,0,15
2024-05-11T21:39:56,8,7,0,15
2024-05-11T21:56:07,8,7,0,15
2024-05-11T22:12:17,8,7,0,15
2024-05-11T22:28:28,8,7,0,15
2024-05-11T22:44:39,8,7,0,15
2024-05-11T23:00:49,8,7,0,15
2024-05-11T23:17:01,8,7,0,15
2024-05-11T23:33:13,8,7,0,15
2024-05-11T23:49:27,8,7,0,15
2024-05-12T05:12:14,8,7,0,15
2024-05-12T05:28:34,8,7,0,15
2024-05-12T05:44:49,8,7,0,15
2024-05-12T06:01:04,8,7,0,15
2024-05-12T06:17:21,8,7,0,15
2024-05-12T06:33:30,8,7,0,15
2024-05-12T06:50:08,8,7,0,15
2024-05-12T07:06:20,8,7,0,15
2024-05-12T07:22:32,8,7,0,15
2024-05-12T07:38:42,8,7,0,15
2024-05-12T07:54:52,8,7,0,15
2024-05-12T08:11:02,8,7,0,15
2024-05-12T08:27:11,8,7,0,15
2024-05-12T08:43:21,8,7,0,15
2024-05-12T08:59:31,8,7,0,15
2024-05-12T09:15:42,8,7,0,15
2024-05-12T09:32:02,8,7,0,15
2024-05-12T09:48:11,8,7,0,15
2024-05-12T10:04:24,8,7,0,15
2024-05-12T10:20:36,8,7,0,15
2024-05-12T10:36:49,8,7,0,15
2024-05-12T10:53:02,8,7,0,15
2024-05-12T11:09:16,8,7,0,15
2024-05-12T11:25:31,8,7,0,15
2024-05-12T11:41:43,8,7,0,15
2024-05-12T11:57:52,8,7,0,15
2024-05-12T12:14:02,8,7,0,15
2024-05-12T12:30:13,8,7,0,15
2024-05-12T12:46:24,8,7,0,15
2024-05-12T13:02:33,8,7,0,15
2024-05-12T13:18:44,8,7,0,15
2024-05-12T13:34:53,8,7,0,15
2024-05-12T13:51:03,8,7,0,15
2024-05-12T14:07:13,8,7,0,15
2024-05-12T14:23:33,8,7,0,15
2024-05-12T14:39:42,8,7,0,15
2024-05-12T14:55:51,8,7,0,15
2024-05-12T15:12:01,8,7,0,15
2024-05-12T15:28:10,8,7,0,15
2024-05-12T15:44:20,8,7,0,15
2024-05-12T16:00:29,8,7,0,15
2024-05-12T16:16:39,8,7,0,15
2024-05-12T16:32:49,8,7,0,15
2024-05-12T16:48:59,8,7,0,15
2024-05-12T17:05:09,8,7,0,15
2024-05-12T17:21:20,8,7,0,15
2024-05-12T17:37:30,8,7,0,15
2024-05-12T17:53:41,8,7,0,15
2024-05-12T18:10:01,8,7,0,15
2024-05-12T18:26:12,8,7,0,15
2024-05-12T18:42:22,8,7,0,15
2024-05-12T18:58:33,8,7,0,15
2024-05-12T19:14:47,8,7,0,15
2024-05-12T19:30:59,8,7,0,15
2024-05-12T19:47:11,8,7,0,15
2024-05-12T20:03:22,8,7,0,15
2024-05-12T20:19:32,8,7,0,15
2024-05-12T20:35:43,8,7,0,15
2024-05-12T20:51:54,8,7,0,15
2024-05-12T21:08:05,8,7,0,15
2024-05-12T21:24:17,8,7,0,15
2024-05-12T21:40:36,8,7,0,15
2024-05-12T21:56:58,8,7,0,15
2024-05-12T22:13:09,8,7,0,15
2024-05-12T22:29:18,8,7,0,15
2024-05-12T22:45:27,8,7,0,15
2024-05-12T23:01:36,8,7,0,15
2024-05-12T23:17:46,8,7,0,15
2024-05-12T23:33:58,8,7,0,15
2024-05-12T23:50:08,8,7,0,15
2024-05-13T00:06:21,8,7,0,15
2024-05-13T00:22:36,8,7,0,15
2024-05-13T00:38:58,8,7,0,15
2024-05-13T00:55:27,8,7,0,15
2024-05-13T01:11:37,8,7,0,15
2024-05-13T01:28:23,8,7,0,15
2024-05-13T01:44:42,8,7,0,15
2024-05-13T02:00:54,8,7,0,15
2024-05-13T02:17:06,8,7,0,15
2024-05-13T02:33:18,8,7,0,15
2024-05-13T02:49:28,8,7,0,15
2024-05-13T03:05:39,8,7,0,15
2024-05-13T03:21:50,8,7,0,15
2024-05-13T03:38:02,8,7,0,15
2024-05-13T03:54:14,8,7,0,15
2024-05-13T04:10:27,8,7,0,15
2024-05-13T04:35:02,8,7,0,15
2024-05-13T04:52:36,8,7,0,15
2024-05-13T05:09:15,8,7,0,15
2024-05-13T05:25:32,8,7,0,15
2024-05-13T05:41:46,8,7,0,15
2024-05-13T05:58:00,8,7,0,15
2024-05-13T06:14:14,8,7,0,15
2024-05-13T06:30:27,8,7,0,15
2024-05-13T06:46:39,8,7,0,15
2024-05-13T07:02:53,8,7,0,15
2024-05-13T07:19:06,8,7,0,15
2024-05-13T07:35:17,8,7,0,15
2024-05-13T07:51:33,8,7,0,15
2024-05-13T08:07:49,8,7,0,15
2024-05-13T08:24:00,8,7,0,15
2024-05-13T08:40:12,8,7,0,15
2024-05-13T08:56:25,8,7,0,15
2024-05-13T09:12:39,8,7,0,15
2024-05-13T09:28:52,8,7,0,15
2024-05-13T09:45:17,8,7,0,15
2024-05-13T10:01:28,8,7,0,15
2024-05-13T10:17:40,8,7,0,15
2024-05-13T10:33:52,8,7,0,15
2024-05-13T10:50:04,8,7,0,15
2024-05-13T11:06:16,8,7,0,15
2024-05-13T11:22:27,8,7,0,15
2024-05-13T11:38:38,8,7,0,15
2024-05-13T11:55:29,8,7,0,15
2024-05-13T13:07:38,8,7,0,15
2024-05-13T13:23:50,8,7,0,15
2024-05-13T13:40:01,8,7,0,15
2024-05-13T13:58:10,8,7,0,15
2024-05-13T14:22:19,8,7,0,15
2024-05-13T14:44:04,8,7,0,15
2024-05-13T15:05:31,8,7,0,15
2024-05-13T15:23:23,8,7,0,15
2024-05-13T15:39:48,8,7,0,15
2024-05-13T15:56:00,8,7,0,15
2024-05-13T16:12:11,8,7,0,15
2024-05-13T16:28:22,8,7,0,15
2024-05-13T16:44:34,8,7,0,15
2024-05-13T17:00:44,8,7,0,15
2024-05-13T17:16:57,8,7,0,15
2024-05-13T17:33:11,8,7,0,15
2024-05-13T17:49:22,8,7,0,15
2024-05-13T18:05:43,8,7,0,15
2024-05-13T18:21:55,8,7,0,15
2024-05-13T18:38:07,8,7,0,15
2024-05-13T18:54:18,8,7,0,15
2024-05-13T19:10:30,8,7,0,15
2024-05-13T19:26:43,8,7,0,15
2024-05-13T19:42:54,8,7,0,15
2024-05-13T19:59:16,8,7,0,15
2024-05-13T20:15:27,8,7,0,15
2024-05-13T20:31:39,8,7,0,15
2024-05-13T20:47:50,8,7,0,15
2024-05-13T21:04:02,8,7,0,15
2024-05-13T21:20:16,8,7,0,15
2024-05-13T21:36:29,8,7,0,15
2024-05-13T21:52:42,8,7,0,15
2024-05-13T22:08:54,8,7,0,15
2024-05-13T22:25:06,8,7,0,15
2024-05-13T22:41:27,8,7,0,15
2024-05-13T22:57:39,8,7,0,15
2024-05-13T23:13:52,8,7,0,15
2024-05-13T23:30:04,8,7,0,15
2024-05-13T23:46:17,8,7,0,15
2024-05-14T00:02:29,8,7,0,15
2024-05-14T00:18:45,8,7,0,15
2024-05-14T00:35:05,8,7,0,15
2024-05-14T00:51:29,8,7,0,15
2024-05-14T01:07:43,8,7,0,15
2024-05-14T01:23:56,8,7,0,15
2024-05-14T01:40:09,8,7,0,15
2024-05-14T01:56:23,8,7,0,15
2024-05-14T02:12:35,8,7,0,15
2024-05-14T02:28:56,8,7,0,15
2024-05-14T02:45:08,8,7,0,15
2024-05-14T03:01:20,8,7,0,15
2024-05-14T03:17:35,8,7,0,15
2024-05-14T03:33:48,8,7,0,15
2024-05-14T03:50:01,8,7,0,15
2024-05-14T04:06:13,8,7,0,15
2024-05-14T04:27:46,8,7,0,15
2024-05-14T04:44:06,8,7,0,15
2024-05-14T05:00:23,8,7,0,15
2024-05-14T05:16:44,8,7,0,15
2024-05-14T05:33:01,8,7,0,15
2024-05-14T05:49:20,8,7,0,15
2024-05-14T06:05:37,8,7,0,15
2024-05-14T06:22:12,8,7,0,15
2024-05-14T06:38:36,8,7,0,15
2024-05-14T06:54:52,8,7,0,15
2024-05-14T07:11:11,8,7,0,15
2024-05-14T07:27:28,8,7,0,15
2024-05-14T07:43:44,8,7,0,15
2024-05-14T07:59:59,8,7,0,15
2024-05-14T08:16:16,8,7,0,15
2024-05-14T08:32:29,8,7,0,15
2024-05-14T08:48:42,8,7,0,15
2024-05-14T09:04:54,8,7,0,15
2024-05-14T09:21:19,8,7,0,15
2024-05-14T09:37:33,8,7,0,15
2024-05-14T09:53:46,8,7,0,15
2024-05-14T10:09:59,8,7,0,15
2024-05-14T10:26:12,8,7,0,15
2024-05-14T10:42:25,8,7,0,15
2024-05-14T10:58:38,8,7,0,15
2024-05-14T11:14:51,8,7,0,15
2024-05-14T11:31:02,8,7,0,15
2024-05-14T11:47:27,8,7,0,15
2024-05-14T12:03:40,8,7,0,15
2024-05-14T12:19:54,8,7,0,15
2024-05-14T12:36:07,8,7,0,15
2024-05-14T12:52:19,8,7,0,15
2024-05-14T13:08:31,8,7,0,15
2024-05-14T13:24:55,8,7,0,15
2024-05-14T13:41:07,8,7,0,15
2024-05-14T13:57:19,8,7,0,15
2024-05-14T14:13:35,8,7,0,15
2024-05-14T14:29:47,8,7,0,15
2024-05-14T14:46:00,8,7,0,15
2024-05-14T15:02:13,8,7,0,15
2024-05-14T15:18:28,8,7,0,15
2024-05-14T15:34:49,8,7,0,15
2024-05-14T15:51:02,8,7,0,15
2024-05-14T16:07:20,8,7,0,15
2024-05-14T16:23:32,8,7,0,15
2024-05-14T16:39:44,8,7,0,15
2024-05-14T16:56:00,8,7,0,15
2024-05-14T17:12:12,8,7,0,15
2024-05-14T17:28:26,8,7,0,15
2024-05-14T17:44:48,8,7,0,15
2024-05-14T18:01:01,8,7,0,15
2024-05-14T18:17:15,8,7,0,15
2024-05-14T18:33:30,8,7,0,15
2024-05-14T18:49:42,8,7,0,15
2024-05-14T19:05:54,8,7,0,15
2024-05-14T19:22:06,8,7,0,15
2024-05-14T19:38:18,8,7,0,15
2024-05-14T19:54:30,8,7,0,15
2024-05-14T20:10:46,8,7,0,15
2024-05-14T20:26:58,8,7,0,15
2024-05-14T20:43:20,8,7,0,15
2024-05-14T20:59:32,8,7,0,15
2024-05-14T21:15:45,8,7,0,15
2024-05-14T21:31:59,8,7,0,15
2024-05-14T21:48:13,8,7,0,15
2024-05-14T22:04:27,8,7,0,15
2024-05-14T22:21:14,8,7,0,15
2024-05-14T22:37:27,8,7,0,15
2024-05-14T22:53:40,8,7,0,15
2024-05-14T23:09:54,8,7,0,15
2024-05-14T23:26:17,8,7,0,15
2024-05-14T23:42:31,8,7,0,15
2024-05-14T23:58:46,8,7,0,15
2024-05-15T00:15:05,8,7,0,15
2024-05-15T00:31:26,8,7,0,15
2024-05-15T00:47:47,8,7,0,15
2024-05-15T01:04:05,8,7,0,15
2024-05-15T01:20:26,8,7,0,15
2024-05-15T01:36:45,8,7,0,15
2024-05-15T01:53:02,8,7,0,15
2024-05-15T02:09:18,8,7,0,15
2024-05-15T02:25:33,8,7,0,15
2024-05-15T02:41:49,8,7,0,15
2024-05-15T02:58:04,8,7,0,15
2024-05-15T03:14:19,8,7,0,15
2024-05-15T03:31:04,8,7,0,15
2024-05-15T03:47:22,8,7,0,15
2024-05-15T04:03:40,8,7,0,15
2024-05-15T04:36:10,8,7,0,15
2024-05-15T04:53:38,8,7,0,15
2024-05-15T05:09:59,8,7,0,15
2024-05-15T05:26:17,8,7,0,15
2024-05-15T05:42:35,8,7,0,15
2024-05-15T05:58:50,8,7,0,15
2024-05-15T06:15:08,8,7,0,15
2024-05-15T06:31:22,8,7,0,15
2024-05-15T06:47:36,8,7,0,15
2024-05-15T07:03:51,8,7,0,15
2024-05-15T07:20:05,8,7,0,15
2024-05-15T07:36:18,8,7,0,15
2024-05-15T07:52:32,8,7,0,15
2024-05-15T08:08:40,8,7,0,15
2024-05-15T08:24:49,8,7,0,15
2024-05-15T08:40:59,8,7,0,15
2024-05-15T08:57:08,8,7,0,15
2024-05-15T09:13:18,8,7,0,15
2024-05-15T09:29:29,8,7,0,15
2024-05-15T09:45:48,8,7,0,15
2024-05-15T10:01:56,8,7,0,15
2024-05-15T10:18:08,8,7,0,15
2024-05-15T10:34:20,8,7,0,15
2024-05-15T10:50:31,8,7,0,15
2024-05-15T11:06:44,8,7,0,15
2024-05-15T11:22:57,8,7,0,15
2024-05-15T11:39:10,8,7,0,15
2024-05-15T11:55:33,8,7,0,15
2024-05-15T12:11:46,8,7,0,15
2024-05-15T12:28:01,8,7,0,15
2024-05-15T12:44:17,8,7,0,15
2024-05-15T13:00:29,8,7,0,15
2024-05-15T13:16:40,8,7,0,15
2024-05-15T13:32:57,8,7,0,15
2024-05-15T13:49:20,8,7,0,15
2024-05-15T14:05:33,8,7,0,15
2024-05-15T14:21:46,8,7,0,15
2024-05-15T14:37:58,8,7,0,15
2024-05-15T14:54:10,8,7,0,15
2024-05-15T15:10:23,8,7,0,15
2024-05-15T15:26:35,8,7,0,15
2024-05-15T15:42:57,8,7,0,15
2024-05-15T15:59:09,8,7,0,15
2024-05-15T16:15:21,8,7,0,15
2024-05-15T16:31:34,8,7,0,15
2024-05-15T16:47:48,8,7,0,15
