time,enrolled,available,waitlisted,total
2024-05-21T23:39:20,0,15,0,15
2024-05-21T23:54:08,0,15,0,15
2024-05-22T00:08:58,0,15,0,15
2024-05-22T00:23:51,0,15,0,15
2024-05-22T00:38:44,0,15,0,15
2024-05-22T00:53:36,0,15,0,15
2024-05-22T01:08:27,0,15,0,15
2024-05-22T01:23:30,0,15,0,15
2024-05-22T01:38:22,0,15,0,15
2024-05-22T01:53:14,0,15,0,15
2024-05-22T02:08:06,0,15,0,15
2024-05-22T02:22:57,0,15,0,15
2024-05-22T02:37:47,0,15,0,15
2024-05-22T02:52:37,0,15,0,15
2024-05-22T03:07:27,0,15,0,15
2024-05-22T03:22:18,0,15,0,15
2024-05-22T03:37:09,0,15,0,15
2024-05-22T03:52:09,0,15,0,15
2024-05-22T04:07:03,0,15,0,15
2024-05-22T04:33:31,0,15,0,15
2024-05-22T04:48:24,0,15,0,15
2024-05-22T05:03:20,0,15,0,15
2024-05-22T05:18:15,0,15,0,15
2024-05-22T05:34:50,0,15,0,15
2024-05-22T05:49:41,0,15,0,15
2024-05-22T06:04:32,0,15,0,15
2024-05-22T06:19:26,0,15,0,15
2024-05-22T06:34:17,0,15,0,15
2024-05-22T06:49:07,0,15,0,15
2024-05-22T07:04:00,0,15,0,15
2024-05-22T07:18:52,0,15,0,15
2024-05-22T07:33:42,0,15,0,15
2024-05-22T07:48:31,0,15,0,15
2024-05-22T08:03:21,0,15,0,15
2024-05-22T08:18:12,0,15,0,15
2024-05-22T08:33:13,0,15,0,15
2024-05-22T08:48:02,0,15,0,15
2024-05-22T09:02:51,0,15,0,15
2024-05-22T09:17:41,0,15,0,15
2024-05-22T09:32:30,0,15,0,15
2024-05-22T09:47:19,0,15,0,15
2024-05-22T10:02:07,0,15,0,15
2024-05-22T10:16:55,0,15,0,15
2024-05-22T10:31:56,0,15,0,15
2024-05-22T10:46:44,0,15,0,15
2024-05-22T11:01:33,0,15,0,15
2024-05-22T11:16:23,0,15,0,15
2024-05-22T11:31:22,0,15,0,15
2024-05-22T11:46:10,0,15,0,15
2024-05-22T12:00:58,0,15,0,15
2024-05-22T12:15:58,0,15,0,15
2024-05-22T12:30:47,0,15,0,15
2024-05-22T12:45:45,0,15,0,15
2024-05-22T13:00:34,0,15,0,15
2024-05-22T13:15:22,0,15,0,15
2024-05-22T13:30:14,0,15,0,15
2024-05-22T13:45:14,0,15,0,15
2024-05-22T14:00:02,0,15,0,15
2024-05-22T14:14:52,0,15,0,15
2024-05-22T14:29:40,0,15,0,15
2024-05-22T14:44:39,0,15,0,15
2024-05-22T14:59:29,0,15,0,15
2024-05-22T15:14:20,0,15,0,15
2024-05-22T15:29:20,0,15,0,15
2024-05-22T15:44:09,0,15,0,15
2024-05-22T15:58:59,0,15,0,15
2024-05-22T16:13:49,0,15,0,15
2024-05-22T16:28:50,0,15,0,15
2024-05-22T16:43:38,0,15,0,15
2024-05-22T16:58:26,0,15,0,15
2024-05-22T17:13:17,0,15,0,15
2024-05-22T17:28:18,0,15,0,15
2024-05-22T17:43:07,0,15,0,15
2024-05-22T17:57:57,0,15,0,15
2024-05-22T18:12:48,0,15,0,15
2024-05-22T18:27:37,0,15,0,15
2024-05-22T18:42:36,0,15,0,15
2024-05-22T18:57:24,0,15,0,15
2024-05-22T19:12:14,0,15,0,15
2024-05-22T19:27:02,0,15,0,15
2024-05-22T19:41:51,0,15,0,15
2024-05-22T19:56:41,0,15,0,15
2024-05-22T20:11:30,0,15,0,15
2024-05-22T20:26:30,0,15,0,15
2024-05-22T20:41:18,0,15,0,15
2024-05-22T20:56:07,0,15,0,15
2024-05-22T21:10:58,0,15,0,15
2024-05-22T21:25:54,0,15,0,15
2024-05-22T21:40:54,0,15,0,15
2024-05-22T21:55:44,0,15,0,15
2024-05-22T22:10:35,0,15,0,15
2024-05-22T22:25:25,0,15,0,15
2024-05-22T22:40:14,0,15,0,15
2024-05-22T22:55:05,0,15,0,15
2024-05-22T23:09:54,0,15,0,15
2024-05-22T23:24:56,0,15,0,15
2024-05-22T23:39:45,0,15,0,15
2024-05-22T23:54:35,0,15,0,15
2024-05-23T00:09:26,0,15,0,15
2024-05-23T00:24:27,0,15,0,15
2024-05-23T00:39:22,0,15,0,15
2024-05-23T00:54:17,0,15,0,15
2024-05-23T01:09:09,0,15,0,15
2024-05-23T01:24:01,0,15,0,15
2024-05-23T01:38:55,0,15,0,15
2024-05-23T01:53:58,0,15,0,15
2024-05-23T02:08:49,0,15,0,15
2024-05-23T02:23:39,0,15,0,15
2024-05-23T02:38:30,0,15,0,15
2024-05-23T02:53:20,0,15,0,15
2024-05-23T03:08:12,0,15,0,15
2024-05-23T03:23:13,0,15,0,15
2024-05-23T03:38:05,0,15,0,15
2024-05-23T03:52:58,0,15,0,15
2024-05-23T04:07:54,0,15,0,15
2024-05-23T04:32:35,0,15,0,15
2024-05-23T04:48:47,0,15,0,15
2024-05-23T05:04:02,0,15,0,15
2024-05-23T05:19:06,0,15,0,15
2024-05-23T05:33:59,0,15,0,15
2024-05-23T05:48:52,0,15,0,15
2024-05-23T06:03:43,0,15,0,15
2024-05-23T06:18:35,0,15,0,15
2024-05-23T06:33:29,0,15,0,15
2024-05-23T06:48:21,0,15,0,15
2024-05-23T07:03:14,0,15,0,15
2024-05-23T07:18:08,0,15,0,15
2024-05-23T07:33:00,0,15,0,15
2024-05-23T07:47:51,0,15,0,15
2024-05-23T08:02:41,0,15,0,15
2024-05-23T08:17:35,0,15,0,15
2024-05-23T08:32:26,0,15,0,15
2024-05-23T08:47:17,0,15,0,15
2024-05-23T09:02:16,0,15,0,15
2024-05-23T09:17:07,0,15,0,15
2024-05-23T09:31:58,0,15,0,15
2024-05-23T09:46:50,0,15,0,15
2024-05-23T10:01:44,0,15,0,15
2024-05-23T10:16:37,0,15,0,15
2024-05-23T10:31:29,0,15,0,15
2024-05-23T10:46:31,0,15,0,15
2024-05-23T11:01:23,0,15,0,15
2024-05-23T11:16:15,0,15,0,15
2024-05-23T11:31:06,0,15,0,15
2024-05-23T11:45:58,0,15,0,15
2024-05-23T12:00:50,0,15,0,15
2024-05-23T12:15:51,0,15,0,15
2024-05-23T12:30:43,0,15,0,15
2024-05-23T12:45:39,0,15,0,15
2024-05-23T13:00:30,0,15,0,15
2024-05-23T13:15:22,0,15,0,15
2024-05-23T13:30:25,0,15,0,15
2024-05-23T13:45:28,0,15,0,15
2024-05-23T14:00:25,0,15,0,15
2024-05-23T14:15:17,0,15,0,15
2024-05-23T14:30:20,0,15,0,15
2024-05-23T14:45:14,0,15,0,15
2024-05-23T15:00:06,0,15,0,15
2024-05-23T15:14:58,0,15,0,15
2024-05-23T15:30:01,0,15,0,15
2024-05-23T15:44:54,0,15,0,15
2024-05-23T15:59:46,0,15,0,15
2024-05-23T16:14:49,0,15,0,15
2024-05-23T16:29:41,0,15,0,15
2024-05-23T16:44:34,0,15,0,15
2024-05-23T16:59:26,0,15,0,15
2024-05-23T17:14:18,0,15,0,15
2024-05-23T17:29:22,0,15,0,15
2024-05-23T17:44:18,0,15,0,15
2024-05-23T17:59:10,0,15,0,15
2024-05-23T18:14:02,0,15,0,15
2024-05-23T18:28:55,0,15,0,15
2024-05-23T18:44:00,0,15,0,15
2024-05-23T18:58:53,0,15,0,15
2024-05-23T19:13:46,0,15,0,15
2024-05-23T19:28:39,0,15,0,15
2024-05-23T19:43:33,0,15,0,15
2024-05-23T19:58:26,0,15,0,15
2024-05-23T20:13:20,0,15,0,15
2024-05-23T20:28:24,0,15,0,15
2024-05-23T20:43:17,0,15,0,15
2024-05-23T20:58:11,0,15,0,15
2024-05-23T21:13:05,0,15,0,15
2024-05-23T21:27:59,0,15,0,15
2024-05-23T21:42:52,0,15,0,15
2024-05-23T21:57:45,0,15,0,15
2024-05-23T22:12:52,0,15,0,15
2024-05-23T22:27:45,0,15,0,15
2024-05-23T22:42:37,0,15,0,15
2024-05-23T22:57:32,0,15,0,15
2024-05-23T23:12:26,0,15,0,15
2024-05-23T23:27:19,0,15,0,15
2024-05-23T23:42:24,0,15,0,15
2024-05-23T23:57:19,0,15,0,15
2024-05-24T00:12:17,0,15,0,15
2024-05-24T00:27:14,0,15,0,15
2024-05-24T00:42:10,0,15,0,15
2024-05-24T00:57:06,0,15,0,15
2024-05-24T01:12:03,0,15,0,15
2024-05-24T01:27:00,0,15,0,15
2024-05-24T01:41:59,0,15,0,15
2024-05-24T01:57:20,0,15,0,15
2024-05-24T02:12:16,0,15,0,15
2024-05-24T02:27:11,1,14,0,15
2024-05-24T02:42:07,1,14,0,15
2024-05-24T02:57:04,1,14,0,15
2024-05-24T03:12:03,2,13,0,15
2024-05-24T03:26:59,2,13,0,15
2024-05-24T03:41:55,2,13,0,15
2024-05-24T03:56:57,2,13,0,15
2024-05-24T04:29:27,2,13,0,15
2024-05-24T04:45:42,2,13,0,15
2024-05-24T05:00:58,2,13,0,15
2024-05-24T05:16:01,2,13,0,15
2024-05-24T05:30:57,2,13,0,15
2024-05-24T05:45:54,2,13,0,15
2024-05-24T06:00:50,2,13,0,15
2024-05-24T06:15:46,2,13,0,15
2024-05-24T06:30:45,2,13,0,15
2024-05-24T06:45:40,2,13,0,15
2024-05-24T07:00:36,2,13,0,15
2024-05-24T07:15:34,2,13,0,15
2024-05-24T07:30:29,2,13,0,15
2024-05-24T07:45:27,2,13,0,15
2024-05-24T08:00:30,2,13,0,15
2024-05-24T08:15:26,2,13,0,15
2024-05-24T08:30:21,2,13,0,15
2024-05-24T08:45:16,2,13,0,15
2024-05-24T09:00:11,2,13,0,15
2024-05-24T09:15:06,2,13,0,15
2024-05-24T09:29:59,2,13,0,15
2024-05-24T09:45:06,2,13,0,15
2024-05-24T10:00:00,3,12,0,15
2024-05-24T10:14:53,3,12,0,15
2024-05-24T10:29:47,3,12,0,15
2024-05-24T10:44:41,3,12,0,15
2024-05-24T10:59:35,3,12,0,15
2024-05-24T11:14:37,3,12,0,15
2024-05-24T11:29:30,3,12,0,15
2024-05-24T11:44:25,3,12,0,15
2024-05-24T11:59:18,3,12,0,15
2024-05-24T12:14:22,3,12,0,15
2024-05-24T12:29:15,3,12,0,15
2024-05-24T12:44:07,3,12,0,15
2024-05-24T12:59:03,3,12,0,15
2024-05-24T13:14:05,3,12,0,15
2024-05-24T13:28:59,3,12,0,15
2024-05-24T13:43:54,3,12,0,15
2024-05-24T13:58:47,3,12,0,15
2024-05-24T14:13:42,3,12,0,15
2024-05-24T14:28:45,3,12,0,15
2024-05-24T14:43:45,3,12,0,15
2024-05-24T14:58:38,3,12,0,15
2024-05-24T15:13:32,3,12,0,15
2024-05-24T15:28:36,3,12,0,15
2024-05-24T15:43:29,3,12,0,15
2024-05-24T15:58:23,3,12,0,15
2024-05-24T16:13:17,3,12,0,15
2024-05-24T16:28:11,3,12,0,15
2024-05-24T16:43:05,3,12,0,15
2024-05-24T16:58:16,3,12,0,15
2024-05-24T17:13:11,3,12,0,15
2024-05-24T17:28:07,3,12,0,15
2024-05-24T17:43:02,3,12,0,15
2024-05-24T17:57:57,3,12,0,15
2024-05-24T18:12:52,3,12,0,15
2024-05-24T18:27:56,3,12,0,15
2024-05-24T18:42:50,3,12,0,15
2024-05-24T18:57:44,3,12,0,15
2024-05-24T19:12:40,3,12,0,15
2024-05-24T19:27:34,3,12,0,15
2024-05-24T19:42:29,3,12,0,15
2024-05-24T19:57:23,3,12,0,15
2024-05-24T20:12:18,3,12,0,15
2024-05-24T20:27:14,3,12,0,15
2024-05-24T20:42:17,3,12,0,15
2024-05-24T20:57:11,3,12,0,15
2024-05-24T21:12:06,3,12,0,15
2024-05-24T21:27:03,3,12,0,15
2024-05-24T21:41:58,3,12,0,15
2024-05-24T21:56:54,3,12,0,15
2024-05-24T22:11:48,3,12,0,15
2024-05-24T22:26:43,3,12,0,15
2024-05-24T22:41:36,3,12,0,15
2024-05-24T22:56:41,3,12,0,15
2024-05-24T23:11:35,3,12,0,15
2024-05-24T23:26:31,3,12,0,15
2024-05-24T23:41:27,3,12,0,15
2024-05-24T23:56:21,3,12,0,15
2024-05-25T00:11:22,3,12,0,15
2024-05-25T00:26:26,3,12,0,15
2024-05-25T00:41:25,3,12,0,15
2024-05-25T00:56:24,3,12,0,15
2024-05-25T01:11:31,3,12,0,15
2024-05-25T01:26:28,3,12,0,15
2024-05-25T01:41:26,3,12,0,15
2024-05-25T01:56:23,3,12,0,15
2024-05-25T02:11:20,3,12,0,15
2024-05-25T02:26:16,3,12,0,15
2024-05-25T02:41:11,3,12,0,15
2024-05-25T02:56:08,3,12,0,15
2024-05-25T03:11:05,3,12,0,15
2024-05-25T03:26:01,3,12,0,15
2024-05-25T03:40:57,3,12,0,15
2024-05-25T03:55:56,3,12,0,15
2024-05-25T04:27:42,3,12,0,15
2024-05-25T04:43:51,3,12,0,15
2024-05-25T04:59:08,3,12,0,15
2024-05-25T05:14:03,3,12,0,15
2024-05-25T05:29:01,3,12,0,15
2024-05-25T05:43:59,3,12,0,15
2024-05-25T05:58:57,3,12,0,15
2024-05-25T06:13:55,3,12,0,15
2024-05-25T06:28:51,3,12,0,15
2024-05-25T06:43:48,3,12,0,15
2024-05-25T06:58:44,3,12,0,15
2024-05-25T07:13:41,3,12,0,15
2024-05-25T07:28:38,3,12,0,15
2024-05-25T07:43:34,3,12,0,15
2024-05-25T07:58:40,3,12,0,15
2024-05-25T08:13:36,3,12,0,15
2024-05-25T08:28:32,3,12,0,15
2024-05-25T08:43:28,3,12,0,15
2024-05-25T08:58:23,3,12,0,15
2024-05-25T09:13:18,3,12,0,15
2024-05-25T09:28:14,3,12,0,15
2024-05-25T09:43:09,3,12,0,15
2024-05-25T09:58:04,3,12,0,15
2024-05-25T10:13:00,3,12,0,15
2024-05-25T10:27:55,3,12,0,15
2024-05-25T10:42:51,3,12,0,15
2024-05-25T10:57:57,3,12,0,15
2024-05-25T11:12:51,3,12,0,15
2024-05-25T11:27:44,3,12,0,15
2024-05-25T11:42:38,3,12,0,15
2024-05-25T11:57:31,3,12,0,15
2024-05-25T12:12:27,3,12,0,15
2024-05-25T12:27:33,3,12,0,15
2024-05-25T12:42:27,3,12,0,15
2024-05-25T12:57:21,3,12,0,15
2024-05-25T13:12:15,3,12,0,15
2024-05-25T13:27:09,3,12,0,15
2024-05-25T13:42:02,3,12,0,15
2024-05-25T13:56:56,3,12,0,15
2024-05-25T14:11:49,3,12,0,15
2024-05-25T14:26:51,3,12,0,15
2024-05-25T14:41:44,3,12,0,15
2024-05-25T14:56:37,3,12,0,15
2024-05-25T15:11:30,3,12,0,15
2024-05-25T15:26:24,3,12,0,15
2024-05-25T15:41:26,3,12,0,15
2024-05-25T15:56:20,3,12,0,15
2024-05-25T16:11:13,3,12,0,15
2024-05-25T16:26:06,3,12,0,15
2024-05-25T16:40:59,3,12,0,15
2024-05-25T16:55:52,3,12,0,15
2024-05-25T17:10:45,3,12,0,15
2024-05-25T17:25:48,3,12,0,15
2024-05-25T17:40:42,3,12,0,15
2024-05-25T17:55:35,3,12,0,15
2024-05-25T18:10:28,3,12,0,15
2024-05-25T18:25:22,3,12,0,15
2024-05-25T18:40:16,3,12,0,15
2024-05-25T18:55:09,3,12,0,15
2024-05-25T19:10:12,3,12,0,15
2024-05-25T19:25:05,3,12,0,15
2024-05-25T19:39:59,3,12,0,15
2024-05-25T19:54:53,3,12,0,15
2024-05-25T20:09:46,3,12,0,15
2024-05-25T20:24:40,3,12,0,15
2024-05-25T20:39:33,3,12,0,15
2024-05-25T20:54:36,3,12,0,15
2024-05-25T21:09:30,3,12,0,15
2024-05-25T21:24:25,3,12,0,15
2024-05-25T21:39:18,3,12,0,15
2024-05-25T21:54:13,3,12,0,15
2024-05-25T22:09:16,3,12,0,15
2024-05-25T22:24:09,3,12,0,15
2024-05-25T22:39:03,3,12,0,15
2024-05-25T22:53:58,3,12,0,15
2024-05-25T23:08:53,3,12,0,15
2024-05-25T23:23:46,3,12,0,15
2024-05-25T23:38:39,3,12,0,15
2024-05-25T23:53:33,3,12,0,15
2024-05-26T00:08:27,3,12,0,15
2024-05-26T00:23:37,3,12,0,15
2024-05-26T00:38:35,3,12,0,15
2024-05-26T00:53:31,3,12,0,15
2024-05-26T01:08:28,3,12,0,15
2024-05-26T01:23:23,3,12,0,15
2024-05-26T01:38:18,3,12,0,15
2024-05-26T01:53:16,3,12,0,15
2024-05-26T02:08:12,3,12,0,15
2024-05-26T02:23:07,3,12,0,15
2024-05-26T02:38:06,3,12,0,15
2024-05-26T02:53:08,3,12,0,15
2024-05-26T03:08:12,3,12,0,15
2024-05-26T03:23:13,3,12,0,15
2024-05-26T03:38:10,3,12,0,15
2024-05-26T03:53:10,3,12,0,15
2024-05-26T04:08:21,3,12,0,15
2024-05-26T04:30:57,3,12,0,15
2024-05-26T04:46:36,3,12,0,15
2024-05-26T05:01:36,3,12,0,15
2024-05-26T05:16:40,3,12,0,15
2024-05-26T05:31:36,3,12,0,15
2024-05-26T05:46:35,3,12,0,15
2024-05-26T06:01:34,3,12,0,15
2024-05-26T06:16:32,3,12,0,15
2024-05-26T06:31:32,3,12,0,15
2024-05-26T06:46:28,3,12,0,15
2024-05-26T07:01:24,3,12,0,15
2024-05-26T07:16:22,3,12,0,15
2024-05-26T07:31:21,3,12,0,15
2024-05-26T07:46:22,3,12,0,15
2024-05-26T08:01:18,3,12,0,15
2024-05-26T08:16:15,3,12,0,15
2024-05-26T08:31:13,3,12,0,15
2024-05-26T08:46:09,3,12,0,15
2024-05-26T09:01:05,3,12,0,15
2024-05-26T09:16:03,3,12,0,15
2024-05-26T09:30:58,3,12,0,15
2024-05-26T09:46:02,3,12,0,15
2024-05-26T10:00:57,3,12,0,15
2024-05-26T10:15:51,3,12,0,15
2024-05-26T10:30:48,3,12,0,15
2024-05-26T10:45:44,3,12,0,15
2024-05-26T11:00:41,3,12,0,15
2024-05-26T11:15:39,3,12,0,15
2024-05-26T11:30:37,3,12,0,15
2024-05-26T11:45:32,3,12,0,15
2024-05-26T12:00:28,3,12,0,15
2024-05-26T12:15:25,3,12,0,15
2024-05-26T12:30:30,3,12,0,15
2024-05-26T12:45:25,3,12,0,15
2024-05-26T13:00:19,3,12,0,15
2024-05-26T13:15:13,3,12,0,15
2024-05-26T13:30:05,3,12,0,15
2024-05-26T13:45:00,3,12,0,15
2024-05-26T13:59:54,3,12,0,15
2024-05-26T14:14:57,3,12,0,15
2024-05-26T14:29:51,3,12,0,15
2024-05-26T14:44:44,3,12,0,15
2024-05-26T14:59:38,3,12,0,15
2024-05-26T15:14:31,3,12,0,15
2024-05-26T15:29:26,3,12,0,15
2024-05-26T15:44:19,3,12,0,15
2024-05-26T15:59:13,3,12,0,15
2024-05-26T16:14:18,3,12,0,15
2024-05-26T16:29:13,3,12,0,15
2024-05-26T16:44:08,3,12,0,15
2024-05-26T16:59:02,3,12,0,15
2024-05-26T17:13:57,3,12,0,15
2024-05-26T17:28:51,3,12,0,15
2024-05-26T17:43:45,3,12,0,15
2024-05-26T17:58:39,3,12,0,15
2024-05-26T18:13:44,3,12,0,15
2024-05-26T18:28:38,3,12,0,15
2024-05-26T18:43:33,3,12,0,15
2024-05-26T18:58:28,3,12,0,15
2024-05-26T19:13:25,3,12,0,15
2024-05-26T19:28:19,3,12,0,15
2024-05-26T19:43:13,3,12,0,15
2024-05-26T19:58:08,3,12,0,15
2024-05-26T20:13:02,3,12,0,15
2024-05-26T20:28:05,3,12,0,15
2024-05-26T20:42:59,3,12,0,15
2024-05-26T20:57:53,3,12,0,15
2024-05-26T21:12:47,3,12,0,15
2024-05-26T21:27:42,3,12,0,15
2024-05-26T21:42:38,3,12,0,15
2024-05-26T21:57:41,3,12,0,15
2024-05-26T22:12:35,3,12,0,15
2024-05-26T22:27:29,3,12,0,15
2024-05-26T22:42:25,3,12,0,15
2024-05-26T22:57:19,3,12,0,15
2024-05-26T23:12:22,3,12,0,15
2024-05-26T23:27:17,3,12,0,15
2024-05-26T23:42:12,3,12,0,15
2024-05-26T23:57:07,3,12,0,15
2024-05-27T00:12:04,3,12,0,15
2024-05-27T00:27:03,3,12,0,15
2024-05-27T00:42:03,3,12,0,15
2024-05-27T00:57:08,3,12,0,15
2024-05-27T01:12:17,3,12,0,15
2024-05-27T01:27:16,3,12,0,15
2024-05-27T01:42:13,3,12,0,15
2024-05-27T01:57:09,3,12,0,15
2024-05-27T02:12:06,3,12,0,15
2024-05-27T02:27:19,3,12,0,15
2024-05-27T02:42:16,3,12,0,15
2024-05-27T02:57:11,3,12,0,15
2024-05-27T03:12:08,3,12,0,15
2024-05-27T03:27:05,3,12,0,15
2024-05-27T03:42:00,3,12,0,15
2024-05-27T03:56:56,3,12,0,15
2024-05-27T04:13:51,3,12,0,15
2024-05-27T04:36:57,3,12,0,15
2024-05-27T04:51:56,3,12,0,15
2024-05-27T05:07:00,3,12,0,15
2024-05-27T05:21:58,3,12,0,15
2024-05-27T05:36:54,3,12,0,15
2024-05-27T05:51:51,3,12,0,15
2024-05-27T06:06:47,3,12,0,15
2024-05-27T06:21:44,3,12,0,15
2024-05-27T06:36:40,3,12,0,15
2024-05-27T06:51:36,3,12,0,15
2024-05-27T07:06:34,3,12,0,15
2024-05-27T07:21:30,3,12,0,15
2024-05-27T07:36:25,3,12,0,15
2024-05-27T07:51:20,3,12,0,15
2024-05-27T08:06:14,3,12,0,15
2024-05-27T08:21:09,3,12,0,15
2024-05-27T08:36:03,3,12,0,15
2024-05-27T08:51:05,3,12,0,15
2024-05-27T09:06:00,3,12,0,15
2024-05-27T09:20:54,3,12,0,15
2024-05-27T09:35:47,3,12,0,15
2024-05-27T09:50:41,3,12,0,15
2024-05-27T10:05:34,3,12,0,15
2024-05-27T10:20:28,3,12,0,15
2024-05-27T10:35:21,3,12,0,15
2024-05-27T10:50:17,3,12,0,15
2024-05-27T11:05:19,3,12,0,15
2024-05-27T11:20:13,3,12,0,15
2024-05-27T11:35:07,3,12,0,15
2024-05-27T11:50:01,3,12,0,15
2024-05-27T12:04:55,3,12,0,15
2024-05-27T12:19:50,3,12,0,15
2024-05-27T12:34:52,3,12,0,15
2024-05-27T12:49:44,3,12,0,15
2024-05-27T13:04:39,3,12,0,15
2024-05-27T13:19:34,3,12,0,15
2024-05-27T13:34:37,3,12,0,15
2024-05-27T13:49:31,3,12,0,15
2024-05-27T14:04:25,3,12,0,15
2024-05-27T14:19:30,3,12,0,15
2024-05-27T14:34:24,3,12,0,15
2024-05-27T14:49:19,3,12,0,15
2024-05-27T15:04:14,3,12,0,15
2024-05-27T15:19:09,3,12,0,15
2024-05-27T15:34:14,3,12,0,15
2024-05-27T15:49:08,3,12,0,15
2024-05-27T16:04:03,3,12,0,15
2024-05-27T16:19:08,3,12,0,15
2024-05-27T16:34:01,3,12,0,15
2024-05-27T16:48:55,3,12,0,15
2024-05-27T17:03:51,3,12,0,15
2024-05-27T17:18:56,3,12,0,15
2024-05-27T17:33:51,3,12,0,15
2024-05-27T17:48:48,3,12,0,15
2024-05-27T18:03:43,3,12,0,15
2024-05-27T18:18:48,3,12,0,15
2024-05-27T18:33:43,3,12,0,15
2024-05-27T18:48:37,3,12,0,15
2024-05-27T19:03:41,3,12,0,15
2024-05-27T19:18:36,3,12,0,15
2024-05-27T19:33:36,3,12,0,15
2024-05-27T19:48:32,3,12,0,15
2024-05-27T20:03:39,3,12,0,15
2024-05-27T20:18:34,3,12,0,15
2024-05-27T20:33:28,3,12,0,15
2024-05-27T20:48:22,3,12,0,15
2024-05-27T21:03:27,3,12,0,15
2024-05-27T21:18:22,3,12,0,15
2024-05-27T21:33:17,3,12,0,15
2024-05-27T21:48:11,3,12,0,15
2024-05-27T22:03:16,3,12,0,15
2024-05-27T22:18:09,3,12,0,15
2024-05-27T22:33:03,3,12,0,15
2024-05-27T22:47:56,3,12,0,15
2024-05-27T23:02:59,3,12,0,15
2024-05-27T23:17:53,3,12,0,15
2024-05-27T23:32:47,3,12,0,15
2024-05-27T23:47:41,3,12,0,15
2024-05-28T00:02:41,3,12,0,15
2024-05-28T00:17:52,3,12,0,15
2024-05-28T00:32:52,3,12,0,15
2024-05-28T00:47:51,3,12,0,15
2024-05-28T01:02:48,3,12,0,15
2024-05-28T01:17:56,3,12,0,15
2024-05-28T01:32:53,3,12,0,15
2024-05-28T01:47:48,3,12,0,15
2024-05-28T02:02:43,3,12,0,15
2024-05-28T02:17:57,3,12,0,15
2024-05-28T02:32:53,3,12,0,15
2024-05-28T02:47:48,3,12,0,15
2024-05-28T03:02:52,3,12,0,15
2024-05-28T03:17:49,3,12,0,15
2024-05-28T03:32:46,3,12,0,15
2024-05-28T03:47:41,3,12,0,15
2024-05-28T04:02:38,3,12,0,15
2024-05-28T04:29:25,3,12,0,15
2024-05-28T04:44:27,3,12,0,15
2024-05-28T04:59:25,3,12,0,15
2024-05-28T05:14:23,3,12,0,15
2024-05-28T05:29:20,3,12,0,15
2024-05-28T05:44:18,3,12,0,15
2024-05-28T05:59:14,3,12,0,15
2024-05-28T06:14:11,3,12,0,15
2024-05-28T06:29:11,3,12,0,15
2024-05-28T06:44:07,3,12,0,15
2024-05-28T06:59:04,3,12,0,15
2024-05-28T07:14:04,3,12,0,15
2024-05-28T07:29:00,3,12,0,15
2024-05-28T07:43:54,3,12,0,15
2024-05-28T07:58:47,3,12,0,15
2024-05-28T08:13:50,3,12,0,15
2024-05-28T08:28:52,3,12,0,15
2024-05-28T08:43:48,3,12,0,15
2024-05-28T08:58:43,3,12,0,15
2024-05-28T09:13:38,3,12,0,15
2024-05-28T09:28:32,3,12,0,15
2024-05-28T09:43:41,3,12,0,15
2024-05-28T09:58:37,3,12,0,15
2024-05-28T10:13:34,3,12,0,15
2024-05-28T10:28:31,3,12,0,15
2024-05-28T10:43:39,3,12,0,15
2024-05-28T10:58:35,3,12,0,15
2024-05-28T11:13:37,3,12,0,15
2024-05-28T11:28:44,3,12,0,15
2024-05-28T11:43:45,3,12,0,15
2024-05-28T11:58:43,3,12,0,15
2024-05-28T12:13:54,3,12,0,15
2024-05-28T12:28:50,3,12,0,15
2024-05-28T12:44:00,3,12,0,15
2024-05-28T12:58:55,3,12,0,15
2024-05-28T13:13:56,3,12,0,15
2024-05-28T13:29:03,3,12,0,15
2024-05-28T13:44:05,3,12,0,15
2024-05-28T13:59:14,3,12,0,15
2024-05-28T14:14:19,3,12,0,15
2024-05-28T14:29:18,3,12,0,15
2024-05-28T14:44:33,3,12,0,15
2024-05-28T14:59:30,3,12,0,15
2024-05-28T15:14:44,3,12,0,15
2024-05-28T15:29:44,3,12,0,15
2024-05-28T15:44:57,3,12,0,15
2024-05-28T15:59:57,3,12,0,15
2024-05-28T16:15:07,3,12,0,15
2024-05-28T16:30:05,3,12,0,15
2024-05-28T16:45:05,3,12,0,15
2024-05-28T17:00:15,3,12,0,15
2024-05-28T17:15:20,3,12,0,15
2024-05-28T17:30:20,3,12,0,15
2024-05-28T17:45:35,3,12,0,15
2024-05-28T18:00:34,3,12,0,15
2024-05-28T18:15:41,3,12,0,15
2024-05-28T18:30:52,3,12,0,15
2024-05-28T18:45:53,3,12,0,15
2024-05-28T19:00:52,3,12,0,15
2024-05-28T19:16:00,3,12,0,15
2024-05-28T19:31:01,3,12,0,15
2024-05-28T19:46:10,3,12,0,15
2024-05-28T20:01:07,3,12,0,15
2024-05-28T20:16:05,3,12,0,15
2024-05-28T20:31:07,3,12,0,15
2024-05-28T20:46:18,4,11,0,15
2024-05-28T21:01:16,4,11,0,15
2024-05-28T21:16:16,4,11,0,15
2024-05-28T21:31:16,4,11,0,15
2024-05-28T21:46:26,4,11,0,15
2024-05-28T22:01:25,4,11,0,15
2024-05-28T22:16:21,4,11,0,15
2024-05-28T22:31:27,4,11,0,15
2024-05-28T22:46:24,4,11,0,15
2024-05-28T23:01:21,4,11,0,15
2024-05-28T23:16:19,4,11,0,15
2024-05-28T23:31:25,4,11,0,15
2024-05-28T23:46:23,4,11,0,15
2024-05-29T00:01:20,4,11,0,15
2024-05-29T00:16:24,4,11,0,15
2024-05-29T00:31:30,4,11,0,15
2024-05-29T00:46:41,4,11,0,15
2024-05-29T01:01:39,4,11,0,15
2024-05-29T01:16:36,4,11,0,15
2024-05-29T01:31:35,4,11,0,15
2024-05-29T01:46:34,4,11,0,15
2024-05-29T02:01:35,4,11,0,15
2024-05-29T02:16:34,4,11,0,15
2024-05-29T02:31:40,4,11,0,15
2024-05-29T02:46:39,4,11,0,15
2024-05-29T03:01:37,4,11,0,15
2024-05-29T03:16:35,4,11,0,15
2024-05-29T03:31:33,4,11,0,15
2024-05-29T03:46:31,4,11,0,15
2024-05-29T04:01:32,4,11,0,15
2024-05-29T04:30:59,4,11,0,15
2024-05-29T04:47:23,4,11,0,15
2024-05-29T05:02:26,4,11,0,15
2024-05-29T05:17:37,4,11,0,15
2024-05-29T05:32:35,4,11,0,15
2024-05-29T05:47:34,4,11,0,15
2024-05-29T06:02:32,4,11,0,15
2024-05-29T06:17:29,4,11,0,15
2024-05-29T06:32:29,4,11,0,15
2024-05-29T06:47:27,4,11,0,15
2024-05-29T07:02:27,4,11,0,15
2024-05-29T07:17:29,4,11,0,15
2024-05-29T07:32:36,4,11,0,15
2024-05-29T07:47:34,4,11,0,15
2024-05-29T08:02:31,4,11,0,15
2024-05-29T08:17:34,4,11,0,15
2024-05-29T08:32:33,4,11,0,15
2024-05-29T08:47:30,4,11,0,15
2024-05-29T09:02:31,4,11,0,15
2024-05-29T09:17:30,4,11,0,15
2024-05-29T09:32:41,4,11,0,15
2024-05-29T09:47:41,4,11,0,15
2024-05-29T10:02:44,4,11,0,15
2024-05-29T10:17:51,4,11,0,15
2024-05-29T10:33:02,4,11,0,15
2024-05-29T10:48:04,4,11,0,15
2024-05-29T11:03:18,4,11,0,15
2024-05-29T11:18:30,4,11,0,15
2024-05-29T11:33:31,4,11,0,15
2024-05-29T11:48:40,4,11,0,15
2024-05-29T12:03:43,4,11,0,15
2024-05-29T12:18:56,4,11,0,15
2024-05-29T12:33:56,4,11,0,15
2024-05-29T12:49:02,4,11,0,15
2024-05-29T13:04:00,4,11,0,15
2024-05-29T13:18:59,4,11,0,15
2024-05-29T13:34:05,4,11,0,15
2024-05-29T13:49:03,4,11,0,15
2024-05-29T14:04:01,4,11,0,15
2024-05-29T14:19:06,4,11,0,15
2024-05-29T14:34:03,4,11,0,15
2024-05-29T14:49:09,4,11,0,15
2024-05-29T15:04:06,4,11,0,15
2024-05-29T15:19:05,4,11,0,15
2024-05-29T15:34:15,4,11,0,15
2024-05-29T15:49:12,4,11,0,15
2024-05-29T16:04:11,4,11,0,15
2024-05-29T16:19:09,4,11,0,15
2024-05-29T16:34:15,4,11,0,15
2024-05-29T16:49:10,4,11,0,15
2024-05-29T17:04:06,4,11,0,15
2024-05-29T17:19:03,4,11,0,15
2024-05-29T17:34:10,4,11,0,15
2024-05-29T17:49:06,4,11,0,15
2024-05-29T18:04:02,4,11,0,15
2024-05-29T18:18:58,4,11,0,15
2024-05-29T18:33:54,4,11,0,15
2024-05-29T18:49:00,4,11,0,15
2024-05-29T19:03:56,4,11,0,15
2024-05-29T19:18:52,4,11,0,15
2024-05-29T19:33:48,4,11,0,15
2024-05-29T19:48:43,4,11,0,15
2024-05-29T20:03:48,4,11,0,15
2024-05-29T20:18:44,4,11,0,15
2024-05-29T20:33:39,4,11,0,15
2024-05-29T20:48:34,4,11,0,15
2024-05-29T21:03:39,4,11,0,15
2024-05-29T21:18:36,4,11,0,15
2024-05-29T21:33:32,4,11,0,15
2024-05-29T21:48:27,4,11,0,15
2024-05-29T22:03:24,4,11,0,15
2024-05-29T22:18:19,4,11,0,15
2024-05-29T22:33:24,4,11,0,15
2024-05-29T22:48:20,4,11,0,15
2024-05-29T23:03:15,4,11,0,15
2024-05-29T23:18:11,4,11,0,15
2024-05-29T23:33:07,4,11,0,15
2024-05-29T23:48:03,4,11,0,15
2024-05-30T00:03:00,4,11,0,15
2024-05-30T00:18:08,4,11,0,15
2024-05-30T00:33:06,4,11,0,15
2024-05-30T00:48:09,4,11,0,15
2024-05-30T01:03:10,4,11,0,15
2024-05-30T01:18:07,4,11,0,15
2024-05-30T01:33:05,4,11,0,15
2024-05-30T01:48:04,4,11,0,15
2024-05-30T02:03:03,4,11,0,15
2024-05-30T02:18:00,4,11,0,15
2024-05-30T02:32:57,4,11,0,15
2024-05-30T02:47:55,4,11,0,15
2024-05-30T03:02:52,4,11,0,15
2024-05-30T03:17:59,4,11,0,15
2024-05-30T03:32:57,4,11,0,15
2024-05-30T03:47:55,4,11,0,15
2024-05-30T04:02:53,4,11,0,15
2024-05-30T04:17:54,4,11,0,15
2024-05-30T04:38:00,4,11,0,15
2024-05-30T04:54:46,4,11,0,15
2024-05-30T05:09:49,4,11,0,15
2024-05-30T05:24:48,4,11,0,15
2024-05-30T05:39:47,4,11,0,15
2024-05-30T05:54:47,4,11,0,15
2024-05-30T06:09:46,4,11,0,15
2024-05-30T06:24:48,4,11,0,15
2024-05-30T06:39:47,4,11,0,15
2024-05-30T06:54:47,4,11,0,15
2024-05-30T07:09:47,4,11,0,15
2024-05-30T07:24:46,4,11,0,15
2024-05-30T07:39:42,5,10,0,15
2024-05-30T07:54:39,5,10,0,15
2024-05-30T08:09:36,5,10,0,15
2024-05-30T08:24:33,5,10,0,15
2024-05-30T08:39:42,5,10,0,15
2024-05-30T08:54:39,5,10,0,15
2024-05-30T09:09:43,5,10,0,15
2024-05-30T09:24:42,5,10,0,15
2024-05-30T09:39:38,5,10,0,15
2024-05-30T09:54:33,5,10,0,15
2024-05-30T10:09:29,5,10,0,15
2024-05-30T10:24:24,5,10,0,15
2024-05-30T10:39:20,5,10,0,15
2024-05-30T10:54:24,5,10,0,15
2024-05-30T11:09:22,5,10,0,15
2024-05-30T11:24:20,5,10,0,15
2024-05-30T11:39:17,5,10,0,15
2024-05-30T11:54:14,5,10,0,15
2024-05-30T12:09:10,5,10,0,15
2024-05-30T12:24:18,5,10,0,15
2024-05-30T12:39:16,5,10,0,15
2024-05-30T12:54:15,5,10,0,15
2024-05-30T13:09:14,5,10,0,15
2024-05-30T13:40:59,5,10,0,15
2024-05-30T13:55:57,5,10,0,15
2024-05-30T14:10:55,5,10,0,15
2024-05-30T14:25:53,5,10,0,15
2024-05-30T14:40:54,5,10,0,15
2024-05-30T14:55:59,5,10,0,15
2024-05-30T15:10:58,5,10,0,15
2024-05-30T15:25:56,5,10,0,15
2024-05-30T15:40:54,5,10,0,15
2024-05-30T15:56:02,5,10,0,15
2024-05-30T16:11:00,5,10,0,15
2024-05-30T16:25:57,5,10,0,15
2024-05-30T16:40:55,5,10,0,15
2024-05-30T16:55:52,5,10,0,15
2024-05-30T17:10:51,5,10,0,15
2024-05-30T17:26:00,5,10,0,15
2024-05-30T17:40:58,5,10,0,15
2024-05-30T17:55:55,5,10,0,15
2024-05-30T18:10:53,5,10,0,15
2024-05-30T18:25:50,5,10,0,15
2024-05-30T18:40:48,5,10,0,15
2024-05-30T18:55:56,5,10,0,15
2024-05-30T19:10:54,5,10,0,15
2024-05-30T19:25:52,5,10,0,15
2024-05-30T19:40:50,5,10,0,15
2024-05-30T19:55:47,5,10,0,15
2024-05-30T20:10:45,5,10,0,15
2024-05-30T20:25:43,5,10,0,15
2024-05-30T20:40:51,5,10,0,15
2024-05-30T20:55:48,5,10,0,15
2024-05-30T21:10:45,5,10,0,15
2024-05-30T21:25:43,5,10,0,15
2024-05-30T21:40:41,5,10,0,15
2024-05-30T21:55:39,5,10,0,15
2024-05-30T22:10:37,5,10,0,15
2024-05-30T22:25:35,5,10,0,15
2024-05-30T22:40:42,5,10,0,15
2024-05-30T22:55:41,5,10,0,15
2024-05-30T23:10:40,5,10,0,15
2024-05-30T23:25:38,5,10,0,15
2024-05-30T23:40:36,5,10,0,15
2024-05-30T23:55:35,5,10,0,15
2024-05-31T00:10:35,5,10,0,15
2024-05-31T00:25:39,5,10,0,15
2024-05-31T00:40:41,5,10,0,15
2024-05-31T00:55:44,5,10,0,15
2024-05-31T01:11:00,5,10,0,15
2024-05-31T01:26:03,5,10,0,15
2024-05-31T01:41:08,5,10,0,15
2024-05-31T01:56:11,5,10,0,15
2024-05-31T02:11:14,5,10,0,15
2024-05-31T02:26:16,5,10,0,15
2024-05-31T02:41:19,5,10,0,15
2024-05-31T02:56:20,5,10,0,15
2024-05-31T03:11:22,5,10,0,15
2024-05-31T03:26:21,5,10,0,15
2024-05-31T03:41:20,5,10,0,15
2024-05-31T03:56:21,5,10,0,15
2024-05-31T04:25:43,5,10,0,15
2024-05-31T04:40:48,5,10,0,15
2024-05-31T04:55:52,5,10,0,15
2024-05-31T05:10:57,5,10,0,15
2024-05-31T05:26:00,5,10,0,15
2024-05-31T05:41:01,5,10,0,15
2024-05-31T05:56:03,5,10,0,15
2024-05-31T06:11:06,5,10,0,15
2024-05-31T06:26:45,5,10,0,15
2024-05-31T06:41:46,5,10,0,15
2024-05-31T06:56:48,5,10,0,15
2024-05-31T07:11:56,5,10,0,15
2024-05-31T07:26:57,5,10,0,15
2024-05-31T07:41:56,5,10,0,15
2024-05-31T07:56:54,5,10,0,15
2024-05-31T08:11:53,5,10,0,15
2024-05-31T08:26:52,5,10,0,15
2024-05-31T08:41:54,5,10,0,15
2024-05-31T08:57:03,5,10,0,15
2024-05-31T09:12:03,5,10,0,15
2024-05-31T09:27:01,5,10,0,15
2024-05-31T09:41:59,5,10,0,15
2024-05-31T09:56:58,5,10,0,15
2024-05-31T10:11:56,5,10,0,15
2024-05-31T10:26:53,5,10,0,15
2024-05-31T10:41:51,5,10,0,15
2024-05-31T10:57:00,5,10,0,15
2024-05-31T11:11:58,5,10,0,15
2024-05-31T11:26:55,5,10,0,15
2024-05-31T11:41:54,5,10,0,15
2024-05-31T11:56:52,5,10,0,15
2024-05-31T12:11:50,5,10,0,15
2024-05-31T12:27:03,5,10,0,15
2024-05-31T12:42:01,5,10,0,15
2024-05-31T12:56:58,5,10,0,15
2024-05-31T13:11:57,5,10,0,15
2024-05-31T13:27:06,5,10,0,15
2024-05-31T13:42:06,5,10,0,15
2024-05-31T13:57:06,5,10,0,15
2024-05-31T14:12:08,5,10,0,15
2024-05-31T14:27:09,5,10,0,15
2024-05-31T14:42:09,5,10,0,15
2024-05-31T14:57:10,5,10,0,15
2024-05-31T15:12:21,5,10,0,15
2024-05-31T15:27:23,5,10,0,15
2024-05-31T15:42:24,5,10,0,15
2024-05-31T15:57:25,5,10,0,15
2024-05-31T16:12:34,5,10,0,15
2024-05-31T16:27:35,5,10,0,15
2024-05-31T16:42:35,5,10,0,15
2024-05-31T16:57:36,5,10,0,15
2024-05-31T17:12:39,5,10,0,15
2024-05-31T17:27:40,5,10,0,15
2024-05-31T17:42:41,5,10,0,15
2024-05-31T17:57:42,5,10,0,15
2024-05-31T18:12:52,5,10,0,15
2024-05-31T18:27:54,5,10,0,15
2024-05-31T18:42:54,5,10,0,15
2024-05-31T18:57:55,5,10,0,15
2024-05-31T19:12:56,5,10,0,15
2024-05-31T19:27:57,5,10,0,15
2024-05-31T19:42:58,5,10,0,15
2024-05-31T19:57:59,5,10,0,15
2024-05-31T20:13:01,5,10,0,15
2024-05-31T20:28:11,5,10,0,15
2024-05-31T20:43:12,5,10,0,15
2024-05-31T20:58:13,5,10,0,15
2024-05-31T21:13:14,5,10,0,15
2024-05-31T21:28:16,5,10,0,15
2024-05-31T21:43:19,5,10,0,15
2024-05-31T21:58:21,5,10,0,15
2024-05-31T22:13:22,5,10,0,15
2024-05-31T22:28:23,5,10,0,15
2024-05-31T22:43:34,5,10,0,15
2024-05-31T22:58:35,5,10,0,15
2024-05-31T23:13:38,5,10,0,15
2024-05-31T23:28:39,5,10,0,15
2024-05-31T23:43:40,5,10,0,15
2024-05-31T23:58:42,5,10,0,15
2024-06-01T00:14:30,5,10,0,15
2024-06-01T00:29:35,5,10,0,15
2024-06-01T00:44:51,5,10,0,15
2024-06-01T00:59:55,5,10,0,15
2024-06-01T01:14:59,5,10,0,15
2024-06-01T01:30:04,5,10,0,15
2024-06-01T01:45:11,5,10,0,15
2024-06-01T02:00:16,5,10,0,15
2024-06-01T02:15:21,5,10,0,15
2024-06-01T02:30:24,5,10,0,15
2024-06-01T02:45:26,5,10,0,15
2024-06-01T03:00:28,5,10,0,15
2024-06-01T03:15:34,5,10,0,15
2024-06-01T03:30:38,5,10,0,15
2024-06-01T03:45:44,5,10,0,15
2024-06-01T04:00:49,5,10,0,15
2024-06-01T04:15:53,5,10,0,15
2024-06-01T04:37:15,5,10,0,15
2024-06-01T04:52:37,5,10,0,15
2024-06-01T05:07:43,5,10,0,15
2024-06-01T05:22:43,5,10,0,15
2024-06-01T05:37:44,5,10,0,15
2024-06-01T05:52:50,5,10,0,15
2024-06-01T06:08:24,5,10,0,15
2024-06-01T06:23:30,5,10,0,15
2024-06-01T06:38:35,5,10,0,15
2024-06-01T06:53:40,5,10,0,15
2024-06-01T07:08:45,5,10,0,15
2024-06-01T07:23:50,5,10,0,15
2024-06-01T07:38:53,5,10,0,15
2024-06-01T07:54:09,5,10,0,15
2024-06-01T08:09:13,5,10,0,15
2024-06-01T08:24:17,5,10,0,15
2024-06-01T08:39:21,5,10,0,15
2024-06-01T08:54:26,5,10,0,15
2024-06-01T09:09:31,5,10,0,15
2024-06-01T09:24:35,5,10,0,15
2024-06-01T09:39:38,5,10,0,15
2024-06-01T09:54:42,5,10,0,15
2024-06-01T10:09:46,5,10,0,15
2024-06-01T10:24:58,5,10,0,15
2024-06-01T10:40:01,5,10,0,15
2024-06-01T10:55:05,5,10,0,15
2024-06-01T11:10:09,5,10,0,15
2024-06-01T11:25:13,5,10,0,15
2024-06-01T11:40:17,5,10,0,15
2024-06-01T11:55:18,5,10,0,15
2024-06-01T12:10:21,5,10,0,15
2024-06-01T12:25:42,5,10,0,15
2024-06-01T12:40:44,5,10,0,15
2024-06-01T12:55:46,5,10,0,15
2024-06-01T13:10:49,5,10,0,15
2024-06-01T13:25:53,5,10,0,15
2024-06-01T13:40:55,5,10,0,15
2024-06-01T13:55:57,5,10,0,15
2024-06-01T14:11:09,5,10,0,15
2024-06-01T14:26:11,5,10,0,15
2024-06-01T14:41:12,5,10,0,15
2024-06-01T14:56:12,5,10,0,15
2024-06-01T15:11:13,5,10,0,15
2024-06-01T15:26:22,5,10,0,15
2024-06-01T15:41:23,5,10,0,15
2024-06-01T15:56:23,5,10,0,15
2024-06-01T16:11:24,5,10,0,15
2024-06-01T16:26:24,5,10,0,15
2024-06-01T16:41:25,5,10,0,15
2024-06-01T16:56:25,5,10,0,15
2024-06-01T17:11:26,5,10,0,15
2024-06-01T17:26:45,5,10,0,15
2024-06-01T17:41:46,5,10,0,15
2024-06-01T17:56:47,5,10,0,15
2024-06-01T18:11:48,5,10,0,15
2024-06-01T18:26:48,5,10,0,15
2024-06-01T18:41:49,5,10,0,15
2024-06-01T18:56:49,5,10,0,15
2024-06-01T19:11:50,5,10,0,15
2024-06-01T19:27:02,5,10,0,15
2024-06-01T19:42:03,5,10,0,15
2024-06-01T19:57:04,5,10,0,15
2024-06-01T20:12:05,5,10,0,15
2024-06-01T20:27:05,5,10,0,15
2024-06-01T20:42:06,5,10,0,15
2024-06-01T20:57:06,5,10,0,15
2024-06-01T21:12:24,5,10,0,15
2024-06-01T21:27:25,5,10,0,15
2024-06-01T21:42:28,5,10,0,15
2024-06-01T21:57:36,5,10,0,15
2024-06-01T22:12:38,5,10,0,15
2024-06-01T22:27:39,5,10,0,15
2024-06-01T22:42:39,5,10,0,15
2024-06-01T22:57:40,5,10,0,15
2024-06-01T23:12:41,5,10,0,15
2024-06-01T23:27:41,5,10,0,15
2024-06-01T23:42:56,5,10,0,15
2024-06-01T23:57:57,5,10,0,15
2024-06-02T00:12:59,5,10,0,15
2024-06-02T00:28:01,5,10,0,15
2024-06-02T00:43:05,5,10,0,15
2024-06-02T00:58:08,5,10,0,15
2024-06-02T01:13:11,5,10,0,15
2024-06-02T01:28:14,5,10,0,15
2024-06-02T01:43:20,5,10,0,15
2024-06-02T01:58:23,5,10,0,15
2024-06-02T02:13:27,5,10,0,15
2024-06-02T02:28:49,5,10,0,15
2024-06-02T02:43:54,5,10,0,15
2024-06-02T02:58:57,5,10,0,15
2024-06-02T03:14:13,5,10,0,15
2024-06-02T03:29:16,5,10,0,15
2024-06-02T03:44:19,5,10,0,15
2024-06-02T03:59:23,5,10,0,15
2024-06-02T04:14:28,5,10,0,15
2024-06-02T04:36:48,5,10,0,15
2024-06-02T04:51:59,5,10,0,15
2024-06-02T05:07:06,5,10,0,15
2024-06-02T05:22:08,5,10,0,15
2024-06-02T05:37:10,5,10,0,15
2024-06-02T05:53:56,5,10,0,15
2024-06-02T06:08:59,5,10,0,15
2024-06-02T06:24:04,5,10,0,15
2024-06-02T06:39:08,5,10,0,15
2024-06-02T06:54:10,5,10,0,15
2024-06-02T07:09:13,5,10,0,15
2024-06-02T07:24:18,5,10,0,15
2024-06-02T07:39:21,5,10,0,15
2024-06-02T07:54:22,5,10,0,15
2024-06-02T08:09:28,5,10,0,15
2024-06-02T08:24:29,5,10,0,15
2024-06-02T08:39:40,5,10,0,15
2024-06-02T08:54:43,5,10,0,15
2024-06-02T09:09:44,5,10,0,15
2024-06-02T09:24:46,5,10,0,15
2024-06-02T09:39:58,5,10,0,15
2024-06-02T09:55:01,5,10,0,15
2024-06-02T10:10:04,5,10,0,15
2024-06-02T10:25:05,5,10,0,15
2024-06-02T10:40:05,5,10,0,15
2024-06-02T10:55:06,5,10,0,15
2024-06-02T11:10:06,5,10,0,15
2024-06-02T11:25:07,5,10,0,15
2024-06-02T11:40:07,5,10,0,15
2024-06-02T11:55:09,5,10,0,15
2024-06-02T12:10:10,5,10,0,15
2024-06-02T12:25:11,5,10,0,15
2024-06-02T12:40:12,5,10,0,15
2024-06-02T12:55:22,5,10,0,15
2024-06-02T13:10:22,5,10,0,15
2024-06-02T13:25:22,5,10,0,15
2024-06-02T13:40:22,5,10,0,15
2024-06-02T13:55:22,5,10,0,15
2024-06-02T14:10:22,5,10,0,15
2024-06-02T14:25:23,5,10,0,15
2024-06-02T14:40:23,5,10,0,15
2024-06-02T14:55:23,5,10,0,15
2024-06-02T15:10:33,5,10,0,15
2024-06-02T15:25:34,5,10,0,15
2024-06-02T15:40:34,5,10,0,15
2024-06-02T15:55:34,5,10,0,15
2024-06-02T16:10:36,5,10,0,15
2024-06-02T16:25:40,5,10,0,15
2024-06-02T16:40:53,5,10,0,15
2024-06-02T16:55:53,5,10,0,15
2024-06-02T17:10:54,5,10,0,15
2024-06-02T17:25:56,5,10,0,15
2024-06-02T17:40:56,5,10,0,15
2024-06-02T17:55:56,5,10,0,15
2024-06-02T18:10:57,5,10,0,15
2024-06-02T18:26:03,5,10,0,15
2024-06-02T18:41:04,5,10,0,15
2024-06-02T18:56:14,5,10,0,15
2024-06-02T19:11:18,5,10,0,15
2024-06-02T19:26:20,5,10,0,15
2024-06-02T19:41:21,5,10,0,15
2024-06-02T19:56:23,5,10,0,15
2024-06-02T20:11:25,5,10,0,15
2024-06-02T20:26:26,5,10,0,15
2024-06-02T20:41:37,5,10,0,15
2024-06-02T20:56:38,5,10,0,15
2024-06-02T21:11:40,5,10,0,15
2024-06-02T21:26:43,5,10,0,15
2024-06-02T21:41:49,5,10,0,15
2024-06-02T21:57:11,5,10,0,15
2024-06-02T22:12:13,5,10,0,15
2024-06-02T22:27:15,5,10,0,15
2024-06-02T22:42:21,5,10,0,15
2024-06-02T22:57:23,5,10,0,15
2024-06-02T23:12:26,5,10,0,15
2024-06-02T23:27:29,5,10,0,15
2024-06-02T23:42:41,5,10,0,15
2024-06-02T23:57:45,5,10,0,15
2024-06-03T00:12:58,5,10,0,15
2024-06-03T00:28:06,5,10,0,15
2024-06-03T00:43:13,5,10,0,15
2024-06-03T00:58:17,5,10,0,15
2024-06-03T01:13:21,5,10,0,15
2024-06-03T01:28:23,5,10,0,15
2024-06-03T01:43:26,5,10,0,15
2024-06-03T01:58:53,5,10,0,15
2024-06-03T02:14:00,5,10,0,15
2024-06-03T02:29:14,5,10,0,15
2024-06-03T02:44:19,5,10,0,15
2024-06-03T02:59:22,5,10,0,15
2024-06-03T03:14:27,5,10,0,15
2024-06-03T03:29:59,5,10,0,15
2024-06-03T03:45:03,5,10,0,15
2024-06-03T04:00:06,5,10,0,15
2024-06-03T04:32:14,5,10,0,15
2024-06-03T04:47:26,5,10,0,15
2024-06-03T05:02:34,5,10,0,15
2024-06-03T05:17:46,5,10,0,15
2024-06-03T05:32:50,5,10,0,15
2024-06-03T05:47:55,5,10,0,15
2024-06-03T06:03:00,5,10,0,15
2024-06-03T06:18:09,5,10,0,15
2024-06-03T06:33:13,5,10,0,15
2024-06-03T06:48:18,5,10,0,15
2024-06-03T07:03:22,5,10,0,15
2024-06-03T07:18:29,5,10,0,15
2024-06-03T07:33:34,5,10,0,15
2024-06-03T07:48:40,5,10,0,15
2024-06-03T08:03:46,5,10,0,15
2024-06-03T08:18:48,5,10,0,15
2024-06-03T08:33:50,5,10,0,15
2024-06-03T08:48:51,5,10,0,15
2024-06-03T09:03:51,5,10,0,15
2024-06-03T09:19:04,5,10,0,15
2024-06-03T09:34:05,5,10,0,15
2024-06-03T09:49:06,5,10,0,15
2024-06-03T10:04:06,5,10,0,15
2024-06-03T10:19:09,5,10,0,15
2024-06-03T10:34:11,5,10,0,15
2024-06-03T10:49:26,5,10,0,15
2024-06-03T11:04:27,5,10,0,15
2024-06-03T11:19:29,5,10,0,15
2024-06-03T11:34:30,5,10,0,15
2024-06-03T11:49:41,5,10,0,15
2024-06-03T12:04:46,5,10,0,15
2024-06-03T12:19:49,5,10,0,15
2024-06-03T12:34:52,5,10,0,15
2024-06-03T12:50:09,5,10,0,15
2024-06-03T13:05:10,5,10,0,15
2024-06-03T13:20:14,5,10,0,15
2024-06-03T13:35:26,5,10,0,15
2024-06-03T13:50:29,5,10,0,15
2024-06-03T14:05:31,5,10,0,15
2024-06-03T14:20:35,5,10,0,15
2024-06-03T14:35:49,5,10,0,15
2024-06-03T14:50:51,5,10,0,15
2024-06-03T15:05:54,5,10,0,15
2024-06-03T15:20:58,5,10,0,15
2024-06-03T15:36:11,5,10,0,15
2024-06-03T15:51:13,5,10,0,15
2024-06-03T16:06:15,5,10,0,15
2024-06-03T16:21:18,5,10,0,15
2024-06-03T16:36:33,5,10,0,15
2024-06-03T16:51:36,5,10,0,15
2024-06-03T17:06:40,5,10,0,15
2024-06-03T17:21:55,5,10,0,15
2024-06-03T17:36:58,5,10,0,15
2024-06-03T17:52:02,5,10,0,15
2024-06-03T18:07:04,5,10,0,15
2024-06-03T18:22:06,5,10,0,15
2024-06-03T18:37:18,5,10,0,15
2024-06-03T18:52:20,5,10,0,15
2024-06-03T19:07:21,5,10,0,15
2024-06-03T19:22:23,5,10,0,15
2024-06-03T19:37:26,5,10,0,15
2024-06-03T19:52:39,5,10,0,15
2024-06-03T20:07:42,5,10,0,15
2024-06-03T20:22:44,5,10,0,15
2024-06-03T20:37:46,5,10,0,15
2024-06-03T20:52:47,5,10,0,15
2024-06-03T21:07:49,5,10,0,15
2024-06-03T21:23:02,5,10,0,15
2024-06-03T21:38:05,5,10,0,15
2024-06-03T21:53:11,5,10,0,15
2024-06-03T22:08:14,5,10,0,15
2024-06-03T22:23:15,5,10,0,15
2024-06-03T22:38:33,5,10,0,15
2024-06-03T22:53:35,5,10,0,15
2024-06-03T23:08:40,5,10,0,15
2024-06-03T23:23:42,5,10,0,15
2024-06-03T23:38:44,5,10,0,15
2024-06-03T23:53:47,5,10,0,15
2024-06-04T00:09:00,5,10,0,15
2024-06-04T00:24:05,5,10,0,15
2024-06-04T00:39:11,5,10,0,15
2024-06-04T00:54:19,5,10,0,15
2024-06-04T01:09:23,5,10,0,15
2024-06-04T01:24:26,5,10,0,15
2024-06-04T01:39:36,5,10,0,15
2024-06-04T01:54:43,5,10,0,15
2024-06-04T02:09:46,5,10,0,15
2024-06-04T02:24:59,5,10,0,15
2024-06-04T02:40:05,5,10,0,15
2024-06-04T02:55:09,5,10,0,15
2024-06-04T03:10:19,5,10,0,15
2024-06-04T03:25:26,5,10,0,15
2024-06-04T03:40:33,5,10,0,15
2024-06-04T03:55:36,5,10,0,15
2024-06-04T04:10:40,5,10,0,15
2024-06-04T04:38:10,5,10,0,15
2024-06-04T04:53:22,5,10,0,15
2024-06-04T05:08:40,5,10,0,15
2024-06-04T05:23:46,5,10,0,15
2024-06-04T05:38:51,5,10,0,15
2024-06-04T05:53:56,5,10,0,15
2024-06-04T06:09:03,5,10,0,15
2024-06-04T06:24:09,5,10,0,15
2024-06-04T06:39:14,5,10,0,15
2024-06-04T06:54:20,5,10,0,15
2024-06-04T07:09:28,5,10,0,15
2024-06-04T07:24:33,5,10,0,15
2024-06-04T07:39:36,5,10,0,15
2024-06-04T07:54:39,5,10,0,15
2024-06-04T08:09:44,5,10,0,15
2024-06-04T08:24:56,5,10,0,15
2024-06-04T08:40:01,5,10,0,15
2024-06-04T08:55:05,5,10,0,15
2024-06-04T09:10:08,5,10,0,15
2024-06-04T09:25:13,5,10,0,15
2024-06-04T09:40:20,5,10,0,15
2024-06-05T04:36:10,5,10,0,15
2024-06-05T04:51:32,5,10,0,15
2024-06-05T05:06:46,5,10,0,15
2024-06-05T05:22:00,5,10,0,15
2024-06-05T05:37:11,5,10,0,15
2024-06-05T05:52:23,5,10,0,15
2024-06-05T06:07:35,5,10,0,15
2024-06-05T06:22:46,5,10,0,15
2024-06-05T06:37:58,5,10,0,15
2024-06-05T06:53:09,5,10,0,15
2024-06-05T07:08:29,5,10,0,15
2024-06-05T07:23:54,5,10,0,15
2024-06-05T07:39:15,5,10,0,15
2024-06-05T07:54:29,5,10,0,15
2024-06-05T08:09:41,5,10,0,15
2024-06-05T08:24:54,5,10,0,15
2024-06-05T08:40:05,5,10,0,15
2024-06-05T08:55:46,5,10,0,15
2024-06-05T09:11:24,5,10,0,15
2024-06-05T09:27:01,5,10,0,15
2024-06-05T09:42:39,5,10,0,15
2024-06-05T09:58:05,5,10,0,15
2024-06-05T10:13:44,5,10,0,15
2024-06-05T10:29:12,5,10,0,15
2024-06-05T10:44:43,5,10,0,15
2024-06-05T11:00:12,5,10,0,15
2024-06-05T11:15:53,5,10,0,15
2024-06-05T11:31:25,5,10,0,15
2024-06-05T11:46:58,5,10,0,15
2024-06-05T12:02:39,5,10,0,15
2024-06-05T12:18:27,5,10,0,15
2024-06-05T12:34:13,5,10,0,15
2024-06-05T12:49:59,5,10,0,15
2024-06-05T13:05:34,5,10,0,15
2024-06-05T13:21:22,5,10,0,15
2024-06-05T13:37:00,5,10,0,15
2024-06-05T13:52:47,5,10,0,15
2024-06-05T14:08:28,5,10,0,15
2024-06-05T14:24:19,5,10,0,15
2024-06-05T14:40:04,5,10,0,15
2024-06-05T14:55:39,5,10,0,15
2024-06-05T15:11:24,5,10,0,15
2024-06-05T15:27:14,5,10,0,15
2024-06-05T15:42:50,5,10,0,15
2024-06-05T15:58:37,5,10,0,15
2024-06-05T16:14:14,5,10,0,15
2024-06-05T16:30:00,5,10,0,15
2024-06-05T16:45:46,5,10,0,15
2024-06-05T17:01:25,5,10,0,15
2024-06-05T17:17:11,5,10,0,15
2024-06-05T17:32:48,5,10,0,15
2024-06-05T17:48:39,5,10,0,15
2024-06-05T18:03:50,5,10,0,15
2024-06-05T18:19:11,5,10,0,15
2024-06-05T18:34:20,5,10,0,15
2024-06-05T18:49:29,5,10,0,15
2024-06-05T19:04:38,5,10,0,15
2024-06-05T19:19:59,5,10,0,15
2024-06-05T19:35:08,5,10,0,15
2024-06-05T19:50:16,5,10,0,15
2024-06-05T20:05:36,5,10,0,15
2024-06-05T20:20:46,5,10,0,15
2024-06-05T20:35:55,5,10,0,15
2024-06-05T20:51:04,5,10,0,15
2024-06-05T21:06:22,5,10,0,15
2024-06-05T21:21:32,5,10,0,15
2024-06-05T21:36:42,5,10,0,15
2024-06-05T21:51:51,5,10,0,15
2024-06-05T22:07:11,5,10,0,15
2024-06-05T22:22:20,5,10,0,15
2024-06-05T22:37:29,5,10,0,15
2024-06-05T22:52:38,5,10,0,15
2024-06-05T23:07:48,5,10,0,15
2024-06-05T23:23:08,5,10,0,15
2024-06-05T23:38:18,5,10,0,15
2024-06-05T23:53:27,5,10,0,15
2024-06-06T00:08:39,5,10,0,15
2024-06-06T00:23:58,5,10,0,15
2024-06-06T00:39:13,5,10,0,15
2024-06-06T00:54:36,5,10,0,15
2024-06-06T01:09:48,5,10,0,15
2024-06-06T01:25:00,5,10,0,15
2024-06-06T01:40:13,5,10,0,15
2024-06-06T01:55:28,5,10,0,15
2024-06-06T02:10:41,5,10,0,15
2024-06-06T02:25:52,5,10,0,15
2024-06-06T02:41:03,5,10,0,15
2024-06-06T02:56:14,5,10,0,15
2024-06-06T03:11:25,5,10,0,15
2024-06-06T03:26:39,5,10,0,15
2024-06-06T03:41:51,5,10,0,15
2024-06-06T03:57:13,5,10,0,15
2024-06-06T04:12:24,5,10,0,15
2024-06-06T04:36:22,5,10,0,15
2024-06-06T04:53:44,5,10,0,15
2024-06-06T05:09:02,5,10,0,15
2024-06-06T05:24:16,5,10,0,15
2024-06-06T05:39:28,5,10,0,15
2024-06-06T05:54:40,5,10,0,15
2024-06-06T06:09:54,5,10,0,15
2024-06-06T06:25:07,5,10,0,15
2024-06-06T06:40:24,5,10,0,15
2024-06-06T06:56:25,5,10,0,15
2024-06-06T07:11:38,5,10,0,15
2024-06-06T07:26:50,5,10,0,15
2024-06-06T07:42:01,5,10,0,15
2024-06-06T07:57:12,5,10,0,15
2024-06-06T08:12:27,5,10,0,15
2024-06-06T08:27:38,5,10,0,15
2024-06-06T08:42:56,5,10,0,15
2024-06-06T08:58:16,5,10,0,15
2024-06-06T09:13:28,5,10,0,15
2024-06-06T09:28:44,5,10,0,15
2024-06-06T09:44:06,5,10,0,15
2024-06-06T09:59:20,5,10,0,15
2024-06-06T10:14:34,5,10,0,15
2024-06-06T10:29:59,5,10,0,15
2024-06-06T10:45:13,5,10,0,15
2024-06-06T11:00:26,5,10,0,15
2024-06-06T11:15:39,5,10,0,15
2024-06-06T11:31:02,5,10,0,15
2024-06-06T11:46:15,5,10,0,15
2024-06-06T12:01:27,5,10,0,15
2024-06-06T12:16:45,5,10,0,15
2024-06-06T12:32:09,5,10,0,15
2024-06-06T12:47:20,5,10,0,15
2024-06-06T13:02:30,5,10,0,15
2024-06-06T13:17:51,5,10,0,15
2024-06-06T13:33:01,5,10,0,15
2024-06-06T13:48:11,5,10,0,15
2024-06-06T14:03:32,5,10,0,15
2024-06-06T14:18:42,5,10,0,15
2024-06-06T14:33:53,5,10,0,15
2024-06-06T14:49:03,5,10,0,15
2024-06-06T15:04:24,5,10,0,15
2024-06-06T15:19:37,5,10,0,15
2024-06-06T15:34:48,5,10,0,15
2024-06-06T15:50:09,5,10,0,15
2024-06-06T16:05:19,5,10,0,15
2024-06-06T16:20:29,5,10,0,15
2024-06-06T16:35:39,5,10,0,15
2024-06-06T16:50:49,5,10,0,15
2024-06-06T17:06:09,5,10,0,15
2024-06-06T17:21:20,5,10,0,15
2024-06-06T17:36:31,5,10,0,15
2024-06-06T17:51:41,5,10,0,15
2024-06-06T18:06:51,5,10,0,15
2024-06-06T18:22:12,5,10,0,15
2024-06-06T18:37:22,5,10,0,15
2024-06-06T18:52:32,5,10,0,15
2024-06-06T19:07:42,5,10,0,15
2024-06-06T19:22:52,5,10,0,15
2024-06-06T19:38:03,5,10,0,15
2024-06-06T19:53:23,5,10,0,15
2024-06-06T20:08:34,5,10,0,15
2024-06-06T20:23:44,5,10,0,15
2024-06-06T20:38:54,5,10,0,15
2024-06-06T20:54:04,5,10,0,15
2024-06-06T21:09:14,5,10,0,15
2024-06-06T21:24:26,5,10,0,15
2024-06-06T21:39:48,5,10,0,15
2024-06-06T21:54:59,5,10,0,15
2024-06-06T22:10:10,5,10,0,15
2024-06-06T22:25:21,5,10,0,15
2024-06-06T22:40:31,5,10,0,15
2024-06-06T22:55:41,5,10,0,15
2024-06-06T23:10:52,5,10,0,15
2024-06-06T23:26:12,5,10,0,15
2024-06-06T23:41:22,5,10,0,15
2024-06-06T23:56:33,5,10,0,15
2024-06-07T00:11:46,5,10,0,15
2024-06-07T00:27:00,5,10,0,15
2024-06-07T00:42:14,5,10,0,15
2024-06-07T00:57:29,5,10,0,15
2024-06-07T01:12:44,5,10,0,15
2024-06-07T01:27:59,5,10,0,15
2024-06-07T01:43:26,5,10,0,15
2024-06-07T01:58:42,5,10,0,15
2024-06-07T02:13:59,5,10,0,15
2024-06-07T02:29:15,5,10,0,15
2024-06-07T02:44:29,5,10,0,15
2024-06-07T02:59:43,5,10,0,15
2024-06-07T03:14:55,5,10,0,15
2024-06-07T03:30:07,5,10,0,15
2024-06-07T03:45:19,5,10,0,15
2024-06-07T04:00:40,5,10,0,15
2024-06-07T04:27:32,5,10,0,15
2024-06-07T04:44:06,5,10,0,15
2024-06-07T04:59:38,5,10,0,15
2024-06-07T05:14:58,5,10,0,15
2024-06-07T05:30:12,5,10,0,15
2024-06-07T05:45:27,5,10,0,15
2024-06-07T06:00:41,5,10,0,15
2024-06-07T06:15:56,5,10,0,15
2024-06-07T06:31:13,5,10,0,15
2024-06-07T06:46:27,5,10,0,15
2024-06-07T07:01:57,5,10,0,15
2024-06-07T07:17:12,5,10,0,15
2024-06-07T07:32:25,5,10,0,15
2024-06-07T07:47:38,5,10,0,15
2024-06-07T08:02:51,5,10,0,15
2024-06-07T08:18:13,5,10,0,15
2024-06-07T08:33:26,5,10,0,15
2024-06-07T08:48:40,5,10,0,15
2024-06-07T09:03:53,5,10,0,15
2024-06-07T09:19:05,5,10,0,15
2024-06-07T09:34:18,5,10,0,15
2024-06-07T09:49:29,5,10,0,15
2024-06-07T10:04:51,5,10,0,15
2024-06-07T10:20:04,5,10,0,15
2024-06-07T10:35:17,5,10,0,15
2024-06-07T10:50:30,5,10,0,15
2024-06-07T11:05:45,5,10,0,15
2024-06-07T11:21:13,5,10,0,15
2024-06-07T11:36:26,5,10,0,15
2024-06-07T11:51:38,5,10,0,15
2024-06-07T12:06:51,5,10,0,15
2024-06-07T12:22:03,5,10,0,15
2024-06-07T12:37:27,5,10,0,15
2024-06-07T12:52:39,5,10,0,15
2024-06-07T13:07:52,5,10,0,15
2024-06-07T13:23:04,5,10,0,15
2024-06-07T13:38:15,5,10,0,15
2024-06-07T13:53:26,5,10,0,15
2024-06-07T14:08:48,5,10,0,15
2024-06-07T14:23:59,5,10,0,15
2024-06-07T14:39:10,5,10,0,15
2024-06-07T14:54:21,5,10,0,15
2024-06-07T15:09:33,5,10,0,15
2024-06-07T15:24:56,5,10,0,15
2024-06-07T15:40:09,5,10,0,15
2024-06-07T15:55:20,5,10,0,15
2024-06-07T16:10:32,5,10,0,15
2024-06-07T16:25:54,5,10,0,15
2024-06-07T16:41:06,5,10,0,15
2024-06-07T16:56:19,5,10,0,15
2024-06-07T17:11:32,5,10,0,15
2024-06-07T17:26:45,5,10,0,15
2024-06-07T17:41:56,5,10,0,15
2024-06-07T17:57:09,5,10,0,15
2024-06-07T18:12:31,5,10,0,15
2024-06-07T18:27:44,5,10,0,15
2024-06-07T18:42:56,5,10,0,15
2024-06-07T18:58:09,5,10,0,15
2024-06-07T19:13:23,5,10,0,15
2024-06-07T19:28:35,5,10,0,15
2024-06-07T19:43:46,5,10,0,15
2024-06-07T19:58:59,5,10,0,15
2024-06-07T20:14:22,5,10,0,15
2024-06-07T20:29:34,5,10,0,15
2024-06-07T20:44:46,5,10,0,15
2024-06-07T20:59:58,5,10,0,15
2024-06-07T21:15:10,5,10,0,15
2024-06-07T21:30:25,5,10,0,15
2024-06-07T21:45:38,5,10,0,15
2024-06-07T22:00:52,5,10,0,15
2024-06-07T22:16:04,5,10,0,15
2024-06-07T22:31:24,5,10,0,15
2024-06-07T22:46:37,5,10,0,15
2024-06-07T23:01:49,5,10,0,15
2024-06-07T23:17:03,5,10,0,15
2024-06-07T23:32:15,5,10,0,15
2024-06-07T23:47:28,5,10,0,15
2024-06-08T00:02:46,5,10,0,15
2024-06-08T00:18:08,5,10,0,15
2024-06-08T00:33:24,5,10,0,15
2024-06-08T00:48:54,5,10,0,15
2024-06-08T01:04:12,5,10,0,15
2024-06-08T01:19:30,5,10,0,15
2024-06-08T01:34:47,5,10,0,15
2024-06-08T01:50:06,5,10,0,15
2024-06-08T02:05:22,5,10,0,15
2024-06-08T02:20:38,5,10,0,15
2024-06-08T02:35:52,5,10,0,15
2024-06-08T02:51:05,5,10,0,15
2024-06-08T03:06:18,5,10,0,15
2024-06-08T03:21:33,5,10,0,15
2024-06-08T03:36:48,5,10,0,15
2024-06-08T03:52:02,5,10,0,15
2024-06-08T04:36:14,5,10,0,15
2024-06-08T04:53:12,5,10,0,15
2024-06-08T05:08:52,5,10,0,15
2024-06-08T05:24:08,5,10,0,15
2024-06-08T05:39:24,5,10,0,15
2024-06-08T05:54:40,5,10,0,15
2024-06-08T06:10:00,5,10,0,15
2024-06-08T06:25:16,5,10,0,15
2024-06-08T06:40:32,5,10,0,15
2024-06-08T06:55:47,5,10,0,15
2024-06-08T07:11:07,5,10,0,15
2024-06-08T07:26:24,5,10,0,15
2024-06-08T07:41:39,5,10,0,15
2024-06-08T07:56:54,5,10,0,15
2024-06-08T08:12:17,5,10,0,15
2024-06-08T08:27:34,5,10,0,15
2024-06-08T08:42:50,5,10,0,15
2024-06-08T08:58:06,5,10,0,15
2024-06-08T09:13:22,5,10,0,15
2024-06-08T09:28:39,5,10,0,15
2024-06-08T09:43:55,5,10,0,15
2024-06-08T09:59:10,5,10,0,15
2024-06-08T10:14:27,5,10,0,15
2024-06-08T10:29:43,5,10,0,15
2024-06-08T10:44:57,5,10,0,15
2024-06-08T11:00:23,5,10,0,15
2024-06-08T11:15:38,5,10,0,15
2024-06-08T11:30:52,5,10,0,15
2024-06-08T11:46:07,5,10,0,15
2024-06-08T12:01:21,5,10,0,15
2024-06-08T12:16:36,5,10,0,15
2024-06-08T12:32:01,5,10,0,15
2024-06-08T12:47:15,5,10,0,15
2024-06-08T13:02:30,5,10,0,15
2024-06-08T13:17:44,5,10,0,15
2024-06-08T13:32:57,5,10,0,15
2024-06-08T13:48:10,5,10,0,15
2024-06-08T14:03:23,5,10,0,15
2024-06-08T14:18:35,5,10,0,15
2024-06-08T14:33:48,5,10,0,15
2024-06-08T14:49:11,5,10,0,15
2024-06-08T15:04:23,5,10,0,15
2024-06-08T15:19:36,5,10,0,15
2024-06-08T15:34:50,5,10,0,15
2024-06-08T15:50:02,5,10,0,15
2024-06-08T16:05:15,5,10,0,15
2024-06-08T16:20:37,5,10,0,15
2024-06-08T16:35:49,5,10,0,15
2024-06-08T16:51:01,5,10,0,15
2024-06-08T17:06:14,5,10,0,15
2024-06-08T17:21:28,5,10,0,15
2024-06-08T17:36:41,5,10,0,15
2024-06-08T17:51:53,5,10,0,15
2024-06-08T18:07:06,5,10,0,15
2024-06-08T18:22:18,5,10,0,15
2024-06-08T18:37:33,5,10,0,15
2024-06-08T18:52:55,5,10,0,15
2024-06-08T19:08:08,5,10,0,15
2024-06-08T19:23:21,5,10,0,15
2024-06-08T19:38:34,5,10,0,15
2024-06-08T19:53:46,5,10,0,15
2024-06-08T20:08:59,5,10,0,15
2024-06-08T20:24:12,5,10,0,15
2024-06-08T20:39:24,5,10,0,15
2024-06-08T20:54:37,5,10,0,15
2024-06-08T21:09:49,5,10,0,15
2024-06-08T21:25:14,5,10,0,15
2024-06-08T21:40:26,5,10,0,15
2024-06-08T21:55:40,5,10,0,15
2024-06-08T22:10:54,5,10,0,15
2024-06-08T22:26:08,5,10,0,15
2024-06-08T22:41:20,5,10,0,15
2024-06-08T22:56:33,5,10,0,15
2024-06-08T23:11:48,5,10,0,15
2024-06-08T23:27:01,5,10,0,15
2024-06-08T23:42:13,5,10,0,15
2024-06-08T23:57:33,5,10,0,15
2024-06-09T00:12:46,5,10,0,15
2024-06-09T00:28:01,5,10,0,15
2024-06-09T00:43:16,5,10,0,15
2024-06-09T00:58:31,5,10,0,15
2024-06-09T01:13:46,5,10,0,15
2024-06-09T01:29:00,5,10,0,15
2024-06-09T01:44:13,5,10,0,15
2024-06-09T01:59:28,5,10,0,15
2024-06-09T02:14:43,5,10,0,15
2024-06-09T02:29:58,5,10,0,15
2024-06-09T02:45:22,5,10,0,15
2024-06-09T03:01:00,5,10,0,15
2024-06-09T03:16:24,5,10,0,15
2024-06-09T03:31:47,5,10,0,15
2024-06-09T03:47:10,5,10,0,15
2024-06-09T04:03:21,5,10,0,15
2024-06-09T04:27:03,5,10,0,15
2024-06-09T04:44:22,5,10,0,15
2024-06-09T04:59:41,5,10,0,15
2024-06-09T05:15:07,5,10,0,15
2024-06-09T05:30:24,5,10,0,15
2024-06-09T05:45:45,5,10,0,15
2024-06-09T06:01:05,5,10,0,15
2024-06-09T06:16:28,5,10,0,15
2024-06-09T06:31:48,5,10,0,15
2024-06-09T06:47:04,5,10,0,15
2024-06-09T07:02:25,5,10,0,15
2024-06-09T07:17:44,5,10,0,15
2024-06-09T07:33:03,5,10,0,15
2024-06-09T07:48:20,5,10,0,15
2024-06-09T08:03:35,5,10,0,15
2024-06-09T08:18:51,5,10,0,15
2024-06-09T08:34:09,5,10,0,15
2024-06-09T08:49:25,5,10,0,15
2024-06-09T09:04:44,5,10,0,15
2024-06-09T09:20:02,5,10,0,15
2024-06-09T09:35:28,5,10,0,15
2024-06-09T09:50:47,5,10,0,15
2024-06-09T10:06:03,5,10,0,15
2024-06-09T10:21:18,5,10,0,15
2024-06-09T10:36:34,5,10,0,15
2024-06-09T10:51:48,5,10,0,15
2024-06-09T11:07:02,5,10,0,15
2024-06-09T11:22:15,5,10,0,15
2024-06-09T11:37:27,5,10,0,15
2024-06-09T11:52:40,5,10,0,15
2024-06-09T12:07:55,5,10,0,15
2024-06-09T12:23:08,5,10,0,15
2024-06-09T12:38:30,5,10,0,15
2024-06-09T12:53:43,5,10,0,15
2024-06-09T13:08:57,5,10,0,15
2024-06-09T13:24:09,5,10,0,15
2024-06-09T13:39:21,5,10,0,15
2024-06-09T13:54:33,5,10,0,15
2024-06-09T14:09:46,5,10,0,15
2024-06-09T14:24:58,5,10,0,15
2024-06-09T14:40:10,5,10,0,15
2024-06-09T14:55:38,5,10,0,15
2024-06-09T15:10:51,5,10,0,15
2024-06-09T15:26:03,5,10,0,15
2024-06-09T15:41:15,5,10,0,15
2024-06-09T15:56:27,5,10,0,15
2024-06-09T16:11:42,5,10,0,15
2024-06-09T16:26:56,5,10,0,15
2024-06-09T16:42:18,5,10,0,15
2024-06-09T16:57:31,5,10,0,15
2024-06-09T17:12:44,5,10,0,15
2024-06-09T17:27:57,5,10,0,15
2024-06-09T17:43:09,5,10,0,15
2024-06-09T17:58:21,5,10,0,15
2024-06-09T18:13:35,5,10,0,15
2024-06-09T18:28:48,5,10,0,15
2024-06-09T18:44:00,5,10,0,15
2024-06-09T18:59:26,5,10,0,15
2024-06-09T19:14:41,5,10,0,15
2024-06-09T19:29:54,5,10,0,15
2024-06-09T19:45:07,5,10,0,15
2024-06-09T20:00:19,5,10,0,15
2024-06-09T20:15:33,5,10,0,15
2024-06-09T20:30:45,5,10,0,15
2024-06-09T20:45:58,5,10,0,15
2024-06-09T21:01:11,5,10,0,15
2024-06-09T21:16:34,5,10,0,15
2024-06-09T21:31:47,5,10,0,15
2024-06-09T21:47:01,5,10,0,15
2024-06-09T22:02:14,5,10,0,15
2024-06-09T22:17:27,5,10,0,15
2024-06-09T22:32:41,5,10,0,15
2024-06-09T22:47:53,5,10,0,15
2024-06-09T23:03:20,5,10,0,15
2024-06-09T23:18:33,5,10,0,15
2024-06-09T23:33:47,5,10,0,15
2024-06-09T23:48:59,5,10,0,15
2024-06-10T00:04:19,5,10,0,15
2024-06-10T00:19:34,5,10,0,15
2024-06-10T00:34:57,5,10,0,15
2024-06-10T00:50:58,5,10,0,15
2024-06-10T01:06:33,5,10,0,15
2024-06-10T01:21:58,5,10,0,15
2024-06-10T01:37:24,5,10,0,15
2024-06-10T01:52:42,5,10,0,15
2024-06-10T02:07:59,5,10,0,15
2024-06-10T02:23:16,5,10,0,15
2024-06-10T02:39:13,5,10,0,15
2024-06-10T02:54:41,5,10,0,15
2024-06-10T03:09:58,5,10,0,15
2024-06-10T03:25:17,5,10,0,15
2024-06-10T03:40:34,5,10,0,15
2024-06-10T03:55:51,5,10,0,15
2024-06-10T04:26:16,5,10,0,15
2024-06-10T04:43:26,5,10,0,15
2024-06-10T04:58:45,5,10,0,15
2024-06-10T05:14:03,5,10,0,15
2024-06-10T05:29:19,5,10,0,15
2024-06-10T05:44:36,5,10,0,15
2024-06-10T05:59:52,5,10,0,15
2024-06-10T06:15:11,5,10,0,15
2024-06-10T06:30:27,5,10,0,15
2024-06-10T06:45:45,5,10,0,15
2024-06-10T07:01:05,5,10,0,15
2024-06-10T07:16:23,5,10,0,15
2024-06-10T07:31:38,5,10,0,15
2024-06-10T07:46:52,5,10,0,15
2024-06-10T08:02:05,5,10,0,15
2024-06-10T08:17:30,5,10,0,15
2024-06-10T08:32:44,5,10,0,15
2024-06-10T08:47:58,5,10,0,15
2024-06-10T09:03:14,5,10,0,15
2024-06-10T09:18:28,5,10,0,15
2024-06-10T09:33:42,5,10,0,15
2024-06-10T09:48:57,5,10,0,15
2024-06-10T10:04:12,5,10,0,15
2024-06-10T10:19:26,5,10,0,15
2024-06-10T10:34:50,5,10,0,15
2024-06-10T10:50:05,5,10,0,15
2024-06-10T11:05:20,5,10,0,15
2024-06-10T11:20:35,5,10,0,15
2024-06-10T11:35:49,5,10,0,15
2024-06-10T11:51:05,5,10,0,15
2024-06-10T12:06:18,5,10,0,15
2024-06-10T12:21:46,5,10,0,15
2024-06-10T12:37:05,5,10,0,15
2024-06-10T12:52:29,5,10,0,15
2024-06-10T13:07:42,5,10,0,15
2024-06-10T13:22:55,5,10,0,15
2024-06-10T13:38:21,5,10,0,15
2024-06-10T13:53:35,5,10,0,15
2024-06-10T14:08:50,5,10,0,15
2024-06-10T14:24:08,5,10,0,15
2024-06-10T14:39:24,5,10,0,15
2024-06-10T14:54:50,5,10,0,15
2024-06-10T15:10:04,5,10,0,15
2024-06-10T15:25:19,5,10,0,15
2024-06-10T15:40:35,5,10,0,15
2024-06-10T15:56:01,5,10,0,15
2024-06-10T16:11:17,5,10,0,15
2024-06-10T16:26:34,5,10,0,15
2024-06-10T16:41:50,5,10,0,15
2024-06-10T16:57:04,5,10,0,15
2024-06-10T17:12:19,5,10,0,15
2024-06-10T17:27:43,5,10,0,15
2024-06-10T17:42:56,5,10,0,15
2024-06-10T17:58:08,5,10,0,15
2024-06-10T18:13:22,5,10,0,15
2024-06-10T18:28:37,5,10,0,15
2024-06-10T18:44:02,5,10,0,15
2024-06-10T18:59:15,5,10,0,15
2024-06-10T19:14:29,5,10,0,15
2024-06-10T19:29:41,5,10,0,15
2024-06-10T19:44:54,5,10,0,15
2024-06-10T20:00:07,5,10,0,15
2024-06-10T20:15:23,5,10,0,15
2024-06-10T20:30:47,5,10,0,15
2024-06-10T20:46:00,5,10,0,15
2024-06-10T21:01:13,5,10,0,15
2024-06-10T21:16:27,5,10,0,15
2024-06-10T21:31:40,5,10,0,15
2024-06-10T21:46:54,5,10,0,15
2024-06-10T22:02:09,5,10,0,15
2024-06-10T22:17:24,5,10,0,15
2024-06-10T22:32:50,5,10,0,15
2024-06-10T22:48:03,5,10,0,15
2024-06-10T23:03:16,5,10,0,15
2024-06-10T23:18:30,5,10,0,15
2024-06-10T23:33:44,5,10,0,15
2024-06-10T23:48:58,5,10,0,15
2024-06-11T00:04:13,5,10,0,15
2024-06-11T00:19:30,5,10,0,15
2024-06-11T00:34:59,5,10,0,15
2024-06-11T00:50:19,5,10,0,15
2024-06-11T01:05:37,5,10,0,15
2024-06-11T01:20:56,5,10,0,15
2024-06-11T01:36:15,5,10,0,15
2024-06-11T01:51:37,5,10,0,15
2024-06-11T02:06:58,5,10,0,15
2024-06-11T02:22:15,5,10,0,15
2024-06-11T02:37:32,5,10,0,15
2024-06-11T02:52:47,5,10,0,15
2024-06-11T03:08:09,5,10,0,15
2024-06-11T03:23:26,5,10,0,15
2024-06-11T03:38:44,5,10,0,15
2024-06-11T03:54:00,5,10,0,15
2024-06-11T04:09:28,5,10,0,15
2024-06-11T04:31:50,5,10,0,15
2024-06-11T04:47:37,5,10,0,15
2024-06-11T05:02:55,5,10,0,15
2024-06-11T05:18:14,5,10,0,15
2024-06-11T05:33:34,5,10,0,15
2024-06-11T05:48:52,5,10,0,15
2024-06-11T06:04:09,5,10,0,15
2024-06-11T06:19:25,5,10,0,15
2024-06-11T06:34:40,5,10,0,15
2024-06-11T06:49:56,5,10,0,15
2024-06-11T07:05:13,5,10,0,15
2024-06-11T07:20:29,5,10,0,15
2024-06-11T07:35:44,5,10,0,15
2024-06-11T07:50:58,5,10,0,15
2024-06-11T08:06:24,5,10,0,15
2024-06-11T08:21:38,5,10,0,15
2024-06-11T08:36:55,5,10,0,15
2024-06-11T08:52:10,5,10,0,15
2024-06-11T09:07:24,5,10,0,15
2024-06-11T09:22:39,5,10,0,15
2024-06-11T09:37:55,5,10,0,15
2024-06-11T09:53:11,5,10,0,15
2024-06-11T10:08:26,5,10,0,15
2024-06-11T10:23:41,5,10,0,15
2024-06-11T10:38:55,5,10,0,15
2024-06-11T10:54:20,5,10,0,15
2024-06-11T11:09:35,5,10,0,15
2024-06-11T11:24:49,5,10,0,15
2024-06-11T11:40:03,5,10,0,15
2024-06-11T11:55:17,5,10,0,15
2024-06-11T12:10:30,5,10,0,15
2024-06-11T12:25:54,5,10,0,15
2024-06-11T12:41:07,5,10,0,15
2024-06-11T12:56:20,5,10,0,15
2024-06-11T13:11:33,5,10,0,15
2024-06-11T13:26:46,5,10,0,15
2024-06-11T13:41:59,5,10,0,15
2024-06-11T13:57:13,5,10,0,15
2024-06-11T14:12:38,5,10,0,15
2024-06-11T14:27:51,5,10,0,15
2024-06-11T14:43:05,5,10,0,15
2024-06-11T14:58:18,5,10,0,15
2024-06-11T15:13:32,5,10,0,15
2024-06-11T15:28:56,5,10,0,15
2024-06-11T15:44:09,5,10,0,15
2024-06-11T15:59:23,5,10,0,15
2024-06-11T16:14:37,5,10,0,15
2024-06-11T16:29:50,5,10,0,15
2024-06-11T16:45:05,5,10,0,15
2024-06-11T17:00:28,5,10,0,15
2024-06-11T17:15:42,5,10,0,15
2024-06-11T17:30:55,5,10,0,15
2024-06-11T17:46:09,5,10,0,15
2024-06-11T18:01:24,5,10,0,15
2024-06-11T18:16:39,5,10,0,15
2024-06-11T18:32:01,5,10,0,15
2024-06-11T18:47:14,5,10,0,15
2024-06-11T19:02:28,5,10,0,15
2024-06-11T19:17:41,5,10,0,15
2024-06-11T19:32:54,5,10,0,15
2024-06-11T19:48:07,5,10,0,15
2024-06-11T20:03:21,5,10,0,15
2024-06-11T20:18:44,5,10,0,15
2024-06-11T20:33:57,5,10,0,15
2024-06-11T20:49:09,5,10,0,15
2024-06-11T21:04:22,5,10,0,15
2024-06-11T21:19:38,5,10,0,15
2024-06-11T21:34:54,5,10,0,15
2024-06-11T21:50:17,5,10,0,15
2024-06-11T22:05:30,5,10,0,15
2024-06-11T22:20:43,5,10,0,15
2024-06-11T22:35:57,5,10,0,15
2024-06-11T22:51:12,5,10,0,15
2024-06-11T23:06:27,5,10,0,15
2024-06-11T23:21:50,5,10,0,15
2024-06-11T23:37:03,5,10,0,15
2024-06-11T23:52:16,5,10,0,15
2024-06-12T00:07:30,5,10,0,15
2024-06-12T00:22:46,5,10,0,15
2024-06-12T00:38:02,5,10,0,15
2024-06-12T00:53:20,5,10,0,15
2024-06-12T01:08:49,5,10,0,15
2024-06-12T01:24:06,5,10,0,15
2024-06-12T01:39:23,5,10,0,15
2024-06-12T01:54:45,5,10,0,15
2024-06-12T02:10:04,5,10,0,15
2024-06-12T02:25:22,5,10,0,15
2024-06-12T02:40:39,5,10,0,15
2024-06-12T02:55:55,5,10,0,15
2024-06-12T03:11:11,5,10,0,15
2024-06-12T03:26:25,5,10,0,15
2024-06-12T03:41:40,5,10,0,15
2024-06-12T03:57:03,5,10,0,15
2024-06-12T04:25:03,5,10,0,15
2024-06-12T04:41:46,5,10,0,15
2024-06-12T04:57:23,5,10,0,15
2024-06-12T05:12:45,5,10,0,15
2024-06-12T05:28:02,5,10,0,15
2024-06-12T05:43:19,5,10,0,15
2024-06-12T05:58:37,5,10,0,15
2024-06-12T06:13:55,5,10,0,15
2024-06-12T06:29:15,5,10,0,15
2024-06-12T06:44:32,5,10,0,15
2024-06-12T06:59:49,5,10,0,15
2024-06-12T07:15:20,5,10,0,15
2024-06-12T07:30:39,5,10,0,15
2024-06-12T07:45:54,5,10,0,15
2024-06-12T08:01:09,5,10,0,15
2024-06-12T08:16:37,5,10,0,15
2024-06-12T08:31:53,5,10,0,15
2024-06-12T08:47:16,5,10,0,15
2024-06-12T09:02:32,5,10,0,15
2024-06-12T09:17:48,5,10,0,15
2024-06-12T09:33:03,5,10,0,15
2024-06-12T09:48:20,5,10,0,15
2024-06-12T10:03:34,5,10,0,15
2024-06-12T10:18:58,5,10,0,15
2024-06-12T10:34:13,5,10,0,15
2024-06-12T10:49:28,5,10,0,15
2024-06-12T11:04:43,5,10,0,15
2024-06-12T11:19:58,5,10,0,15
2024-06-12T11:35:23,5,10,0,15
2024-06-12T11:50:37,5,10,0,15
2024-06-12T12:05:51,5,10,0,15
2024-06-12T12:21:10,5,10,0,15
2024-06-12T12:36:28,5,10,0,15
2024-06-12T12:51:46,5,10,0,15
2024-06-12T13:07:17,5,10,0,15
2024-06-12T13:22:38,5,10,0,15
2024-06-12T13:37:59,5,10,0,15
2024-06-12T13:53:21,5,10,0,15
2024-06-12T14:08:41,5,10,0,15
2024-06-12T14:24:03,5,10,0,15
2024-06-12T14:39:33,5,10,0,15
2024-06-12T14:54:54,5,10,0,15
2024-06-12T15:10:16,5,10,0,15
2024-06-12T15:25:45,5,10,0,15
2024-06-12T15:41:27,5,10,0,15
2024-06-12T15:56:59,5,10,0,15
2024-06-12T16:12:32,5,10,0,15
2024-06-12T16:28:08,5,10,0,15
2024-06-12T16:43:52,5,10,0,15
2024-06-12T16:59:28,5,10,0,15
2024-06-12T17:15:04,5,10,0,15
2024-06-12T17:30:38,5,10,0,15
2024-06-12T17:46:12,5,10,0,15
2024-06-12T18:01:46,5,10,0,15
2024-06-12T18:17:30,5,10,0,15
2024-06-12T18:33:05,5,10,0,15
2024-06-12T18:48:40,5,10,0,15
2024-06-12T19:04:15,5,10,0,15
2024-06-12T19:19:50,5,10,0,15
2024-06-12T19:35:25,5,10,0,15
2024-06-12T19:51:09,5,10,0,15
2024-06-12T20:06:44,5,10,0,15
2024-06-12T20:22:17,5,10,0,15
2024-06-12T20:37:51,5,10,0,15
2024-06-12T20:53:26,5,10,0,15
2024-06-12T21:09:00,5,10,0,15
2024-06-12T21:24:46,5,10,0,15
2024-06-12T21:40:23,5,10,0,15
2024-06-12T21:55:58,5,10,0,15
2024-06-12T22:11:32,5,10,0,15
2024-06-12T22:27:06,5,10,0,15
2024-06-12T22:42:40,5,10,0,15
2024-06-12T22:58:16,5,10,0,15
2024-06-12T23:14:01,5,10,0,15
2024-06-12T23:29:36,5,10,0,15
2024-06-12T23:45:11,5,10,0,15
2024-06-13T00:00:47,5,10,0,15
2024-06-13T00:16:23,5,10,0,15
2024-06-13T00:31:59,5,10,0,15
2024-06-13T00:47:43,5,10,0,15
2024-06-13T01:03:23,5,10,0,15
2024-06-13T01:19:13,5,10,0,15
2024-06-13T01:34:53,5,10,0,15
2024-06-13T01:50:33,5,10,0,15
2024-06-13T02:06:23,5,10,0,15
2024-06-13T02:22:01,5,10,0,15
2024-06-13T02:37:38,5,10,0,15
2024-06-13T02:53:16,5,10,0,15
2024-06-13T03:08:53,5,10,0,15
2024-06-13T03:24:29,5,10,0,15
2024-06-13T03:40:05,5,10,0,15
2024-06-13T03:55:49,5,10,0,15
2024-06-13T04:26:33,5,10,0,15
2024-06-13T04:43:45,5,10,0,15
2024-06-13T04:59:31,5,10,0,15
2024-06-13T05:15:36,5,10,0,15
2024-06-13T05:31:14,5,10,0,15
2024-06-13T05:46:52,5,10,0,15
2024-06-13T06:02:31,5,10,0,15
2024-06-13T06:18:10,5,10,0,15
2024-06-13T06:33:49,5,10,0,15
2024-06-13T06:49:26,5,10,0,15
2024-06-13T07:05:06,5,10,0,15
2024-06-13T07:20:53,5,10,0,15
2024-06-13T07:36:29,5,10,0,15
2024-06-13T07:52:05,5,10,0,15
2024-06-13T08:07:42,5,10,0,15
2024-06-13T08:23:19,5,10,0,15
2024-06-13T08:38:56,5,10,0,15
2024-06-13T08:54:33,5,10,0,15
2024-06-13T09:10:09,5,10,0,15
2024-06-13T09:25:46,5,10,0,15
2024-06-13T09:41:23,5,10,0,15
2024-06-13T09:57:16,5,10,0,15
2024-06-13T10:12:58,5,10,0,15
2024-06-13T10:28:36,5,10,0,15
2024-06-13T10:44:13,5,10,0,15
2024-06-13T10:59:51,5,10,0,15
2024-06-13T11:15:27,5,10,0,15
2024-06-13T11:31:14,5,10,0,15
2024-06-13T11:46:50,5,10,0,15
2024-06-13T12:02:26,5,10,0,15
2024-06-13T12:18:01,5,10,0,15
2024-06-13T12:33:46,5,10,0,15
2024-06-13T12:49:21,5,10,0,15
2024-06-13T13:04:56,5,10,0,15
2024-06-13T13:20:31,5,10,0,15
2024-06-13T13:36:05,5,10,0,15
2024-06-13T13:51:46,5,10,0,15
2024-06-13T14:07:30,5,10,0,15
2024-06-13T14:23:04,5,10,0,15
2024-06-13T14:38:39,5,10,0,15
2024-06-13T14:54:13,5,10,0,15
2024-06-13T15:09:47,5,10,0,15
2024-06-13T15:25:25,5,10,0,15
2024-06-13T15:41:15,5,10,0,15
2024-06-13T15:56:50,5,10,0,15
2024-06-13T16:12:25,5,10,0,15
2024-06-13T16:28:00,5,10,0,15
2024-06-13T16:43:34,5,10,0,15
2024-06-13T16:59:09,5,10,0,15
2024-06-13T17:14:55,5,10,0,15
2024-06-13T17:30:29,5,10,0,15
2024-06-13T17:46:04,5,10,0,15
2024-06-13T18:01:39,5,10,0,15
2024-06-13T18:17:14,5,10,0,15
2024-06-13T18:32:48,5,10,0,15
2024-06-13T18:48:34,5,10,0,15
2024-06-13T19:04:09,5,10,0,15
2024-06-13T19:19:45,5,10,0,15
2024-06-13T19:35:20,5,10,0,15
2024-06-13T19:50:56,5,10,0,15
2024-06-13T20:06:31,5,10,0,15
2024-06-13T20:22:06,5,10,0,15
2024-06-13T20:37:52,5,10,0,15
2024-06-13T20:53:28,5,10,0,15
2024-06-13T21:09:02,5,10,0,15
2024-06-13T21:24:40,5,10,0,15
2024-06-13T21:40:15,5,10,0,15
2024-06-13T21:55:52,5,10,0,15
2024-06-13T22:11:27,5,10,0,15
2024-06-13T22:27:31,5,10,0,15
2024-06-13T22:43:18,5,10,0,15
2024-06-13T22:58:53,5,10,0,15
2024-06-13T23:14:29,5,10,0,15
2024-06-13T23:30:05,5,10,0,15
2024-06-13T23:45:40,5,10,0,15
2024-06-14T00:01:16,5,10,0,15
2024-06-14T00:16:55,5,10,0,15
2024-06-14T00:32:33,5,10,0,15
2024-06-14T00:48:26,5,10,0,15
2024-06-14T01:04:06,5,10,0,15
2024-06-14T01:19:46,5,10,0,15
2024-06-14T01:35:25,5,10,0,15
2024-06-14T01:51:07,5,10,0,15
2024-06-14T02:06:48,5,10,0,15
2024-06-14T02:22:29,5,10,0,15
2024-06-14T02:38:10,5,10,0,15
2024-06-14T02:53:54,5,10,0,15
2024-06-14T03:09:37,5,10,0,15
2024-06-14T03:25:40,5,10,0,15
2024-06-14T03:41:20,5,10,0,15
2024-06-14T03:56:59,5,10,0,15
2024-06-14T04:30:36,5,10,0,15
2024-06-14T04:47:50,5,10,0,15
2024-06-14T05:03:30,5,10,0,15
2024-06-14T05:19:09,5,10,0,15
2024-06-14T05:34:45,5,10,0,15
2024-06-14T05:50:22,5,10,0,15
2024-06-14T06:05:58,5,10,0,15
2024-06-14T06:21:34,5,10,0,15
2024-06-14T06:37:09,5,10,0,15
2024-06-14T06:52:42,5,10,0,15
2024-06-14T07:08:15,5,10,0,15
2024-06-14T07:23:48,5,10,0,15
2024-06-14T07:39:19,5,10,0,15
2024-06-14T07:54:50,5,10,0,15
2024-06-14T08:10:23,5,10,0,15
2024-06-14T08:25:55,5,10,0,15
2024-06-14T08:41:27,5,10,0,15
2024-06-14T08:57:09,5,10,0,15
2024-06-14T09:12:39,5,10,0,15
2024-06-14T09:28:09,5,10,0,15
2024-06-14T09:43:42,5,10,0,15
2024-06-14T09:59:14,5,10,0,15
2024-06-14T10:14:44,5,10,0,15
2024-06-14T10:30:14,5,10,0,15
2024-06-14T10:45:55,5,10,0,15
2024-06-14T11:01:29,5,10,0,15
2024-06-14T11:17:01,5,10,0,15
2024-06-14T11:32:32,5,10,0,15
2024-06-14T11:48:03,5,10,0,15
2024-06-14T12:03:37,5,10,0,15
2024-06-14T12:19:23,5,10,0,15
2024-06-14T12:34:55,5,10,0,15
2024-06-14T12:50:25,5,10,0,15
2024-06-14T13:05:59,5,10,0,15
2024-06-14T13:21:32,5,10,0,15
2024-06-14T13:37:13,5,10,0,15
2024-06-14T13:52:44,5,10,0,15
2024-06-14T14:08:15,5,10,0,15
2024-06-14T14:23:46,5,10,0,15
2024-06-14T14:39:18,5,10,0,15
2024-06-14T14:54:59,5,10,0,15
2024-06-14T15:10:31,5,10,0,15
2024-06-14T15:26:02,5,10,0,15
2024-06-14T15:41:33,5,10,0,15
2024-06-14T15:57:06,5,10,0,15
2024-06-14T16:12:48,5,10,0,15
2024-06-14T16:28:18,5,10,0,15
2024-06-14T16:43:49,5,10,0,15
2024-06-14T16:59:21,5,10,0,15
2024-06-14T17:14:54,5,10,0,15
2024-06-14T17:30:25,5,10,0,15
2024-06-14T17:46:07,5,10,0,15
2024-06-14T18:01:37,5,10,0,15
2024-06-14T18:17:11,5,10,0,15
2024-06-14T18:32:42,5,10,0,15
2024-06-14T18:48:14,5,10,0,15
2024-06-14T19:03:45,5,10,0,15
2024-06-14T19:19:17,5,10,0,15
2024-06-14T19:35:00,5,10,0,15
2024-06-14T19:50:32,5,10,0,15
2024-06-14T20:06:04,5,10,0,15
2024-06-14T20:21:34,5,10,0,15
2024-06-14T20:37:06,5,10,0,15
2024-06-14T20:52:37,5,10,0,15
2024-06-14T21:08:07,5,10,0,15
2024-06-14T21:23:42,5,10,0,15
2024-06-14T21:39:25,5,10,0,15
2024-06-14T21:54:57,5,10,0,15
2024-06-14T22:10:29,5,10,0,15
2024-06-14T22:25:59,5,10,0,15
2024-06-14T22:41:32,5,10,0,15
2024-06-14T22:57:05,5,10,0,15
2024-06-14T23:12:38,5,10,0,15
2024-06-14T23:28:10,5,10,0,15
2024-06-14T23:43:53,5,10,0,15
2024-06-14T23:59:24,5,10,0,15
2024-06-15T00:14:58,5,10,0,15
2024-06-15T00:30:37,5,10,0,15
2024-06-15T00:46:14,5,10,0,15
2024-06-15T01:01:51,5,10,0,15
2024-06-15T01:17:26,5,10,0,15
2024-06-15T01:33:02,5,10,0,15
2024-06-15T01:48:50,5,10,0,15
2024-06-15T02:04:28,5,10,0,15
2024-06-15T02:20:03,5,10,0,15
2024-06-15T02:35:38,5,10,0,15
2024-06-15T02:51:13,5,10,0,15
2024-06-15T03:06:45,5,10,0,15
2024-06-15T03:22:18,5,10,0,15
2024-06-15T03:37:53,5,10,0,15
2024-06-15T03:53:29,5,10,0,15
2024-06-15T04:09:04,5,10,0,15
2024-06-15T04:29:08,5,10,0,15
2024-06-15T04:46:16,5,10,0,15
2024-06-15T05:01:51,5,10,0,15
2024-06-15T05:17:23,5,10,0,15
2024-06-15T05:33:07,5,10,0,15
2024-06-15T05:48:43,5,10,0,15
2024-06-15T06:04:19,5,10,0,15
2024-06-15T06:19:54,5,10,0,15
2024-06-15T06:35:27,5,10,0,15
2024-06-15T06:51:01,5,10,0,15
2024-06-15T07:06:37,5,10,0,15
2024-06-15T07:22:21,5,10,0,15
2024-06-15T07:37:55,5,10,0,15
2024-06-15T07:53:30,5,10,0,15
2024-06-15T08:09:08,5,10,0,15
2024-06-15T08:24:43,5,10,0,15
2024-06-15T08:40:18,5,10,0,15
2024-06-15T08:55:53,5,10,0,15
2024-06-15T09:11:33,5,10,0,15
2024-06-15T09:27:21,5,10,0,15
2024-06-15T09:43:06,5,10,0,15
2024-06-15T09:58:49,5,10,0,15
2024-06-15T10:14:27,5,10,0,15
2024-06-15T10:30:01,5,10,0,15
2024-06-15T10:45:37,5,10,0,15
2024-06-15T11:01:11,5,10,0,15
2024-06-15T11:16:48,5,10,0,15
2024-06-15T11:32:34,5,10,0,15
2024-06-15T11:48:13,5,10,0,15
2024-06-15T12:03:46,5,10,0,15
2024-06-15T12:19:19,5,10,0,15
2024-06-15T12:34:51,5,10,0,15
2024-06-15T12:50:24,5,10,0,15
2024-06-15T13:05:56,5,10,0,15
2024-06-15T13:21:39,5,10,0,15
2024-06-15T13:37:11,5,10,0,15
2024-06-15T13:52:44,5,10,0,15
2024-06-15T14:08:15,5,10,0,15
2024-06-15T14:23:46,5,10,0,15
2024-06-15T14:39:19,5,10,0,15
2024-06-15T14:54:51,5,10,0,15
2024-06-15T15:10:22,5,10,0,15
2024-06-15T15:26:03,5,10,0,15
2024-06-15T15:41:35,5,10,0,15
2024-06-15T15:57:07,5,10,0,15
2024-06-15T16:12:38,5,10,0,15
2024-06-15T16:28:09,5,10,0,15
2024-06-15T16:43:38,5,10,0,15
2024-06-15T16:59:20,5,10,0,15
2024-06-15T17:14:53,5,10,0,15
2024-06-15T17:30:25,5,10,0,15
2024-06-15T17:45:56,5,10,0,15
2024-06-15T18:01:29,5,10,0,15
2024-06-15T18:17:00,5,10,0,15
2024-06-15T18:32:32,5,10,0,15
2024-06-15T18:48:13,5,10,0,15
2024-06-15T19:03:44,5,10,0,15
2024-06-15T19:19:16,5,10,0,15
2024-06-15T19:34:46,5,10,0,15
2024-06-15T19:50:18,5,10,0,15
2024-06-15T20:05:50,5,10,0,15
2024-06-15T20:21:22,5,10,0,15
2024-06-15T20:36:53,5,10,0,15
2024-06-15T20:52:36,5,10,0,15
2024-06-15T21:08:08,5,10,0,15
2024-06-15T21:23:42,5,10,0,15
2024-06-15T21:39:14,5,10,0,15
2024-06-15T21:54:46,5,10,0,15
2024-06-15T22:10:18,5,10,0,15
2024-06-15T22:25:49,5,10,0,15
2024-06-15T22:41:20,5,10,0,15
2024-06-15T22:57:05,5,10,0,15
2024-06-15T23:12:37,5,10,0,15
2024-06-15T23:28:09,5,10,0,15
2024-06-15T23:43:39,5,10,0,15
2024-06-15T23:59:11,5,10,0,15
2024-06-16T00:14:43,5,10,0,15
2024-06-16T00:30:15,5,10,0,15
2024-06-16T00:50:55,5,10,0,15
2024-06-16T01:06:26,5,10,0,15
2024-06-16T01:21:57,5,10,0,15
2024-06-16T01:37:30,5,10,0,15
2024-06-16T01:53:03,5,10,0,15
2024-06-16T02:08:39,5,10,0,15
2024-06-16T02:24:16,5,10,0,15
2024-06-16T02:39:49,5,10,0,15
2024-06-16T02:55:22,5,10,0,15
2024-06-16T03:10:53,5,10,0,15
2024-06-16T03:26:24,5,10,0,15
2024-06-16T03:41:57,5,10,0,15
2024-06-16T03:57:37,5,10,0,15
2024-06-16T04:13:25,5,10,0,15
2024-06-16T04:37:47,5,10,0,15
2024-06-16T04:53:29,5,10,0,15
2024-06-16T05:09:17,5,10,0,15
2024-06-16T05:25:00,5,10,0,15
2024-06-16T05:40:38,5,10,0,15
2024-06-16T05:56:17,5,10,0,15
2024-06-16T06:11:57,5,10,0,15
2024-06-16T06:27:34,5,10,0,15
2024-06-16T06:43:10,5,10,0,15
2024-06-16T06:58:46,5,10,0,15
2024-06-16T07:14:26,5,10,0,15
2024-06-16T07:30:07,5,10,0,15
2024-06-16T07:45:44,5,10,0,15
2024-06-16T08:01:32,5,10,0,15
2024-06-16T08:17:06,5,10,0,15
2024-06-16T08:32:40,5,10,0,15
2024-06-16T08:48:16,5,10,0,15
2024-06-16T09:03:51,5,10,0,15
2024-06-16T09:19:25,5,10,0,15
2024-06-16T09:34:59,5,10,0,15
2024-06-16T09:50:34,5,10,0,15
2024-06-16T10:06:12,5,10,0,15
2024-06-16T10:21:48,5,10,0,15
2024-06-16T10:37:33,5,10,0,15
2024-06-16T10:53:12,5,10,0,15
2024-06-16T11:08:49,5,10,0,15
2024-06-16T11:24:23,5,10,0,15
2024-06-16T11:39:59,5,10,0,15
2024-06-16T11:55:32,5,10,0,15
2024-06-16T12:11:06,5,10,0,15
2024-06-16T12:26:48,5,10,0,15
2024-06-16T12:42:21,5,10,0,15
2024-06-16T12:57:51,5,10,0,15
2024-06-16T13:13:24,5,10,0,15
2024-06-16T13:29:06,5,10,0,15
2024-06-16T13:44:37,5,10,0,15
2024-06-16T14:00:07,5,10,0,15
2024-06-16T14:15:37,5,10,0,15
2024-06-16T14:31:07,5,10,0,15
2024-06-16T14:46:37,5,10,0,15
2024-06-16T15:02:08,5,10,0,15
2024-06-16T15:17:50,5,10,0,15
2024-06-16T15:33:21,5,10,0,15
2024-06-16T15:48:52,5,10,0,15
2024-06-16T16:04:23,5,10,0,15
2024-06-16T16:19:54,5,10,0,15
2024-06-16T16:35:25,5,10,0,15
2024-06-16T16:51:08,5,10,0,15
2024-06-16T17:06:39,5,10,0,15
2024-06-16T17:22:11,5,10,0,15
2024-06-16T17:37:40,5,10,0,15
2024-06-16T17:53:11,5,10,0,15
2024-06-16T18:08:41,5,10,0,15
2024-06-16T18:24:21,5,10,0,15
2024-06-16T18:39:52,5,10,0,15
2024-06-16T18:55:22,5,10,0,15
2024-06-16T19:10:54,5,10,0,15
2024-06-16T19:26:25,5,10,0,15
2024-06-16T19:41:57,5,10,0,15
2024-06-16T19:57:39,5,10,0,15
2024-06-16T20:13:11,5,10,0,15
2024-06-16T20:28:42,5,10,0,15
2024-06-16T20:44:13,5,10,0,15
2024-06-16T20:59:43,5,10,0,15
2024-06-16T21:15:15,5,10,0,15
2024-06-16T21:30:59,5,10,0,15
2024-06-16T21:46:30,5,10,0,15
2024-06-16T22:02:03,5,10,0,15
2024-06-16T22:17:34,5,10,0,15
2024-06-16T22:33:06,5,10,0,15
2024-06-16T22:48:38,5,10,0,15
2024-06-16T23:04:14,5,10,0,15
2024-06-16T23:19:58,5,10,0,15
2024-06-16T23:35:30,5,10,0,15
2024-06-16T23:51:02,5,10,0,15
2024-06-17T00:06:36,5,10,0,15
2024-06-17T00:22:15,5,10,0,15
2024-06-17T00:37:52,5,10,0,15
2024-06-17T00:53:29,5,10,0,15
2024-06-17T01:09:20,5,10,0,15
2024-06-17T01:24:58,5,10,0,15
2024-06-17T01:40:34,5,10,0,15
2024-06-17T01:56:10,5,10,0,15
2024-06-17T02:11:47,5,10,0,15
2024-06-17T02:27:25,5,10,0,15
2024-06-17T02:43:01,5,10,0,15
2024-06-17T02:58:34,5,10,0,15
2024-06-17T03:14:06,5,10,0,15
2024-06-17T03:29:41,5,10,0,15
2024-06-17T03:45:15,5,10,0,15
2024-06-17T04:00:48,5,10,0,15
2024-06-17T04:25:02,5,10,0,15
2024-06-17T04:42:20,5,10,0,15
2024-06-17T04:57:58,5,10,0,15
2024-06-17T05:13:36,5,10,0,15
2024-06-17T05:29:14,5,10,0,15
2024-06-17T05:44:50,5,10,0,15
2024-06-17T06:00:28,5,10,0,15
2024-06-17T06:16:05,5,10,0,15
2024-06-17T06:31:45,5,10,0,15
2024-06-17T06:47:23,5,10,0,15
2024-06-17T07:02:59,5,10,0,15
2024-06-17T07:18:39,5,10,0,15
2024-06-17T07:34:21,5,10,0,15
2024-06-17T07:49:53,5,10,0,15
2024-06-17T08:05:26,5,10,0,15
2024-06-17T08:20:57,5,10,0,15
2024-06-17T08:36:33,5,10,0,15
2024-06-17T08:52:05,5,10,0,15
2024-06-17T09:07:39,5,10,0,15
2024-06-17T09:23:24,5,10,0,15
2024-06-17T09:38:59,5,10,0,15
2024-06-17T09:54:30,5,10,0,15
2024-06-17T10:10:04,5,10,0,15
2024-06-17T10:25:35,5,10,0,15
2024-06-17T10:41:20,5,10,0,15
2024-06-17T10:56:53,5,10,0,15
2024-06-17T11:12:24,5,10,0,15
2024-06-17T11:27:59,5,10,0,15
2024-06-17T11:43:45,5,10,0,15
2024-06-17T11:59:20,5,10,0,15
2024-06-17T12:14:53,5,10,0,15
2024-06-17T12:30:35,5,10,0,15
2024-06-17T12:46:09,5,10,0,15
2024-06-17T13:01:42,5,10,0,15
2024-06-17T13:17:15,5,10,0,15
2024-06-17T13:32:58,5,10,0,15
2024-06-17T13:48:31,5,10,0,15
2024-06-17T14:04:01,5,10,0,15
2024-06-17T14:19:34,5,10,0,15
2024-06-17T14:35:18,5,10,0,15
2024-06-17T14:50:50,5,10,0,15
2024-06-17T15:06:21,5,10,0,15
2024-06-17T15:22:07,5,10,0,15
2024-06-17T15:37:39,5,10,0,15
2024-06-17T15:53:12,5,10,0,15
2024-06-17T16:08:57,5,10,0,15
2024-06-17T16:24:29,5,10,0,15
2024-06-17T16:40:01,5,10,0,15
2024-06-17T16:55:34,5,10,0,15
2024-06-17T17:11:20,5,10,0,15
2024-06-17T17:26:54,5,10,0,15
2024-06-17T17:42:26,5,10,0,15
2024-06-17T17:57:58,5,10,0,15
2024-06-17T18:13:29,5,10,0,15
2024-06-17T18:29:14,5,10,0,15
2024-06-17T18:44:45,5,10,0,15
2024-06-17T19:00:18,5,10,0,15
2024-06-17T19:15:55,5,10,0,15
2024-06-17T19:31:39,5,10,0,15
2024-06-17T19:47:12,5,10,0,15
2024-06-17T20:02:44,5,10,0,15
2024-06-17T20:18:15,5,10,0,15
2024-06-17T20:33:59,5,10,0,15
2024-06-17T20:49:32,5,10,0,15
2024-06-17T21:05:04,5,10,0,15
2024-06-17T21:20:38,5,10,0,15
2024-06-17T21:36:10,5,10,0,15
2024-06-17T21:52:00,5,10,0,15
2024-06-17T22:07:34,5,10,0,15
2024-06-17T22:23:07,5,10,0,15
2024-06-17T22:38:41,5,10,0,15
2024-06-17T22:54:14,5,10,0,15
2024-06-17T23:09:57,5,10,0,15
2024-06-17T23:25:30,5,10,0,15
2024-06-17T23:41:02,5,10,0,15
2024-06-17T23:56:34,5,10,0,15
2024-06-18T00:12:19,5,10,0,15
2024-06-18T00:27:56,5,10,0,15
2024-06-18T00:43:38,5,10,0,15
2024-06-18T00:59:15,5,10,0,15
2024-06-18T01:14:51,5,10,0,15
2024-06-18T01:30:27,5,10,0,15
2024-06-18T01:46:14,5,10,0,15
2024-06-18T02:01:53,5,10,0,15
2024-06-18T02:17:30,5,10,0,15
2024-06-18T02:33:08,5,10,0,15
2024-06-18T02:48:45,5,10,0,15
2024-06-18T03:04:22,5,10,0,15
2024-06-18T03:20:00,5,10,0,15
2024-06-18T03:35:38,5,10,0,15
2024-06-18T03:51:16,5,10,0,15
2024-06-18T04:07:58,5,10,0,15
2024-06-18T04:31:52,5,10,0,15
2024-06-18T04:47:32,5,10,0,15
2024-06-18T05:03:10,5,10,0,15
2024-06-18T05:18:54,5,10,0,15
2024-06-18T05:34:40,5,10,0,15
2024-06-18T05:50:22,5,10,0,15
2024-06-18T06:06:05,5,10,0,15
2024-06-18T06:21:44,5,10,0,15
2024-06-18T06:37:25,5,10,0,15
2024-06-18T06:53:15,5,10,0,15
2024-06-18T07:08:56,5,10,0,15
2024-06-18T07:24:37,5,10,0,15
2024-06-18T07:40:14,5,10,0,15
2024-06-18T07:55:51,5,10,0,15
2024-06-18T08:11:29,5,10,0,15
2024-06-18T08:27:08,5,10,0,15
2024-06-18T08:42:58,5,10,0,15
2024-06-18T08:58:37,5,10,0,15
2024-06-18T09:14:16,5,10,0,15
2024-06-18T09:29:57,5,10,0,15
2024-06-18T09:45:56,5,10,0,15
2024-06-18T10:01:47,5,10,0,15
2024-06-18T10:17:37,5,10,0,15
2024-06-18T10:33:27,5,10,0,15
2024-06-18T10:49:19,5,10,0,15
2024-06-18T11:04:57,5,10,0,15
2024-06-18T11:20:38,5,10,0,15
2024-06-18T11:36:31,5,10,0,15
2024-06-18T11:52:14,5,10,0,15
2024-06-18T12:07:51,5,10,0,15
2024-06-18T12:23:40,5,10,0,15
2024-06-18T12:39:16,5,10,0,15
2024-06-18T12:54:53,5,10,0,15
2024-06-18T13:10:39,5,10,0,15
2024-06-18T13:26:17,5,10,0,15
2024-06-18T13:41:57,5,10,0,15
2024-06-18T13:57:45,5,10,0,15
2024-06-18T14:13:23,5,10,0,15
2024-06-18T14:29:01,5,10,0,15
2024-06-18T14:44:48,5,10,0,15
2024-06-18T15:00:27,5,10,0,15
2024-06-18T15:16:03,5,10,0,15
2024-06-18T15:31:53,5,10,0,15
2024-06-18T15:47:31,5,10,0,15
2024-06-18T16:03:18,5,10,0,15
2024-06-18T16:18:53,5,10,0,15
2024-06-18T16:34:32,5,10,0,15
2024-06-18T16:50:10,5,10,0,15
2024-06-18T17:05:57,5,10,0,15
2024-06-18T17:21:35,5,10,0,15
2024-06-18T17:37:12,5,10,0,15
2024-06-18T17:53:03,5,10,0,15
2024-06-18T18:08:42,5,10,0,15
2024-06-18T18:24:20,5,10,0,15
2024-06-18T18:40:07,5,10,0,15
2024-06-18T18:55:42,5,10,0,15
2024-06-18T19:11:21,5,10,0,15
2024-06-18T19:26:58,5,10,0,15
2024-06-18T19:42:47,5,10,0,15
2024-06-18T19:58:25,5,10,0,15
2024-06-18T20:14:04,5,10,0,15
2024-06-18T20:29:51,5,10,0,15
2024-06-18T20:45:34,5,10,0,15
2024-06-18T21:01:12,5,10,0,15
2024-06-18T21:16:51,5,10,0,15
2024-06-18T21:32:43,5,10,0,15
2024-06-18T21:48:23,5,10,0,15
2024-06-18T22:04:05,5,10,0,15
2024-06-18T22:19:44,5,10,0,15
2024-06-18T22:35:33,5,10,0,15
2024-06-18T22:51:14,5,10,0,15
2024-06-18T23:06:53,5,10,0,15
2024-06-18T23:22:42,5,10,0,15
2024-06-18T23:38:25,5,10,0,15
2024-06-18T23:54:02,5,10,0,15
2024-06-19T00:09:56,5,10,0,15
2024-06-19T00:25:54,5,10,0,15
2024-06-19T00:41:43,5,10,0,15
2024-06-19T00:57:25,5,10,0,15
2024-06-19T01:13:09,5,10,0,15
2024-06-19T01:29:02,5,10,0,15
2024-06-19T01:44:45,5,10,0,15
2024-06-19T02:00:27,5,10,0,15
2024-06-19T02:16:09,5,10,0,15
2024-06-19T02:31:51,5,10,0,15
2024-06-19T02:47:37,5,10,0,15
2024-06-19T03:03:16,5,10,0,15
2024-06-19T03:19:12,5,10,0,15
2024-06-19T03:34:53,5,10,0,15
2024-06-19T03:50:34,5,10,0,15
2024-06-19T04:06:16,5,10,0,15
2024-06-19T04:28:35,5,10,0,15
2024-06-19T04:44:19,5,10,0,15
2024-06-19T05:00:02,5,10,0,15
2024-06-19T05:15:48,5,10,0,15
2024-06-19T05:31:30,5,10,0,15
2024-06-19T05:48:53,5,10,0,15
2024-06-19T06:04:59,5,10,0,15
2024-06-19T06:20:38,5,10,0,15
2024-06-19T06:36:17,5,10,0,15
2024-06-19T06:52:18,5,10,0,15
2024-06-19T07:08:01,5,10,0,15
2024-06-19T07:23:42,5,10,0,15
2024-06-19T07:39:21,5,10,0,15
2024-06-19T07:55:00,5,10,0,15
2024-06-19T08:10:39,5,10,0,15
2024-06-19T08:26:22,5,10,0,15
2024-06-19T08:42:19,5,10,0,15
2024-06-19T08:57:59,5,10,0,15
2024-06-19T09:14:20,5,10,0,15
2024-06-19T09:30:15,5,10,0,15
2024-06-19T09:46:05,5,10,0,15
2024-06-19T10:01:44,5,10,0,15
2024-06-19T10:17:24,5,10,0,15
2024-06-19T10:33:04,5,10,0,15
2024-06-19T10:48:53,5,10,0,15
2024-06-19T11:04:31,5,10,0,15
2024-06-19T11:20:09,5,10,0,15
2024-06-19T11:35:58,5,10,0,15
2024-06-19T11:51:37,5,10,0,15
2024-06-19T12:07:18,5,10,0,15
2024-06-19T12:22:58,5,10,0,15
2024-06-19T12:38:45,5,10,0,15
2024-06-19T12:54:21,5,10,0,15
2024-06-19T13:09:57,5,10,0,15
2024-06-19T13:25:42,5,10,0,15
2024-06-19T13:41:18,5,10,0,15
2024-06-19T13:56:54,5,10,0,15
2024-06-19T14:12:29,5,10,0,15
2024-06-19T14:28:05,5,10,0,15
2024-06-19T14:43:50,5,10,0,15
2024-06-19T14:59:26,5,10,0,15
2024-06-19T15:15:02,5,10,0,15
2024-06-19T15:30:49,5,10,0,15
2024-06-19T15:46:24,5,10,0,15
2024-06-19T16:02:01,5,10,0,15
2024-06-19T16:17:36,5,10,0,15
2024-06-19T16:33:11,5,10,0,15
2024-06-19T16:48:57,5,10,0,15
2024-06-19T17:04:33,5,10,0,15
2024-06-19T17:20:10,5,10,0,15
2024-06-19T17:35:47,5,10,0,15
2024-06-19T17:51:23,5,10,0,15
2024-06-19T18:07:10,5,10,0,15
2024-06-19T18:22:46,5,10,0,15
2024-06-19T18:38:22,5,10,0,15
2024-06-19T18:53:57,5,10,0,15
2024-06-19T19:09:34,5,10,0,15
2024-06-19T19:25:10,5,10,0,15
2024-06-19T19:40:57,5,10,0,15
2024-06-19T19:56:33,5,10,0,15
2024-06-19T20:12:09,5,10,0,15
2024-06-19T20:27:45,5,10,0,15
2024-06-19T20:43:21,5,10,0,15
2024-06-19T20:59:09,5,10,0,15
2024-06-19T21:14:47,5,10,0,15
2024-06-19T21:30:23,5,10,0,15
2024-06-19T21:46:01,5,10,0,15
2024-06-19T22:01:45,5,10,0,15
2024-06-19T22:17:22,5,10,0,15
2024-06-19T22:33:11,5,10,0,15
2024-06-19T22:48:48,5,10,0,15
2024-06-19T23:04:25,5,10,0,15
2024-06-19T23:20:02,5,10,0,15
2024-06-19T23:35:39,5,10,0,15
2024-06-19T23:51:14,5,10,0,15
2024-06-20T00:07:03,5,10,0,15
2024-06-20T00:22:44,5,10,0,15
2024-06-20T00:38:23,5,10,0,15
2024-06-20T00:54:02,5,10,0,15
2024-06-20T01:09:40,5,10,0,15
2024-06-20T01:25:18,5,10,0,15
2024-06-20T01:40:57,5,10,0,15
2024-06-20T01:56:35,5,10,0,15
2024-06-20T02:12:25,5,10,0,15
2024-06-20T02:28:04,5,10,0,15
2024-06-20T02:44:01,5,10,0,15
2024-06-20T02:59:40,5,10,0,15
2024-06-20T03:15:18,5,10,0,15
2024-06-20T03:30:57,5,10,0,15
2024-06-20T03:46:36,5,10,0,15
2024-06-20T04:02:14,5,10,0,15
2024-06-20T04:34:51,5,10,0,15
2024-06-20T04:50:51,5,10,0,15
2024-06-20T05:06:33,5,10,0,15
2024-06-20T05:22:13,5,10,0,15
2024-06-20T05:37:53,5,10,0,15
2024-06-20T05:53:32,5,10,0,15
2024-06-20T06:09:11,5,10,0,15
2024-06-20T06:24:51,5,10,0,15
2024-06-20T06:40:29,5,10,0,15
2024-06-20T06:56:06,5,10,0,15
2024-06-20T07:11:48,5,10,0,15
2024-06-20T07:27:25,5,10,0,15
2024-06-20T07:43:00,5,10,0,15
2024-06-20T07:58:45,5,10,0,15
2024-06-20T08:14:23,5,10,0,15
2024-06-20T08:30:00,5,10,0,15
2024-06-20T08:45:37,5,10,0,15
2024-06-20T09:01:14,5,10,0,15
2024-06-20T09:16:51,5,10,0,15
2024-06-20T09:32:29,5,10,0,15
2024-06-20T09:48:06,5,10,0,15
2024-06-20T10:03:54,5,10,0,15
2024-06-20T10:19:32,5,10,0,15
2024-06-20T10:35:11,5,10,0,15
2024-06-20T10:50:50,5,10,0,15
2024-06-20T11:06:30,5,10,0,15
2024-06-20T11:22:16,5,10,0,15
2024-06-20T11:37:53,5,10,0,15
2024-06-20T11:53:30,5,10,0,15
2024-06-20T12:09:06,5,10,0,15
2024-06-20T12:24:53,5,10,0,15
2024-06-20T12:40:29,5,10,0,15
2024-06-20T12:56:05,5,10,0,15
2024-06-20T13:11:42,5,10,0,15
2024-06-20T13:27:18,5,10,0,15
2024-06-20T13:43:05,5,10,0,15
2024-06-20T13:58:41,5,10,0,15
2024-06-20T14:14:17,5,10,0,15
2024-06-20T14:29:54,5,10,0,15
2024-06-20T14:45:40,5,10,0,15
2024-06-20T15:01:15,5,10,0,15
2024-06-20T15:16:53,5,10,0,15
2024-06-20T15:32:42,5,10,0,15
2024-06-20T15:48:19,5,10,0,15
2024-06-20T16:03:57,5,10,0,15
2024-06-20T16:19:32,5,10,0,15
2024-06-20T16:35:08,5,10,0,15
2024-06-20T16:50:45,5,10,0,15
2024-06-20T17:06:30,5,10,0,15
2024-06-20T17:22:07,5,10,0,15
2024-06-20T17:37:42,5,10,0,15
2024-06-20T17:53:19,5,10,0,15
2024-06-20T18:08:55,5,10,0,15
2024-06-20T18:24:30,5,10,0,15
2024-06-20T18:40:17,5,10,0,15
2024-06-20T18:55:53,5,10,0,15
2024-06-20T19:11:29,5,10,0,15
2024-06-20T19:27:06,5,10,0,15
2024-06-20T19:42:41,5,10,0,15
2024-06-20T19:58:16,5,10,0,15
2024-06-20T20:14:04,5,10,0,15
2024-06-20T20:29:40,5,10,0,15
2024-06-20T20:45:16,5,10,0,15
2024-06-20T21:00:51,5,10,0,15
2024-06-20T21:16:29,5,10,0,15
2024-06-20T21:32:06,5,10,0,15
2024-06-20T21:47:44,5,10,0,15
2024-06-20T22:03:31,5,10,0,15
2024-06-20T22:19:06,5,10,0,15
2024-06-20T22:34:42,5,10,0,15
2024-06-20T22:50:18,5,10,0,15
2024-06-20T23:05:55,5,10,0,15
2024-06-20T23:21:31,5,10,0,15
2024-06-20T23:37:17,5,10,0,15
2024-06-20T23:52:53,5,10,0,15
2024-06-21T00:08:33,5,10,0,15
2024-06-21T00:24:16,5,10,0,15
2024-06-21T00:39:59,5,10,0,15
2024-06-21T00:55:40,5,10,0,15
2024-06-21T01:11:21,5,10,0,15
2024-06-21T01:27:12,5,10,0,15
2024-06-21T01:42:53,5,10,0,15
2024-06-21T01:58:35,5,10,0,15
2024-06-21T02:14:16,5,10,0,15
2024-06-21T02:29:56,5,10,0,15
2024-06-21T02:45:34,5,10,0,15
2024-06-21T03:01:12,5,10,0,15
2024-06-21T03:16:51,5,10,0,15
2024-06-21T03:32:29,5,10,0,15
2024-06-21T03:48:08,5,10,0,15
2024-06-21T04:04:03,5,10,0,15
2024-06-21T04:23:07,5,10,0,15
2024-06-21T04:38:46,5,10,0,15
2024-06-21T04:56:14,5,10,0,15
2024-06-21T05:12:01,5,10,0,15
2024-06-21T05:27:40,5,10,0,15
2024-06-21T05:43:20,5,10,0,15
2024-06-21T05:59:01,5,10,0,15
2024-06-21T06:14:41,5,10,0,15
2024-06-21T06:30:18,5,10,0,15
2024-06-21T06:46:00,5,10,0,15
2024-06-21T07:01:39,5,10,0,15
2024-06-21T07:17:20,5,10,0,15
2024-06-21T07:32:57,5,10,0,15
2024-06-21T07:48:35,5,10,0,15
2024-06-21T08:04:23,5,10,0,15
2024-06-21T08:20:02,5,10,0,15
2024-06-21T08:35:40,5,10,0,15
2024-06-21T08:51:19,5,10,0,15
2024-06-21T09:06:56,5,10,0,15
2024-06-21T09:22:34,5,10,0,15
2024-06-21T09:38:10,5,10,0,15
2024-06-21T09:53:46,5,10,0,15
2024-06-21T10:09:33,5,10,0,15
2024-06-21T10:25:08,5,10,0,15
2024-06-21T10:40:45,5,10,0,15
2024-06-21T10:56:25,5,10,0,15
2024-06-21T11:12:01,5,10,0,15
2024-06-21T11:27:37,5,10,0,15
2024-06-21T11:43:14,5,10,0,15
2024-06-21T11:58:49,5,10,0,15
2024-06-21T12:14:34,5,10,0,15
2024-06-21T12:30:11,5,10,0,15
2024-06-21T12:45:46,5,10,0,15
2024-06-21T13:01:22,5,10,0,15
2024-06-21T13:16:59,5,10,0,15
2024-06-21T13:32:44,5,10,0,15
2024-06-21T13:48:19,5,10,0,15
2024-06-21T14:03:55,5,10,0,15
2024-06-21T14:19:31,5,10,0,15
2024-06-21T14:35:06,5,10,0,15
2024-06-21T14:50:42,5,10,0,15
2024-06-21T15:06:19,5,10,0,15
2024-06-21T15:22:05,5,10,0,15
2024-06-21T15:37:40,5,10,0,15
2024-06-21T15:53:15,5,10,0,15
2024-06-21T16:08:51,5,10,0,15
2024-06-21T16:24:27,5,10,0,15
2024-06-21T16:40:04,5,10,0,15
2024-06-21T16:55:50,5,10,0,15
2024-06-21T17:11:27,5,10,0,15
2024-06-21T17:27:03,5,10,0,15
2024-06-21T17:42:38,5,10,0,15
2024-06-21T17:58:14,5,10,0,15
2024-06-21T18:13:50,5,10,0,15
2024-06-21T18:29:26,5,10,0,15
2024-06-21T18:45:12,5,10,0,15
2024-06-21T19:00:47,5,10,0,15
2024-06-21T19:16:23,5,10,0,15
2024-06-21T19:31:59,5,10,0,15
2024-06-21T19:47:36,5,10,0,15
2024-06-21T20:03:13,5,10,0,15
2024-06-21T20:18:49,5,10,0,15
2024-06-21T20:34:35,5,10,0,15
2024-06-21T20:50:11,5,10,0,15
2024-06-21T21:05:47,5,10,0,15
2024-06-21T21:21:27,5,10,0,15
2024-06-21T21:37:04,5,10,0,15
2024-06-21T21:52:41,5,10,0,15
2024-06-21T22:08:19,5,10,0,15
2024-06-21T22:23:55,5,10,0,15
2024-06-21T22:39:31,5,10,0,15
2024-06-21T22:55:21,5,10,0,15
2024-06-21T23:10:57,5,10,0,15
2024-06-21T23:26:35,5,10,0,15
2024-06-21T23:42:14,5,10,0,15
2024-06-21T23:57:51,5,10,0,15
2024-06-22T00:13:31,5,10,0,15
2024-06-22T00:29:12,5,10,0,15
2024-06-22T00:44:54,5,10,0,15
2024-06-22T01:00:34,5,10,0,15
2024-06-22T01:16:24,5,10,0,15
2024-06-22T01:32:04,5,10,0,15
2024-06-22T01:47:44,5,10,0,15
2024-06-22T02:03:24,5,10,0,15
2024-06-22T02:19:05,5,10,0,15
2024-06-22T02:34:46,5,10,0,15
2024-06-22T02:50:23,5,10,0,15
2024-06-22T03:06:00,5,10,0,15
2024-06-22T03:21:38,5,10,0,15
2024-06-22T03:37:15,5,10,0,15
2024-06-22T03:52:54,5,10,0,15
2024-06-22T04:08:32,5,10,0,15
2024-06-22T04:31:13,5,10,0,15
2024-06-22T04:46:54,5,10,0,15
2024-06-22T05:02:32,5,10,0,15
2024-06-22T05:18:08,5,10,0,15
2024-06-22T05:33:46,5,10,0,15
2024-06-22T05:49:26,5,10,0,15
2024-06-22T06:05:42,5,10,0,15
2024-06-22T06:21:21,5,10,0,15
2024-06-22T06:37:00,5,10,0,15
2024-06-22T06:52:39,5,10,0,15
2024-06-22T07:08:20,5,10,0,15
2024-06-22T07:23:58,5,10,0,15
2024-06-22T07:39:36,5,10,0,15
2024-06-22T07:55:14,5,10,0,15
2024-06-22T08:10:54,5,10,0,15
2024-06-22T08:26:33,5,10,0,15
2024-06-22T08:42:19,5,10,0,15
2024-06-22T08:57:56,5,10,0,15
2024-06-22T09:13:35,5,10,0,15
2024-06-22T09:29:13,5,10,0,15
2024-06-22T09:44:52,5,10,0,15
2024-06-22T10:00:30,5,10,0,15
2024-06-22T10:16:10,5,10,0,15
2024-06-22T10:31:48,5,10,0,15
2024-06-22T10:47:26,5,10,0,15
2024-06-22T11:03:05,5,10,0,15
2024-06-22T11:18:43,5,10,0,15
2024-06-22T11:34:22,5,10,0,15
2024-06-22T11:50:10,5,10,0,15
2024-06-22T12:05:47,5,10,0,15
2024-06-22T12:21:25,5,10,0,15
2024-06-22T12:37:03,5,10,0,15
2024-06-22T12:52:40,5,10,0,15
2024-06-22T13:08:17,5,10,0,15
2024-06-22T13:23:55,5,10,0,15
2024-06-22T13:39:42,5,10,0,15
2024-06-22T13:55:18,5,10,0,15
2024-06-22T14:10:53,5,10,0,15
2024-06-22T14:26:29,5,10,0,15
2024-06-22T14:42:04,5,10,0,15
2024-06-22T14:57:40,5,10,0,15
2024-06-22T15:13:15,5,10,0,15
2024-06-22T15:28:59,5,10,0,15
2024-06-22T15:44:35,5,10,0,15
2024-06-22T16:00:11,5,10,0,15
2024-06-22T16:15:47,5,10,0,15
2024-06-22T16:31:22,5,10,0,15
2024-06-22T16:46:57,5,10,0,15
2024-06-22T17:02:33,5,10,0,15
2024-06-22T17:18:10,5,10,0,15
2024-06-22T17:33:46,5,10,0,15
2024-06-22T17:49:22,5,10,0,15
2024-06-22T18:04:57,5,10,0,15
2024-06-22T18:20:33,5,10,0,15
2024-06-22T18:36:18,5,10,0,15
2024-06-22T18:51:54,5,10,0,15
2024-06-22T19:07:32,5,10,0,15
2024-06-22T19:23:08,5,10,0,15
2024-06-22T19:38:44,5,10,0,15
2024-06-22T19:54:20,5,10,0,15
2024-06-22T20:09:57,5,10,0,15
2024-06-22T20:25:33,5,10,0,15
2024-06-22T20:41:10,5,10,0,15
2024-06-22T20:56:47,5,10,0,15
2024-06-22T21:12:32,5,10,0,15
2024-06-22T21:28:09,5,10,0,15
2024-06-22T21:43:46,5,10,0,15
2024-06-22T21:59:22,5,10,0,15
2024-06-22T22:14:59,5,10,0,15
2024-06-22T22:30:35,5,10,0,15
2024-06-22T22:46:11,5,10,0,15
2024-06-22T23:01:52,5,10,0,15
2024-06-22T23:17:29,5,10,0,15
2024-06-22T23:33:05,5,10,0,15
2024-06-22T23:48:41,5,10,0,15
2024-06-23T00:04:17,5,10,0,15
2024-06-23T00:20:03,5,10,0,15
2024-06-23T00:35:39,5,10,0,15
2024-06-23T00:51:15,5,10,0,15
2024-06-23T01:06:50,5,10,0,15
2024-06-23T01:22:26,5,10,0,15
2024-06-23T01:38:01,5,10,0,15
2024-06-23T01:53:37,5,10,0,15
2024-06-23T02:09:12,5,10,0,15
2024-06-23T02:24:47,5,10,0,15
2024-06-23T02:40:23,5,10,0,15
2024-06-23T02:56:04,5,10,0,15
2024-06-23T03:11:54,5,10,0,15
2024-06-23T03:28:15,5,10,0,15
2024-06-23T03:44:51,5,10,0,15
2024-06-23T04:00:32,5,10,0,15
2024-06-23T04:16:11,5,10,0,15
2024-06-23T04:36:21,5,10,0,15
2024-06-23T04:52:21,5,10,0,15
2024-06-23T05:08:02,5,10,0,15
2024-06-23T05:23:43,5,10,0,15
2024-06-23T05:39:22,5,10,0,15
2024-06-23T05:55:01,5,10,0,15
2024-06-23T06:10:39,5,10,0,15
2024-06-23T06:26:18,5,10,0,15
2024-06-23T06:41:56,5,10,0,15
2024-06-23T06:57:35,5,10,0,15
2024-06-23T07:13:13,5,10,0,15
2024-06-23T07:28:52,5,10,0,15
2024-06-23T07:44:31,5,10,0,15
2024-06-23T08:00:10,5,10,0,15
2024-06-23T08:15:49,5,10,0,15
2024-06-23T08:31:34,5,10,0,15
2024-06-23T08:47:12,5,10,0,15
2024-06-23T09:02:50,5,10,0,15
2024-06-23T09:18:26,5,10,0,15
2024-06-23T09:34:07,5,10,0,15
2024-06-23T09:49:45,5,10,0,15
2024-06-23T10:05:22,5,10,0,15
2024-06-23T10:21:00,5,10,0,15
2024-06-23T10:36:45,5,10,0,15
2024-06-23T10:52:27,5,10,0,15
2024-06-23T11:08:09,5,10,0,15
2024-06-23T11:23:49,5,10,0,15
2024-06-23T11:39:48,5,10,0,15
2024-06-23T11:55:27,5,10,0,15
2024-06-23T12:11:05,5,10,0,15
2024-06-23T12:26:43,5,10,0,15
2024-06-23T12:42:19,5,10,0,15
2024-06-23T12:57:55,5,10,0,15
2024-06-23T13:13:30,5,10,0,15
2024-06-23T13:29:07,5,10,0,15
2024-06-23T13:44:42,5,10,0,15
2024-06-23T14:00:28,5,10,0,15
2024-06-23T14:16:04,5,10,0,15
2024-06-23T14:31:40,5,10,0,15
2024-06-23T14:47:16,5,10,0,15
2024-06-23T15:02:51,5,10,0,15
2024-06-23T15:18:30,5,10,0,15
2024-06-23T15:34:06,5,10,0,15
2024-06-23T15:49:41,5,10,0,15
2024-06-23T16:05:28,5,10,0,15
2024-06-23T16:21:05,5,10,0,15
2024-06-23T16:36:42,5,10,0,15
2024-06-23T16:52:18,5,10,0,15
2024-06-23T17:07:57,5,10,0,15
2024-06-23T17:23:34,5,10,0,15
2024-06-23T17:39:09,5,10,0,15
2024-06-23T17:54:44,5,10,0,15
2024-06-23T18:10:20,5,10,0,15
2024-06-23T18:25:57,5,10,0,15
2024-06-23T18:41:34,5,10,0,15
2024-06-23T18:57:20,5,10,0,15
2024-06-23T19:12:56,5,10,0,15
2024-06-23T19:28:33,5,10,0,15
2024-06-23T19:44:09,5,10,0,15
2024-06-23T19:59:44,5,10,0,15
2024-06-23T20:15:20,5,10,0,15
2024-06-23T20:30:55,5,10,0,15
2024-06-23T20:46:32,5,10,0,15
2024-06-23T21:02:08,5,10,0,15
2024-06-23T21:17:55,5,10,0,15
2024-06-23T21:33:33,5,10,0,15
2024-06-23T21:49:10,5,10,0,15
2024-06-23T22:04:46,5,10,0,15
2024-06-23T22:20:22,5,10,0,15
2024-06-23T22:35:58,5,10,0,15
2024-06-23T22:51:37,5,10,0,15
2024-06-23T23:07:15,5,10,0,15
2024-06-23T23:22:52,5,10,0,15
2024-06-23T23:38:39,5,10,0,15
2024-06-23T23:54:16,5,10,0,15
2024-06-24T00:09:56,5,10,0,15
2024-06-24T00:25:47,5,10,0,15
2024-06-24T00:41:32,5,10,0,15
2024-06-24T00:57:11,5,10,0,15
2024-06-24T01:12:55,5,10,0,15
2024-06-24T01:28:37,5,10,0,15
2024-06-24T01:44:17,5,10,0,15
2024-06-24T01:59:56,5,10,0,15
2024-06-24T02:15:37,5,10,0,15
2024-06-24T02:31:33,5,10,0,15
2024-06-24T02:47:11,5,10,0,15
2024-06-24T03:02:49,5,10,0,15
2024-06-24T03:18:38,5,10,0,15
2024-06-24T03:34:18,5,10,0,15
2024-06-24T03:49:56,5,10,0,15
2024-06-24T04:05:35,5,10,0,15
2024-06-24T04:29:52,5,10,0,15
2024-06-24T04:47:09,5,10,0,15
2024-06-24T05:02:49,5,10,0,15
2024-06-24T05:18:31,5,10,0,15
2024-06-24T05:34:10,5,10,0,15
2024-06-24T05:49:49,5,10,0,15
2024-06-24T06:05:29,5,10,0,15
2024-06-24T06:21:07,5,10,0,15
2024-06-24T06:36:50,5,10,0,15
2024-06-24T06:52:29,5,10,0,15
2024-06-24T07:08:08,5,10,0,15
2024-06-24T07:23:46,5,10,0,15
2024-06-24T07:39:34,5,10,0,15
2024-06-24T07:55:10,5,10,0,15
2024-06-24T08:10:46,5,10,0,15
2024-06-24T08:26:25,5,10,0,15
2024-06-24T08:42:06,5,10,0,15
2024-06-24T08:57:47,5,10,0,15
2024-06-24T09:13:24,5,10,0,15
2024-06-24T09:29:00,5,10,0,15
2024-06-24T09:44:36,5,10,0,15
2024-06-24T10:00:17,5,10,0,15
2024-06-24T10:16:11,5,10,0,15
2024-06-24T10:31:51,5,10,0,15
2024-06-24T10:47:29,5,10,0,15
2024-06-24T11:03:07,5,10,0,15
2024-06-24T11:18:48,5,10,0,15
2024-06-24T11:34:26,5,10,0,15
2024-06-24T11:50:13,5,10,0,15
2024-06-24T12:05:51,5,10,0,15
2024-06-24T12:21:29,5,10,0,15
2024-06-24T12:37:09,5,10,0,15
2024-06-24T12:52:51,5,10,0,15
2024-06-24T13:08:37,5,10,0,15
2024-06-24T13:24:15,5,10,0,15
2024-06-24T13:39:52,5,10,0,15
2024-06-24T13:55:32,5,10,0,15
2024-06-24T14:11:13,5,10,0,15
2024-06-24T14:27:00,5,10,0,15
2024-06-24T14:42:39,5,10,0,15
2024-06-24T14:58:17,5,10,0,15
2024-06-24T15:13:54,5,10,0,15
2024-06-24T15:29:31,5,10,0,15
2024-06-24T15:45:09,5,10,0,15
2024-06-24T16:01:03,5,10,0,15
2024-06-24T16:16:41,5,10,0,15
2024-06-24T16:32:20,5,10,0,15
2024-06-24T16:47:57,5,10,0,15
2024-06-24T17:03:34,5,10,0,15
2024-06-24T17:19:16,5,10,0,15
2024-06-24T17:35:04,5,10,0,15
2024-06-24T17:50:43,5,10,0,15
2024-06-24T18:06:20,5,10,0,15
2024-06-24T18:21:59,5,10,0,15
2024-06-24T18:37:37,5,10,0,15
2024-06-24T18:53:14,5,10,0,15
2024-06-24T19:08:52,5,10,0,15
2024-06-24T19:24:47,5,10,0,15
2024-06-24T19:40:23,5,10,0,15
2024-06-24T19:56:00,5,10,0,15
2024-06-24T20:11:37,5,10,0,15
2024-06-24T20:27:15,5,10,0,15
2024-06-24T20:42:51,5,10,0,15
2024-06-24T20:58:28,5,10,0,15
2024-06-24T21:14:04,5,10,0,15
2024-06-24T21:29:52,5,10,0,15
2024-06-24T21:45:31,5,10,0,15
2024-06-24T22:01:12,5,10,0,15
2024-06-24T22:16:50,5,10,0,15
2024-06-24T22:32:29,5,10,0,15
2024-06-24T22:48:06,5,10,0,15
2024-06-24T23:04:04,5,10,0,15
2024-06-24T23:19:42,5,10,0,15
2024-06-24T23:35:20,5,10,0,15
2024-06-24T23:50:58,5,10,0,15
2024-06-25T00:06:37,5,10,0,15
2024-06-25T00:22:19,5,10,0,15
2024-06-25T00:38:05,5,10,0,15
2024-06-25T00:53:56,5,10,0,15
2024-06-25T01:09:36,5,10,0,15
2024-06-25T01:25:15,5,10,0,15
2024-06-25T01:40:55,5,10,0,15
2024-06-25T01:56:35,5,10,0,15
2024-06-25T02:12:16,5,10,0,15
2024-06-25T02:27:56,5,10,0,15
2024-06-25T02:43:35,5,10,0,15
2024-06-25T02:59:14,5,10,0,15
2024-06-25T03:14:52,5,10,0,15
2024-06-25T03:30:32,5,10,0,15
2024-06-25T03:46:11,5,10,0,15
2024-06-25T04:01:49,5,10,0,15
2024-06-25T04:33:37,5,10,0,15
2024-06-25T04:50:50,5,10,0,15
2024-06-25T05:06:34,5,10,0,15
2024-06-25T05:22:22,5,10,0,15
2024-06-25T05:38:03,5,10,0,15
2024-06-25T05:53:42,5,10,0,15
2024-06-25T06:09:23,5,10,0,15
2024-06-25T06:25:05,5,10,0,15
2024-06-25T06:40:44,5,10,0,15
2024-06-25T06:56:24,5,10,0,15
2024-06-25T07:12:05,5,10,0,15
2024-06-25T07:27:44,5,10,0,15
2024-06-25T07:43:27,5,10,0,15
2024-06-25T07:59:06,5,10,0,15
2024-06-25T08:14:57,5,10,0,15
2024-06-25T08:30:36,5,10,0,15
2024-06-25T08:46:17,5,10,0,15
2024-06-25T09:01:59,5,10,0,15
2024-06-25T09:17:38,5,10,0,15
2024-06-25T09:33:18,5,10,0,15
2024-06-25T09:48:58,5,10,0,15
2024-06-25T10:04:36,5,10,0,15
2024-06-25T10:20:16,5,10,0,15
2024-06-25T10:36:04,5,10,0,15
2024-06-25T10:51:41,5,10,0,15
2024-06-25T11:07:18,5,10,0,15
2024-06-25T11:22:56,5,10,0,15
2024-06-25T11:38:34,5,10,0,15
2024-06-25T11:54:11,5,10,0,15
2024-06-25T12:09:52,5,10,0,15
2024-06-25T12:25:39,5,10,0,15
2024-06-25T12:41:16,5,10,0,15
2024-06-25T12:56:52,5,10,0,15
2024-06-25T13:12:30,5,10,0,15
2024-06-25T13:28:08,5,10,0,15
2024-06-25T13:43:56,5,10,0,15
2024-06-25T13:59:37,5,10,0,15
2024-06-25T14:15:14,5,10,0,15
2024-06-25T14:30:52,5,10,0,15
2024-06-25T14:46:29,5,10,0,15
2024-06-25T15:02:08,5,10,0,15
2024-06-25T15:17:53,5,10,0,15
2024-06-25T15:33:30,5,10,0,15
2024-06-25T15:49:07,5,10,0,15
2024-06-25T16:04:44,5,10,0,15
2024-06-25T16:20:21,5,10,0,15
2024-06-25T16:35:59,5,10,0,15
2024-06-25T16:51:47,5,10,0,15
2024-06-25T17:07:24,5,10,0,15
2024-06-25T17:23:03,5,10,0,15
2024-06-25T17:38:40,5,10,0,15
2024-06-25T17:54:18,5,10,0,15
2024-06-25T18:09:56,5,10,0,15
2024-06-25T18:25:33,5,10,0,15
2024-06-25T18:41:10,5,10,0,15
2024-06-25T18:56:47,5,10,0,15
2024-06-25T19:12:34,5,10,0,15
2024-06-25T19:28:12,5,10,0,15
2024-06-25T19:43:50,5,10,0,15
2024-06-25T19:59:27,5,10,0,15
2024-06-25T20:15:05,5,10,0,15
2024-06-25T20:30:43,5,10,0,15
2024-06-25T20:46:21,5,10,0,15
2024-06-25T21:02:03,5,10,0,15
2024-06-25T21:17:40,5,10,0,15
2024-06-25T21:33:17,5,10,0,15
2024-06-25T21:49:04,5,10,0,15
2024-06-25T22:04:41,5,10,0,15
2024-06-25T22:20:19,5,10,0,15
2024-06-25T22:36:00,5,10,0,15
2024-06-25T22:51:42,5,10,0,15
2024-06-25T23:07:27,5,10,0,15
2024-06-25T23:23:09,5,10,0,15
2024-06-25T23:38:46,5,10,0,15
2024-06-25T23:54:23,5,10,0,15
2024-06-26T00:10:03,5,10,0,15
2024-06-26T00:25:53,5,10,0,15
2024-06-26T00:41:47,5,10,0,15
2024-06-26T00:57:30,5,10,0,15
2024-06-26T01:13:11,5,10,0,15
2024-06-26T01:28:51,5,10,0,15
2024-06-26T01:44:34,5,10,0,15
2024-06-26T02:00:17,5,10,0,15
2024-06-26T02:15:58,5,10,0,15
2024-06-26T02:31:38,5,10,0,15
2024-06-26T02:47:17,5,10,0,15
2024-06-26T03:02:55,5,10,0,15
2024-06-26T03:18:33,5,10,0,15
2024-06-26T03:34:13,5,10,0,15
2024-06-26T03:50:14,5,10,0,15
2024-06-26T04:05:53,5,10,0,15
2024-06-26T04:27:07,5,10,0,15
2024-06-26T04:42:50,5,10,0,15
2024-06-26T05:00:07,5,10,0,15
2024-06-26T05:15:56,5,10,0,15
2024-06-26T05:31:38,5,10,0,15
2024-06-26T05:47:20,5,10,0,15
2024-06-26T06:03:01,5,10,0,15
2024-06-26T06:18:43,5,10,0,15
2024-06-26T06:34:26,5,10,0,15
2024-06-26T06:50:06,5,10,0,15
2024-06-26T07:05:48,5,10,0,15
2024-06-26T07:21:28,5,10,0,15
2024-06-26T07:37:06,5,10,0,15
2024-06-26T07:52:44,5,10,0,15
2024-06-26T08:08:23,5,10,0,15
2024-06-26T08:24:17,5,10,0,15
2024-06-26T08:39:56,5,10,0,15
2024-06-26T08:55:35,5,10,0,15
2024-06-26T09:11:13,5,10,0,15
2024-06-26T09:26:50,5,10,0,15
2024-06-26T09:42:28,5,10,0,15
2024-06-26T09:58:05,5,10,0,15
2024-06-26T10:13:43,5,10,0,15
2024-06-26T10:29:21,5,10,0,15
2024-06-26T10:45:00,5,10,0,15
2024-06-26T11:00:47,5,10,0,15
2024-06-26T11:16:25,5,10,0,15
2024-06-26T11:32:02,5,10,0,15
2024-06-26T11:47:41,5,10,0,15
2024-06-26T12:03:18,5,10,0,15
2024-06-26T12:18:59,5,10,0,15
2024-06-26T12:34:45,5,10,0,15
2024-06-26T12:50:21,5,10,0,15
2024-06-26T13:05:59,5,10,0,15
2024-06-26T13:21:36,5,10,0,15
2024-06-26T13:37:14,5,10,0,15
2024-06-26T13:53:13,5,10,0,15
2024-06-26T14:08:50,5,10,0,15
2024-06-26T14:24:30,5,10,0,15
2024-06-26T14:40:06,5,10,0,15
2024-06-26T14:55:43,5,10,0,15
2024-06-26T15:11:19,5,10,0,15
2024-06-26T15:27:09,5,10,0,15
2024-06-26T15:42:46,5,10,0,15
2024-06-26T15:58:23,5,10,0,15
2024-06-26T16:14:00,5,10,0,15
2024-06-26T16:29:37,5,10,0,15
2024-06-26T16:45:14,5,10,0,15
2024-06-26T17:01:00,5,10,0,15
2024-06-26T17:16:39,5,10,0,15
2024-06-26T17:32:17,5,10,0,15
2024-06-26T17:47:54,5,10,0,15
2024-06-26T18:03:31,5,10,0,15
2024-06-26T18:19:08,5,10,0,15
2024-06-26T18:34:45,5,10,0,15
2024-06-26T18:50:31,5,10,0,15
2024-06-26T19:06:08,5,10,0,15
2024-06-26T19:21:45,5,10,0,15
2024-06-26T19:37:22,5,10,0,15
2024-06-26T19:52:59,5,10,0,15
2024-06-26T20:08:36,5,10,0,15
2024-06-26T20:24:14,5,10,0,15
2024-06-26T20:39:51,5,10,0,15
2024-06-26T20:55:28,5,10,0,15
2024-06-26T21:11:20,5,10,0,15
2024-06-26T21:26:57,5,10,0,15
2024-06-26T21:42:35,5,10,0,15
2024-06-26T21:58:12,5,10,0,15
2024-06-26T22:13:50,5,10,0,15
2024-06-26T22:29:26,5,10,0,15
2024-06-26T22:45:03,5,10,0,15
2024-06-26T23:00:42,5,10,0,15
2024-06-26T23:16:20,5,10,0,15
2024-06-26T23:32:07,5,10,0,15
2024-06-26T23:47:44,5,10,0,15
2024-06-27T00:03:21,5,10,0,15
2024-06-27T00:19:03,5,10,0,15
2024-06-27T00:34:45,5,10,0,15
2024-06-27T00:50:28,5,10,0,15
2024-06-27T01:06:08,5,10,0,15
2024-06-27T01:21:48,5,10,0,15
2024-06-27T01:37:27,5,10,0,15
2024-06-27T01:53:08,5,10,0,15
2024-06-27T02:08:58,5,10,0,15
2024-06-27T02:24:37,5,10,0,15
2024-06-27T02:40:17,5,10,0,15
2024-06-27T02:55:55,5,10,0,15
2024-06-27T03:11:32,5,10,0,15
2024-06-27T03:27:08,5,10,0,15
2024-06-27T03:42:44,5,10,0,15
2024-06-27T03:58:21,5,10,0,15
2024-06-27T04:30:33,5,10,0,15
2024-06-27T04:46:15,5,10,0,15
2024-06-27T05:01:59,5,10,0,15
2024-06-27T05:17:43,5,10,0,15
2024-06-27T05:33:34,5,10,0,15
2024-06-27T05:49:15,5,10,0,15
2024-06-27T06:04:56,5,10,0,15
2024-06-27T06:20:36,5,10,0,15
2024-06-27T06:36:20,5,10,0,15
2024-06-27T06:52:24,5,10,0,15
2024-06-27T07:08:34,5,10,0,15
2024-06-27T07:24:12,5,10,0,15
2024-06-27T07:39:50,5,10,0,15
2024-06-27T07:55:37,5,10,0,15
2024-06-27T08:11:16,5,10,0,15
2024-06-27T08:26:56,5,10,0,15
2024-06-27T08:42:35,5,10,0,15
2024-06-27T08:58:14,5,10,0,15
2024-06-27T09:13:56,5,10,0,15
2024-06-27T09:29:35,5,10,0,15
2024-06-27T09:45:14,5,10,0,15
2024-06-27T10:00:55,5,10,0,15
2024-06-27T10:16:34,5,10,0,15
2024-06-27T10:32:13,5,10,0,15
2024-06-27T10:47:50,5,10,0,15
2024-06-27T11:03:39,5,10,0,15
2024-06-27T11:19:17,5,10,0,15
2024-06-27T11:34:54,5,10,0,15
2024-06-27T11:50:32,5,10,0,15
2024-06-27T12:06:10,5,10,0,15
2024-06-27T12:21:49,5,10,0,15
2024-06-27T12:37:39,5,10,0,15
2024-06-27T12:53:18,5,10,0,15
2024-06-27T13:08:59,5,10,0,15
2024-06-27T13:24:36,5,10,0,15
2024-06-27T13:40:13,5,10,0,15
2024-06-27T13:55:52,5,10,0,15
2024-06-27T14:11:30,5,10,0,15
2024-06-27T14:27:18,5,10,0,15
2024-06-27T14:42:59,5,10,0,15
2024-06-27T14:58:36,5,10,0,15
2024-06-27T15:14:13,5,10,0,15
2024-06-27T15:30:02,5,10,0,15
2024-06-27T15:45:39,5,10,0,15
2024-06-27T16:01:16,5,10,0,15
2024-06-27T16:16:52,5,10,0,15
2024-06-27T16:32:29,5,10,0,15
2024-06-27T16:48:06,5,10,0,15
2024-06-27T17:03:53,5,10,0,15
2024-06-27T17:19:31,5,10,0,15
2024-06-27T17:35:08,5,10,0,15
2024-06-27T17:50:45,5,10,0,15
2024-06-27T18:06:20,5,10,0,15
2024-06-27T18:21:59,5,10,0,15
2024-06-27T18:37:45,5,10,0,15
2024-06-27T18:53:21,5,10,0,15
2024-06-27T19:08:57,5,10,0,15
2024-06-27T19:24:34,5,10,0,15
2024-06-27T19:40:11,5,10,0,15
2024-06-27T19:55:49,5,10,0,15
2024-06-27T20:11:26,5,10,0,15
2024-06-27T20:27:03,5,10,0,15
2024-06-27T20:42:40,5,10,0,15
2024-06-27T20:58:17,5,10,0,15
2024-06-27T21:14:04,5,10,0,15
2024-06-27T21:29:42,5,10,0,15
2024-06-27T21:45:20,5,10,0,15
2024-06-27T22:00:57,5,10,0,15
2024-06-27T22:16:35,5,10,0,15
2024-06-27T22:32:13,5,10,0,15
2024-06-27T22:47:51,5,10,0,15
2024-06-27T23:03:29,5,10,0,15
2024-06-27T23:19:16,5,10,0,15
2024-06-27T23:34:53,5,10,0,15
2024-06-27T23:50:30,5,10,0,15
2024-06-28T00:06:10,5,10,0,15
2024-06-28T00:21:53,5,10,0,15
2024-06-28T00:37:34,5,10,0,15
2024-06-28T00:53:15,5,10,0,15
2024-06-28T01:08:55,5,10,0,15
2024-06-28T01:24:45,5,10,0,15
2024-06-28T01:40:27,5,10,0,15
2024-06-28T01:56:09,5,10,0,15
2024-06-28T02:11:50,5,10,0,15
2024-06-28T02:27:31,5,10,0,15
2024-06-28T02:43:10,5,10,0,15
2024-06-28T02:58:50,5,10,0,15
2024-06-28T03:14:28,5,10,0,15
2024-06-28T03:30:06,5,10,0,15
2024-06-28T03:45:43,5,10,0,15
2024-06-28T04:01:19,5,10,0,15
2024-06-28T04:16:57,5,10,0,15
2024-06-28T04:37:18,5,10,0,15
2024-06-28T04:53:00,5,10,0,15
2024-06-28T05:08:44,5,10,0,15
2024-06-28T05:24:35,5,10,0,15
2024-06-28T05:40:17,5,10,0,15
2024-06-28T05:55:57,5,10,0,15
2024-06-28T06:11:39,5,10,0,15
2024-06-28T06:27:21,5,10,0,15
2024-06-28T06:43:03,5,10,0,15
2024-06-28T06:58:42,5,10,0,15
2024-06-28T07:14:26,5,10,0,15
2024-06-28T07:30:05,5,10,0,15
2024-06-28T07:45:44,5,10,0,15
2024-06-28T08:01:25,5,10,0,15
2024-06-28T08:17:05,5,10,0,15
2024-06-28T08:32:55,5,10,0,15
2024-06-28T08:48:36,5,10,0,15
2024-06-28T09:04:16,5,10,0,15
2024-06-28T09:19:56,5,10,0,15
2024-06-28T09:35:34,5,10,0,15
2024-06-28T09:51:14,5,10,0,15
2024-06-28T10:06:55,5,10,0,15
2024-06-28T10:22:39,5,10,0,15
2024-06-28T10:38:18,5,10,0,15
2024-06-28T10:54:05,5,10,0,15
2024-06-28T11:09:44,5,10,0,15
2024-06-28T11:25:22,5,10,0,15
2024-06-28T11:41:00,5,10,0,15
2024-06-28T11:56:38,5,10,0,15
2024-06-28T12:12:16,5,10,0,15
2024-06-28T12:28:05,5,10,0,15
2024-06-28T12:43:43,5,10,0,15
2024-06-28T12:59:21,5,10,0,15
2024-06-28T13:14:58,5,10,0,15
2024-06-28T13:30:36,5,10,0,15
2024-06-28T13:46:15,5,10,0,15
2024-06-28T14:02:05,5,10,0,15
2024-06-28T14:17:43,5,10,0,15
2024-06-28T14:33:21,5,10,0,15
2024-06-28T14:48:59,5,10,0,15
2024-06-28T15:04:36,5,10,0,15
2024-06-28T15:20:15,5,10,0,15
2024-06-28T15:36:03,5,10,0,15
2024-06-28T15:51:40,5,10,0,15
2024-06-28T16:07:18,5,10,0,15
2024-06-28T16:22:57,5,10,0,15
2024-06-28T16:38:35,5,10,0,15
2024-06-28T16:54:12,5,10,0,15
2024-06-28T17:09:50,5,10,0,15
2024-06-28T17:25:39,5,10,0,15
2024-06-28T17:41:17,5,10,0,15
2024-06-28T17:56:54,5,10,0,15
2024-06-28T18:12:31,5,10,0,15
2024-06-28T18:28:09,5,10,0,15
2024-06-28T18:43:47,5,10,0,15
2024-06-28T18:59:25,5,10,0,15
2024-06-28T19:15:04,5,10,0,15
2024-06-28T19:30:42,5,10,0,15
2024-06-28T19:46:21,5,10,0,15
2024-06-28T20:02:08,5,10,0,15
2024-06-28T20:17:46,5,10,0,15
2024-06-28T20:33:24,5,10,0,15
2024-06-28T20:49:03,5,10,0,15
2024-06-28T21:04:41,5,10,0,15
2024-06-28T21:20:20,5,10,0,15
2024-06-28T21:35:58,5,10,0,15
2024-06-28T21:51:38,5,10,0,15
2024-06-28T22:07:16,5,10,0,15
2024-06-28T22:22:54,5,10,0,15
2024-06-28T22:38:32,5,10,0,15
2024-06-28T22:54:12,5,10,0,15
2024-06-28T23:09:49,5,10,0,15
2024-06-28T23:25:28,5,10,0,15
2024-06-28T23:41:06,5,10,0,15
2024-06-28T23:56:55,5,10,0,15
2024-06-29T00:12:37,5,10,0,15
2024-06-29T00:28:21,5,10,0,15
2024-06-29T00:44:02,5,10,0,15
2024-06-29T00:59:44,5,10,0,15
2024-06-29T01:15:24,5,10,0,15
2024-06-29T01:31:05,5,10,0,15
2024-06-29T01:46:47,5,10,0,15
2024-06-29T02:02:30,5,10,0,15
2024-06-29T02:18:10,5,10,0,15
2024-06-29T02:33:51,5,10,0,15
2024-06-29T02:49:31,5,10,0,15
2024-06-29T03:05:09,5,10,0,15
2024-06-29T03:20:48,5,10,0,15
2024-06-29T03:36:27,5,10,0,15
2024-06-29T03:52:07,5,10,0,15
2024-06-29T04:07:47,5,10,0,15
2024-06-29T04:33:20,5,10,0,15
2024-06-29T04:49:23,5,10,0,15
2024-06-29T05:05:03,5,10,0,15
2024-06-29T05:20:43,5,10,0,15
2024-06-29T05:36:43,5,10,0,15
2024-06-29T05:52:25,5,10,0,15
2024-06-29T06:08:07,5,10,0,15
2024-06-29T06:23:51,5,10,0,15
2024-06-29T06:39:32,5,10,0,15
2024-06-29T06:55:12,5,10,0,15
2024-06-29T07:10:53,5,10,0,15
2024-06-29T07:26:34,5,10,0,15
2024-06-29T07:42:14,5,10,0,15
2024-06-29T07:57:55,5,10,0,15
2024-06-29T08:13:35,5,10,0,15
2024-06-29T08:29:24,5,10,0,15
2024-06-29T08:45:05,5,10,0,15
2024-06-29T09:00:45,5,10,0,15
2024-06-29T09:16:25,5,10,0,15
2024-06-29T09:32:06,5,10,0,15
2024-06-29T09:47:46,5,10,0,15
2024-06-29T10:03:27,5,10,0,15
2024-06-29T10:19:07,5,10,0,15
2024-06-29T10:34:48,5,10,0,15
2024-06-29T10:50:28,5,10,0,15
2024-06-29T11:06:07,5,10,0,15
2024-06-29T11:21:57,5,10,0,15
2024-06-29T11:37:35,5,10,0,15
2024-06-29T11:53:15,5,10,0,15
2024-06-29T12:08:54,5,10,0,15
2024-06-29T12:24:35,5,10,0,15
2024-06-29T12:40:13,5,10,0,15
2024-06-29T12:55:53,5,10,0,15
2024-06-29T13:11:33,5,10,0,15
2024-06-29T13:27:10,5,10,0,15
2024-06-29T13:42:48,5,10,0,15
2024-06-29T13:58:26,5,10,0,15
2024-06-29T14:14:03,5,10,0,15
2024-06-29T14:29:50,5,10,0,15
2024-06-29T14:45:29,5,10,0,15
2024-06-29T15:01:06,5,10,0,15
2024-06-29T15:16:43,5,10,0,15
2024-06-29T15:32:22,5,10,0,15
2024-06-29T15:47:59,5,10,0,15
2024-06-29T16:03:36,5,10,0,15
2024-06-29T16:19:12,5,10,0,15
2024-06-29T16:34:50,5,10,0,15
2024-06-29T16:50:37,5,10,0,15
2024-06-29T17:06:15,5,10,0,15
2024-06-29T17:21:52,5,10,0,15
2024-06-29T17:37:30,5,10,0,15
2024-06-29T17:53:09,5,10,0,15
2024-06-29T18:08:47,5,10,0,15
2024-06-29T18:24:25,5,10,0,15
2024-06-29T18:40:02,5,10,0,15
2024-06-29T18:55:39,5,10,0,15
2024-06-29T19:11:16,5,10,0,15
2024-06-29T19:26:53,5,10,0,15
2024-06-29T19:42:30,5,10,0,15
2024-06-29T19:58:17,5,10,0,15
2024-06-29T20:13:54,5,10,0,15
2024-06-29T20:29:32,5,10,0,15
2024-06-29T20:45:10,5,10,0,15
2024-06-29T21:00:47,5,10,0,15
2024-06-29T21:16:28,5,10,0,15
2024-06-29T21:32:08,5,10,0,15
2024-06-29T21:47:47,5,10,0,15
2024-06-29T22:03:24,5,10,0,15
2024-06-29T22:19:02,5,10,0,15
2024-06-29T22:34:49,5,10,0,15
2024-06-29T22:50:30,5,10,0,15
2024-06-29T23:06:09,5,10,0,15
2024-06-29T23:21:47,5,10,0,15
2024-06-29T23:37:25,5,10,0,15
2024-06-29T23:53:02,5,10,0,15
2024-06-30T00:08:41,5,10,0,15
2024-06-30T00:24:29,5,10,0,15
2024-06-30T00:40:09,5,10,0,15
2024-06-30T00:55:48,5,10,0,15
2024-06-30T01:11:25,5,10,0,15
2024-06-30T01:27:04,5,10,0,15
2024-06-30T01:42:42,5,10,0,15
2024-06-30T01:58:20,5,10,0,15
2024-06-30T02:13:59,5,10,0,15
2024-06-30T02:29:46,5,10,0,15
2024-06-30T02:45:27,5,10,0,15
2024-06-30T03:01:05,5,10,0,15
2024-06-30T03:16:46,5,10,0,15
2024-06-30T03:32:24,5,10,0,15
2024-06-30T03:48:08,5,10,0,15
2024-06-30T04:03:50,5,10,0,15
2024-06-30T04:35:30,5,10,0,15
2024-06-30T04:52:32,5,10,0,15
2024-06-30T05:09:01,5,10,0,15
2024-06-30T05:24:55,5,10,0,15
2024-06-30T05:40:39,5,10,0,15
2024-06-30T05:56:22,5,10,0,15
2024-06-30T06:12:08,5,10,0,15
2024-06-30T06:27:57,5,10,0,15
2024-06-30T06:43:41,5,10,0,15
2024-06-30T06:59:24,5,10,0,15
2024-06-30T07:15:07,5,10,0,15
2024-06-30T07:30:52,5,10,0,15
2024-06-30T07:46:36,5,10,0,15
2024-06-30T08:02:20,5,10,0,15
2024-06-30T08:18:03,5,10,0,15
2024-06-30T08:33:45,5,10,0,15
2024-06-30T08:49:28,5,10,0,15
2024-06-30T09:05:09,5,10,0,15
2024-06-30T09:21:01,5,10,0,15
2024-06-30T09:36:44,5,10,0,15
2024-06-30T09:52:28,5,10,0,15
2024-06-30T10:08:10,5,10,0,15
2024-06-30T10:23:51,5,10,0,15
2024-06-30T10:39:31,5,10,0,15
2024-06-30T10:55:11,5,10,0,15
2024-06-30T11:10:50,5,10,0,15
2024-06-30T11:26:28,5,10,0,15
2024-06-30T11:42:06,5,10,0,15
2024-06-30T11:57:45,5,10,0,15
2024-06-30T12:13:24,5,10,0,15
2024-06-30T12:29:12,5,10,0,15
2024-06-30T12:44:50,5,10,0,15
2024-06-30T13:00:29,5,10,0,15
2024-06-30T13:16:08,5,10,0,15
2024-06-30T13:31:47,5,10,0,15
2024-06-30T13:47:25,5,10,0,15
2024-06-30T14:03:04,5,10,0,15
2024-06-30T14:18:42,5,10,0,15
2024-06-30T14:34:21,5,10,0,15
2024-06-30T14:49:59,5,10,0,15
2024-06-30T15:05:48,5,10,0,15
2024-06-30T15:21:29,5,10,0,15
2024-06-30T15:37:07,5,10,0,15
2024-06-30T15:52:44,5,10,0,15
2024-06-30T16:08:22,5,10,0,15
2024-06-30T16:24:01,5,10,0,15
2024-06-30T16:39:40,5,10,0,15
2024-06-30T16:55:28,5,10,0,15
2024-06-30T17:11:08,5,10,0,15
2024-06-30T17:26:45,5,10,0,15
2024-06-30T17:42:24,5,10,0,15
2024-06-30T17:58:02,5,10,0,15
2024-06-30T18:13:41,5,10,0,15
2024-06-30T18:29:19,5,10,0,15
2024-06-30T18:44:59,5,10,0,15
2024-06-30T19:00:47,5,10,0,15
2024-06-30T19:16:28,5,10,0,15
2024-06-30T19:32:05,5,10,0,15
2024-06-30T19:47:43,5,10,0,15
2024-06-30T20:03:21,5,10,0,15
2024-06-30T20:18:59,5,10,0,15
2024-06-30T20:34:38,5,10,0,15
2024-06-30T20:50:16,5,10,0,15
2024-06-30T21:06:04,5,10,0,15
2024-06-30T21:21:43,5,10,0,15
2024-06-30T21:37:25,5,10,0,15
2024-06-30T21:53:05,5,10,0,15
2024-06-30T22:08:45,5,10,0,15
2024-06-30T22:24:23,5,10,0,15
2024-06-30T22:40:13,5,10,0,15
2024-06-30T22:55:51,5,10,0,15
2024-06-30T23:11:30,5,10,0,15
2024-06-30T23:27:10,5,10,0,15
2024-06-30T23:42:50,5,10,0,15
2024-06-30T23:58:29,5,10,0,15
2024-07-01T00:14:13,5,10,0,15
2024-07-01T00:30:03,5,10,0,15
2024-07-01T00:45:56,5,10,0,15
2024-07-01T01:01:37,5,10,0,15
2024-07-01T01:17:24,5,10,0,15
2024-07-01T01:33:06,5,10,0,15
2024-07-01T01:48:46,5,10,0,15
2024-07-01T02:04:26,5,10,0,15
2024-07-01T02:20:06,5,10,0,15
2024-07-01T02:35:47,5,10,0,15
2024-07-01T02:51:27,5,10,0,15
2024-07-01T03:07:09,5,10,0,15
2024-07-01T03:22:52,5,10,0,15
2024-07-01T03:38:55,5,10,0,15
2024-07-01T03:54:36,5,10,0,15
2024-07-01T04:10:18,5,10,0,15
2024-07-01T04:30:44,5,10,0,15
2024-07-01T04:46:29,5,10,0,15
2024-07-01T05:02:14,5,10,0,15
2024-07-01T05:17:59,5,10,0,15
2024-07-01T05:33:43,5,10,0,15
2024-07-01T05:49:25,5,10,0,15
2024-07-01T06:05:09,5,10,0,15
2024-07-01T06:20:52,5,10,0,15
2024-07-01T06:36:33,5,10,0,15
2024-07-01T06:52:18,5,10,0,15
2024-07-01T07:07:59,5,10,0,15
2024-07-01T07:23:40,5,10,0,15
2024-07-01T07:39:21,5,10,0,15
2024-07-01T07:55:01,5,10,0,15
2024-07-01T08:10:42,5,10,0,15
2024-07-01T08:26:22,5,10,0,15
2024-07-01T08:42:10,5,10,0,15
2024-07-01T08:57:49,5,10,0,15
2024-07-01T09:13:27,5,10,0,15
2024-07-01T09:29:06,5,10,0,15
2024-07-01T09:44:47,5,10,0,15
2024-07-01T10:00:28,5,10,0,15
2024-07-01T10:16:08,5,10,0,15
2024-07-01T10:31:58,5,10,0,15
2024-07-01T10:47:37,5,10,0,15
2024-07-01T11:03:17,5,10,0,15
2024-07-01T11:18:56,5,10,0,15
2024-07-01T11:34:35,5,10,0,15
2024-07-01T11:50:24,5,10,0,15
2024-07-01T12:06:02,5,10,0,15
2024-07-01T12:21:41,5,10,0,15
2024-07-01T12:37:19,5,10,0,15
2024-07-01T12:52:57,5,10,0,15
2024-07-01T13:08:35,5,10,0,15
2024-07-01T13:24:24,5,10,0,15
2024-07-01T13:40:02,5,10,0,15
2024-07-01T13:55:41,5,10,0,15
2024-07-01T14:11:19,5,10,0,15
2024-07-01T14:26:57,5,10,0,15
2024-07-01T14:42:46,5,10,0,15
2024-07-01T14:58:24,5,10,0,15
2024-07-01T15:14:03,5,10,0,15
2024-07-01T15:29:42,5,10,0,15
2024-07-01T15:45:21,5,10,0,15
2024-07-01T16:00:59,5,10,0,15
2024-07-01T16:16:38,5,10,0,15
2024-07-01T16:32:28,5,10,0,15
2024-07-01T16:48:06,5,10,0,15
2024-07-01T17:03:44,5,10,0,15
2024-07-01T17:19:24,5,10,0,15
2024-07-01T17:35:02,5,10,0,15
2024-07-01T17:50:40,5,10,0,15
2024-07-01T18:06:18,5,10,0,15
2024-07-01T18:21:58,5,10,0,15
2024-07-01T18:37:46,5,10,0,15
2024-07-01T18:53:24,5,10,0,15
2024-07-01T19:09:03,5,10,0,15
2024-07-01T19:24:42,5,10,0,15
2024-07-01T19:40:21,5,10,0,15
2024-07-01T19:55:59,5,10,0,15
2024-07-01T20:11:37,5,10,0,15
2024-07-01T20:27:16,5,10,0,15
2024-07-01T20:42:55,5,10,0,15
2024-07-01T20:58:44,5,10,0,15
2024-07-01T21:14:23,5,10,0,15
2024-07-01T21:30:03,5,10,0,15
2024-07-01T21:45:42,5,10,0,15
2024-07-01T22:01:23,5,10,0,15
2024-07-01T22:17:02,5,10,0,15
2024-07-01T22:32:42,5,10,0,15
2024-07-01T22:48:20,5,10,0,15
2024-07-01T23:04:02,5,10,0,15
2024-07-01T23:19:53,5,10,0,15
2024-07-01T23:35:33,5,10,0,15
2024-07-01T23:51:13,5,10,0,15
2024-07-02T00:06:54,5,10,0,15
2024-07-02T00:22:38,5,10,0,15
2024-07-02T00:38:26,5,10,0,15
2024-07-02T00:54:22,5,10,0,15
2024-07-02T01:10:05,5,10,0,15
2024-07-02T01:25:46,5,10,0,15
2024-07-02T01:41:28,5,10,0,15
2024-07-02T01:57:09,5,10,0,15
2024-07-02T02:12:57,5,10,0,15
2024-07-02T02:28:38,5,10,0,15
2024-07-02T02:44:20,5,10,0,15
2024-07-02T02:59:59,5,10,0,15
2024-07-02T03:15:40,5,10,0,15
2024-07-02T03:31:22,5,10,0,15
2024-07-02T03:47:02,5,10,0,15
2024-07-02T04:02:42,5,10,0,15
2024-07-02T04:18:23,5,10,0,15
2024-07-02T04:37:45,5,10,0,15
2024-07-02T04:53:29,5,10,0,15
2024-07-02T05:10:38,5,10,0,15
2024-07-02T05:26:45,5,10,0,15
2024-07-02T05:42:28,5,10,0,15
2024-07-02T05:58:12,5,10,0,15
2024-07-02T06:13:56,5,10,0,15
2024-07-02T06:29:38,5,10,0,15
2024-07-02T06:45:19,5,10,0,15
2024-07-02T07:00:59,5,10,0,15
2024-07-02T07:16:45,5,10,0,15
2024-07-02T07:32:27,5,10,0,15
2024-07-02T07:48:09,5,10,0,15
2024-07-02T08:03:48,5,10,0,15
2024-07-02T08:19:50,5,10,0,15
2024-07-02T08:35:37,5,10,0,15
2024-07-02T08:51:24,5,10,0,15
2024-07-02T09:07:12,5,10,0,15
2024-07-02T09:22:54,5,10,0,15
2024-07-02T09:38:36,5,10,0,15
2024-07-02T09:54:17,5,10,0,15
2024-07-02T10:09:59,5,10,0,15
2024-07-02T10:25:41,5,10,0,15
2024-07-02T10:41:34,5,10,0,15
2024-07-02T10:57:15,5,10,0,15
2024-07-02T11:12:56,5,10,0,15
2024-07-02T11:28:37,5,10,0,15
2024-07-02T11:44:20,5,10,0,15
2024-07-02T12:00:26,5,10,0,15
2024-07-02T12:16:07,5,10,0,15
2024-07-02T12:31:47,5,10,0,15
2024-07-02T12:47:27,5,10,0,15
2024-07-02T13:03:05,5,10,0,15
2024-07-02T13:18:47,5,10,0,15
2024-07-02T13:34:39,5,10,0,15
2024-07-02T13:50:20,5,10,0,15
2024-07-02T14:06:01,5,10,0,15
2024-07-02T14:21:42,5,10,0,15
2024-07-02T14:37:40,5,10,0,15
2024-07-02T14:53:21,5,10,0,15
2024-07-02T15:09:00,5,10,0,15
2024-07-02T15:24:39,5,10,0,15
2024-07-02T15:40:19,5,10,0,15
2024-07-02T15:55:59,5,10,0,15
2024-07-02T16:11:57,5,10,0,15
2024-07-02T16:27:38,5,10,0,15
2024-07-02T16:43:17,5,10,0,15
2024-07-02T16:58:56,5,10,0,15
2024-07-02T17:14:37,5,10,0,15
2024-07-02T17:30:16,5,10,0,15
2024-07-02T17:46:06,5,10,0,15
2024-07-02T18:01:46,5,10,0,15
2024-07-02T18:17:26,5,10,0,15
2024-07-02T18:33:06,5,10,0,15
2024-07-02T18:48:45,5,10,0,15
2024-07-02T19:04:25,5,10,0,15
2024-07-02T19:20:05,5,10,0,15
2024-07-02T19:35:53,5,10,0,15
2024-07-02T19:51:32,5,10,0,15
2024-07-02T20:07:11,5,10,0,15
2024-07-02T20:22:51,5,10,0,15
2024-07-02T20:38:29,5,10,0,15
2024-07-02T20:54:09,5,10,0,15
2024-07-02T21:09:48,5,10,0,15
2024-07-02T21:25:26,5,10,0,15
2024-07-02T21:41:06,5,10,0,15
2024-07-02T21:57:08,5,10,0,15
2024-07-02T22:12:48,5,10,0,15
2024-07-02T22:28:28,5,10,0,15
2024-07-02T22:44:07,5,10,0,15
2024-07-02T22:59:47,5,10,0,15
2024-07-02T23:15:28,5,10,0,15
2024-07-02T23:31:08,5,10,0,15
2024-07-02T23:46:49,5,10,0,15
2024-07-03T00:02:40,5,10,0,15
2024-07-03T00:18:22,5,10,0,15
2024-07-03T00:34:07,5,10,0,15
2024-07-03T00:49:52,5,10,0,15
2024-07-03T01:05:36,5,10,0,15
2024-07-03T01:21:19,5,10,0,15
2024-07-03T01:37:04,5,10,0,15
2024-07-03T01:52:48,5,10,0,15
2024-07-03T02:08:32,5,10,0,15
2024-07-03T02:24:18,5,10,0,15
2024-07-03T02:40:17,5,10,0,15
2024-07-03T02:55:58,5,10,0,15
2024-07-03T03:11:38,5,10,0,15
2024-07-03T03:27:19,5,10,0,15
2024-07-03T03:43:13,5,10,0,15
2024-07-03T03:58:55,5,10,0,15
2024-07-03T04:30:03,5,10,0,15
2024-07-03T04:46:09,5,10,0,15
2024-07-03T05:01:54,5,10,0,15
2024-07-03T05:17:44,5,10,0,15
2024-07-03T05:33:28,5,10,0,15
2024-07-03T05:49:13,5,10,0,15
2024-07-03T06:04:55,5,10,0,15
2024-07-03T06:20:40,5,10,0,15
2024-07-03T06:36:23,5,10,0,15
2024-07-03T06:52:05,5,10,0,15
2024-07-03T07:07:49,5,10,0,15
2024-07-03T07:23:32,5,10,0,15
2024-07-03T07:39:16,5,10,0,15
2024-07-03T07:54:56,5,10,0,15
2024-07-03T08:10:40,5,10,0,15
2024-07-03T08:26:23,5,10,0,15
2024-07-03T08:42:20,5,10,0,15
2024-07-03T08:58:01,5,10,0,15
2024-07-03T09:13:42,5,10,0,15
2024-07-03T09:29:22,5,10,0,15
2024-07-03T09:45:02,5,10,0,15
2024-07-03T10:00:42,5,10,0,15
2024-07-04T04:34:00,5,10,0,15
2024-07-04T04:51:05,5,10,0,15
2024-07-04T05:07:42,5,10,0,15
2024-07-04T05:23:30,5,10,0,15
2024-07-04T05:39:13,5,10,0,15
2024-07-04T05:54:58,5,10,0,15
2024-07-04T06:10:40,5,10,0,15
2024-07-04T06:26:21,5,10,0,15
2024-07-04T06:42:02,5,10,0,15
2024-07-04T06:57:47,5,10,0,15
2024-07-04T07:13:32,5,10,0,15
2024-07-04T07:29:14,5,10,0,15
2024-07-04T07:44:56,5,10,0,15
2024-07-04T08:00:38,5,10,0,15
2024-07-04T08:16:22,5,10,0,15
2024-07-04T08:32:04,5,10,0,15
2024-07-04T08:47:47,5,10,0,15
2024-07-04T09:03:29,5,10,0,15
2024-07-04T09:19:11,5,10,0,15
2024-07-04T09:34:54,5,10,0,15
2024-07-04T09:50:38,5,10,0,15
2024-07-04T10:06:20,5,10,0,15
2024-07-04T10:22:02,5,10,0,15
2024-07-04T10:37:42,5,10,0,15
2024-07-04T10:53:22,5,10,0,15
2024-07-04T11:09:02,5,10,0,15
2024-07-04T11:24:41,5,10,0,15
2024-07-04T11:40:29,5,10,0,15
2024-07-04T11:56:08,5,10,0,15
2024-07-04T12:11:48,5,10,0,15
2024-07-04T12:27:27,5,10,0,15
2024-07-04T12:43:06,5,10,0,15
2024-07-04T12:58:46,5,10,0,15
2024-07-04T13:14:26,5,10,0,15
2024-07-04T13:30:05,5,10,0,15
2024-07-04T13:45:45,5,10,0,15
2024-07-04T14:01:24,5,10,0,15
2024-07-04T14:17:03,5,10,0,15
2024-07-04T14:32:43,5,10,0,15
2024-07-04T14:48:22,5,10,0,15
2024-07-04T15:04:01,5,10,0,15
2024-07-04T15:19:41,5,10,0,15
2024-07-04T15:35:30,5,10,0,15
2024-07-04T15:51:10,5,10,0,15
2024-07-04T16:06:49,5,10,0,15
2024-07-04T16:22:29,5,10,0,15
2024-07-04T16:38:08,5,10,0,15
2024-07-04T16:53:48,5,10,0,15
2024-07-04T17:09:28,5,10,0,15
2024-07-04T17:25:08,5,10,0,15
2024-07-04T17:40:48,5,10,0,15
2024-07-04T17:56:28,5,10,0,15
2024-07-04T18:12:09,5,10,0,15
2024-07-04T18:27:49,5,10,0,15
2024-07-04T18:43:27,5,10,0,15
2024-07-04T18:59:07,5,10,0,15
2024-07-04T19:14:48,5,10,0,15
2024-07-04T19:30:36,5,10,0,15
2024-07-04T19:46:16,5,10,0,15
2024-07-04T20:01:56,5,10,0,15
2024-07-04T20:17:36,5,10,0,15
2024-07-04T20:33:15,5,10,0,15
2024-07-04T20:48:55,5,10,0,15
2024-07-04T21:04:34,5,10,0,15
2024-07-04T21:20:17,5,10,0,15
2024-07-04T21:35:57,5,10,0,15
2024-07-04T21:51:39,5,10,0,15
2024-07-04T22:07:19,5,10,0,15
2024-07-04T22:22:59,5,10,0,15
2024-07-04T22:38:48,5,10,0,15
2024-07-04T22:54:27,5,10,0,15
2024-07-04T23:10:08,5,10,0,15
2024-07-04T23:25:48,5,10,0,15
2024-07-04T23:41:28,5,10,0,15
2024-07-04T23:57:08,5,10,0,15
2024-07-05T00:12:51,5,10,0,15
2024-07-05T00:28:43,5,10,0,15
2024-07-05T00:44:26,5,10,0,15
2024-07-05T01:00:09,5,10,0,15
2024-07-05T01:15:52,5,10,0,15
2024-07-05T01:31:36,5,10,0,15
2024-07-05T01:47:19,5,10,0,15
2024-07-05T02:03:02,5,10,0,15
2024-07-05T02:18:56,5,10,0,15
2024-07-05T02:34:52,5,10,0,15
2024-07-05T02:50:33,5,10,0,15
2024-07-05T03:06:15,5,10,0,15
2024-07-05T03:21:59,5,10,0,15
2024-07-05T03:37:41,5,10,0,15
2024-07-05T03:53:24,5,10,0,15
2024-07-05T04:26:18,5,10,0,15
2024-07-05T04:42:05,5,10,0,15
2024-07-05T04:57:50,5,10,0,15
2024-07-05T05:13:40,5,10,0,15
2024-07-05T05:29:24,5,10,0,15
2024-07-05T05:45:08,5,10,0,15
2024-07-05T06:00:52,5,10,0,15
2024-07-05T06:16:36,5,10,0,15
2024-07-05T06:32:19,5,10,0,15
2024-07-05T06:48:03,5,10,0,15
2024-07-05T07:03:47,5,10,0,15
2024-07-05T07:19:31,5,10,0,15
2024-07-05T07:35:14,5,10,0,15
2024-07-05T07:50:53,5,10,0,15
2024-07-05T08:06:32,5,10,0,15
2024-07-05T08:22:28,5,10,0,15
2024-07-05T08:38:09,5,10,0,15
2024-07-05T08:53:48,5,10,0,15
2024-07-05T09:09:29,5,10,0,15
2024-07-05T09:25:13,5,10,0,15
2024-07-05T09:40:58,5,10,0,15
2024-07-05T09:56:42,5,10,0,15
2024-07-05T10:12:26,5,10,0,15
2024-07-05T10:28:10,5,10,0,15
2024-07-05T10:43:54,5,10,0,15
2024-07-05T10:59:37,5,10,0,15
2024-07-05T11:15:21,5,10,0,15
2024-07-05T11:31:14,5,10,0,15
2024-07-05T11:46:58,5,10,0,15
2024-07-05T12:02:42,5,10,0,15
2024-07-05T12:18:26,5,10,0,15
2024-07-05T12:34:10,5,10,0,15
2024-07-05T12:49:53,5,10,0,15
2024-07-05T13:05:36,5,10,0,15
2024-07-05T13:21:20,5,10,0,15
2024-07-05T13:37:03,5,10,0,15
2024-07-05T13:52:47,5,10,0,15
2024-07-05T14:08:50,5,10,0,15
2024-07-05T14:24:35,5,10,0,15
2024-07-05T14:40:18,5,10,0,15
2024-07-05T14:56:02,5,10,0,15
2024-07-05T15:11:46,5,10,0,15
2024-07-05T15:27:29,5,10,0,15
2024-07-05T15:43:13,5,10,0,15
2024-07-05T15:58:57,5,10,0,15
2024-07-05T16:14:41,5,10,0,15
2024-07-05T16:30:25,5,10,0,15
2024-07-05T16:46:19,5,10,0,15
2024-07-05T17:02:03,5,10,0,15
2024-07-05T17:17:48,5,10,0,15
2024-07-05T17:33:31,5,10,0,15
2024-07-05T17:49:14,5,10,0,15
2024-07-05T18:04:57,5,10,0,15
2024-07-05T18:20:41,5,10,0,15
2024-07-05T18:36:25,5,10,0,15
2024-07-05T18:52:09,5,10,0,15
2024-07-05T19:07:53,5,10,0,15
2024-07-05T19:23:39,5,10,0,15
2024-07-05T19:39:23,5,10,0,15
2024-07-05T19:55:16,5,10,0,15
2024-07-05T20:11:00,5,10,0,15
2024-07-05T20:26:44,5,10,0,15
2024-07-05T20:42:28,5,10,0,15
2024-07-05T20:58:11,5,10,0,15
2024-07-05T21:13:55,5,10,0,15
2024-07-05T21:29:41,5,10,0,15
2024-07-05T21:45:25,5,10,0,15
2024-07-05T22:01:10,5,10,0,15
2024-07-05T22:16:54,5,10,0,15
2024-07-05T22:32:38,5,10,0,15
2024-07-05T22:48:21,5,10,0,15
2024-07-05T23:04:16,5,10,0,15
2024-07-05T23:20:01,5,10,0,15
2024-07-05T23:35:46,5,10,0,15
2024-07-05T23:51:30,5,10,0,15
2024-07-06T00:07:20,5,10,0,15
2024-07-06T00:23:12,5,10,0,15
2024-07-06T00:39:02,5,10,0,15
2024-07-06T00:54:50,5,10,0,15
2024-07-06T01:10:37,5,10,0,15
2024-07-06T01:26:23,5,10,0,15
2024-07-06T01:42:10,5,10,0,15
2024-07-06T01:57:59,5,10,0,15
2024-07-06T02:13:47,5,10,0,15
2024-07-06T02:29:43,5,10,0,15
2024-07-06T02:45:29,5,10,0,15
2024-07-06T03:01:13,5,10,0,15
2024-07-06T03:17:09,5,10,0,15
2024-07-06T03:32:56,5,10,0,15
2024-07-06T03:48:42,5,10,0,15
2024-07-06T04:04:29,5,10,0,15
2024-07-06T04:32:57,5,10,0,15
2024-07-06T04:50:15,5,10,0,15
2024-07-06T05:06:05,5,10,0,15
2024-07-06T05:21:52,5,10,0,15
2024-07-06T05:37:38,5,10,0,15
2024-07-06T05:53:23,5,10,0,15
2024-07-06T06:09:08,5,10,0,15
2024-07-06T06:24:54,5,10,0,15
2024-07-06T06:40:40,5,10,0,15
2024-07-06T06:56:26,5,10,0,15
2024-07-06T07:12:12,5,10,0,15
2024-07-06T07:28:00,5,10,0,15
2024-07-06T07:43:44,5,10,0,15
2024-07-06T07:59:29,5,10,0,15
2024-07-06T08:15:15,5,10,0,15
2024-07-06T08:31:01,5,10,0,15
2024-07-06T08:46:55,5,10,0,15
2024-07-06T09:02:41,5,10,0,15
2024-07-06T09:18:27,5,10,0,15
2024-07-06T09:34:13,5,10,0,15
2024-07-06T09:50:00,5,10,0,15
2024-07-06T10:05:45,5,10,0,15
2024-07-06T10:21:30,5,10,0,15
2024-07-06T10:37:17,5,10,0,15
2024-07-06T10:53:03,5,10,0,15
2024-07-06T11:08:49,5,10,0,15
2024-07-06T11:24:34,5,10,0,15
2024-07-06T11:40:19,5,10,0,15
2024-07-06T11:56:03,5,10,0,15
2024-07-06T12:11:59,5,10,0,15
2024-07-06T12:27:44,5,10,0,15
2024-07-06T12:43:29,5,10,0,15
2024-07-06T12:59:13,5,10,0,15
2024-07-06T13:14:58,5,10,0,15
2024-07-06T13:30:42,5,10,0,15
2024-07-06T13:46:25,5,10,0,15
2024-07-06T14:02:08,5,10,0,15
2024-07-06T14:17:51,5,10,0,15
2024-07-06T14:33:36,5,10,0,15
2024-07-06T14:49:20,5,10,0,15
2024-07-06T15:05:03,5,10,0,15
2024-07-06T15:20:47,5,10,0,15
2024-07-06T15:36:30,5,10,0,15
2024-07-06T15:52:23,5,10,0,15
2024-07-06T16:08:06,5,10,0,15
2024-07-06T16:23:50,5,10,0,15
2024-07-06T16:39:33,5,10,0,15
2024-07-06T16:55:16,5,10,0,15
2024-07-06T17:11:00,5,10,0,15
2024-07-06T17:26:44,5,10,0,15
2024-07-06T17:42:26,5,10,0,15
2024-07-06T17:58:09,5,10,0,15
2024-07-06T18:13:52,5,10,0,15
2024-07-06T18:29:36,5,10,0,15
2024-07-06T18:45:19,5,10,0,15
2024-07-06T19:01:02,5,10,0,15
2024-07-06T19:16:53,5,10,0,15
2024-07-06T19:32:37,5,10,0,15
2024-07-06T19:48:20,5,10,0,15
2024-07-06T20:04:05,5,10,0,15
2024-07-06T20:19:49,5,10,0,15
2024-07-06T20:35:32,5,10,0,15
2024-07-06T20:51:15,5,10,0,15
2024-07-06T21:07:00,5,10,0,15
2024-07-06T21:22:45,5,10,0,15
2024-07-06T21:38:29,5,10,0,15
2024-07-06T21:54:13,5,10,0,15
2024-07-06T22:09:57,5,10,0,15
2024-07-06T22:25:41,5,10,0,15
2024-07-06T22:41:24,5,10,0,15
2024-07-06T22:57:17,5,10,0,15
2024-07-06T23:13:02,5,10,0,15
2024-07-06T23:28:46,5,10,0,15
2024-07-06T23:44:29,5,10,0,15
2024-07-07T00:00:13,5,10,0,15
2024-07-07T00:16:03,5,10,0,15
2024-07-07T00:31:53,5,10,0,15
2024-07-07T00:47:39,5,10,0,15
2024-07-07T01:03:25,5,10,0,15
2024-07-07T01:19:10,5,10,0,15
2024-07-07T01:34:55,5,10,0,15
2024-07-07T01:50:40,5,10,0,15
2024-07-07T02:06:26,5,10,0,15
2024-07-07T02:22:11,5,10,0,15
2024-07-07T02:38:00,5,10,0,15
2024-07-07T02:53:44,5,10,0,15
2024-07-07T03:09:33,5,10,0,15
2024-07-07T03:25:17,5,10,0,15
2024-07-07T03:41:02,5,10,0,15
2024-07-07T03:56:51,5,10,0,15
2024-07-07T04:27:44,5,10,0,15
2024-07-07T04:47:02,5,10,0,15
2024-07-07T05:03:11,5,10,0,15
2024-07-07T05:19:02,5,10,0,15
2024-07-07T05:34:50,5,10,0,15
2024-07-07T05:50:37,5,10,0,15
2024-07-07T06:06:26,5,10,0,15
2024-07-07T06:22:16,5,10,0,15
2024-07-07T06:38:03,5,10,0,15
2024-07-07T06:53:50,5,10,0,15
2024-07-07T07:09:39,5,10,0,15
2024-07-07T07:25:28,5,10,0,15
2024-07-07T07:41:16,5,10,0,15
2024-07-07T07:57:03,5,10,0,15
2024-07-07T08:12:50,5,10,0,15
2024-07-07T08:28:38,5,10,0,15
2024-07-07T08:44:28,5,10,0,15
2024-07-07T09:00:15,5,10,0,15
2024-07-07T09:16:03,5,10,0,15
2024-07-07T09:32:00,5,10,0,15
2024-07-07T09:47:48,5,10,0,15
2024-07-07T10:03:34,5,10,0,15
2024-07-07T10:19:18,5,10,0,15
2024-07-07T10:35:01,5,10,0,15
2024-07-07T10:50:45,5,10,0,15
2024-07-07T11:06:28,5,10,0,15
2024-07-07T11:22:10,5,10,0,15
2024-07-07T11:37:53,5,10,0,15
2024-07-07T11:53:37,5,10,0,15
2024-07-07T12:09:20,5,10,0,15
2024-07-07T12:25:03,5,10,0,15
2024-07-07T12:40:47,5,10,0,15
2024-07-07T12:56:32,5,10,0,15
2024-07-07T13:12:16,5,10,0,15
2024-07-07T13:28:10,5,10,0,15
2024-07-07T13:43:54,5,10,0,15
2024-07-07T13:59:37,5,10,0,15
2024-07-07T14:15:20,5,10,0,15
2024-07-07T14:31:04,5,10,0,15
2024-07-07T14:46:47,5,10,0,15
2024-07-07T15:02:30,5,10,0,15
2024-07-07T15:18:13,5,10,0,15
2024-07-07T15:33:56,5,10,0,15
2024-07-07T15:49:40,5,10,0,15
2024-07-07T16:05:24,5,10,0,15
2024-07-07T16:21:08,5,10,0,15
2024-07-07T16:36:52,5,10,0,15
2024-07-07T16:52:44,5,10,0,15
2024-07-07T17:08:27,5,10,0,15
2024-07-07T17:24:11,5,10,0,15
2024-07-07T17:39:55,5,10,0,15
2024-07-07T17:55:39,5,10,0,15
2024-07-07T18:11:22,5,10,0,15
2024-07-07T18:27:06,5,10,0,15
2024-07-07T18:42:51,5,10,0,15
2024-07-07T18:58:34,5,10,0,15
2024-07-07T19:14:18,5,10,0,15
2024-07-07T19:30:03,5,10,0,15
2024-07-07T19:45:46,5,10,0,15
2024-07-07T20:01:30,5,10,0,15
2024-07-07T20:17:13,5,10,0,15
2024-07-07T20:32:57,5,10,0,15
2024-07-07T20:48:41,5,10,0,15
2024-07-07T21:04:34,5,10,0,15
2024-07-07T21:20:19,5,10,0,15
2024-07-07T21:36:03,5,10,0,15
2024-07-07T21:51:47,5,10,0,15
2024-07-07T22:07:31,5,10,0,15
2024-07-07T22:23:14,5,10,0,15
2024-07-07T22:38:59,5,10,0,15
2024-07-07T22:54:44,5,10,0,15
2024-07-07T23:10:30,5,10,0,15
2024-07-07T23:26:15,5,10,0,15
2024-07-07T23:41:59,5,10,0,15
2024-07-07T23:57:42,5,10,0,15
2024-07-08T00:13:34,5,10,0,15
2024-07-08T00:29:34,5,10,0,15
2024-07-08T00:45:23,5,10,0,15
2024-07-08T01:01:09,5,10,0,15
2024-07-08T01:17:08,5,10,0,15
2024-07-08T01:32:55,5,10,0,15
2024-07-08T01:48:43,5,10,0,15
2024-07-08T02:04:30,5,10,0,15
2024-07-08T02:20:18,5,10,0,15
2024-07-08T02:36:06,5,10,0,15
2024-07-08T02:52:01,5,10,0,15
2024-07-08T03:07:47,5,10,0,15
2024-07-08T03:23:35,5,10,0,15
2024-07-08T03:39:20,5,10,0,15
2024-07-08T03:55:06,5,10,0,15
2024-07-08T04:12:53,5,10,0,15
2024-07-08T04:33:34,5,10,0,15
2024-07-08T04:49:26,5,10,0,15
2024-07-08T05:05:16,5,10,0,15
2024-07-08T05:21:07,5,10,0,15
2024-07-08T05:36:56,5,10,0,15
2024-07-08T05:52:43,5,10,0,15
2024-07-08T06:08:31,5,10,0,15
2024-07-08T06:24:21,5,10,0,15
2024-07-08T06:40:09,5,10,0,15
2024-07-08T06:56:00,5,10,0,15
2024-07-08T07:11:48,5,10,0,15
2024-07-08T07:27:32,5,10,0,15
2024-07-08T07:43:16,5,10,0,15
2024-07-08T07:59:00,5,10,0,15
2024-07-08T08:14:43,5,10,0,15
2024-07-08T08:30:27,5,10,0,15
2024-07-08T08:46:16,5,10,0,15
2024-07-08T09:01:59,5,10,0,15
2024-07-08T09:17:43,5,10,0,15
2024-07-08T09:33:37,5,10,0,15
2024-07-08T09:49:21,5,10,0,15
2024-07-08T10:05:07,5,10,0,15
2024-07-08T10:20:51,5,10,0,15
2024-07-08T10:36:35,5,10,0,15
2024-07-08T10:52:20,5,10,0,15
2024-07-08T11:08:06,5,10,0,15
2024-07-08T11:24:00,5,10,0,15
2024-07-08T11:39:45,5,10,0,15
2024-07-08T11:55:30,5,10,0,15
2024-07-08T12:11:15,5,10,0,15
2024-07-08T12:27:00,5,10,0,15
2024-07-08T12:42:43,5,10,0,15
2024-07-08T12:58:29,5,10,0,15
2024-07-08T13:14:24,5,10,0,15
2024-07-08T13:30:09,5,10,0,15
2024-07-08T13:45:54,5,10,0,15
2024-07-08T14:01:39,5,10,0,15
2024-07-08T14:17:24,5,10,0,15
2024-07-08T14:33:08,5,10,0,15
2024-07-08T14:48:54,5,10,0,15
2024-07-08T15:04:40,5,10,0,15
2024-07-08T15:20:36,5,10,0,15
2024-07-08T15:36:21,5,10,0,15
2024-07-08T15:52:06,5,10,0,15
2024-07-08T16:07:52,5,10,0,15
2024-07-08T16:23:36,5,10,0,15
2024-07-08T16:39:20,5,10,0,15
2024-07-08T16:55:05,5,10,0,15
2024-07-08T17:10:50,5,10,0,15
2024-07-08T17:26:44,5,10,0,15
2024-07-08T17:42:28,5,10,0,15
2024-07-08T17:58:12,5,10,0,15
2024-07-08T18:13:56,5,10,0,15
2024-07-08T18:29:40,5,10,0,15
2024-07-08T18:45:25,5,10,0,15
2024-07-08T19:01:10,5,10,0,15
2024-07-08T19:16:56,5,10,0,15
2024-07-08T19:32:40,5,10,0,15
2024-07-08T19:48:25,5,10,0,15
2024-07-08T20:04:08,5,10,0,15
2024-07-08T20:19:53,5,10,0,15
2024-07-08T20:35:48,5,10,0,15
2024-07-08T20:51:32,5,10,0,15
2024-07-08T21:07:16,5,10,0,15
2024-07-08T21:23:05,5,10,0,15
2024-07-08T21:38:50,5,10,0,15
2024-07-08T21:54:40,5,10,0,15
2024-07-08T22:10:24,5,10,0,15
2024-07-08T22:26:10,5,10,0,15
2024-07-08T22:41:55,5,10,0,15
2024-07-08T22:57:39,5,10,0,15
2024-07-08T23:13:37,5,10,0,15
2024-07-08T23:30:01,5,10,0,15
2024-07-08T23:45:54,5,10,0,15
2024-07-09T00:01:34,5,10,0,15
2024-07-09T00:17:20,5,10,0,15
2024-07-09T00:33:09,5,10,0,15
2024-07-09T00:48:58,5,10,0,15
2024-07-09T01:04:41,5,10,0,15
2024-07-09T01:20:24,5,10,0,15
2024-07-09T01:36:08,5,10,0,15
2024-07-09T01:51:51,5,10,0,15
2024-07-09T02:07:35,5,10,0,15
2024-07-09T02:23:18,5,10,0,15
2024-07-09T02:39:00,5,10,0,15
2024-07-09T02:54:42,5,10,0,15
2024-07-09T03:10:23,5,10,0,15
2024-07-09T03:26:06,5,10,0,15
2024-07-09T03:41:48,5,10,0,15
2024-07-09T03:57:29,5,10,0,15
2024-07-09T04:30:48,5,10,0,15
2024-07-09T04:46:41,5,10,0,15
2024-07-09T05:02:27,5,10,0,15
2024-07-09T05:18:19,5,10,0,15
2024-07-09T05:34:03,5,10,0,15
2024-07-09T05:49:48,5,10,0,15
2024-07-09T06:05:30,5,10,0,15
2024-07-09T06:21:12,5,10,0,15
2024-07-09T06:36:55,5,10,0,15
2024-07-09T06:52:36,5,10,0,15
2024-07-09T07:08:21,5,10,0,15
2024-07-09T07:24:07,5,10,0,15
2024-07-09T07:39:50,5,10,0,15
2024-07-09T07:55:31,5,10,0,15
2024-07-09T08:11:14,5,10,0,15
2024-07-09T08:26:56,5,10,0,15
2024-07-09T08:42:38,5,10,0,15
2024-07-09T08:58:20,5,10,0,15
2024-07-09T09:14:04,5,10,0,15
2024-07-09T09:29:47,5,10,0,15
2024-07-09T09:45:36,5,10,0,15
2024-07-09T10:01:18,5,10,0,15
2024-07-09T10:16:59,5,10,0,15
2024-07-09T10:32:42,5,10,0,15
2024-07-09T10:48:23,5,10,0,15
2024-07-09T11:04:04,5,10,0,15
2024-07-09T11:19:46,5,10,0,15
2024-07-09T11:35:27,5,10,0,15
2024-07-09T11:51:08,5,10,0,15
2024-07-09T12:07:10,5,10,0,15
2024-07-09T12:22:50,5,10,0,15
2024-07-09T12:38:33,5,10,0,15
2024-07-09T12:54:15,5,10,0,15
2024-07-09T13:09:58,5,10,0,15
2024-07-09T13:25:38,5,10,0,15
2024-07-09T13:41:20,5,10,0,15
2024-07-09T13:57:03,5,10,0,15
2024-07-09T14:12:45,5,10,0,15
2024-07-09T14:28:27,5,10,0,15
2024-07-09T14:44:20,5,10,0,15
2024-07-09T15:00:00,5,10,0,15
2024-07-09T15:15:42,5,10,0,15
2024-07-09T15:31:24,5,10,0,15
2024-07-09T15:47:05,5,10,0,15
2024-07-09T16:02:47,5,10,0,15
2024-07-09T16:18:27,5,10,0,15
2024-07-09T16:34:26,5,10,0,15
2024-07-09T16:50:07,5,10,0,15
2024-07-09T17:05:47,5,10,0,15
2024-07-09T17:21:28,5,10,0,15
2024-07-09T17:37:08,5,10,0,15
2024-07-09T17:52:49,5,10,0,15
2024-07-09T18:08:30,5,10,0,15
2024-07-09T18:24:10,5,10,0,15
2024-07-09T18:39:50,5,10,0,15
2024-07-09T18:55:31,5,10,0,15
2024-07-09T19:11:11,5,10,0,15
2024-07-09T19:26:52,5,10,0,15
2024-07-09T19:42:42,5,10,0,15
2024-07-09T19:58:23,5,10,0,15
2024-07-09T20:14:03,5,10,0,15
2024-07-09T20:29:44,5,10,0,15
2024-07-09T20:45:25,5,10,0,15
2024-07-09T21:01:40,5,10,0,15
2024-07-09T21:18:19,5,10,0,15
2024-07-09T21:34:45,5,10,0,15
2024-07-09T21:51:25,5,10,0,15
2024-07-09T22:07:52,5,10,0,15
2024-07-09T22:24:08,5,10,0,15
2024-07-09T22:39:59,5,10,0,15
2024-07-09T22:55:49,5,10,0,15
2024-07-09T23:11:30,5,10,0,15
2024-07-09T23:27:11,5,10,0,15
2024-07-09T23:42:53,5,10,0,15
2024-07-09T23:58:36,5,10,0,15
2024-07-10T00:14:21,5,10,0,15
2024-07-10T00:30:15,5,10,0,15
2024-07-10T00:46:00,5,10,0,15
2024-07-10T01:01:44,5,10,0,15
2024-07-10T01:17:28,5,10,0,15
2024-07-10T01:33:13,5,10,0,15
2024-07-10T01:48:55,5,10,0,15
2024-07-10T02:04:39,5,10,0,15
2024-07-10T02:20:21,5,10,0,15
2024-07-10T02:36:24,5,10,0,15
2024-07-10T02:52:06,5,10,0,15
2024-07-10T03:07:48,5,10,0,15
2024-07-10T03:23:35,5,10,0,15
2024-07-10T03:39:19,5,10,0,15
2024-07-10T03:55:02,5,10,0,15
2024-07-10T04:10:46,5,10,0,15
2024-07-10T04:36:34,5,10,0,15
2024-07-10T04:52:26,5,10,0,15
2024-07-10T05:08:19,5,10,0,15
2024-07-10T05:25:47,5,10,0,15
2024-07-10T05:41:32,5,10,0,15
2024-07-10T05:57:16,5,10,0,15
2024-07-11T05:15:29,5,10,0,15
2024-07-11T05:31:18,5,10,0,15
2024-07-11T05:47:35,5,10,0,15
2024-07-11T06:03:37,5,10,0,15
2024-07-11T06:19:32,5,10,0,15
2024-07-11T06:36:53,5,10,0,15
2024-07-11T07:02:47,5,10,0,15
2024-07-11T07:26:13,5,10,0,15
2024-07-11T07:47:35,5,10,0,15
2024-07-11T08:06:58,5,10,0,15
2024-07-11T08:22:50,5,10,0,15
2024-07-11T08:38:52,5,10,0,15
2024-07-11T08:54:44,5,10,0,15
2024-07-11T09:10:29,5,10,0,15
2024-07-11T09:26:13,5,10,0,15
2024-07-11T09:42:07,5,10,0,15
2024-07-11T09:58:17,5,10,0,15
2024-07-11T10:14:11,5,10,0,15
2024-07-11T10:30:08,5,10,0,15
2024-07-11T10:46:02,5,10,0,15
2024-07-11T11:02:03,5,10,0,15
2024-07-11T11:17:57,5,10,0,15
2024-07-11T11:33:43,5,10,0,15
2024-07-11T11:49:36,5,10,0,15
2024-07-11T12:05:43,5,10,0,15
2024-07-11T12:21:26,5,10,0,15
2024-07-11T12:37:16,5,10,0,15
2024-07-11T12:53:00,5,10,0,15
2024-07-11T13:08:59,5,10,0,15
2024-07-11T13:24:43,5,10,0,15
2024-07-11T13:40:27,5,10,0,15
2024-07-11T13:56:27,5,10,0,15
2024-07-11T14:12:11,5,10,0,15
2024-07-11T14:28:03,5,10,0,15
2024-07-11T14:43:45,5,10,0,15
2024-07-11T14:59:38,5,10,0,15
2024-07-11T15:15:20,5,10,0,15
2024-07-11T15:31:03,5,10,0,15
2024-07-11T15:46:58,5,10,0,15
2024-07-11T16:02:41,5,10,0,15
2024-07-11T16:18:35,5,10,0,15
2024-07-11T16:34:18,5,10,0,15
2024-07-11T16:50:09,5,10,0,15
2024-07-11T17:05:53,5,10,0,15
2024-07-11T17:21:36,5,10,0,15
2024-07-11T17:37:29,5,10,0,15
2024-07-11T17:53:12,5,10,0,15
2024-07-11T18:09:14,5,10,0,15
2024-07-11T18:24:56,5,10,0,15
2024-07-11T18:40:47,5,10,0,15
2024-07-11T18:56:29,5,10,0,15
2024-07-11T19:12:36,5,10,0,15
2024-07-11T19:28:19,5,10,0,15
2024-07-11T19:44:12,5,10,0,15
2024-07-11T19:59:56,5,10,0,15
2024-07-11T20:15:39,5,10,0,15
2024-07-11T20:31:30,5,10,0,15
2024-07-11T20:47:13,5,10,0,15
2024-07-11T21:02:57,5,10,0,15
2024-07-11T21:18:58,5,10,0,15
2024-07-11T21:34:41,5,10,0,15
2024-07-11T21:50:40,5,10,0,15
2024-07-11T22:06:23,5,10,0,15
2024-07-11T22:22:07,5,10,0,15
2024-07-11T22:37:58,5,10,0,15
2024-07-11T22:53:40,5,10,0,15
2024-07-11T23:09:40,5,10,0,15
2024-07-11T23:25:25,5,10,0,15
2024-07-11T23:41:10,5,10,0,15
2024-07-11T23:57:11,5,10,0,15
2024-07-12T00:12:57,5,10,0,15
2024-07-12T00:28:56,5,10,0,15
2024-07-12T00:44:43,5,10,0,15
2024-07-12T01:00:31,5,10,0,15
2024-07-12T01:16:43,5,10,0,15
2024-07-12T01:32:38,5,10,0,15
2024-07-12T01:48:25,5,10,0,15
2024-07-12T02:04:22,5,10,0,15
2024-07-12T02:20:10,5,10,0,15
2024-07-12T02:36:13,5,10,0,15
2024-07-12T02:52:05,5,10,0,15
2024-07-12T03:08:05,5,10,0,15
2024-07-12T03:24:03,5,10,0,15
2024-07-12T03:39:49,5,10,0,15
2024-07-12T03:55:35,5,10,0,15
2024-07-12T04:11:45,5,10,0,15
2024-07-12T04:37:45,5,10,0,15
2024-07-12T04:55:05,5,10,0,15
2024-07-12T05:10:57,5,10,0,15
2024-07-12T05:26:55,5,10,0,15
2024-07-12T05:42:42,5,10,0,15
2024-07-12T05:58:37,5,10,0,15
2024-07-12T06:14:24,5,10,0,15
2024-07-12T06:30:10,5,10,0,15
2024-07-12T06:46:04,5,10,0,15
2024-07-12T07:01:50,5,10,0,15
2024-07-12T07:17:38,5,10,0,15
2024-07-12T07:33:33,5,10,0,15
2024-07-12T07:49:17,5,10,0,15
2024-07-12T08:05:02,5,10,0,15
2024-07-12T08:20:54,5,10,0,15
2024-07-12T08:36:38,5,10,0,15
2024-07-12T08:52:28,5,10,0,15
2024-07-12T09:08:11,5,10,0,15
2024-07-12T09:23:54,5,10,0,15
2024-07-12T09:39:45,5,10,0,15
2024-07-12T09:55:28,5,10,0,15
2024-07-12T10:11:10,5,10,0,15
2024-07-12T10:27:00,5,10,0,15
2024-07-12T10:42:44,5,10,0,15
2024-07-12T10:58:36,5,10,0,15
2024-07-12T11:14:19,5,10,0,15
2024-07-12T11:30:02,5,10,0,15
2024-07-12T11:45:55,5,10,0,15
2024-07-12T12:01:39,5,10,0,15
2024-07-12T12:17:21,5,10,0,15
2024-07-12T12:33:12,5,10,0,15
2024-07-12T12:48:54,5,10,0,15
2024-07-12T13:04:45,5,10,0,15
2024-07-12T13:20:26,5,10,0,15
2024-07-12T13:36:16,5,10,0,15
2024-07-12T13:51:57,5,10,0,15
2024-07-12T14:07:37,5,10,0,15
2024-07-12T14:23:26,5,10,0,15
2024-07-12T14:39:08,5,10,0,15
2024-07-12T14:54:58,5,10,0,15
2024-07-12T15:10:40,5,10,0,15
2024-07-12T15:26:22,5,10,0,15
2024-07-12T15:42:13,5,10,0,15
2024-07-12T15:57:54,5,10,0,15
2024-07-12T16:13:46,5,10,0,15
2024-07-12T16:29:26,5,10,0,15
2024-07-12T16:45:07,5,10,0,15
2024-07-12T17:00:57,5,10,0,15
2024-07-12T17:16:40,5,10,0,15
2024-07-12T17:32:31,5,10,0,15
2024-07-12T17:48:12,5,10,0,15
2024-07-12T18:03:54,5,10,0,15
2024-07-12T18:19:45,5,10,0,15
2024-07-12T18:35:25,5,10,0,15
2024-07-12T18:51:16,5,10,0,15
2024-07-12T19:06:58,5,10,0,15
2024-07-12T19:22:39,5,10,0,15
2024-07-12T19:38:29,5,10,0,15
2024-07-12T19:54:10,5,10,0,15
2024-07-12T20:10:01,5,10,0,15
2024-07-12T20:25:42,5,10,0,15
2024-07-12T20:41:32,5,10,0,15
2024-07-12T20:57:15,5,10,0,15
2024-07-12T21:12:57,5,10,0,15
2024-07-12T21:28:48,5,10,0,15
2024-07-12T21:44:30,5,10,0,15
2024-07-12T22:00:12,5,10,0,15
2024-07-12T22:16:03,5,10,0,15
2024-07-12T22:31:45,5,10,0,15
2024-07-12T22:47:28,5,10,0,15
2024-07-12T23:03:20,5,10,0,15
2024-07-12T23:19:03,5,10,0,15
2024-07-12T23:34:54,5,10,0,15
2024-07-12T23:50:36,5,10,0,15
2024-07-13T00:06:23,5,10,0,15
2024-07-13T00:22:25,5,10,0,15
2024-07-13T00:38:16,5,10,0,15
2024-07-13T00:54:04,5,10,0,15
2024-07-13T01:09:48,5,10,0,15
2024-07-13T01:25:33,5,10,0,15
2024-07-13T01:41:20,5,10,0,15
2024-07-13T01:57:15,5,10,0,15
2024-07-13T02:13:01,5,10,0,15
2024-07-13T02:28:44,5,10,0,15
2024-07-13T02:44:39,5,10,0,15
2024-07-13T03:00:30,5,10,0,15
2024-07-13T03:16:26,5,10,0,15
2024-07-13T03:32:10,5,10,0,15
2024-07-13T03:47:52,5,10,0,15
2024-07-13T04:03:46,5,10,0,15
2024-07-13T04:35:54,5,10,0,15
2024-07-13T04:51:40,5,10,0,15
2024-07-13T05:07:26,5,10,0,15
2024-07-13T05:23:34,5,10,0,15
2024-07-13T05:39:22,5,10,0,15
2024-07-13T05:55:13,5,10,0,15
2024-07-13T06:10:57,5,10,0,15
2024-07-13T06:26:42,5,10,0,15
2024-07-13T06:42:34,5,10,0,15
2024-07-13T06:58:17,5,10,0,15
2024-07-13T07:14:02,5,10,0,15
2024-07-13T07:29:54,5,10,0,15
2024-07-13T07:45:38,5,10,0,15
2024-07-13T08:01:30,5,10,0,15
2024-07-13T08:17:13,5,10,0,15
2024-07-13T08:32:57,5,10,0,15
2024-07-13T08:48:48,5,10,0,15
2024-07-13T09:04:31,5,10,0,15
2024-07-13T09:20:15,5,10,0,15
2024-07-13T09:36:07,5,10,0,15
2024-07-13T09:51:52,5,10,0,15
2024-07-13T10:07:44,5,10,0,15
2024-07-13T10:23:28,5,10,0,15
2024-07-13T10:39:12,5,10,0,15
2024-07-13T10:55:02,5,10,0,15
2024-07-13T11:10:45,5,10,0,15
2024-07-13T11:26:35,5,10,0,15
2024-07-13T11:42:18,5,10,0,15
2024-07-13T11:58:01,5,10,0,15
2024-07-13T12:13:51,5,10,0,15
2024-07-13T12:29:34,5,10,0,15
2024-07-13T12:45:16,5,10,0,15
2024-07-13T13:01:07,5,10,0,15
2024-07-13T13:16:48,5,10,0,15
2024-07-13T13:32:37,5,10,0,15
2024-07-13T13:48:18,5,10,0,15
2024-07-13T14:03:58,5,10,0,15
2024-07-13T14:19:47,5,10,0,15
2024-07-13T14:35:28,5,10,0,15
2024-07-13T14:51:17,5,10,0,15
2024-07-13T15:06:58,5,10,0,15
2024-07-13T15:22:38,5,10,0,15
2024-07-13T15:38:27,5,10,0,15
2024-07-13T15:54:07,5,10,0,15
2024-07-13T16:09:48,5,10,0,15
2024-07-13T16:25:36,5,10,0,15
2024-07-13T16:41:16,5,10,0,15
2024-07-13T16:57:05,5,10,0,15
2024-07-13T17:12:46,5,10,0,15
2024-07-13T17:28:27,5,10,0,15
2024-07-13T17:44:17,5,10,0,15
2024-07-13T17:59:57,5,10,0,15
2024-07-13T18:15:46,5,10,0,15
2024-07-13T18:31:27,5,10,0,15
2024-07-13T18:47:08,5,10,0,15
2024-07-13T19:02:57,5,10,0,15
2024-07-13T19:18:37,5,10,0,15
2024-07-13T19:34:26,5,10,0,15
2024-07-13T19:50:07,5,10,0,15
2024-07-13T20:05:49,5,10,0,15
2024-07-13T20:21:40,5,10,0,15
2024-07-13T20:37:21,5,10,0,15
2024-07-13T20:53:02,5,10,0,15
2024-07-13T21:08:51,5,10,0,15
2024-07-13T21:24:32,5,10,0,15
2024-07-13T21:40:22,5,10,0,15
2024-07-13T21:56:03,5,10,0,15
2024-07-13T22:11:54,5,10,0,15
2024-07-13T22:27:35,5,10,0,15
2024-07-13T22:43:16,5,10,0,15
2024-07-13T22:59:05,5,10,0,15
2024-07-13T23:14:48,5,10,0,15
2024-07-13T23:30:38,5,10,0,15
2024-07-13T23:46:19,5,10,0,15
2024-07-14T00:02:10,5,10,0,15
2024-07-14T00:18:00,5,10,0,15
2024-07-14T00:33:49,5,10,0,15
2024-07-14T00:49:43,5,10,0,15
2024-07-14T01:05:28,5,10,0,15
2024-07-14T01:21:11,5,10,0,15
2024-07-14T01:37:05,5,10,0,15
2024-07-14T01:52:50,5,10,0,15
2024-07-14T02:08:35,5,10,0,15
2024-07-14T02:24:29,5,10,0,15
2024-07-14T02:40:25,5,10,0,15
2024-07-14T02:56:08,5,10,0,15
2024-07-14T03:12:02,5,10,0,15
2024-07-14T03:27:47,5,10,0,15
2024-07-14T03:43:30,5,10,0,15
2024-07-14T03:59:24,5,10,0,15
2024-07-14T04:15:10,5,10,0,15
2024-07-14T04:37:02,5,10,0,15
2024-07-14T04:52:50,5,10,0,15
2024-07-14T05:08:45,5,10,0,15
2024-07-14T05:24:29,5,10,0,15
2024-07-14T05:40:14,5,10,0,15
2024-07-14T05:56:11,5,10,0,15
2024-07-14T06:11:58,5,10,0,15
2024-07-14T06:27:42,5,10,0,15
2024-07-14T06:43:35,5,10,0,15
2024-07-14T06:59:17,5,10,0,15
2024-07-14T07:15:09,5,10,0,15
2024-07-14T07:30:52,5,10,0,15
2024-07-14T07:46:35,5,10,0,15
2024-07-14T08:02:25,5,10,0,15
2024-07-14T08:18:07,5,10,0,15
2024-07-14T08:33:54,5,10,0,15
2024-07-14T08:49:50,5,10,0,15
2024-07-14T09:05:35,5,10,0,15
2024-07-14T09:21:20,5,10,0,15
2024-07-14T09:37:10,5,10,0,15
2024-07-14T09:52:54,5,10,0,15
2024-07-14T10:08:39,5,10,0,15
2024-07-14T10:24:36,5,10,0,15
2024-07-14T10:40:20,5,10,0,15
2024-07-14T10:56:10,5,10,0,15
2024-07-14T11:11:52,5,10,0,15
2024-07-14T11:27:33,5,10,0,15
2024-07-14T11:43:22,5,10,0,15
2024-07-14T11:59:03,5,10,0,15
2024-07-14T12:14:58,5,10,0,15
2024-07-14T12:30:40,5,10,0,15
2024-07-14T12:46:22,5,10,0,15
2024-07-14T13:02:11,5,10,0,15
2024-07-14T13:17:53,5,10,0,15
2024-07-14T13:33:34,5,10,0,15
2024-07-14T13:49:30,5,10,0,15
2024-07-14T14:05:13,5,10,0,15
2024-07-14T14:21:02,5,10,0,15
2024-07-14T14:36:43,5,10,0,15
2024-07-14T14:52:24,5,10,0,15
2024-07-14T15:08:14,5,10,0,15
2024-07-14T15:23:56,5,10,0,15
2024-07-14T15:39:38,5,10,0,15
2024-07-14T15:55:32,5,10,0,15
2024-07-14T16:11:14,5,10,0,15
2024-07-14T16:27:07,5,10,0,15
2024-07-14T16:42:49,5,10,0,15
2024-07-14T16:58:31,5,10,0,15
2024-07-14T17:14:22,5,10,0,15
2024-07-14T17:30:04,5,10,0,15
2024-07-14T17:45:46,5,10,0,15
2024-07-14T18:01:35,5,10,0,15
2024-07-14T18:17:17,5,10,0,15
2024-07-14T18:33:08,5,10,0,15
2024-07-14T18:48:51,5,10,0,15
2024-07-14T19:04:36,5,10,0,15
2024-07-14T19:20:36,5,10,0,15
2024-07-14T19:36:21,5,10,0,15
2024-07-14T19:52:14,5,10,0,15
2024-07-14T20:07:59,5,10,0,15
2024-07-14T20:23:41,5,10,0,15
2024-07-14T20:39:37,5,10,0,15
2024-07-14T20:55:19,5,10,0,15
2024-07-14T21:11:11,5,10,0,15
2024-07-14T21:26:55,5,10,0,15
2024-07-14T21:42:38,5,10,0,15
2024-07-14T21:58:41,5,10,0,15
2024-07-14T22:14:24,5,10,0,15
2024-07-14T22:30:15,5,10,0,15
2024-07-14T22:45:57,5,10,0,15
2024-07-14T23:01:39,5,10,0,15
2024-07-14T23:17:31,5,10,0,15
2024-07-14T23:33:13,5,10,0,15
2024-07-14T23:48:56,5,10,0,15
2024-07-15T00:04:50,5,10,0,15
2024-07-15T00:20:38,5,10,0,15
2024-07-15T00:36:38,5,10,0,15
2024-07-15T00:52:26,5,10,0,15
2024-07-15T01:08:21,5,10,0,15
2024-07-15T01:24:18,5,10,0,15
2024-07-15T01:40:04,5,10,0,15
2024-07-15T01:55:49,5,10,0,15
2024-07-15T02:11:43,5,10,0,15
2024-07-15T02:27:38,5,10,0,15
2024-07-15T02:43:23,5,10,0,15
2024-07-15T02:59:14,5,10,0,15
2024-07-15T03:15:00,5,10,0,15
2024-07-15T03:30:43,5,10,0,15
2024-07-15T03:46:37,5,10,0,15
2024-07-15T04:02:22,5,10,0,15
2024-07-15T04:23:39,5,10,0,15
2024-07-15T04:40:54,5,10,0,15
2024-07-15T04:56:43,5,10,0,15
2024-07-15T05:12:43,5,10,0,15
2024-07-15T05:28:30,5,10,0,15
2024-07-15T05:44:23,5,10,0,15
2024-07-15T06:00:09,5,10,0,15
2024-07-15T06:15:54,5,10,0,15
2024-07-15T06:31:48,5,10,0,15
2024-07-15T06:47:33,5,10,0,15
2024-07-15T07:03:17,5,10,0,15
2024-07-15T07:19:17,5,10,0,15
2024-07-15T07:34:59,5,10,0,15
2024-07-15T07:50:41,5,10,0,15
2024-07-15T08:06:31,5,10,0,15
2024-07-15T08:22:14,5,10,0,15
2024-07-15T08:37:58,5,10,0,15
2024-07-15T08:53:53,5,10,0,15
2024-07-15T09:09:36,5,10,0,15
2024-07-15T09:25:26,5,10,0,15
2024-07-15T09:41:07,5,10,0,15
2024-07-15T09:56:49,5,10,0,15
2024-07-15T10:12:32,5,10,0,15
2024-07-15T10:28:14,5,10,0,15
2024-07-15T10:43:56,5,10,0,15
2024-07-15T10:59:49,5,10,0,15
2024-07-15T11:15:32,5,10,0,15
2024-07-15T11:31:22,5,10,0,15
2024-07-15T11:47:05,5,10,0,15
2024-07-15T12:03:03,5,10,0,15
2024-07-15T12:18:45,5,10,0,15
2024-07-15T12:34:27,5,10,0,15
2024-07-15T12:50:19,5,10,0,15
2024-07-15T13:06:02,5,10,0,15
2024-07-15T13:21:56,5,10,0,15
2024-07-15T13:37:39,5,10,0,15
2024-07-15T13:53:22,5,10,0,15
2024-07-15T14:09:14,5,10,0,15
2024-07-15T14:24:56,5,10,0,15
2024-07-15T14:40:55,5,10,0,15
2024-07-15T14:56:38,5,10,0,15
2024-07-15T15:12:29,5,10,0,15
2024-07-15T15:28:12,5,10,0,15
2024-07-15T15:44:03,5,10,0,15
2024-07-15T15:59:46,5,10,0,15
2024-07-15T16:15:29,5,10,0,15
2024-07-15T16:31:12,5,10,0,15
2024-07-15T16:46:54,5,10,0,15
2024-07-15T17:02:38,5,10,0,15
2024-07-15T17:18:38,5,10,0,15
2024-07-15T17:34:20,5,10,0,15
2024-07-15T17:50:02,5,10,0,15
2024-07-15T18:05:45,5,10,0,15
2024-07-15T18:21:28,5,10,0,15
2024-07-15T18:37:10,5,10,0,15
2024-07-15T18:52:52,5,10,0,15
2024-07-15T19:08:34,5,10,0,15
2024-07-15T19:24:18,5,10,0,15
2024-07-15T19:40:00,5,10,0,15
2024-07-15T19:55:43,5,10,0,15
2024-07-15T20:11:35,5,10,0,15
2024-07-15T20:27:18,5,10,0,15
2024-07-15T20:43:02,5,10,0,15
2024-07-15T20:58:44,5,10,0,15
2024-07-15T21:14:29,5,10,0,15
2024-07-15T21:30:11,5,10,0,15
2024-07-15T21:45:54,5,10,0,15
2024-07-15T22:01:48,5,10,0,15
2024-07-15T22:17:31,5,10,0,15
2024-07-15T22:33:14,5,10,0,15
2024-07-15T22:48:57,5,10,0,15
2024-07-15T23:05:01,5,10,0,15
2024-07-15T23:20:44,5,10,0,15
2024-07-15T23:36:28,5,10,0,15
2024-07-15T23:52:11,5,10,0,15
2024-07-16T00:07:57,5,10,0,15
2024-07-16T00:23:43,5,10,0,15
2024-07-16T00:39:52,5,10,0,15
2024-07-16T00:55:41,5,10,0,15
2024-07-16T01:11:28,5,10,0,15
2024-07-16T01:27:13,5,10,0,15
2024-07-16T01:42:59,5,10,0,15
2024-07-16T01:58:44,5,10,0,15
2024-07-16T02:14:38,5,10,0,15
2024-07-16T02:30:23,5,10,0,15
2024-07-16T02:46:09,5,10,0,15
2024-07-16T03:01:53,5,10,0,15
2024-07-16T03:17:47,5,10,0,15
2024-07-16T03:33:31,5,10,0,15
2024-07-16T03:49:14,5,10,0,15
2024-07-16T04:04:58,5,10,0,15
2024-07-16T04:23:57,5,10,0,15
2024-07-16T04:40:05,5,10,0,15
2024-07-16T04:55:58,5,10,0,15
2024-07-16T05:11:47,5,10,0,15
2024-07-16T05:27:35,5,10,0,15
2024-07-16T05:43:24,5,10,0,15
2024-07-16T05:59:11,5,10,0,15
2024-07-16T06:14:57,5,10,0,15
2024-07-16T06:30:43,5,10,0,15
2024-07-16T06:46:28,5,10,0,15
2024-07-16T07:02:18,5,10,0,15
2024-07-16T07:18:10,5,10,0,15
2024-07-16T07:33:55,5,10,0,15
2024-07-16T07:49:39,5,10,0,15
2024-07-16T08:05:24,5,10,0,15
2024-07-16T08:21:09,5,10,0,15
2024-07-16T08:36:55,5,10,0,15
2024-07-16T08:52:48,5,10,0,15
2024-07-16T09:08:33,5,10,0,15
2024-07-16T09:24:18,5,10,0,15
2024-07-16T09:40:04,5,10,0,15
2024-07-16T09:55:48,5,10,0,15
2024-07-16T10:11:31,5,10,0,15
2024-07-16T10:27:15,5,10,0,15
2024-07-16T10:42:57,5,10,0,15
2024-07-16T10:58:40,5,10,0,15
2024-07-16T11:14:33,5,10,0,15
2024-07-16T11:30:16,5,10,0,15
2024-07-16T11:45:59,5,10,0,15
2024-07-16T12:01:41,5,10,0,15
2024-07-16T12:17:22,5,10,0,15
2024-07-16T12:33:05,5,10,0,15
2024-07-16T12:48:48,5,10,0,15
2024-07-16T13:04:32,5,10,0,15
2024-07-16T13:20:15,5,10,0,15
2024-07-16T13:36:09,5,10,0,15
2024-07-16T13:51:52,5,10,0,15
2024-07-16T14:07:36,5,10,0,15
2024-07-16T14:23:19,5,10,0,15
2024-07-16T14:39:04,5,10,0,15
2024-07-16T14:54:48,5,10,0,15
2024-07-16T15:10:31,5,10,0,15
2024-07-16T15:26:15,5,10,0,15
2024-07-16T15:41:58,5,10,0,15
2024-07-16T15:57:44,5,10,0,15
2024-07-16T16:13:37,5,10,0,15
2024-07-16T16:29:21,5,10,0,15
2024-07-16T16:45:05,5,10,0,15
2024-07-16T17:00:48,5,10,0,15
2024-07-16T17:16:33,5,10,0,15
2024-07-16T17:32:18,5,10,0,15
2024-07-16T17:48:01,5,10,0,15
2024-07-16T18:03:46,5,10,0,15
2024-07-16T18:19:29,5,10,0,15
2024-07-16T18:35:13,5,10,0,15
2024-07-16T18:50:56,5,10,0,15
2024-07-16T19:06:49,5,10,0,15
2024-07-16T19:22:33,5,10,0,15
2024-07-16T19:38:16,5,10,0,15
2024-07-16T19:53:59,5,10,0,15
2024-07-16T20:09:42,5,10,0,15
2024-07-16T20:25:25,5,10,0,15
2024-07-16T20:41:09,5,10,0,15
2024-07-16T20:56:52,5,10,0,15
2024-07-16T21:12:35,5,10,0,15
2024-07-16T21:28:20,5,10,0,15
2024-07-16T21:44:04,5,10,0,15
2024-07-16T22:00:05,5,10,0,15
2024-07-16T22:15:49,5,10,0,15
2024-07-16T22:31:34,5,10,0,15
2024-07-16T22:47:18,5,10,0,15
2024-07-16T23:03:01,5,10,0,15
2024-07-16T23:18:45,5,10,0,15
2024-07-16T23:34:29,5,10,0,15
2024-07-16T23:50:13,5,10,0,15
2024-07-17T00:05:58,5,10,0,15
2024-07-17T00:21:46,5,10,0,15
2024-07-17T00:37:34,5,10,0,15
2024-07-17T00:53:23,5,10,0,15
2024-07-17T01:09:10,5,10,0,15
2024-07-17T01:24:58,5,10,0,15
2024-07-17T01:40:46,5,10,0,15
2024-07-17T01:56:34,5,10,0,15
2024-07-17T02:12:21,5,10,0,15
2024-07-17T02:28:18,5,10,0,15
2024-07-17T02:44:07,5,10,0,15
2024-07-17T02:59:54,5,10,0,15
2024-07-17T03:15:43,5,10,0,15
2024-07-17T03:31:31,5,10,0,15
2024-07-17T03:47:17,5,10,0,15
2024-07-17T04:03:04,5,10,0,15
2024-07-17T04:23:37,5,10,0,15
2024-07-17T04:39:28,5,10,0,15
2024-07-17T04:55:16,5,10,0,15
2024-07-17T05:11:05,5,10,0,15
2024-07-17T05:26:52,5,10,0,15
2024-07-17T05:44:11,5,10,0,15
2024-07-17T06:00:07,5,10,0,15
2024-07-17T06:15:57,5,10,0,15
2024-07-17T06:31:44,5,10,0,15
2024-07-17T06:47:31,5,10,0,15
2024-07-17T07:03:17,5,10,0,15
2024-07-17T07:19:06,5,10,0,15
2024-07-17T07:34:57,5,10,0,15
2024-07-17T07:50:42,5,10,0,15
2024-07-17T08:06:31,5,10,0,15
2024-07-17T08:22:14,5,10,0,15
2024-07-17T08:37:59,5,10,0,15
2024-07-17T08:53:44,5,10,0,15
2024-07-17T09:09:29,5,10,0,15
2024-07-17T09:25:22,5,10,0,15
2024-07-17T09:41:06,5,10,0,15
2024-07-17T09:56:50,5,10,0,15
2024-07-17T10:12:33,5,10,0,15
2024-07-17T10:28:18,5,10,0,15
2024-07-17T10:44:04,5,10,0,15
2024-07-17T10:59:49,5,10,0,15
2024-07-17T11:15:36,5,10,0,15
2024-07-17T11:31:22,5,10,0,15
2024-07-17T11:47:06,5,10,0,15
2024-07-17T12:02:50,5,10,0,15
2024-07-17T12:18:45,5,10,0,15
2024-07-17T12:34:29,5,10,0,15
2024-07-17T12:50:13,5,10,0,15
2024-07-17T13:05:56,5,10,0,15
2024-07-17T13:21:42,5,10,0,15
2024-07-17T13:37:25,5,10,0,15
2024-07-17T13:53:09,5,10,0,15
2024-07-17T14:08:52,5,10,0,15
2024-07-17T14:24:36,5,10,0,15
2024-07-17T14:40:19,5,10,0,15
2024-07-17T14:56:12,5,10,0,15
2024-07-17T15:11:56,5,10,0,15
2024-07-17T15:27:40,5,10,0,15
2024-07-17T15:43:23,5,10,0,15
2024-07-17T15:59:06,5,10,0,15
2024-07-17T16:14:49,5,10,0,15
2024-07-17T16:30:32,5,10,0,15
2024-07-17T16:46:16,5,10,0,15
2024-07-17T17:02:10,5,10,0,15
2024-07-17T17:17:57,5,10,0,15
2024-07-17T17:33:41,5,10,0,15
2024-07-17T17:49:23,5,10,0,15
2024-07-17T18:05:07,5,10,0,15
2024-07-17T18:20:52,5,10,0,15
2024-07-17T18:36:34,5,10,0,15
2024-07-17T18:52:17,5,10,0,15
2024-07-17T19:08:10,5,10,0,15
2024-07-17T19:23:53,5,10,0,15
2024-07-17T19:39:36,5,10,0,15
2024-07-17T19:55:19,5,10,0,15
2024-07-17T20:11:02,5,10,0,15
2024-07-17T20:26:45,5,10,0,15
2024-07-17T20:42:28,5,10,0,15
2024-07-17T20:58:11,5,10,0,15
2024-07-17T21:13:54,5,10,0,15
2024-07-17T21:29:38,5,10,0,15
2024-07-17T21:45:22,5,10,0,15
2024-07-17T22:01:17,5,10,0,15
2024-07-17T22:17:00,5,10,0,15
2024-07-17T22:32:44,5,10,0,15
2024-07-17T22:48:37,5,10,0,15
2024-07-17T23:04:21,5,10,0,15
2024-07-17T23:20:05,5,10,0,15
2024-07-17T23:35:49,5,10,0,15
2024-07-17T23:51:33,5,10,0,15
2024-07-18T00:07:18,5,10,0,15
2024-07-18T00:23:08,5,10,0,15
2024-07-18T00:38:58,5,10,0,15
2024-07-18T00:54:49,5,10,0,15
2024-07-18T01:10:37,5,10,0,15
2024-07-18T01:26:23,5,10,0,15
2024-07-18T01:42:11,5,10,0,15
2024-07-18T01:57:57,5,10,0,15
2024-07-18T02:13:43,5,10,0,15
2024-07-18T02:29:28,5,10,0,15
2024-07-18T02:45:14,5,10,0,15
2024-07-18T03:01:00,5,10,0,15
2024-07-18T03:16:56,5,10,0,15
2024-07-18T03:32:42,5,10,0,15
2024-07-18T03:48:28,5,10,0,15
2024-07-18T04:04:16,5,10,0,15
2024-07-18T04:32:50,5,10,0,15
2024-07-18T04:49:56,5,10,0,15
2024-07-18T05:06:01,5,10,0,15
2024-07-18T05:21:51,5,10,0,15
2024-07-18T05:37:39,5,10,0,15
2024-07-18T05:53:26,5,10,0,15
2024-07-18T06:09:12,5,10,0,15
2024-07-18T06:24:58,5,10,0,15
2024-07-18T06:40:46,5,10,0,15
2024-07-18T06:56:35,5,10,0,15
2024-07-18T07:12:24,5,10,0,15
2024-07-18T07:28:10,5,10,0,15
2024-07-18T07:43:56,5,10,0,15
2024-07-18T07:59:42,5,10,0,15
2024-07-18T08:15:36,5,10,0,15
2024-07-18T08:31:24,5,10,0,15
2024-07-18T08:47:10,5,10,0,15
2024-07-18T09:02:56,5,10,0,15
2024-07-18T09:18:42,5,10,0,15
2024-07-18T09:34:34,5,10,0,15
2024-07-18T09:50:20,5,10,0,15
2024-07-18T10:06:03,5,10,0,15
2024-07-18T10:21:47,5,10,0,15
2024-07-18T10:37:30,5,10,0,15
2024-07-18T10:53:14,5,10,0,15
2024-07-18T11:08:58,5,10,0,15
2024-07-18T11:24:41,5,10,0,15
2024-07-18T11:40:25,5,10,0,15
2024-07-18T11:56:09,5,10,0,15
2024-07-18T12:11:52,5,10,0,15
2024-07-18T12:27:47,5,10,0,15
2024-07-18T12:43:30,5,10,0,15
2024-07-18T12:59:14,5,10,0,15
2024-07-18T13:14:59,5,10,0,15
2024-07-18T13:30:43,5,10,0,15
2024-07-18T13:46:27,5,10,0,15
2024-07-18T14:02:09,5,10,0,15
2024-07-18T14:17:53,5,10,0,15
2024-07-18T14:33:37,5,10,0,15
2024-07-18T14:49:31,5,10,0,15
2024-07-18T15:05:15,5,10,0,15
2024-07-18T15:20:59,5,10,0,15
2024-07-18T15:36:43,5,10,0,15
2024-07-18T15:52:29,5,10,0,15
2024-07-18T16:08:13,5,10,0,15
2024-07-18T16:23:56,5,10,0,15
2024-07-18T16:39:39,5,10,0,15
2024-07-18T16:55:24,5,10,0,15
2024-07-18T17:11:20,5,10,0,15
2024-07-18T17:27:03,5,10,0,15
2024-07-18T17:42:46,5,10,0,15
2024-07-18T17:58:29,5,10,0,15
2024-07-18T18:14:14,5,10,0,15
2024-07-18T18:29:58,5,10,0,15
2024-07-18T18:45:42,5,10,0,15
2024-07-18T19:01:26,5,10,0,15
2024-07-18T19:17:09,5,10,0,15
2024-07-18T19:32:52,5,10,0,15
2024-07-18T19:48:35,5,10,0,15
2024-07-18T20:04:24,5,10,0,15
2024-07-18T20:20:06,5,10,0,15
2024-07-18T20:35:59,5,10,0,15
2024-07-18T20:51:43,5,10,0,15
2024-07-18T21:07:27,5,10,0,15
2024-07-18T21:23:14,5,10,0,15
2024-07-18T21:38:58,5,10,0,15
2024-07-18T21:54:46,5,10,0,15
2024-07-18T22:10:30,5,10,0,15
2024-07-18T22:26:14,5,10,0,15
2024-07-18T22:41:58,5,10,0,15
2024-07-18T22:57:42,5,10,0,15
2024-07-18T23:13:27,5,10,0,15
2024-07-18T23:29:12,5,10,0,15
2024-07-18T23:44:56,5,10,0,15
2024-07-19T00:00:39,5,10,0,15
2024-07-19T00:16:37,5,10,0,15
2024-07-19T00:32:27,5,10,0,15
2024-07-19T00:48:16,5,10,0,15
2024-07-19T01:04:03,5,10,0,15
2024-07-19T01:19:51,5,10,0,15
2024-07-19T01:35:39,5,10,0,15
2024-07-19T01:51:28,5,10,0,15
2024-07-19T02:07:15,5,10,0,15
2024-07-19T02:23:00,5,10,0,15
2024-07-19T02:38:51,5,10,0,15
2024-07-19T02:54:36,5,10,0,15
2024-07-19T03:10:23,5,10,0,15
2024-07-19T03:26:11,5,10,0,15
2024-07-19T03:42:18,5,10,0,15
2024-07-19T03:58:06,5,10,0,15
2024-07-19T04:13:55,5,10,0,15
2024-07-19T04:34:34,5,10,0,15
2024-07-19T04:50:24,5,10,0,15
2024-07-19T05:06:18,5,10,0,15
2024-07-19T05:22:07,5,10,0,15
2024-07-19T05:37:54,5,10,0,15
2024-07-19T05:53:42,5,10,0,15
2024-07-19T06:09:28,5,10,0,15
2024-07-19T06:25:15,5,10,0,15
2024-07-19T06:41:01,5,10,0,15
2024-07-19T06:56:48,5,10,0,15
2024-07-19T07:12:37,5,10,0,15
2024-07-19T07:28:22,5,10,0,15
2024-07-19T07:44:06,5,10,0,15
2024-07-19T07:59:51,5,10,0,15
2024-07-19T08:15:41,5,10,0,15
2024-07-19T08:31:25,5,10,0,15
2024-07-19T08:47:10,5,10,0,15
2024-07-19T09:02:54,5,10,0,15
2024-07-19T09:18:39,5,10,0,15
2024-07-19T09:34:23,5,10,0,15
2024-07-19T09:50:06,5,10,0,15
2024-07-19T10:05:57,5,10,0,15
2024-07-19T10:21:41,5,10,0,15
2024-07-19T10:37:25,5,10,0,15
2024-07-19T10:53:09,5,10,0,15
2024-07-19T11:08:53,5,10,0,15
2024-07-19T11:24:38,5,10,0,15
2024-07-19T11:40:22,5,10,0,15
2024-07-19T11:56:06,5,10,0,15
2024-07-19T12:11:49,5,10,0,15
2024-07-19T12:27:34,5,10,0,15
2024-07-19T12:43:18,5,10,0,15
2024-07-19T12:59:11,5,10,0,15
2024-07-19T13:14:55,5,10,0,15
2024-07-19T13:30:38,5,10,0,15
2024-07-19T13:46:21,5,10,0,15
2024-07-19T14:02:05,5,10,0,15
2024-07-19T14:17:49,5,10,0,15
2024-07-19T14:33:32,5,10,0,15
2024-07-19T14:49:17,5,10,0,15
2024-07-19T15:05:01,5,10,0,15
2024-07-19T15:20:44,5,10,0,15
2024-07-19T15:36:28,5,10,0,15
2024-07-19T15:52:21,5,10,0,15
2024-07-19T16:08:04,5,10,0,15
2024-07-19T16:23:47,5,10,0,15
2024-07-19T16:39:30,5,10,0,15
2024-07-19T16:55:13,5,10,0,15
2024-07-19T17:10:56,5,10,0,15
2024-07-19T17:26:40,5,10,0,15
2024-07-19T17:42:24,5,10,0,15
2024-07-19T17:58:08,5,10,0,15
2024-07-19T18:13:54,5,10,0,15
2024-07-19T18:29:42,5,10,0,15
2024-07-19T18:45:28,5,10,0,15
2024-07-19T19:01:13,5,10,0,15
2024-07-19T19:17:04,5,10,0,15
2024-07-19T19:32:47,5,10,0,15
2024-07-19T19:48:31,5,10,0,15
2024-07-19T20:04:14,5,10,0,15
2024-07-19T20:19:58,5,10,0,15
2024-07-19T20:35:42,5,10,0,15
2024-07-19T20:51:24,5,10,0,15
2024-07-19T21:07:08,5,10,0,15
2024-07-19T21:22:51,5,10,0,15
2024-07-19T21:38:37,5,10,0,15
2024-07-19T21:54:26,5,10,0,15
2024-07-19T22:10:10,5,10,0,15
2024-07-19T22:25:53,5,10,0,15
2024-07-19T22:41:36,5,10,0,15
2024-07-19T22:57:19,5,10,0,15
2024-07-19T23:13:13,5,10,0,15
2024-07-19T23:28:56,5,10,0,15
2024-07-19T23:44:41,5,10,0,15
2024-07-20T00:00:25,5,10,0,15
2024-07-20T00:16:12,5,10,0,15
2024-07-20T00:32:01,5,10,0,15
2024-07-20T00:47:50,5,10,0,15
2024-07-20T01:03:38,5,10,0,15
2024-07-20T01:19:25,5,10,0,15
2024-07-20T01:35:12,5,10,0,15
2024-07-20T01:50:59,5,10,0,15
2024-07-20T02:06:46,5,10,0,15
2024-07-20T02:22:36,5,10,0,15
2024-07-20T02:38:26,5,10,0,15
2024-07-20T02:54:12,5,10,0,15
2024-07-20T03:09:56,5,10,0,15
2024-07-20T03:25:41,5,10,0,15
2024-07-20T03:41:26,5,10,0,15
2024-07-20T03:57:11,5,10,0,15
2024-07-20T04:13:09,5,10,0,15
2024-07-20T04:34:04,5,10,0,15
2024-07-20T04:49:54,5,10,0,15
2024-07-20T05:05:39,5,10,0,15
2024-07-20T05:21:23,5,10,0,15
2024-07-20T05:37:17,5,10,0,15
2024-07-20T05:53:13,5,10,0,15
2024-07-20T06:08:59,5,10,0,15
2024-07-20T06:24:47,5,10,0,15
2024-07-20T06:40:33,5,10,0,15
2024-07-20T06:56:19,5,10,0,15
2024-07-20T07:12:06,5,10,0,15
2024-07-20T07:27:52,5,10,0,15
2024-07-20T07:43:37,5,10,0,15
2024-07-20T07:59:24,5,10,0,15
2024-07-20T08:15:13,5,10,0,15
2024-07-20T08:31:00,5,10,0,15
2024-07-20T08:46:47,5,10,0,15
2024-07-20T09:02:52,5,10,0,15
2024-07-20T09:18:37,5,10,0,15
2024-07-20T09:34:23,5,10,0,15
2024-07-20T09:50:09,5,10,0,15
2024-07-20T10:05:55,5,10,0,15
2024-07-20T10:21:40,5,10,0,15
2024-07-20T10:37:26,5,10,0,15
2024-07-20T10:53:12,5,10,0,15
2024-07-20T11:08:57,5,10,0,15
2024-07-20T11:24:43,5,10,0,15
2024-07-20T11:40:27,5,10,0,15
2024-07-20T11:56:14,5,10,0,15
2024-07-20T12:12:07,5,10,0,15
2024-07-20T12:27:52,5,10,0,15
2024-07-20T12:43:37,5,10,0,15
2024-07-20T12:59:21,5,10,0,15
2024-07-20T13:15:04,5,10,0,15
2024-07-20T13:30:47,5,10,0,15
2024-07-20T13:46:30,5,10,0,15
2024-07-20T14:02:13,5,10,0,15
2024-07-20T14:17:56,5,10,0,15
2024-07-20T14:33:39,5,10,0,15
2024-07-20T14:49:22,5,10,0,15
2024-07-20T15:05:05,5,10,0,15
2024-07-20T15:20:47,5,10,0,15
2024-07-20T15:36:29,5,10,0,15
2024-07-20T15:52:35,5,10,0,15
2024-07-20T16:08:19,5,10,0,15
2024-07-20T16:24:03,5,10,0,15
2024-07-20T16:39:47,5,10,0,15
2024-07-20T16:55:30,5,10,0,15
2024-07-20T17:11:14,5,10,0,15
2024-07-20T17:26:57,5,10,0,15
2024-07-20T17:42:41,5,10,0,15
2024-07-20T17:58:24,5,10,0,15
2024-07-20T18:14:07,5,10,0,15
2024-07-20T18:29:51,5,10,0,15
2024-07-20T18:45:33,5,10,0,15
2024-07-20T19:01:17,5,10,0,15
2024-07-20T19:17:00,5,10,0,15
2024-07-20T19:32:42,5,10,0,15
2024-07-20T19:48:35,5,10,0,15
2024-07-20T20:04:17,5,10,0,15
2024-07-20T20:20:00,5,10,0,15
2024-07-20T20:35:44,5,10,0,15
2024-07-20T20:51:27,5,10,0,15
2024-07-20T21:07:12,5,10,0,15
2024-07-20T21:22:56,5,10,0,15
2024-07-20T21:38:39,5,10,0,15
2024-07-20T21:54:35,5,10,0,15
2024-07-20T22:10:19,5,10,0,15
2024-07-20T22:26:05,5,10,0,15
2024-07-20T22:41:50,5,10,0,15
2024-07-20T22:57:33,5,10,0,15
2024-07-20T23:13:18,5,10,0,15
2024-07-20T23:29:09,5,10,0,15
2024-07-20T23:44:53,5,10,0,15
2024-07-21T00:00:36,5,10,0,15
2024-07-21T00:16:22,5,10,0,15
2024-07-21T00:48:39,5,10,0,15
2024-07-21T01:04:23,5,10,0,15
2024-07-21T01:20:05,5,10,0,15
2024-07-21T01:35:49,5,10,0,15
2024-07-21T01:51:32,5,10,0,15
2024-07-21T02:07:15,5,10,0,15
2024-07-21T02:23:00,5,10,0,15
2024-07-21T02:38:48,5,10,0,15
2024-07-21T02:54:32,5,10,0,15
2024-07-21T03:10:14,5,10,0,15
2024-07-21T03:25:57,5,10,0,15
2024-07-21T03:41:48,5,10,0,15
2024-07-21T03:57:31,5,10,0,15
2024-07-21T04:29:19,5,10,0,15
2024-07-21T04:45:04,5,10,0,15
2024-07-21T05:00:56,5,10,0,15
2024-07-21T05:16:44,5,10,0,15
2024-07-21T05:32:32,5,10,0,15
2024-07-21T05:51:08,5,10,0,15
2024-07-21T06:08:30,5,10,0,15
2024-07-21T06:24:16,5,10,0,15
2024-07-21T06:40:04,5,10,0,15
2024-07-21T06:55:51,5,10,0,15
2024-07-21T07:11:39,5,10,0,15
2024-07-21T07:27:32,5,10,0,15
2024-07-21T07:43:24,5,10,0,15
2024-07-21T07:59:16,5,10,0,15
2024-07-21T08:15:07,5,10,0,15
2024-07-21T08:30:53,5,10,0,15
2024-07-21T08:46:42,5,10,0,15
2024-07-21T09:02:30,5,10,0,15
2024-07-21T09:18:19,5,10,0,15
2024-07-21T09:34:09,5,10,0,15
2024-07-21T09:50:05,5,10,0,15
2024-07-21T10:05:56,5,10,0,15
2024-07-21T10:21:45,5,10,0,15
2024-07-21T10:37:35,5,10,0,15
2024-07-21T10:53:23,5,10,0,15
2024-07-21T11:09:08,5,10,0,15
2024-07-21T11:24:52,5,10,0,15
2024-07-21T11:40:36,5,10,0,15
2024-07-21T11:56:19,5,10,0,15
2024-07-21T12:12:00,5,10,0,15
2024-07-21T12:27:43,5,10,0,15
2024-07-21T12:43:34,5,10,0,15
2024-07-21T12:59:18,5,10,0,15
2024-07-21T13:15:00,5,10,0,15
2024-07-21T13:30:43,5,10,0,15
2024-07-21T13:46:26,5,10,0,15
2024-07-21T14:02:09,5,10,0,15
2024-07-21T14:17:52,5,10,0,15
2024-07-21T14:33:34,5,10,0,15
2024-07-21T14:49:18,5,10,0,15
2024-07-21T15:05:01,5,10,0,15
2024-07-21T15:20:44,5,10,0,15
2024-07-21T15:36:34,5,10,0,15
2024-07-21T15:52:16,5,10,0,15
2024-07-21T16:07:59,5,10,0,15
2024-07-21T16:23:43,5,10,0,15
2024-07-21T16:39:27,5,10,0,15
2024-07-21T16:55:09,5,10,0,15
2024-07-21T17:10:52,5,10,0,15
2024-07-21T17:26:36,5,10,0,15
2024-07-21T17:42:18,5,10,0,15
2024-07-21T17:58:00,5,10,0,15
2024-07-21T18:13:43,5,10,0,15
2024-07-21T18:29:25,5,10,0,15
2024-07-21T18:45:08,5,10,0,15
2024-07-21T19:00:51,5,10,0,15
2024-07-21T19:16:45,5,10,0,15
2024-07-21T19:32:30,5,10,0,15
2024-07-21T19:48:17,5,10,0,15
2024-07-21T20:04:00,5,10,0,15
2024-07-21T20:19:44,5,10,0,15
2024-07-21T20:35:27,5,10,0,15
2024-07-21T20:51:11,5,10,0,15
2024-07-21T21:06:56,5,10,0,15
2024-07-21T21:22:41,5,10,0,15
2024-07-21T21:38:25,5,10,0,15
2024-07-21T21:54:13,5,10,0,15
2024-07-21T22:09:56,5,10,0,15
2024-07-21T22:25:47,5,10,0,15
2024-07-21T22:41:34,5,10,0,15
2024-07-21T22:57:19,5,10,0,15
2024-07-21T23:13:05,5,10,0,15
2024-07-21T23:28:48,5,10,0,15
2024-07-21T23:44:33,5,10,0,15
2024-07-22T00:00:17,5,10,0,15
2024-07-22T00:16:05,5,10,0,15
2024-07-22T00:31:57,5,10,0,15
2024-07-22T00:47:49,5,10,0,15
2024-07-22T01:03:33,5,10,0,15
2024-07-22T01:19:25,5,10,0,15
2024-07-22T01:35:13,5,10,0,15
2024-07-22T01:50:58,5,10,0,15
2024-07-22T02:06:45,5,10,0,15
2024-07-22T02:22:41,5,10,0,15
2024-07-22T02:38:35,5,10,0,15
2024-07-22T02:54:20,5,10,0,15
2024-07-22T03:10:06,5,10,0,15
2024-07-22T03:25:52,5,10,0,15
2024-07-22T03:41:37,5,10,0,15
2024-07-22T03:57:23,5,10,0,15
2024-07-22T04:38:16,5,10,0,15
2024-07-22T04:54:05,5,10,0,15
2024-07-22T05:10:00,5,10,0,15
2024-07-22T05:25:48,5,10,0,15
2024-07-22T05:41:36,5,10,0,15
2024-07-22T05:57:23,5,10,0,15
2024-07-22T06:13:11,5,10,0,15
2024-07-22T06:28:58,5,10,0,15
2024-07-22T06:44:45,5,10,0,15
2024-07-22T07:00:30,5,10,0,15
2024-07-22T07:16:17,5,10,0,15
2024-07-22T07:32:01,5,10,0,15
2024-07-22T07:47:43,5,10,0,15
2024-07-22T08:03:26,5,10,0,15
2024-07-22T08:19:10,5,10,0,15
2024-07-22T08:34:55,5,10,0,15
2024-07-22T08:50:39,5,10,0,15
2024-07-22T09:06:24,5,10,0,15
2024-07-22T09:22:11,5,10,0,15
2024-07-22T09:37:54,5,10,0,15
2024-07-22T09:53:45,5,10,0,15
2024-07-22T10:09:30,5,10,0,15
2024-07-22T10:25:13,5,10,0,15
2024-07-22T10:40:56,5,10,0,15
2024-07-22T10:56:39,5,10,0,15
2024-07-22T11:12:23,5,10,0,15
2024-07-22T11:28:08,5,10,0,15
2024-07-22T11:43:52,5,10,0,15
2024-07-22T11:59:35,5,10,0,15
2024-07-22T12:15:19,5,10,0,15
2024-07-22T12:31:11,5,10,0,15
2024-07-22T12:46:52,5,10,0,15
2024-07-22T13:02:36,5,10,0,15
2024-07-22T13:18:19,5,10,0,15
2024-07-22T13:34:02,5,10,0,15
2024-07-22T13:49:45,5,10,0,15
2024-07-22T14:05:27,5,10,0,15
2024-07-22T14:21:11,5,10,0,15
2024-07-22T14:36:56,5,10,0,15
2024-07-22T14:52:48,5,10,0,15
2024-07-22T15:08:32,5,10,0,15
2024-07-22T15:24:16,5,10,0,15
2024-07-22T15:40:00,5,10,0,15
2024-07-22T15:55:42,5,10,0,15
2024-07-22T16:11:25,5,10,0,15
2024-07-22T16:27:09,5,10,0,15
2024-07-22T16:42:53,5,10,0,15
2024-07-22T16:58:45,5,10,0,15
2024-07-22T17:14:30,5,10,0,15
2024-07-22T17:30:12,5,10,0,15
2024-07-22T17:45:56,5,10,0,15
2024-07-22T18:01:39,5,10,0,15
2024-07-22T18:17:22,5,10,0,15
2024-07-22T18:33:05,5,10,0,15
2024-07-22T18:48:47,5,10,0,15
2024-07-22T19:04:30,5,10,0,15
2024-07-22T19:20:14,5,10,0,15
2024-07-22T19:35:57,5,10,0,15
2024-07-22T19:51:50,5,10,0,15
2024-07-22T20:07:32,5,10,0,15
2024-07-22T20:23:15,5,10,0,15
2024-07-22T20:38:58,5,10,0,15
2024-07-22T20:54:41,5,10,0,15
2024-07-22T21:10:25,5,10,0,15
2024-07-22T21:26:09,5,10,0,15
2024-07-22T21:41:53,5,10,0,15
2024-07-22T21:57:36,5,10,0,15
2024-07-22T22:13:20,5,10,0,15
2024-07-22T22:29:03,5,10,0,15
2024-07-22T22:44:47,5,10,0,15
2024-07-22T23:00:40,5,10,0,15
2024-07-22T23:16:26,5,10,0,15
2024-07-22T23:32:10,5,10,0,15
2024-07-22T23:47:55,5,10,0,15
2024-07-23T00:03:42,5,10,0,15
2024-07-23T00:19:36,5,10,0,15
2024-07-23T00:35:31,5,10,0,15
2024-07-23T00:51:19,5,10,0,15
2024-07-23T01:07:06,5,10,0,15
2024-07-23T01:22:52,5,10,0,15
2024-07-23T01:38:40,5,10,0,15
2024-07-23T01:54:39,5,10,0,15
2024-07-23T02:10:26,5,10,0,15
2024-07-23T02:26:18,5,10,0,15
2024-07-23T02:42:05,5,10,0,15
2024-07-23T02:57:48,5,10,0,15
2024-07-23T03:13:33,5,10,0,15
2024-07-23T03:29:18,5,10,0,15
2024-07-23T03:45:04,5,10,0,15
2024-07-23T04:00:51,5,10,0,15
2024-07-23T04:28:22,5,10,0,15
2024-07-23T04:44:12,5,10,0,15
2024-07-23T04:59:59,5,10,0,15
2024-07-23T05:15:48,5,10,0,15
2024-07-23T05:31:36,5,10,0,15
2024-07-23T05:47:24,5,10,0,15
2024-07-23T06:03:37,5,10,0,15
2024-07-23T06:19:23,5,10,0,15
2024-07-23T06:35:10,5,10,0,15
2024-07-23T06:50:56,5,10,0,15
2024-07-23T07:06:46,5,10,0,15
2024-07-23T07:22:33,5,10,0,15
2024-07-23T07:38:18,5,10,0,15
2024-07-23T07:54:04,5,10,0,15
2024-07-23T08:09:50,5,10,0,15
2024-07-23T08:25:36,5,10,0,15
2024-07-23T08:41:22,5,10,0,15
2024-07-23T08:57:07,5,10,0,15
2024-07-23T09:12:53,5,10,0,15
2024-07-23T09:28:51,5,10,0,15
2024-07-23T09:44:36,5,10,0,15
2024-07-23T10:01:33,5,10,0,15
2024-07-23T10:17:19,5,10,0,15
2024-07-23T10:33:04,5,10,0,15
2024-07-23T10:48:48,5,10,0,15
2024-07-23T11:04:32,5,10,0,15
2024-07-23T11:20:15,5,10,0,15
2024-07-23T11:35:58,5,10,0,15
2024-07-23T11:51:41,5,10,0,15
2024-07-23T12:07:35,5,10,0,15
2024-07-23T12:23:19,5,10,0,15
2024-07-23T12:39:02,5,10,0,15
2024-07-23T12:54:45,5,10,0,15
2024-07-23T13:10:30,5,10,0,15
2024-07-23T13:26:13,5,10,0,15
2024-07-23T13:41:58,5,10,0,15
2024-07-23T13:57:41,5,10,0,15
2024-07-23T14:13:33,5,10,0,15
2024-07-23T14:29:16,5,10,0,15
2024-07-23T14:45:01,5,10,0,15
2024-07-23T15:00:44,5,10,0,15
2024-07-23T15:16:28,5,10,0,15
2024-07-23T15:32:11,5,10,0,15
2024-07-23T15:47:55,5,10,0,15
2024-07-23T16:03:38,5,10,0,15
2024-07-23T16:19:21,5,10,0,15
2024-07-23T16:35:04,5,10,0,15
2024-07-23T16:50:57,5,10,0,15
2024-07-23T17:06:40,5,10,0,15
2024-07-23T17:22:24,5,10,0,15
2024-07-23T17:38:07,5,10,0,15
2024-07-23T17:53:51,5,10,0,15
2024-07-23T18:09:34,5,10,0,15
2024-07-23T18:25:17,5,10,0,15
2024-07-23T18:41:00,5,10,0,15
2024-07-23T18:56:42,5,10,0,15
2024-07-23T19:12:26,5,10,0,15
2024-07-23T19:28:08,5,10,0,15
2024-07-23T19:44:02,5,10,0,15
2024-07-23T19:59:44,5,10,0,15
2024-07-23T20:15:27,5,10,0,15
2024-07-23T20:31:10,5,10,0,15
2024-07-23T20:46:53,5,10,0,15
2024-07-23T21:02:36,5,10,0,15
2024-07-23T21:18:21,5,10,0,15
2024-07-23T21:34:05,5,10,0,15
2024-07-23T21:49:48,5,10,0,15
2024-07-23T22:05:30,5,10,0,15
2024-07-23T22:21:13,5,10,0,15
2024-07-23T22:36:56,5,10,0,15
2024-07-23T22:52:48,5,10,0,15
2024-07-23T23:08:32,5,10,0,15
2024-07-23T23:24:15,5,10,0,15
2024-07-23T23:39:59,5,10,0,15
2024-07-23T23:55:43,5,10,0,15
2024-07-24T00:11:30,5,10,0,15
2024-07-24T00:27:16,5,10,0,15
2024-07-24T00:43:04,5,10,0,15
2024-07-24T00:58:53,5,10,0,15
2024-07-24T01:14:40,5,10,0,15
2024-07-24T01:30:27,5,10,0,15
2024-07-24T01:46:23,5,10,0,15
2024-07-24T02:02:11,5,10,0,15
2024-07-24T02:18:07,5,10,0,15
2024-07-24T02:34:01,5,10,0,15
2024-07-24T02:49:47,5,10,0,15
2024-07-24T03:05:31,5,10,0,15
2024-07-24T03:21:16,5,10,0,15
2024-07-24T03:37:04,5,10,0,15
2024-07-24T03:52:52,5,10,0,15
2024-07-24T04:23:56,5,10,0,15
2024-07-24T04:40:12,5,10,0,15
2024-07-24T04:56:01,5,10,0,15
2024-07-24T05:11:49,5,10,0,15
2024-07-24T05:27:37,5,10,0,15
2024-07-24T05:43:24,5,10,0,15
2024-07-24T05:59:12,5,10,0,15
2024-07-24T06:14:59,5,10,0,15
2024-07-24T06:30:45,5,10,0,15
2024-07-24T06:46:32,5,10,0,15
2024-07-24T07:02:18,5,10,0,15
2024-07-24T07:18:06,5,10,0,15
2024-07-24T07:33:51,5,10,0,15
2024-07-24T07:49:35,5,10,0,15
2024-07-24T08:05:21,5,10,0,15
2024-07-24T08:21:13,5,10,0,15
2024-07-24T08:36:58,5,10,0,15
2024-07-24T08:52:53,5,10,0,15
2024-07-24T09:08:41,5,10,0,15
2024-07-24T09:24:26,5,10,0,15
2024-07-24T09:40:09,5,10,0,15
2024-07-24T09:55:52,5,10,0,15
2024-07-24T10:11:35,5,10,0,15
2024-07-24T10:27:17,5,10,0,15
2024-07-24T10:43:01,5,10,0,15
2024-07-24T10:58:44,5,10,0,15
2024-07-24T11:14:27,5,10,0,15
2024-07-24T11:30:20,5,10,0,15
2024-07-24T11:46:03,5,10,0,15
2024-07-24T12:01:45,5,10,0,15
2024-07-24T12:17:27,5,10,0,15
2024-07-24T12:33:10,5,10,0,15
2024-07-24T12:48:52,5,10,0,15
2024-07-24T13:04:34,5,10,0,15
2024-07-24T13:20:16,5,10,0,15
2024-07-24T13:35:58,5,10,0,15
2024-07-24T13:51:52,5,10,0,15
2024-07-24T14:07:34,5,10,0,15
2024-07-24T14:23:17,5,10,0,15
2024-07-24T14:38:59,5,10,0,15
2024-07-24T14:54:43,5,10,0,15
2024-07-24T15:10:26,5,10,0,15
2024-07-24T15:26:10,5,10,0,15
2024-07-24T15:41:53,5,10,0,15
2024-07-24T15:57:47,5,10,0,15
2024-07-24T16:13:30,5,10,0,15
2024-07-24T16:29:13,5,10,0,15
2024-07-24T16:44:55,5,10,0,15
2024-07-24T17:00:38,5,10,0,15
2024-07-24T17:16:22,5,10,0,15
2024-07-24T17:32:04,5,10,0,15
2024-07-24T17:47:46,5,10,0,15
2024-07-24T18:03:29,5,10,0,15
2024-07-24T18:19:14,5,10,0,15
2024-07-24T18:35:06,5,10,0,15
2024-07-24T18:50:49,5,10,0,15
2024-07-24T19:06:32,5,10,0,15
2024-07-24T19:22:14,5,10,0,15
2024-07-24T19:37:56,5,10,0,15
2024-07-24T19:53:39,5,10,0,15
2024-07-24T20:09:21,5,10,0,15
2024-07-24T20:25:04,5,10,0,15
2024-07-24T20:40:46,5,10,0,15
2024-07-24T20:56:39,5,10,0,15
2024-07-24T21:12:22,5,10,0,15
2024-07-24T21:28:05,5,10,0,15
2024-07-24T21:43:49,5,10,0,15
2024-07-24T21:59:33,5,10,0,15
2024-07-24T22:15:15,5,10,0,15
2024-07-24T22:30:57,5,10,0,15
2024-07-24T22:46:40,5,10,0,15
2024-07-24T23:02:22,5,10,0,15
2024-07-24T23:18:04,5,10,0,15
2024-07-24T23:33:57,5,10,0,15
2024-07-24T23:49:40,5,10,0,15
2024-07-25T00:05:26,5,10,0,15
2024-07-25T00:21:13,5,10,0,15
2024-07-25T00:37:02,5,10,0,15
2024-07-25T00:52:52,5,10,0,15
2024-07-25T01:08:41,5,10,0,15
2024-07-25T01:24:28,5,10,0,15
2024-07-25T01:40:14,5,10,0,15
2024-07-25T01:55:59,5,10,0,15
2024-07-25T02:11:45,5,10,0,15
2024-07-25T02:27:29,5,10,0,15
2024-07-25T02:43:14,5,10,0,15
2024-07-25T02:58:58,5,10,0,15
2024-07-25T03:14:44,5,10,0,15
2024-07-25T03:30:36,5,10,0,15
2024-07-25T03:46:19,5,10,0,15
2024-07-25T04:02:05,5,10,0,15
2024-07-25T04:33:36,5,10,0,15
2024-07-25T04:49:24,5,10,0,15
2024-07-25T05:05:13,5,10,0,15
2024-07-25T05:21:06,5,10,0,15
2024-07-25T05:36:53,5,10,0,15
2024-07-25T05:52:40,5,10,0,15
2024-07-25T06:08:26,5,10,0,15
2024-07-25T06:24:12,5,10,0,15
2024-07-25T06:39:57,5,10,0,15
2024-07-25T06:55:43,5,10,0,15
2024-07-25T07:11:28,5,10,0,15
2024-07-25T07:27:11,5,10,0,15
2024-07-25T07:42:56,5,10,0,15
2024-07-25T07:58:40,5,10,0,15
2024-07-25T08:14:25,5,10,0,15
2024-07-25T08:30:08,5,10,0,15
2024-07-25T08:45:53,5,10,0,15
2024-07-25T09:01:53,5,10,0,15
2024-07-25T09:17:38,5,10,0,15
2024-07-25T09:33:24,5,10,0,15
2024-07-25T09:49:10,5,10,0,15
2024-07-25T10:04:54,5,10,0,15
2024-07-25T10:20:38,5,10,0,15
2024-07-25T10:36:21,5,10,0,15
2024-07-25T10:52:07,5,10,0,15
2024-07-25T11:07:51,5,10,0,15
2024-07-25T11:23:35,5,10,0,15
2024-07-25T11:39:19,5,10,0,15
2024-07-25T11:55:12,5,10,0,15
2024-07-25T12:10:55,5,10,0,15
2024-07-25T12:26:39,5,10,0,15
2024-07-25T12:42:23,5,10,0,15
2024-07-25T12:58:07,5,10,0,15
2024-07-25T13:13:51,5,10,0,15
2024-07-25T13:29:34,5,10,0,15
2024-07-25T13:45:28,5,10,0,15
2024-07-25T14:01:12,5,10,0,15
2024-07-25T14:16:56,5,10,0,15
2024-07-25T14:32:39,5,10,0,15
2024-07-25T14:48:24,5,10,0,15
2024-07-25T15:04:07,5,10,0,15
2024-07-25T15:19:50,5,10,0,15
2024-07-25T15:35:33,5,10,0,15
2024-07-25T15:51:32,5,10,0,15
2024-07-25T16:07:16,5,10,0,15
2024-07-25T16:23:00,5,10,0,15
2024-07-25T16:38:43,5,10,0,15
2024-07-25T16:54:26,5,10,0,15
2024-07-25T17:10:11,5,10,0,15
2024-07-25T17:25:56,5,10,0,15
2024-07-25T17:41:40,5,10,0,15
2024-07-25T17:57:34,5,10,0,15
2024-07-25T18:13:17,5,10,0,15
2024-07-25T18:29:00,5,10,0,15
2024-07-25T18:44:42,5,10,0,15
2024-07-25T19:00:26,5,10,0,15
2024-07-25T19:16:09,5,10,0,15
2024-07-25T19:31:51,5,10,0,15
2024-07-25T19:47:34,5,10,0,15
2024-07-25T20:03:17,5,10,0,15
2024-07-25T20:19:00,5,10,0,15
2024-07-25T20:34:43,5,10,0,15
2024-07-25T20:50:26,5,10,0,15
2024-07-25T21:06:28,5,10,0,15
2024-07-25T21:22:11,5,10,0,15
2024-07-25T21:37:57,5,10,0,15
2024-07-25T21:53:42,5,10,0,15
2024-07-25T22:09:25,5,10,0,15
2024-07-25T22:25:08,5,10,0,15
2024-07-25T22:40:51,5,10,0,15
2024-07-25T22:56:34,5,10,0,15
2024-07-25T23:12:18,5,10,0,15
2024-07-25T23:28:01,5,10,0,15
2024-07-25T23:43:45,5,10,0,15
2024-07-25T23:59:28,5,10,0,15
2024-07-26T00:15:16,5,10,0,15
2024-07-26T00:31:14,5,10,0,15
2024-07-26T00:47:04,5,10,0,15
2024-07-26T01:02:54,5,10,0,15
2024-07-26T01:18:43,5,10,0,15
2024-07-26T01:34:31,5,10,0,15
2024-07-26T01:50:18,5,10,0,15
2024-07-26T02:06:05,5,10,0,15
2024-07-26T02:21:50,5,10,0,15
2024-07-26T02:37:38,5,10,0,15
2024-07-26T02:53:22,5,10,0,15
2024-07-26T03:09:06,5,10,0,15
2024-07-26T03:24:51,5,10,0,15
2024-07-26T03:40:36,5,10,0,15
2024-07-26T03:56:21,5,10,0,15
2024-07-26T04:24:20,5,10,0,15
2024-07-26T04:40:08,5,10,0,15
2024-07-26T04:55:57,5,10,0,15
2024-07-26T05:11:44,5,10,0,15
2024-07-26T05:27:30,5,10,0,15
2024-07-26T05:43:19,5,10,0,15
2024-07-26T05:59:16,5,10,0,15
2024-07-26T06:15:01,5,10,0,15
2024-07-26T06:30:47,5,10,0,15
2024-07-26T06:46:34,5,10,0,15
2024-07-26T07:02:22,5,10,0,15
2024-07-26T07:18:10,5,10,0,15
2024-07-26T07:33:57,5,10,0,15
2024-07-26T07:49:41,5,10,0,15
2024-07-26T08:05:26,5,10,0,15
2024-07-26T08:21:16,5,10,0,15
2024-07-26T08:37:03,5,10,0,15
2024-07-26T08:52:51,5,10,0,15
2024-07-26T09:08:36,5,10,0,15
2024-07-26T09:24:22,5,10,0,15
2024-07-26T09:40:15,5,10,0,15
2024-07-26T09:56:00,5,10,0,15
2024-07-26T10:11:45,5,10,0,15
2024-07-26T10:27:31,5,10,0,15
2024-07-26T10:43:15,5,10,0,15
2024-07-26T10:58:58,5,10,0,15
2024-07-26T11:14:42,5,10,0,15
2024-07-26T11:30:24,5,10,0,15
2024-07-26T11:46:08,5,10,0,15
2024-07-26T12:02:00,5,10,0,15
2024-07-26T12:17:44,5,10,0,15
2024-07-26T12:33:27,5,10,0,15
2024-07-26T12:49:12,5,10,0,15
2024-07-26T13:04:56,5,10,0,15
2024-07-26T13:20:41,5,10,0,15
2024-07-26T13:36:25,5,10,0,15
2024-07-26T13:52:09,5,10,0,15
2024-07-26T14:07:53,5,10,0,15
2024-07-26T14:23:38,5,10,0,15
2024-07-26T14:39:31,5,10,0,15
2024-07-26T14:55:15,5,10,0,15
2024-07-26T15:10:58,5,10,0,15
2024-07-26T15:26:42,5,10,0,15
2024-07-26T15:42:26,5,10,0,15
2024-07-26T15:58:10,5,10,0,15
2024-07-26T16:13:54,5,10,0,15
2024-07-26T16:29:38,5,10,0,15
2024-07-26T16:45:22,5,10,0,15
2024-07-26T17:01:05,5,10,0,15
2024-07-26T17:17:00,5,10,0,15
2024-07-26T17:32:45,5,10,0,15
2024-07-26T17:48:29,5,10,0,15
2024-07-26T18:04:13,5,10,0,15
2024-07-26T18:19:58,5,10,0,15
2024-07-26T18:35:42,5,10,0,15
2024-07-26T18:51:26,5,10,0,15
2024-07-26T19:07:10,5,10,0,15
2024-07-26T19:23:03,5,10,0,15
2024-07-26T19:38:47,5,10,0,15
2024-07-26T19:54:32,5,10,0,15
2024-07-26T20:10:15,5,10,0,15
2024-07-26T20:25:59,5,10,0,15
2024-07-26T20:41:43,5,10,0,15
2024-07-26T20:57:26,5,10,0,15
2024-07-26T21:13:09,5,10,0,15
2024-07-26T21:28:54,5,10,0,15
2024-07-26T21:44:38,5,10,0,15
2024-07-26T22:00:31,5,10,0,15
2024-07-26T22:16:15,5,10,0,15
2024-07-26T22:31:59,5,10,0,15
2024-07-26T22:47:43,5,10,0,15
2024-07-26T23:03:26,5,10,0,15
2024-07-26T23:19:11,5,10,0,15
2024-07-26T23:34:55,5,10,0,15
2024-07-26T23:50:39,5,10,0,15
2024-07-27T00:06:26,5,10,0,15
2024-07-27T00:22:16,5,10,0,15
2024-07-27T00:38:05,5,10,0,15
2024-07-27T00:53:56,5,10,0,15
2024-07-27T01:09:44,5,10,0,15
2024-07-27T01:25:33,5,10,0,15
2024-07-27T01:41:21,5,10,0,15
2024-07-27T01:57:08,5,10,0,15
2024-07-27T02:13:02,5,10,0,15
2024-07-27T02:28:50,5,10,0,15
2024-07-27T02:44:38,5,10,0,15
2024-07-27T03:00:24,5,10,0,15
2024-07-27T03:16:09,5,10,0,15
2024-07-27T03:31:54,5,10,0,15
2024-07-27T03:47:39,5,10,0,15
2024-07-27T04:03:25,5,10,0,15
2024-07-27T04:35:59,5,10,0,15
2024-07-27T04:51:47,5,10,0,15
2024-07-27T05:07:34,5,10,0,15
2024-07-27T05:23:18,5,10,0,15
2024-07-27T05:39:01,5,10,0,15
2024-07-27T05:54:48,5,10,0,15
2024-07-27T06:10:38,5,10,0,15
2024-07-27T06:26:49,5,10,0,15
2024-07-27T06:42:35,5,10,0,15
2024-07-27T06:58:22,5,10,0,15
2024-07-27T07:14:11,5,10,0,15
2024-07-27T07:29:58,5,10,0,15
2024-07-27T07:45:43,5,10,0,15
2024-07-27T08:01:28,5,10,0,15
2024-07-27T08:17:15,5,10,0,15
2024-07-27T08:33:03,5,10,0,15
2024-07-27T08:48:49,5,10,0,15
2024-07-27T09:04:36,5,10,0,15
2024-07-27T09:20:24,5,10,0,15
2024-07-27T09:36:17,5,10,0,15
2024-07-27T09:52:04,5,10,0,15
2024-07-27T10:07:50,5,10,0,15
2024-07-27T10:23:36,5,10,0,15
2024-07-27T10:39:23,5,10,0,15
2024-07-27T10:55:08,5,10,0,15
2024-07-27T11:10:55,5,10,0,15
2024-07-27T11:26:40,5,10,0,15
2024-07-27T11:42:25,5,10,0,15
2024-07-27T11:58:10,5,10,0,15
2024-07-27T12:13:55,5,10,0,15
2024-07-27T12:29:40,5,10,0,15
2024-07-27T12:45:24,5,10,0,15
2024-07-27T13:01:10,5,10,0,15
2024-07-27T13:17:04,5,10,0,15
2024-07-27T13:32:50,5,10,0,15
2024-07-27T13:48:35,5,10,0,15
2024-07-27T14:04:18,5,10,0,15
2024-07-27T14:20:01,5,10,0,15
2024-07-27T14:35:45,5,10,0,15
2024-07-27T14:51:28,5,10,0,15
2024-07-27T15:07:11,5,10,0,15
2024-07-27T15:22:54,5,10,0,15
2024-07-27T15:38:38,5,10,0,15
2024-07-27T15:54:20,5,10,0,15
2024-07-27T16:10:04,5,10,0,15
2024-07-27T16:25:47,5,10,0,15
2024-07-27T16:41:31,5,10,0,15
2024-07-27T16:57:15,5,10,0,15
2024-07-27T17:13:08,5,10,0,15
2024-07-27T17:28:51,5,10,0,15
2024-07-27T17:44:35,5,10,0,15
2024-07-27T18:00:19,5,10,0,15
2024-07-27T18:16:02,5,10,0,15
2024-07-27T18:31:46,5,10,0,15
2024-07-27T18:47:29,5,10,0,15
2024-07-27T19:03:13,5,10,0,15
2024-07-27T19:18:57,5,10,0,15
2024-07-27T19:34:40,5,10,0,15
2024-07-27T19:50:24,5,10,0,15
2024-07-27T20:06:07,5,10,0,15
2024-07-27T20:21:51,5,10,0,15
2024-07-27T20:37:33,5,10,0,15
2024-07-27T20:53:17,5,10,0,15
2024-07-27T21:09:01,5,10,0,15
2024-07-27T21:24:46,5,10,0,15
2024-07-27T21:40:29,5,10,0,15
2024-07-27T21:56:13,5,10,0,15
2024-07-27T22:12:05,5,10,0,15
2024-07-27T22:27:48,5,10,0,15
2024-07-27T22:43:33,5,10,0,15
2024-07-27T22:59:15,5,10,0,15
2024-07-27T23:15:00,5,10,0,15
2024-07-27T23:30:44,5,10,0,15
2024-07-27T23:46:29,5,10,0,15
2024-07-28T00:02:13,5,10,0,15
2024-07-28T00:18:07,5,10,0,15
2024-07-28T00:33:57,5,10,0,15
2024-07-28T00:49:45,5,10,0,15
2024-07-28T01:05:33,5,10,0,15
2024-07-28T01:21:18,5,10,0,15
2024-07-28T01:37:06,5,10,0,15
2024-07-28T01:52:53,5,10,0,15
2024-07-28T02:09:10,5,10,0,15
2024-07-28T02:24:57,5,10,0,15
2024-07-28T02:40:50,5,10,0,15
2024-07-28T02:56:37,5,10,0,15
2024-07-28T03:12:25,5,10,0,15
2024-07-28T03:28:11,5,10,0,15
2024-07-28T03:43:57,5,10,0,15
2024-07-28T03:59:45,5,10,0,15
2024-07-28T04:24:15,5,10,0,15
2024-07-28T04:40:08,5,10,0,15
2024-07-28T04:55:57,5,10,0,15
2024-07-28T05:11:43,5,10,0,15
2024-07-28T05:27:29,5,10,0,15
2024-07-28T05:43:16,5,10,0,15
2024-07-28T05:59:02,5,10,0,15
2024-07-28T06:14:50,5,10,0,15
2024-07-28T06:30:38,5,10,0,15
2024-07-28T06:46:25,5,10,0,15
2024-07-28T07:02:09,5,10,0,15
2024-07-28T07:17:54,5,10,0,15
2024-07-28T07:33:37,5,10,0,15
2024-07-28T07:49:23,5,10,0,15
2024-07-28T08:05:07,5,10,0,15
2024-07-28T08:20:52,5,10,0,15
2024-07-28T08:36:42,5,10,0,15
2024-07-28T08:52:29,5,10,0,15
2024-07-28T09:08:14,5,10,0,15
2024-07-28T09:23:58,5,10,0,15
2024-07-28T09:39:46,5,10,0,15
2024-07-28T09:55:30,5,10,0,15
2024-07-28T10:11:15,5,10,0,15
2024-07-28T10:26:59,5,10,0,15
2024-07-28T10:42:44,5,10,0,15
2024-07-28T10:58:27,5,10,0,15
2024-07-28T11:14:10,5,10,0,15
2024-07-28T11:30:02,5,10,0,15
2024-07-28T11:45:45,5,10,0,15
2024-07-28T12:01:30,5,10,0,15
2024-07-28T12:17:14,5,10,0,15
2024-07-28T12:32:57,5,10,0,15
2024-07-28T12:48:40,5,10,0,15
2024-07-28T13:04:24,5,10,0,15
2024-07-28T13:20:10,5,10,0,15
2024-07-28T13:35:55,5,10,0,15
2024-07-28T13:51:39,5,10,0,15
2024-07-28T14:07:22,5,10,0,15
2024-07-28T14:23:05,5,10,0,15
2024-07-28T14:38:49,5,10,0,15
2024-07-28T14:54:33,5,10,0,15
2024-07-28T15:10:25,5,10,0,15
2024-07-28T15:26:09,5,10,0,15
2024-07-28T15:41:52,5,10,0,15
2024-07-28T15:57:35,5,10,0,15
2024-07-28T16:13:18,5,10,0,15
2024-07-28T16:29:02,5,10,0,15
2024-07-28T16:44:46,5,10,0,15
2024-07-28T17:00:30,5,10,0,15
2024-07-28T17:16:14,5,10,0,15
2024-07-28T17:31:56,5,10,0,15
2024-07-28T17:47:39,5,10,0,15
2024-07-28T18:03:22,5,10,0,15
2024-07-28T18:19:06,5,10,0,15
2024-07-28T18:35:00,5,10,0,15
2024-07-28T18:50:44,5,10,0,15
2024-07-28T19:06:29,5,10,0,15
2024-07-28T19:22:14,5,10,0,15
2024-07-28T19:37:59,5,10,0,15
2024-07-28T19:53:42,5,10,0,15
2024-07-28T20:09:26,5,10,0,15
2024-07-28T20:25:10,5,10,0,15
2024-07-28T20:40:53,5,10,0,15
2024-07-28T20:56:45,5,10,0,15
2024-07-28T21:12:29,5,10,0,15
2024-07-28T21:28:13,5,10,0,15
2024-07-28T21:43:59,5,10,0,15
2024-07-28T21:59:43,5,10,0,15
2024-07-28T22:15:28,5,10,0,15
2024-07-28T22:31:12,5,10,0,15
2024-07-28T22:46:55,5,10,0,15
2024-07-28T23:02:39,5,10,0,15
2024-07-28T23:18:24,5,10,0,15
2024-07-28T23:34:11,5,10,0,15
2024-07-28T23:50:05,5,10,0,15
2024-07-29T00:05:51,5,10,0,15
2024-07-29T00:21:45,5,10,0,15
2024-07-29T00:37:36,5,10,0,15
2024-07-29T00:53:29,5,10,0,15
2024-07-29T01:09:17,5,10,0,15
2024-07-29T01:25:10,5,10,0,15
2024-07-29T01:41:01,5,10,0,15
2024-07-29T01:56:47,5,10,0,15
2024-07-29T02:12:35,5,10,0,15
2024-07-29T02:28:21,5,10,0,15
2024-07-29T02:44:29,5,10,0,15
2024-07-29T03:00:15,5,10,0,15
2024-07-29T03:16:05,5,10,0,15
2024-07-29T03:31:50,5,10,0,15
2024-07-29T03:47:37,5,10,0,15
2024-07-29T04:03:24,5,10,0,15
2024-07-29T16:49:31,5,10,0,15
2024-07-29T17:05:15,5,10,0,15
2024-07-29T17:21:00,5,10,0,15
2024-07-29T17:36:44,5,10,0,15
2024-07-29T17:52:28,5,10,0,15
2024-07-29T18:08:13,5,10,0,15
2024-07-29T18:24:15,5,10,0,15
2024-07-29T18:39:59,5,10,0,15
2024-07-29T18:55:43,5,10,0,15
2024-07-29T19:11:29,5,10,0,15
2024-07-29T19:27:13,5,10,0,15
2024-07-29T19:42:57,5,10,0,15
2024-07-29T19:58:41,5,10,0,15
2024-07-29T20:14:25,5,10,0,15
2024-07-29T20:30:09,5,10,0,15
2024-07-29T20:46:03,5,10,0,15
2024-07-29T21:01:47,5,10,0,15
2024-07-29T21:17:34,5,10,0,15
2024-07-29T21:33:18,5,10,0,15
2024-07-29T21:49:03,5,10,0,15
2024-07-29T22:04:58,5,10,0,15
2024-07-29T22:20:42,5,10,0,15
2024-07-29T22:36:45,5,10,0,15
2024-07-29T22:52:29,5,10,0,15
2024-07-29T23:08:14,5,10,0,15
2024-07-29T23:23:59,5,10,0,15
2024-07-29T23:39:44,5,10,0,15
2024-07-29T23:55:28,5,10,0,15
2024-07-30T00:11:13,5,10,0,15
2024-07-30T00:27:08,5,10,0,15
2024-07-30T00:42:58,5,10,0,15
2024-07-30T00:58:59,5,10,0,15
2024-07-30T01:14:51,5,10,0,15
2024-07-30T01:30:40,5,10,0,15
2024-07-30T01:46:28,5,10,0,15
2024-07-30T02:02:15,5,10,0,15
2024-07-30T02:18:08,5,10,0,15
2024-07-30T02:33:55,5,10,0,15
2024-07-30T02:49:41,5,10,0,15
2024-07-30T03:05:28,5,10,0,15
2024-07-30T03:21:17,5,10,0,15
2024-07-30T03:37:06,5,10,0,15
2024-07-30T03:52:52,5,10,0,15
2024-07-30T04:08:40,5,10,0,15
2024-07-30T04:37:34,5,10,0,15
2024-07-30T04:53:22,5,10,0,15
2024-07-30T05:09:08,5,10,0,15
2024-07-30T05:25:07,5,10,0,15
2024-07-30T05:41:07,5,10,0,15
2024-07-30T05:56:55,5,10,0,15
2024-07-30T06:12:43,5,10,0,15
2024-07-30T06:28:29,5,10,0,15
2024-07-30T06:44:16,5,10,0,15
2024-07-30T07:00:05,5,10,0,15
2024-07-30T07:15:55,5,10,0,15
2024-07-30T07:31:42,5,10,0,15
2024-07-30T07:47:30,5,10,0,15
2024-07-30T08:03:16,5,10,0,15
2024-07-30T08:19:07,5,10,0,15
2024-07-30T08:34:54,5,10,0,15
2024-07-30T08:50:41,5,10,0,15
2024-07-30T09:06:28,5,10,0,15
2024-07-30T09:22:27,5,10,0,15
2024-07-30T09:38:13,5,10,0,15
2024-07-30T09:54:00,5,10,0,15
2024-07-30T10:09:47,5,10,0,15
2024-07-30T10:25:32,5,10,0,15
2024-07-30T10:41:17,5,10,0,15
2024-07-30T10:57:01,5,10,0,15
2024-07-30T11:12:45,5,10,0,15
2024-07-30T11:28:30,5,10,0,15
2024-07-30T11:44:15,5,10,0,15
2024-07-30T12:00:18,5,10,0,15
2024-07-30T12:16:03,5,10,0,15
2024-07-30T12:31:48,5,10,0,15
2024-07-30T12:47:35,5,10,0,15
2024-07-30T13:03:20,5,10,0,15
2024-07-30T13:19:05,5,10,0,15
2024-07-30T13:34:50,5,10,0,15
2024-07-30T13:50:34,5,10,0,15
2024-07-30T14:06:27,5,10,0,15
2024-07-30T14:22:13,5,10,0,15
2024-07-30T14:37:59,5,10,0,15
2024-07-30T14:53:44,5,10,0,15
2024-07-30T15:09:30,5,10,0,15
2024-07-30T15:25:15,5,10,0,15
2024-07-30T15:41:18,5,10,0,15
2024-07-30T15:57:02,5,10,0,15
2024-07-30T16:12:48,5,10,0,15
2024-07-30T16:28:33,5,10,0,15
2024-07-30T16:44:19,5,10,0,15
2024-07-30T17:00:12,5,10,0,15
2024-07-30T17:15:58,5,10,0,15
2024-07-30T17:31:43,5,10,0,15
2024-07-30T17:47:28,5,10,0,15
2024-07-30T18:03:13,5,10,0,15
2024-07-30T18:19:15,5,10,0,15
2024-07-30T18:35:00,5,10,0,15
2024-07-30T18:50:44,5,10,0,15
2024-07-30T19:06:28,5,10,0,15
2024-07-30T19:22:13,5,10,0,15
2024-07-30T19:37:57,5,10,0,15
2024-07-30T19:53:42,5,10,0,15
2024-07-30T20:09:27,5,10,0,15
2024-07-30T20:25:22,5,10,0,15
2024-07-30T20:41:06,5,10,0,15
2024-07-30T20:56:51,5,10,0,15
2024-07-30T21:12:36,5,10,0,15
2024-07-30T21:28:21,5,10,0,15
2024-07-30T21:44:06,5,10,0,15
2024-07-30T22:00:14,5,10,0,15
2024-07-30T22:16:00,5,10,0,15
2024-07-30T22:31:44,5,10,0,15
2024-07-30T22:47:29,5,10,0,15
2024-07-30T23:03:14,5,10,0,15
2024-07-30T23:18:58,5,10,0,15
2024-07-30T23:34:44,5,10,0,15
2024-07-30T23:50:30,5,10,0,15
2024-07-31T00:06:18,5,10,0,15
2024-07-31T00:22:27,5,10,0,15
2024-07-31T00:38:24,5,10,0,15
2024-07-31T00:54:23,5,10,0,15
2024-07-31T01:10:23,5,10,0,15
2024-07-31T01:26:20,5,10,0,15
2024-07-31T01:42:18,5,10,0,15
2024-07-31T01:58:06,5,10,0,15
2024-07-31T02:13:54,5,10,0,15
2024-07-31T02:29:42,5,10,0,15
2024-07-31T02:45:31,5,10,0,15
2024-07-31T03:01:49,5,10,0,15
2024-07-31T03:17:39,5,10,0,15
2024-07-31T03:33:28,5,10,0,15
2024-07-31T03:49:18,5,10,0,15
2024-07-31T04:05:07,5,10,0,15
2024-07-31T04:25:22,5,10,0,15
2024-07-31T04:41:11,5,10,0,15
2024-07-31T04:56:59,5,10,0,15
2024-07-31T05:12:51,5,10,0,15
2024-07-31T05:28:40,5,10,0,15
2024-07-31T05:44:31,5,10,0,15
2024-07-31T06:00:19,5,10,0,15
2024-07-31T06:16:07,5,10,0,15
2024-07-31T06:31:57,5,10,0,15
2024-07-31T06:47:46,5,10,0,15
2024-07-31T07:03:34,5,10,0,15
2024-07-31T07:19:25,5,10,0,15
2024-07-31T07:35:13,5,10,0,15
2024-07-31T07:50:59,5,10,0,15
2024-07-31T08:06:48,5,10,0,15
2024-07-31T08:22:33,5,10,0,15
2024-07-31T08:38:28,5,10,0,15
2024-07-31T08:54:13,5,10,0,15
2024-07-31T09:09:58,5,10,0,15
2024-07-31T09:25:43,5,10,0,15
2024-07-31T09:41:39,5,10,0,15
2024-07-31T09:57:24,5,10,0,15
2024-07-31T10:13:09,5,10,0,15
2024-07-31T10:28:55,5,10,0,15
2024-07-31T10:44:41,5,10,0,15
2024-07-31T11:00:26,5,10,0,15
2024-07-31T11:16:13,5,10,0,15
2024-07-31T11:32:09,5,10,0,15
2024-07-31T11:47:53,5,10,0,15
2024-07-31T12:03:40,5,10,0,15
2024-07-31T12:19:36,5,10,0,15
2024-07-31T12:35:31,5,10,0,15
2024-07-31T12:51:16,5,10,0,15
2024-07-31T13:07:01,5,10,0,15
2024-07-31T13:22:47,5,10,0,15
2024-07-31T13:38:43,5,10,0,15
2024-07-31T13:54:30,5,10,0,15
2024-07-31T14:10:18,5,10,0,15
2024-07-31T14:26:06,5,10,0,15
2024-08-01T04:29:45,5,10,0,15
2024-08-01T04:45:35,5,10,0,15
2024-08-01T05:01:23,5,10,0,15
2024-08-01T05:17:11,5,10,0,15
2024-08-01T05:33:05,5,10,0,15
2024-08-01T05:49:03,5,10,0,15
2024-08-01T06:04:51,5,10,0,15
2024-08-01T06:20:39,5,10,0,15
2024-08-01T06:36:27,5,10,0,15
2024-08-01T06:52:16,5,10,0,15
2024-08-01T07:08:07,5,10,0,15
2024-08-01T07:23:56,5,10,0,15
2024-08-01T07:39:42,5,10,0,15
2024-08-01T07:55:31,5,10,0,15
2024-08-01T08:11:19,5,10,0,15
2024-08-01T08:27:06,5,10,0,15
2024-08-01T08:42:53,5,10,0,15
2024-08-01T08:58:49,5,10,0,15
2024-08-01T09:14:37,5,10,0,15
2024-08-01T09:30:24,5,10,0,15
2024-08-01T09:46:13,5,10,0,15
2024-08-01T10:02:00,5,10,0,15
2024-08-01T10:17:48,5,10,0,15
2024-08-01T10:33:35,5,10,0,15
2024-08-01T10:49:23,5,10,0,15
2024-08-01T11:05:10,5,10,0,15
2024-08-01T11:21:06,5,10,0,15
2024-08-01T11:36:52,5,10,0,15
2024-08-01T11:52:38,5,10,0,15
2024-08-01T12:08:23,5,10,0,15
2024-08-01T12:24:09,5,10,0,15
2024-08-01T12:39:55,5,10,0,15
2024-08-01T12:55:50,5,10,0,15
2024-08-01T13:11:36,5,10,0,15
2024-08-01T13:27:21,5,10,0,15
2024-08-01T13:43:10,5,10,0,15
2024-08-01T13:58:56,5,10,0,15
2024-08-01T14:14:43,5,10,0,15
2024-08-01T14:30:37,5,10,0,15
2024-08-01T14:46:23,5,10,0,15
2024-08-01T15:02:10,5,10,0,15
2024-08-01T15:17:56,5,10,0,15
2024-08-01T15:33:43,5,10,0,15
2024-08-01T15:49:29,5,10,0,15
2024-08-01T16:05:16,5,10,0,15
2024-08-01T16:21:02,5,10,0,15
2024-08-01T16:36:59,5,10,0,15
2024-08-01T16:52:46,5,10,0,15
2024-08-01T17:08:32,5,10,0,15
2024-08-01T17:24:20,5,10,0,15
2024-08-01T17:40:06,5,10,0,15
2024-08-01T17:55:53,5,10,0,15
2024-08-01T18:11:52,5,10,0,15
2024-08-01T18:27:39,5,10,0,15
2024-08-01T18:43:24,5,10,0,15
2024-08-01T18:59:10,5,10,0,15
2024-08-01T19:14:58,5,10,0,15
2024-08-01T19:30:44,5,10,0,15
2024-08-01T19:46:29,5,10,0,15
2024-08-01T20:02:15,5,10,0,15
2024-08-01T20:18:02,5,10,0,15
2024-08-01T20:33:58,5,10,0,15
2024-08-01T20:49:45,5,10,0,15
2024-08-01T21:05:32,5,10,0,15
2024-08-01T21:21:18,5,10,0,15
2024-08-01T21:37:04,5,10,0,15
2024-08-01T21:52:56,5,10,0,15
2024-08-01T22:08:43,5,10,0,15
2024-08-01T22:24:29,5,10,0,15
2024-08-01T22:40:18,5,10,0,15
2024-08-01T22:56:05,5,10,0,15
2024-08-01T23:12:02,5,10,0,15
2024-08-01T23:27:48,5,10,0,15
2024-08-01T23:43:36,5,10,0,15
2024-08-01T23:59:22,5,10,0,15
2024-08-02T00:15:17,5,10,0,15
2024-08-02T00:31:09,5,10,0,15
2024-08-02T00:47:00,5,10,0,15
2024-08-02T01:02:53,5,10,0,15
2024-08-02T01:18:46,5,10,0,15
2024-08-02T01:34:38,5,10,0,15
2024-08-02T01:50:28,5,10,0,15
2024-08-02T02:06:28,5,10,0,15
2024-08-02T02:22:17,5,10,0,15
2024-08-02T02:38:07,5,10,0,15
2024-08-02T02:53:58,5,10,0,15
2024-08-02T03:09:46,5,10,0,15
2024-08-02T03:25:49,5,10,0,15
2024-08-02T03:41:41,5,10,0,15
2024-08-02T03:58:08,5,10,0,15
2024-08-02T04:30:39,5,10,0,15
2024-08-02T04:46:31,5,10,0,15
2024-08-02T05:02:23,5,10,0,15
2024-08-02T05:18:15,5,10,0,15
2024-08-02T05:34:03,5,10,0,15
2024-08-02T05:49:53,5,10,0,15
2024-08-02T06:05:42,5,10,0,15
2024-08-02T06:21:32,5,10,0,15
2024-08-02T06:37:22,5,10,0,15
2024-08-02T06:53:12,5,10,0,15
2024-08-02T07:09:03,5,10,0,15
2024-08-02T07:24:52,5,10,0,15
2024-08-02T07:40:43,5,10,0,15
2024-08-02T07:56:30,5,10,0,15
2024-08-02T08:12:19,5,10,0,15
2024-08-02T08:28:09,5,10,0,15
2024-08-02T08:43:57,5,10,0,15
2024-08-02T08:59:58,5,10,0,15
2024-08-02T09:15:46,5,10,0,15
2024-08-02T09:31:33,5,10,0,15
2024-08-02T09:47:20,5,10,0,15
2024-08-02T10:03:07,5,10,0,15
2024-08-02T10:18:54,5,10,0,15
2024-08-02T10:34:42,5,10,0,15
2024-08-02T10:50:28,5,10,0,15
2024-08-02T11:06:24,5,10,0,15
2024-08-02T11:22:11,5,10,0,15
2024-08-02T11:37:57,5,10,0,15
2024-08-02T11:53:43,5,10,0,15
2024-08-02T12:09:30,5,10,0,15
2024-08-02T12:25:16,5,10,0,15
2024-08-02T12:41:21,5,10,0,15
2024-08-02T12:57:07,5,10,0,15
2024-08-02T13:12:54,5,10,0,15
2024-08-02T13:28:40,5,10,0,15
2024-08-02T13:44:27,5,10,0,15
2024-08-02T14:00:14,5,10,0,15
2024-08-02T14:16:00,5,10,0,15
2024-08-02T14:31:48,5,10,0,15
2024-08-02T14:47:46,5,10,0,15
2024-08-02T15:03:34,5,10,0,15
2024-08-02T15:19:23,5,10,0,15
2024-08-02T15:35:10,5,10,0,15
2024-08-02T15:50:56,5,10,0,15
2024-08-02T16:06:44,5,10,0,15
2024-08-02T16:22:46,5,10,0,15
2024-08-02T16:38:34,5,10,0,15
2024-08-02T16:54:22,5,10,0,15
2024-08-02T17:10:09,5,10,0,15
2024-08-02T17:25:57,5,10,0,15
2024-08-02T17:41:44,5,10,0,15
2024-08-02T17:57:31,5,10,0,15
2024-08-02T18:13:19,5,10,0,15
2024-08-02T18:29:26,5,10,0,15
2024-08-02T18:45:13,5,10,0,15
2024-08-02T19:01:00,5,10,0,15
2024-08-02T19:16:48,5,10,0,15
2024-08-02T19:32:35,5,10,0,15
2024-08-02T19:48:23,5,10,0,15
2024-08-02T20:04:11,5,10,0,15
2024-08-02T20:19:58,5,10,0,15
2024-08-02T20:35:45,5,10,0,15
2024-08-02T20:51:49,5,10,0,15
2024-08-02T21:07:37,5,10,0,15
2024-08-02T21:23:26,5,10,0,15
2024-08-02T21:39:14,5,10,0,15
2024-08-02T21:55:09,5,10,0,15
2024-08-02T22:10:57,5,10,0,15
2024-08-02T22:26:44,5,10,0,15
2024-08-02T22:42:31,5,10,0,15
2024-08-02T22:58:18,5,10,0,15
2024-08-02T23:14:20,5,10,0,15
2024-08-02T23:30:11,5,10,0,15
2024-08-02T23:46:00,5,10,0,15
2024-08-03T00:01:50,5,10,0,15
2024-08-03T00:17:44,5,10,0,15
2024-08-03T00:33:40,5,10,0,15
2024-08-03T00:49:35,5,10,0,15
2024-08-03T01:05:28,5,10,0,15
2024-08-03T01:21:22,5,10,0,15
2024-08-03T01:37:15,5,10,0,15
2024-08-03T01:53:09,5,10,0,15
2024-08-03T02:09:16,5,10,0,15
2024-08-03T02:25:16,5,10,0,15
2024-08-03T02:41:08,5,10,0,15
2024-08-03T02:56:57,5,10,0,15
2024-08-03T03:12:48,5,10,0,15
2024-08-03T03:28:39,5,10,0,15
2024-08-03T03:44:29,5,10,0,15
2024-08-03T04:00:24,5,10,0,15
2024-08-03T04:27:10,5,10,0,15
2024-08-03T04:43:01,5,10,0,15
2024-08-03T04:58:51,5,10,0,15
2024-08-03T05:14:38,5,10,0,15
2024-08-03T05:30:24,5,10,0,15
2024-08-03T05:46:14,5,10,0,15
2024-08-03T06:02:22,5,10,0,15
2024-08-03T06:18:12,5,10,0,15
2024-08-03T06:34:01,5,10,0,15
2024-08-03T06:49:51,5,10,0,15
2024-08-03T07:05:42,5,10,0,15
2024-08-03T07:21:33,5,10,0,15
2024-08-03T07:37:22,5,10,0,15
2024-08-03T07:53:10,5,10,0,15
2024-08-03T08:09:08,5,10,0,15
2024-08-03T08:24:58,5,10,0,15
2024-08-03T08:40:48,5,10,0,15
2024-08-03T08:56:38,5,10,0,15
2024-08-03T09:12:29,5,10,0,15
2024-08-03T09:28:22,5,10,0,15
2024-08-03T09:44:12,5,10,0,15
2024-08-03T10:00:02,5,10,0,15
2024-08-03T10:15:52,5,10,0,15
2024-08-03T10:31:49,5,10,0,15
2024-08-03T10:47:39,5,10,0,15
2024-08-03T11:03:27,5,10,0,15
2024-08-03T11:19:16,5,10,0,15
2024-08-03T11:35:05,5,10,0,15
2024-08-03T11:50:54,5,10,0,15
2024-08-03T12:06:43,5,10,0,15
2024-08-03T12:22:32,5,10,0,15
2024-08-03T12:38:20,5,10,0,15
2024-08-03T12:54:08,5,10,0,15
2024-08-03T13:10:07,5,10,0,15
2024-08-03T13:25:56,5,10,0,15
2024-08-03T13:41:45,5,10,0,15
2024-08-03T13:57:34,5,10,0,15
2024-08-03T14:13:23,5,10,0,15
2024-08-03T14:29:12,5,10,0,15
2024-08-03T14:45:01,5,10,0,15
2024-08-03T15:00:49,5,10,0,15
2024-08-03T15:16:37,5,10,0,15
2024-08-03T15:32:36,5,10,0,15
2024-08-03T15:48:23,5,10,0,15
2024-08-03T16:04:09,5,10,0,15
2024-08-03T16:19:56,5,10,0,15
2024-08-03T16:35:43,5,10,0,15
2024-08-03T16:51:30,5,10,0,15
2024-08-03T17:07:17,5,10,0,15
2024-08-03T17:23:06,5,10,0,15
2024-08-03T17:38:53,5,10,0,15
2024-08-03T17:54:47,5,10,0,15
2024-08-03T18:10:34,5,10,0,15
2024-08-03T18:26:21,5,10,0,15
2024-08-03T18:42:08,5,10,0,15
2024-08-03T18:57:54,5,10,0,15
2024-08-03T19:13:41,5,10,0,15
2024-08-03T19:29:28,5,10,0,15
2024-08-03T19:45:15,5,10,0,15
2024-08-03T20:01:01,5,10,0,15
2024-08-03T20:16:49,5,10,0,15
2024-08-03T20:32:36,5,10,0,15
2024-08-03T20:48:35,5,10,0,15
2024-08-03T21:04:21,5,10,0,15
2024-08-03T21:20:10,5,10,0,15
2024-08-03T21:35:58,5,10,0,15
2024-08-03T21:51:45,5,10,0,15
2024-08-03T22:07:33,5,10,0,15
2024-08-03T22:23:19,5,10,0,15
2024-08-03T22:39:05,5,10,0,15
2024-08-03T22:54:53,5,10,0,15
2024-08-03T23:10:40,5,10,0,15
2024-08-03T23:26:35,5,10,0,15
2024-08-03T23:42:22,5,10,0,15
2024-08-03T23:58:09,5,10,0,15
2024-08-04T00:13:58,5,10,0,15
2024-08-04T00:29:51,5,10,0,15
2024-08-04T00:45:41,5,10,0,15
2024-08-04T01:01:35,5,10,0,15
2024-08-04T01:17:27,5,10,0,15
2024-08-04T01:33:19,5,10,0,15
2024-08-04T01:49:10,5,10,0,15
2024-08-04T02:05:01,5,10,0,15
2024-08-04T02:21:13,5,10,0,15
2024-08-04T02:37:04,5,10,0,15
2024-08-04T02:52:53,5,10,0,15
2024-08-04T03:08:44,5,10,0,15
2024-08-04T03:24:43,5,10,0,15
2024-08-04T03:40:32,5,10,0,15
2024-08-04T03:56:23,5,10,0,15
2024-08-04T04:27:21,5,10,0,15
2024-08-04T04:43:16,5,10,0,15
2024-08-04T04:59:09,5,10,0,15
2024-08-04T05:15:01,5,10,0,15
2024-08-04T05:30:52,5,10,0,15
2024-08-04T05:46:44,5,10,0,15
2024-08-04T06:02:35,5,10,0,15
2024-08-04T06:18:25,5,10,0,15
2024-08-04T06:34:15,5,10,0,15
2024-08-04T06:50:06,5,10,0,15
2024-08-04T07:05:54,5,10,0,15
2024-08-04T07:21:43,5,10,0,15
2024-08-04T07:37:29,5,10,0,15
2024-08-04T07:53:17,5,10,0,15
2024-08-04T08:09:05,5,10,0,15
2024-08-04T08:24:53,5,10,0,15
2024-08-04T08:40:44,5,10,0,15
2024-08-04T08:56:31,5,10,0,15
2024-08-04T09:12:26,5,10,0,15
2024-08-04T09:28:14,5,10,0,15
2024-08-04T09:44:02,5,10,0,15
2024-08-04T09:59:50,5,10,0,15
2024-08-04T10:15:39,5,10,0,15
2024-08-04T10:31:30,5,10,0,15
2024-08-04T10:47:20,5,10,0,15
2024-08-04T11:03:09,5,10,0,15
2024-08-04T11:18:58,5,10,0,15
2024-08-04T11:34:46,5,10,0,15
2024-08-04T11:50:32,5,10,0,15
2024-08-04T12:06:27,5,10,0,15
2024-08-04T12:22:17,5,10,0,15
2024-08-04T12:38:05,5,10,0,15
2024-08-04T12:53:53,5,10,0,15
2024-08-04T13:09:40,5,10,0,15
2024-08-04T13:25:26,5,10,0,15
2024-08-04T13:41:13,5,10,0,15
2024-08-04T13:57:00,5,10,0,15
2024-08-04T14:12:46,5,10,0,15
2024-08-04T14:28:35,5,10,0,15
2024-08-04T14:44:32,5,10,0,15
2024-08-04T15:00:19,5,10,0,15
2024-08-04T15:16:05,5,10,0,15
2024-08-04T15:31:51,5,10,0,15
2024-08-04T15:47:39,5,10,0,15
2024-08-04T16:03:26,5,10,0,15
2024-08-04T16:19:14,5,10,0,15
2024-08-04T16:35:02,5,10,0,15
2024-08-04T16:50:50,5,10,0,15
2024-08-04T17:06:36,5,10,0,15
2024-08-04T17:22:33,5,10,0,15
2024-08-04T17:38:21,5,10,0,15
2024-08-04T17:54:06,5,10,0,15
2024-08-04T18:09:53,5,10,0,15
2024-08-04T18:25:41,5,10,0,15
2024-08-04T18:41:28,5,10,0,15
2024-08-04T18:57:16,5,10,0,15
2024-08-04T19:13:05,5,10,0,15
2024-08-04T19:28:53,5,10,0,15
2024-08-04T19:44:49,5,10,0,15
2024-08-04T20:00:37,5,10,0,15
2024-08-04T20:16:23,5,10,0,15
2024-08-04T20:32:10,5,10,0,15
2024-08-04T20:47:56,5,10,0,15
2024-08-04T21:03:43,5,10,0,15
2024-08-04T21:19:32,5,10,0,15
2024-08-04T21:35:33,5,10,0,15
2024-08-04T21:51:20,5,10,0,15
2024-08-04T22:07:08,5,10,0,15
2024-08-04T22:22:54,5,10,0,15
2024-08-04T22:38:41,5,10,0,15
2024-08-04T22:54:38,5,10,0,15
2024-08-04T23:10:27,5,10,0,15
2024-08-04T23:26:15,5,10,0,15
2024-08-04T23:42:03,5,10,0,15
2024-08-04T23:57:51,5,10,0,15
2024-08-05T00:13:49,5,10,0,15
2024-08-05T00:29:46,5,10,0,15
2024-08-05T00:45:41,5,10,0,15
2024-08-05T01:01:35,5,10,0,15
2024-08-05T01:17:35,5,10,0,15
2024-08-05T01:33:38,5,10,0,15
2024-08-05T01:49:30,5,10,0,15
2024-08-05T02:05:20,5,10,0,15
2024-08-05T02:21:20,5,10,0,15
2024-08-05T02:37:13,5,10,0,15
2024-08-05T02:53:02,5,10,0,15
2024-08-05T03:08:52,5,10,0,15
2024-08-05T03:24:42,5,10,0,15
2024-08-05T03:40:31,5,10,0,15
2024-08-05T03:56:22,5,10,0,15
2024-08-05T04:29:51,5,10,0,15
2024-08-05T04:45:45,5,10,0,15
2024-08-05T05:01:36,5,10,0,15
2024-08-05T05:17:34,5,10,0,15
2024-08-05T05:33:26,5,10,0,15
2024-08-05T05:49:18,5,10,0,15
2024-08-05T06:05:09,5,10,0,15
2024-08-05T06:21:01,5,10,0,15
2024-08-05T06:36:53,5,10,0,15
2024-08-05T06:52:45,5,10,0,15
2024-08-05T07:08:34,5,10,0,15
2024-08-05T07:24:24,5,10,0,15
2024-08-05T07:40:10,5,10,0,15
2024-08-05T07:55:57,5,10,0,15
2024-08-05T08:11:44,5,10,0,15
2024-08-05T08:27:34,5,10,0,15
2024-08-05T08:43:22,5,10,0,15
2024-08-05T08:59:17,5,10,0,15
2024-08-05T09:15:06,5,10,0,15
2024-08-05T09:30:54,5,10,0,15
2024-08-05T09:46:42,5,10,0,15
2024-08-05T10:02:29,5,10,0,15
2024-08-05T10:18:20,5,10,0,15
2024-08-05T10:34:19,5,10,0,15
2024-08-05T10:50:09,5,10,0,15
2024-08-05T11:06:08,5,10,0,15
2024-08-05T11:21:58,5,10,0,15
2024-08-05T11:37:46,5,10,0,15
2024-08-05T11:53:35,5,10,0,15
2024-08-05T12:09:32,5,10,0,15
2024-08-05T12:25:21,5,10,0,15
2024-08-05T12:41:08,5,10,0,15
2024-08-05T12:56:56,5,10,0,15
2024-08-05T13:12:44,5,10,0,15
2024-08-05T13:28:43,5,10,0,15
2024-08-05T13:44:31,5,10,0,15
2024-08-05T14:00:19,5,10,0,15
2024-08-05T14:16:07,5,10,0,15
2024-08-05T14:32:07,5,10,0,15
2024-08-05T14:47:58,5,10,0,15
2024-08-05T15:03:46,5,10,0,15
2024-08-05T15:19:33,5,10,0,15
2024-08-05T15:35:31,5,10,0,15
2024-08-05T15:51:19,5,10,0,15
2024-08-05T16:07:09,5,10,0,15
2024-08-05T16:23:00,5,10,0,15
2024-08-05T16:38:49,5,10,0,15
2024-08-05T16:54:47,5,10,0,15
2024-08-05T17:10:35,5,10,0,15
2024-08-05T17:26:24,5,10,0,15
2024-08-05T17:42:12,5,10,0,15
2024-08-05T17:57:59,5,10,0,15
2024-08-05T18:13:46,5,10,0,15
2024-08-05T18:29:43,5,10,0,15
2024-08-05T18:45:30,5,10,0,15
2024-08-05T19:01:18,5,10,0,15
2024-08-05T19:17:06,5,10,0,15
2024-08-05T19:32:53,5,10,0,15
2024-08-05T19:48:42,5,10,0,15
2024-08-05T20:04:40,5,10,0,15
2024-08-05T20:20:28,5,10,0,15
2024-08-05T20:36:18,5,10,0,15
2024-08-05T20:52:06,5,10,0,15
2024-08-05T21:07:54,5,10,0,15
2024-08-05T21:23:46,5,10,0,15
2024-08-05T21:39:47,5,10,0,15
2024-08-05T21:55:35,5,10,0,15
2024-08-05T22:11:24,5,10,0,15
2024-08-05T22:27:11,5,10,0,15
2024-08-05T22:42:59,5,10,0,15
2024-08-05T22:58:58,5,10,0,15
2024-08-05T23:14:47,5,10,0,15
2024-08-05T23:30:37,5,10,0,15
2024-08-05T23:46:26,5,10,0,15
2024-08-06T00:02:14,5,10,0,15
2024-08-06T00:18:06,5,10,0,15
2024-08-06T00:34:03,5,10,0,15
2024-08-06T00:49:58,5,10,0,15
2024-08-06T01:05:54,5,10,0,15
2024-08-06T01:22:00,5,10,0,15
2024-08-06T01:37:54,5,10,0,15
2024-08-06T01:53:44,5,10,0,15
2024-08-06T02:09:35,5,10,0,15
2024-08-06T02:25:24,5,10,0,15
2024-08-06T02:41:12,5,10,0,15
2024-08-06T02:57:02,5,10,0,15
2024-08-06T03:12:52,5,10,0,15
2024-08-06T03:28:47,5,10,0,15
2024-08-06T03:44:38,5,10,0,15
2024-08-06T04:00:28,5,10,0,15
2024-08-06T04:16:22,5,10,0,15
2024-08-06T04:36:52,5,10,0,15
2024-08-06T04:52:44,5,10,0,15
2024-08-06T05:08:36,5,10,0,15
2024-08-06T05:24:28,5,10,0,15
2024-08-06T05:40:19,5,10,0,15
2024-08-06T05:56:13,5,10,0,15
2024-08-06T06:12:05,5,10,0,15
2024-08-06T06:27:55,5,10,0,15
2024-08-06T06:43:53,5,10,0,15
2024-08-06T06:59:42,5,10,0,15
2024-08-06T07:15:38,5,10,0,15
2024-08-06T07:31:28,5,10,0,15
2024-08-06T07:47:28,5,10,0,15
2024-08-06T08:03:21,5,10,0,15
2024-08-06T08:19:12,5,10,0,15
2024-08-06T08:35:04,5,10,0,15
2024-08-06T08:50:56,5,10,0,15
2024-08-06T09:06:49,5,10,0,15
2024-08-06T09:22:41,5,10,0,15
2024-08-06T09:38:40,5,10,0,15
2024-08-06T09:54:31,5,10,0,15
2024-08-06T10:10:22,5,10,0,15
2024-08-06T10:26:16,5,10,0,15
2024-08-06T10:42:06,5,10,0,15
2024-08-06T10:58:06,5,10,0,15
2024-08-06T11:13:54,5,10,0,15
2024-08-06T11:29:43,5,10,0,15
2024-08-06T11:45:41,5,10,0,15
2024-08-06T12:01:29,5,10,0,15
2024-08-06T12:17:18,5,10,0,15
2024-08-06T12:33:07,5,10,0,15
2024-08-06T12:48:55,5,10,0,15
2024-08-06T13:04:53,5,10,0,15
2024-08-06T13:20:43,5,10,0,15
2024-08-06T13:36:32,5,10,0,15
2024-08-06T13:52:21,5,10,0,15
2024-08-06T14:08:09,5,10,0,15
2024-08-06T14:24:08,5,10,0,15
2024-08-06T14:39:57,5,10,0,15
2024-08-06T14:55:45,5,10,0,15
2024-08-06T15:11:37,5,10,0,15
2024-08-06T15:27:38,5,10,0,15
2024-08-06T15:43:29,5,10,0,15
2024-08-06T15:59:20,5,10,0,15
2024-08-06T16:15:11,5,10,0,15
2024-08-06T16:31:02,5,10,0,15
2024-08-06T16:46:53,5,10,0,15
2024-08-06T17:02:55,5,10,0,15
2024-08-06T17:18:47,5,10,0,15
2024-08-06T17:34:37,5,10,0,15
2024-08-06T17:50:29,5,10,0,15
2024-08-06T18:06:20,5,10,0,15
2024-08-06T18:22:21,5,10,0,15
2024-08-06T18:38:13,5,10,0,15
2024-08-06T18:54:04,5,10,0,15
2024-08-06T19:09:57,5,10,0,15
2024-08-06T19:25:47,5,10,0,15
2024-08-06T19:41:38,5,10,0,15
2024-08-06T19:57:30,5,10,0,15
2024-08-06T20:13:32,5,10,0,15
2024-08-06T20:29:24,5,10,0,15
2024-08-06T20:45:15,5,10,0,15
2024-08-06T21:01:06,5,10,0,15
2024-08-06T21:16:59,5,10,0,15
2024-08-06T21:32:50,5,10,0,15
2024-08-06T21:48:50,5,10,0,15
2024-08-06T22:04:43,5,10,0,15
2024-08-06T22:20:35,5,10,0,15
2024-08-06T22:36:26,5,10,0,15
2024-08-06T22:52:19,5,10,0,15
2024-08-06T23:08:12,5,10,0,15
2024-08-06T23:24:13,5,10,0,15
2024-08-06T23:40:04,5,10,0,15
2024-08-06T23:55:55,5,10,0,15
2024-08-07T00:11:49,5,10,0,15
2024-08-07T00:27:49,5,10,0,15
2024-08-07T00:43:48,5,10,0,15
2024-08-07T00:59:47,5,10,0,15
2024-08-07T01:15:45,5,10,0,15
2024-08-07T01:31:42,5,10,0,15
2024-08-07T01:47:50,5,10,0,15
2024-08-07T02:03:47,5,10,0,15
2024-08-07T02:19:41,5,10,0,15
2024-08-07T02:35:33,5,10,0,15
2024-08-07T02:51:27,5,10,0,15
2024-08-07T03:07:21,5,10,0,15
2024-08-07T03:23:16,5,10,0,15
2024-08-07T03:39:10,5,10,0,15
2024-08-07T03:55:05,5,10,0,15
2024-08-07T04:11:00,5,10,0,15
2024-08-07T04:33:10,5,10,0,15
2024-08-07T04:49:07,5,10,0,15
2024-08-07T05:05:20,5,10,0,15
2024-08-07T05:21:17,5,10,0,15
2024-08-07T05:37:11,5,10,0,15
2024-08-07T05:53:05,5,10,0,15
2024-08-07T06:09:01,5,10,0,15
2024-08-07T06:24:54,5,10,0,15
2024-08-07T06:40:49,5,10,0,15
2024-08-07T06:56:44,5,10,0,15
2024-08-07T07:12:39,5,10,0,15
2024-08-07T07:28:32,5,10,0,15
2024-08-07T07:44:25,5,10,0,15
2024-08-07T08:00:18,5,10,0,15
2024-08-07T08:16:12,5,10,0,15
2024-08-07T08:32:10,5,10,0,15
2024-08-07T08:48:15,5,10,0,15
2024-08-07T09:04:08,5,10,0,15
2024-08-07T09:20:01,5,10,0,15
2024-08-07T09:35:55,5,10,0,15
2024-08-07T09:51:47,5,10,0,15
2024-08-07T10:07:39,5,10,0,15
2024-08-07T10:23:38,5,10,0,15
2024-08-07T10:39:30,5,10,0,15
2024-08-07T10:55:21,5,10,0,15
2024-08-07T11:11:13,5,10,0,15
2024-08-07T11:27:05,5,10,0,15
2024-08-07T11:43:09,5,10,0,15
2024-08-07T11:59:02,5,10,0,15
2024-08-07T12:14:55,5,10,0,15
2024-08-07T12:30:47,5,10,0,15
2024-08-07T12:46:48,5,10,0,15
2024-08-07T13:02:41,5,10,0,15
2024-08-07T13:18:34,5,10,0,15
2024-08-07T13:34:27,5,10,0,15
2024-08-07T13:50:20,5,10,0,15
2024-08-07T14:06:12,5,10,0,15
2024-08-07T14:22:13,5,10,0,15
2024-08-07T14:38:07,5,10,0,15
2024-08-07T14:54:00,5,10,0,15
2024-08-07T15:09:54,5,10,0,15
2024-08-07T15:25:49,5,10,0,15
2024-08-07T15:41:51,5,10,0,15
2024-08-07T15:57:44,5,10,0,15
2024-08-07T16:13:40,5,10,0,15
2024-08-07T16:29:32,5,10,0,15
2024-08-07T16:45:25,5,10,0,15
2024-08-07T17:01:19,5,10,0,15
2024-08-07T17:17:23,5,10,0,15
2024-08-07T17:33:15,5,10,0,15
2024-08-07T17:49:08,5,10,0,15
2024-08-07T18:05:00,5,10,0,15
2024-08-07T18:20:52,5,10,0,15
2024-08-07T18:36:46,5,10,0,15
2024-08-07T18:52:48,5,10,0,15
2024-08-07T19:08:40,5,10,0,15
2024-08-07T19:24:33,5,10,0,15
2024-08-07T19:40:25,5,10,0,15
2024-08-07T19:56:19,5,10,0,15
2024-08-07T20:12:11,5,10,0,15
2024-08-07T20:28:03,5,10,0,15
2024-08-07T20:44:08,5,10,0,15
2024-08-07T21:00:01,5,10,0,15
2024-08-07T21:15:55,5,10,0,15
2024-08-07T21:31:48,5,10,0,15
2024-08-07T21:47:42,5,10,0,15
2024-08-07T22:03:35,5,10,0,15
2024-08-07T22:19:37,5,10,0,15
2024-08-07T22:35:30,5,10,0,15
2024-08-07T22:51:22,5,10,0,15
2024-08-07T23:07:18,5,10,0,15
2024-08-07T23:23:12,5,10,0,15
2024-08-07T23:39:05,5,10,0,15
2024-08-07T23:54:59,5,10,0,15
2024-08-08T00:10:52,5,10,0,15
2024-08-08T00:26:55,5,10,0,15
2024-08-08T00:42:53,5,10,0,15
2024-08-08T00:59:05,5,10,0,15
2024-08-08T01:15:03,5,10,0,15
2024-08-08T01:31:00,5,10,0,15
2024-08-08T01:46:56,5,10,0,15
2024-08-08T02:02:52,5,10,0,15
2024-08-08T02:18:47,5,10,0,15
2024-08-08T02:34:42,5,10,0,15
2024-08-08T02:50:37,5,10,0,15
2024-08-08T03:06:33,5,10,0,15
2024-08-08T03:22:28,5,10,0,15
2024-08-08T03:38:21,5,10,0,15
2024-08-08T03:54:17,5,10,0,15
2024-08-08T04:24:45,5,10,0,15
2024-08-08T04:40:43,5,10,0,15
2024-08-08T04:56:39,5,10,0,15
2024-08-08T05:12:33,5,10,0,15
2024-08-08T05:28:33,5,10,0,15
2024-08-08T05:44:31,5,10,0,15
2024-08-08T06:00:28,5,10,0,15
2024-08-08T06:16:23,5,10,0,15
2024-08-08T06:32:19,5,10,0,15
2024-08-08T06:48:13,5,10,0,15
2024-08-08T07:04:09,5,10,0,15
2024-08-08T07:20:06,5,10,0,15
2024-08-08T07:36:02,5,10,0,15
2024-08-08T07:51:56,5,10,0,15
2024-08-08T08:07:52,5,10,0,15
2024-08-08T08:23:48,5,10,0,15
2024-08-08T08:39:51,5,10,0,15
2024-08-08T08:55:45,5,10,0,15
2024-08-08T09:11:41,5,10,0,15
2024-08-08T09:27:36,5,10,0,15
2024-08-08T09:43:41,5,10,0,15
2024-08-08T09:59:37,5,10,0,15
2024-08-08T10:15:34,5,10,0,15
2024-08-08T10:31:28,5,10,0,15
2024-08-08T10:47:33,5,10,0,15
2024-08-08T11:03:27,5,10,0,15
2024-08-08T11:19:20,5,10,0,15
2024-08-08T11:35:15,5,10,0,15
2024-08-08T11:51:22,5,10,0,15
2024-08-08T12:07:18,5,10,0,15
2024-08-08T12:23:14,5,10,0,15
2024-08-08T12:39:10,5,10,0,15
2024-08-08T12:55:04,5,10,0,15
2024-08-08T13:10:59,5,10,0,15
2024-08-08T13:27:04,5,10,0,15
2024-08-08T13:42:58,5,10,0,15
2024-08-08T13:58:51,5,10,0,15
2024-08-08T14:14:43,5,10,0,15
2024-08-08T14:30:38,5,10,0,15
2024-08-08T14:46:43,5,10,0,15
2024-08-08T15:02:37,5,10,0,15
2024-08-08T15:18:30,5,10,0,15
2024-08-08T15:34:24,5,10,0,15
2024-08-08T15:50:18,5,10,0,15
2024-08-08T16:06:21,5,10,0,15
2024-08-08T16:22:14,5,10,0,15
2024-08-08T16:38:07,5,10,0,15
2024-08-08T16:54:00,5,10,0,15
2024-08-08T17:09:55,5,10,0,15
2024-08-08T17:25:49,5,10,0,15
2024-08-08T17:41:52,5,10,0,15
2024-08-08T17:57:45,5,10,0,15
2024-08-08T18:13:37,5,10,0,15
2024-08-08T18:29:31,5,10,0,15
2024-08-08T18:45:23,5,10,0,15
2024-08-08T19:01:16,5,10,0,15
2024-08-08T19:17:10,5,10,0,15
2024-08-08T19:33:15,5,10,0,15
2024-08-08T19:49:08,5,10,0,15
2024-08-08T20:05:01,5,10,0,15
2024-08-08T20:20:55,5,10,0,15
2024-08-08T20:36:48,5,10,0,15
2024-08-08T20:52:42,5,10,0,15
2024-08-08T21:08:35,5,10,0,15
2024-08-08T21:24:39,5,10,0,15
2024-08-08T21:40:32,5,10,0,15
2024-08-08T21:56:26,5,10,0,15
2024-08-08T22:12:20,5,10,0,15
2024-08-08T22:28:12,5,10,0,15
2024-08-08T22:44:06,5,10,0,15
2024-08-08T23:00:04,5,10,0,15
2024-08-08T23:15:59,5,10,0,15
2024-08-08T23:32:02,5,10,0,15
2024-08-08T23:47:56,5,10,0,15
2024-08-09T00:03:52,5,10,0,15
2024-08-09T00:19:50,5,10,0,15
2024-08-09T00:35:48,5,10,0,15
2024-08-09T00:51:48,5,10,0,15
2024-08-09T01:07:46,5,10,0,15
2024-08-09T01:23:43,5,10,0,15
2024-08-09T01:39:40,5,10,0,15
2024-08-09T01:55:47,5,10,0,15
2024-08-09T02:11:45,5,10,0,15
2024-08-09T02:27:41,5,10,0,15
2024-08-09T02:43:37,5,10,0,15
2024-08-09T02:59:35,5,10,0,15
2024-08-09T03:15:32,5,10,0,15
2024-08-09T03:31:27,5,10,0,15
2024-08-09T03:47:24,5,10,0,15
2024-08-09T04:03:19,5,10,0,15
2024-08-09T04:36:27,5,10,0,15
2024-08-09T04:52:38,5,10,0,15
2024-08-09T05:08:38,5,10,0,15
2024-08-09T05:24:35,5,10,0,15
2024-08-09T05:40:34,5,10,0,15
2024-08-09T05:56:33,5,10,0,15
2024-08-09T06:12:31,5,10,0,15
2024-08-09T06:28:34,5,10,0,15
2024-08-09T06:44:33,5,10,0,15
2024-08-09T07:00:31,5,10,0,15
2024-08-09T07:16:30,5,10,0,15
2024-08-09T07:32:26,5,10,0,15
2024-08-09T07:48:21,5,10,0,15
2024-08-09T08:04:16,5,10,0,15
2024-08-09T08:20:17,5,10,0,15
2024-08-09T08:36:23,5,10,0,15
2024-08-09T08:52:19,5,10,0,15
2024-08-09T09:08:16,5,10,0,15
2024-08-09T09:24:13,5,10,0,15
2024-08-09T09:40:10,5,10,0,15
2024-08-09T09:56:04,5,10,0,15
2024-08-09T10:11:59,5,10,0,15
2024-08-09T10:27:52,5,10,0,15
2024-08-09T10:43:57,5,10,0,15
2024-08-09T10:59:51,5,10,0,15
2024-08-09T11:15:46,5,10,0,15
2024-08-09T11:31:42,5,10,0,15
2024-08-09T11:47:37,5,10,0,15
2024-08-09T12:03:41,5,10,0,15
2024-08-09T12:19:36,5,10,0,15
2024-08-09T12:35:32,5,10,0,15
2024-08-09T12:51:27,5,10,0,15
2024-08-09T13:07:22,5,10,0,15
2024-08-09T13:23:20,5,10,0,15
2024-08-09T13:39:26,5,10,0,15
2024-08-09T13:55:22,5,10,0,15
2024-08-09T14:11:18,5,10,0,15
2024-08-09T14:27:16,5,10,0,15
2024-08-09T14:43:11,5,10,0,15
2024-08-09T14:59:07,5,10,0,15
2024-08-09T15:15:13,5,10,0,15
2024-08-09T15:31:09,5,10,0,15
2024-08-09T15:47:05,5,10,0,15
2024-08-09T16:03:01,5,10,0,15
2024-08-09T16:18:56,5,10,0,15
2024-08-09T16:34:50,5,10,0,15
2024-08-09T16:50:59,5,10,0,15
2024-08-09T17:06:54,5,10,0,15
2024-08-09T17:22:52,5,10,0,15
2024-08-09T17:38:47,5,10,0,15
2024-08-09T17:54:42,5,10,0,15
2024-08-09T18:10:38,5,10,0,15
2024-08-09T18:26:33,5,10,0,15
2024-08-09T18:42:31,5,10,0,15
2024-08-09T18:58:35,5,10,0,15
2024-08-09T19:14:30,5,10,0,15
2024-08-09T19:30:25,5,10,0,15
2024-08-09T19:46:20,5,10,0,15
2024-08-09T20:02:16,5,10,0,15
2024-08-09T20:18:12,5,10,0,15
2024-08-09T20:34:07,5,10,0,15
2024-08-09T20:50:04,5,10,0,15
2024-08-09T21:05:59,5,10,0,15
2024-08-09T21:21:56,5,10,0,15
2024-08-09T21:38:00,5,10,0,15
2024-08-09T21:53:56,5,10,0,15
2024-08-09T22:09:51,5,10,0,15
2024-08-09T22:25:47,5,10,0,15
2024-08-09T22:41:44,5,10,0,15
2024-08-09T22:57:38,5,10,0,15
2024-08-09T23:13:36,5,10,0,15
2024-08-09T23:29:33,5,10,0,15
2024-08-09T23:45:29,5,10,0,15
2024-08-10T00:01:35,5,10,0,15
2024-08-10T00:17:36,5,10,0,15
2024-08-10T00:33:40,5,10,0,15
2024-08-10T00:49:42,5,10,0,15
2024-08-10T01:05:42,5,10,0,15
2024-08-10T01:21:41,5,10,0,15
2024-08-10T01:37:40,5,10,0,15
2024-08-10T01:53:40,5,10,0,15
2024-08-10T02:09:37,5,10,0,15
2024-08-10T02:25:36,5,10,0,15
2024-08-10T02:41:44,5,10,0,15
2024-08-10T02:57:41,5,10,0,15
2024-08-10T03:13:37,5,10,0,15
2024-08-10T03:29:34,5,10,0,15
2024-08-10T03:45:32,5,10,0,15
2024-08-10T04:01:40,5,10,0,15
2024-08-10T04:36:02,5,10,0,15
2024-08-10T04:52:02,5,10,0,15
2024-08-10T05:07:59,5,10,0,15
2024-08-10T05:23:54,5,10,0,15
2024-08-10T05:39:57,5,10,0,15
2024-08-10T05:55:52,5,10,0,15
2024-08-10T06:11:51,5,10,0,15
2024-08-10T06:28:01,5,10,0,15
2024-08-10T06:43:59,5,10,0,15
2024-08-10T06:59:57,5,10,0,15
2024-08-10T07:15:56,5,10,0,15
2024-08-10T07:32:04,5,10,0,15
2024-08-10T07:48:00,5,10,0,15
2024-08-10T08:03:58,5,10,0,15
2024-08-10T08:19:57,5,10,0,15
2024-08-10T08:35:55,5,10,0,15
2024-08-10T08:51:55,5,10,0,15
2024-08-10T09:07:53,5,10,0,15
2024-08-10T09:23:51,5,10,0,15
2024-08-10T09:39:49,5,10,0,15
2024-08-10T09:55:47,5,10,0,15
2024-08-10T10:11:44,5,10,0,15
2024-08-10T10:27:57,5,10,0,15
2024-08-10T10:43:56,5,10,0,15
2024-08-10T10:59:53,5,10,0,15
2024-08-10T11:15:50,5,10,0,15
2024-08-10T11:31:48,5,10,0,15
2024-08-10T11:47:45,5,10,0,15
2024-08-10T12:03:41,5,10,0,15
2024-08-10T12:19:40,5,10,0,15
2024-08-10T12:35:46,5,10,0,15
2024-08-10T12:51:42,5,10,0,15
2024-08-10T13:07:38,5,10,0,15
2024-08-10T13:23:36,5,10,0,15
2024-08-10T13:39:32,5,10,0,15
2024-08-10T13:55:28,5,10,0,15
2024-08-10T14:11:23,5,10,0,15
2024-08-10T14:27:18,5,10,0,15
2024-08-10T14:43:31,5,10,0,15
2024-08-10T14:59:26,5,10,0,15
2024-08-10T15:15:21,5,10,0,15
2024-08-10T15:31:17,5,10,0,15
2024-08-10T15:47:11,5,10,0,15
2024-08-10T16:03:06,5,10,0,15
2024-08-10T16:19:01,5,10,0,15
2024-08-10T16:34:56,5,10,0,15
2024-08-10T16:51:00,5,10,0,15
2024-08-10T17:06:56,5,10,0,15
2024-08-10T17:22:51,5,10,0,15
2024-08-10T17:38:46,5,10,0,15
2024-08-10T17:54:43,5,10,0,15
2024-08-10T18:10:37,5,10,0,15
2024-08-10T18:26:32,5,10,0,15
2024-08-10T18:42:27,5,10,0,15
2024-08-10T18:58:23,5,10,0,15
2024-08-10T19:14:27,5,10,0,15
2024-08-10T19:30:22,5,10,0,15
2024-08-10T19:46:17,5,10,0,15
2024-08-10T20:02:12,5,10,0,15
2024-08-10T20:18:08,5,10,0,15
2024-08-10T20:34:03,5,10,0,15
2024-08-10T20:49:59,5,10,0,15
2024-08-10T21:05:56,5,10,0,15
2024-08-10T21:21:51,5,10,0,15
2024-08-10T21:37:47,5,10,0,15
2024-08-10T21:53:52,5,10,0,15
2024-08-10T22:09:48,5,10,0,15
2024-08-10T22:25:44,5,10,0,15
2024-08-10T22:41:38,5,10,0,15
2024-08-10T22:57:33,5,10,0,15
2024-08-10T23:13:30,5,10,0,15
2024-08-10T23:29:24,5,10,0,15
2024-08-10T23:45:19,5,10,0,15
2024-08-11T00:01:25,5,10,0,15
2024-08-11T00:17:26,5,10,0,15
2024-08-11T00:33:25,5,10,0,15
2024-08-11T00:49:23,5,10,0,15
2024-08-11T01:05:20,5,10,0,15
2024-08-11T01:21:17,5,10,0,15
2024-08-11T01:37:12,5,10,0,15
2024-08-11T01:53:08,5,10,0,15
2024-08-11T02:09:04,5,10,0,15
2024-08-11T02:25:10,5,10,0,15
2024-08-11T02:41:09,5,10,0,15
2024-08-11T02:57:06,5,10,0,15
2024-08-11T03:13:02,5,10,0,15
2024-08-11T03:29:05,5,10,0,15
2024-08-11T03:45:08,5,10,0,15
2024-08-11T04:01:10,5,10,0,15
2024-08-11T04:26:47,5,10,0,15
2024-08-11T04:44:00,5,10,0,15
2024-08-11T05:00:39,5,10,0,15
2024-08-11T05:16:43,5,10,0,15
2024-08-11T05:32:42,5,10,0,15
2024-08-11T05:48:42,5,10,0,15
2024-08-11T06:04:43,5,10,0,15
2024-08-11T06:20:44,5,10,0,15
2024-08-11T06:36:45,5,10,0,15
2024-08-11T06:52:44,5,10,0,15
2024-08-11T07:08:47,5,10,0,15
2024-08-11T07:24:48,5,10,0,15
2024-08-11T07:40:47,5,10,0,15
2024-08-11T07:56:53,5,10,0,15
2024-08-11T08:12:53,5,10,0,15
2024-08-11T08:28:51,5,10,0,15
2024-08-11T08:44:49,5,10,0,15
2024-08-11T09:00:46,5,10,0,15
2024-08-11T09:16:47,5,10,0,15
2024-08-11T09:32:49,5,10,0,15
2024-08-11T09:48:48,5,10,0,15
2024-08-11T10:04:45,5,10,0,15
2024-08-11T10:20:44,5,10,0,15
2024-08-11T10:36:42,5,10,0,15
2024-08-11T10:52:41,5,10,0,15
2024-08-11T11:08:44,5,10,0,15
2024-08-11T11:24:39,5,10,0,15
2024-08-11T11:40:34,5,10,0,15
2024-08-11T11:56:28,5,10,0,15
2024-08-11T12:12:23,5,10,0,15
2024-08-11T12:28:18,5,10,0,15
2024-08-11T12:44:14,5,10,0,15
2024-08-11T13:00:13,5,10,0,15
2024-08-11T13:16:09,5,10,0,15
2024-08-11T13:32:13,5,10,0,15
2024-08-11T13:48:07,5,10,0,15
2024-08-11T14:04:02,5,10,0,15
2024-08-11T14:19:56,5,10,0,15
2024-08-11T14:35:51,5,10,0,15
2024-08-11T14:51:46,5,10,0,15
2024-08-11T15:07:42,5,10,0,15
2024-08-11T15:23:36,5,10,0,15
2024-08-11T15:39:31,5,10,0,15
2024-08-11T15:55:38,5,10,0,15
2024-08-11T16:11:34,5,10,0,15
2024-08-11T16:27:31,5,10,0,15
2024-08-11T16:43:27,5,10,0,15
2024-08-11T16:59:22,5,10,0,15
2024-08-11T17:15:18,5,10,0,15
2024-08-11T17:31:13,5,10,0,15
2024-08-11T17:47:08,5,10,0,15
2024-08-11T18:03:04,5,10,0,15
2024-08-11T18:18:57,5,10,0,15
2024-08-11T18:34:55,5,10,0,15
2024-08-11T18:50:59,5,10,0,15
2024-08-11T19:06:56,5,10,0,15
2024-08-11T19:22:53,5,10,0,15
2024-08-11T19:38:47,5,10,0,15
2024-08-11T19:54:42,5,10,0,15
2024-08-11T20:10:38,5,10,0,15
2024-08-11T20:26:42,5,10,0,15
2024-08-11T20:42:37,5,10,0,15
2024-08-11T20:58:32,5,10,0,15
2024-08-11T21:14:26,5,10,0,15
2024-08-11T21:30:21,5,10,0,15
2024-08-11T21:46:18,5,10,0,15
2024-08-11T22:02:15,5,10,0,15
2024-08-11T22:18:19,5,10,0,15
2024-08-11T22:34:13,5,10,0,15
2024-08-11T22:50:08,5,10,0,15
2024-08-11T23:06:03,5,10,0,15
2024-08-11T23:21:59,5,10,0,15
2024-08-11T23:37:55,5,10,0,15
2024-08-11T23:54:01,5,10,0,15
2024-08-12T00:10:00,5,10,0,15
2024-08-12T00:26:05,5,10,0,15
2024-08-12T00:42:08,5,10,0,15
2024-08-12T00:58:11,5,10,0,15
2024-08-12T01:14:28,5,10,0,15
2024-08-12T01:30:28,5,10,0,15
2024-08-12T01:46:37,5,10,0,15
2024-08-12T02:02:36,5,10,0,15
2024-08-12T02:19:01,5,10,0,15
2024-08-12T02:34:59,5,10,0,15
2024-08-12T02:50:56,5,10,0,15
2024-08-12T03:06:53,5,10,0,15
2024-08-12T03:22:50,5,10,0,15
2024-08-12T03:38:48,5,10,0,15
2024-08-12T03:54:47,5,10,0,15
2024-08-12T04:10:45,5,10,0,15
2024-08-12T04:37:58,5,10,0,15
2024-08-12T04:54:00,5,10,0,15
2024-08-12T05:10:04,5,10,0,15
2024-08-12T05:26:02,5,10,0,15
2024-08-12T05:42:02,5,10,0,15
2024-08-12T05:58:02,5,10,0,15
2024-08-12T06:14:02,5,10,0,15
2024-08-12T06:30:05,5,10,0,15
2024-08-12T06:46:03,5,10,0,15
2024-08-12T07:01:58,5,10,0,15
2024-08-12T07:17:54,5,10,0,15
2024-08-12T07:33:49,5,10,0,15
2024-08-12T07:49:48,5,10,0,15
2024-08-12T08:05:51,5,10,0,15
2024-08-12T08:21:45,5,10,0,15
2024-08-12T08:37:42,5,10,0,15
2024-08-12T08:53:38,5,10,0,15
2024-08-12T09:09:34,5,10,0,15
2024-08-12T09:25:29,5,10,0,15
2024-08-12T09:41:25,5,10,0,15
2024-08-12T09:57:35,5,10,0,15
2024-08-12T10:13:32,5,10,0,15
2024-08-12T10:29:28,5,10,0,15
2024-08-12T10:45:24,5,10,0,15
2024-08-12T11:01:21,5,10,0,15
2024-08-12T11:17:27,5,10,0,15
2024-08-12T11:33:24,5,10,0,15
2024-08-12T11:49:21,5,10,0,15
2024-08-12T12:05:17,5,10,0,15
2024-08-12T12:21:13,5,10,0,15
2024-08-12T12:37:18,5,10,0,15
2024-08-12T12:53:13,5,10,0,15
2024-08-12T13:09:08,5,10,0,15
2024-08-12T13:25:03,5,10,0,15
2024-08-12T13:41:08,5,10,0,15
2024-08-12T13:57:04,5,10,0,15
2024-08-12T14:13:00,5,10,0,15
2024-08-12T14:28:56,5,10,0,15
2024-08-12T14:44:51,5,10,0,15
2024-08-12T15:00:46,5,10,0,15
2024-08-12T15:16:54,5,10,0,15
2024-08-12T15:32:49,5,10,0,15
2024-08-12T15:48:45,5,10,0,15
2024-08-12T16:04:40,5,10,0,15
2024-08-12T16:20:36,5,10,0,15
2024-08-12T16:36:43,5,10,0,15
2024-08-12T16:52:40,5,10,0,15
2024-08-12T17:08:36,5,10,0,15
2024-08-12T17:24:32,5,10,0,15
2024-08-12T17:40:27,5,10,0,15
2024-08-12T17:56:22,5,10,0,15
2024-08-12T18:12:27,5,10,0,15
2024-08-12T18:28:21,5,10,0,15
2024-08-12T18:44:17,5,10,0,15
2024-08-12T19:00:12,5,10,0,15
2024-08-12T19:16:07,5,10,0,15
2024-08-12T19:32:03,5,10,0,15
2024-08-12T19:48:11,5,10,0,15
2024-08-12T20:04:07,5,10,0,15
2024-08-12T20:20:02,5,10,0,15
2024-08-12T20:35:58,5,10,0,15
2024-08-12T20:51:53,5,10,0,15
2024-08-12T21:07:48,5,10,0,15
2024-08-12T21:23:54,5,10,0,15
2024-08-12T21:39:50,5,10,0,15
2024-08-12T21:55:46,5,10,0,15
2024-08-12T22:11:42,5,10,0,15
2024-08-12T22:27:38,5,10,0,15
2024-08-12T22:43:38,5,10,0,15
2024-08-12T22:59:33,5,10,0,15
2024-08-12T23:15:30,5,10,0,15
2024-08-12T23:31:36,5,10,0,15
2024-08-12T23:47:32,5,10,0,15
2024-08-13T00:03:28,5,10,0,15
2024-08-13T00:19:27,5,10,0,15
2024-08-13T00:35:28,5,10,0,15
2024-08-13T00:51:30,5,10,0,15
2024-08-13T01:07:35,5,10,0,15
2024-08-13T01:23:34,5,10,0,15
2024-08-13T01:39:32,5,10,0,15
2024-08-13T01:55:30,5,10,0,15
2024-08-13T02:11:40,5,10,0,15
2024-08-13T02:27:36,5,10,0,15
2024-08-13T02:43:36,5,10,0,15
2024-08-13T02:59:32,5,10,0,15
2024-08-13T03:15:30,5,10,0,15
2024-08-13T03:31:29,5,10,0,15
2024-08-13T03:47:26,5,10,0,15
2024-08-13T04:03:24,5,10,0,15
2024-08-13T04:34:54,5,10,0,15
2024-08-13T04:50:54,5,10,0,15
2024-08-13T05:06:51,5,10,0,15
2024-08-13T05:22:48,5,10,0,15
2024-08-13T05:38:45,5,10,0,15
2024-08-13T05:54:42,5,10,0,15
2024-08-13T06:10:39,5,10,0,15
2024-08-13T06:26:35,5,10,0,15
2024-08-13T06:42:33,5,10,0,15
2024-08-13T06:58:50,5,10,0,15
2024-08-13T07:14:51,5,10,0,15
2024-08-13T07:30:49,5,10,0,15
2024-08-13T07:46:49,5,10,0,15
2024-08-13T08:02:46,5,10,0,15
2024-08-13T08:18:45,5,10,0,15
2024-08-13T08:34:43,5,10,0,15
2024-08-13T08:50:40,5,10,0,15
2024-08-13T09:06:46,5,10,0,15
2024-08-13T09:22:45,5,10,0,15
2024-08-13T09:38:41,5,10,0,15
2024-08-13T09:54:40,5,10,0,15
2024-08-13T10:10:37,5,10,0,15
2024-08-13T10:26:34,5,10,0,15
2024-08-13T10:42:31,5,10,0,15
2024-08-13T10:58:38,5,10,0,15
2024-08-13T11:14:35,5,10,0,15
2024-08-13T11:30:33,5,10,0,15
2024-08-13T11:46:32,5,10,0,15
2024-08-13T12:02:30,5,10,0,15
2024-08-13T12:18:36,5,10,0,15
2024-08-13T12:34:31,5,10,0,15
2024-08-13T12:50:27,5,10,0,15
2024-08-13T13:06:21,5,10,0,15
2024-08-13T13:22:16,5,10,0,15
2024-08-13T13:38:23,5,10,0,15
2024-08-13T13:54:19,5,10,0,15
2024-08-13T14:10:15,5,10,0,15
2024-08-13T14:26:11,5,10,0,15
2024-08-13T14:42:07,5,10,0,15
2024-08-13T14:58:12,5,10,0,15
2024-08-13T15:14:08,5,10,0,15
2024-08-13T15:30:04,5,10,0,15
2024-08-13T15:45:59,5,10,0,15
2024-08-13T16:01:55,5,10,0,15
2024-08-13T16:18:00,5,10,0,15
2024-08-13T16:33:56,5,10,0,15
2024-08-13T16:49:51,5,10,0,15
2024-08-13T17:05:48,5,10,0,15
2024-08-13T17:21:45,5,10,0,15
2024-08-13T17:37:41,5,10,0,15
2024-08-13T17:53:47,5,10,0,15
2024-08-13T18:09:43,5,10,0,15
2024-08-13T18:25:38,5,10,0,15
2024-08-13T18:41:33,5,10,0,15
2024-08-13T18:57:27,5,10,0,15
2024-08-13T19:13:33,5,10,0,15
2024-08-13T19:29:27,5,10,0,15
2024-08-13T19:45:24,5,10,0,15
2024-08-13T20:01:18,5,10,0,15
2024-08-13T20:17:13,5,10,0,15
2024-08-13T20:33:09,5,10,0,15
2024-08-13T20:49:14,5,10,0,15
2024-08-13T21:05:10,5,10,0,15
2024-08-13T21:21:09,5,10,0,15
2024-08-13T21:37:04,5,10,0,15
2024-08-13T21:53:00,5,10,0,15
2024-08-13T22:08:55,5,10,0,15
2024-08-13T22:25:03,5,10,0,15
2024-08-13T22:40:59,5,10,0,15
2024-08-13T22:56:54,5,10,0,15
2024-08-13T23:12:50,5,10,0,15
2024-08-13T23:28:47,5,10,0,15
2024-08-13T23:44:53,5,10,0,15
2024-08-14T00:00:48,5,10,0,15
2024-08-14T00:16:45,5,10,0,15
2024-08-14T00:32:47,5,10,0,15
2024-08-14T00:48:46,5,10,0,15
2024-08-14T01:04:46,5,10,0,15
2024-08-14T01:20:56,5,10,0,15
2024-08-14T01:36:56,5,10,0,15
2024-08-14T01:52:55,5,10,0,15
2024-08-14T02:08:54,5,10,0,15
2024-08-14T02:24:51,5,10,0,15
2024-08-14T02:40:48,5,10,0,15
2024-08-14T02:56:45,5,10,0,15
2024-08-14T03:12:41,5,10,0,15
2024-08-14T03:28:38,5,10,0,15
2024-08-14T03:44:35,5,10,0,15
2024-08-14T04:00:31,5,10,0,15
2024-08-14T04:24:44,5,10,0,15
2024-08-14T04:40:39,5,10,0,15
2024-08-14T04:56:35,5,10,0,15
2024-08-14T05:12:31,5,10,0,15
2024-08-14T05:28:27,5,10,0,15
2024-08-14T05:44:24,5,10,0,15
2024-08-14T06:00:21,5,10,0,15
2024-08-14T06:16:20,5,10,0,15
2024-08-14T06:32:17,5,10,0,15
2024-08-14T06:48:29,5,10,0,15
2024-08-14T07:04:38,5,10,0,15
2024-08-14T07:20:40,5,10,0,15
2024-08-14T07:36:53,5,10,0,15
2024-08-14T07:52:50,5,10,0,15
2024-08-14T08:08:49,5,10,0,15
2024-08-14T08:24:47,5,10,0,15
2024-08-14T08:40:45,5,10,0,15
2024-08-14T08:56:52,5,10,0,15
2024-08-14T09:12:51,5,10,0,15
2024-08-14T09:28:49,5,10,0,15
2024-08-14T09:44:47,5,10,0,15
2024-08-14T10:00:58,5,10,0,15
2024-08-14T10:16:57,5,10,0,15
2024-08-14T10:32:59,5,10,0,15
2024-08-14T10:49:08,5,10,0,15
2024-08-14T11:05:08,5,10,0,15
2024-08-14T11:21:08,5,10,0,15
2024-08-14T11:37:17,5,10,0,15
2024-08-14T11:53:17,5,10,0,15
2024-08-14T12:09:17,5,10,0,15
2024-08-14T12:25:15,5,10,0,15
2024-08-14T12:41:27,5,10,0,15
2024-08-14T12:57:27,5,10,0,15
2024-08-14T13:13:27,5,10,0,15
2024-08-14T13:29:32,5,10,0,15
2024-08-14T13:45:30,5,10,0,15
2024-08-14T14:01:30,5,10,0,15
2024-08-14T14:17:39,5,10,0,15
2024-08-14T14:33:37,5,10,0,15
2024-08-14T14:49:33,5,10,0,15
2024-08-14T15:05:42,5,10,0,15
2024-08-14T15:21:41,5,10,0,15
2024-08-14T15:37:37,5,10,0,15
2024-08-14T15:53:33,5,10,0,15
2024-08-14T16:09:42,5,10,0,15
2024-08-14T16:25:38,5,10,0,15
2024-08-14T16:41:34,5,10,0,15
2024-08-14T16:57:31,5,10,0,15
2024-08-14T17:13:37,5,10,0,15
2024-08-14T17:29:33,5,10,0,15
2024-08-14T17:45:27,5,10,0,15
2024-08-14T18:01:22,5,10,0,15
2024-08-14T18:17:17,5,10,0,15
2024-08-14T18:33:23,5,10,0,15
2024-08-14T18:49:17,5,10,0,15
2024-08-14T19:05:12,5,10,0,15
2024-08-14T19:21:07,5,10,0,15
2024-08-14T19:37:13,5,10,0,15
2024-08-14T19:53:08,5,10,0,15
2024-08-14T20:09:03,5,10,0,15
2024-08-14T20:24:58,5,10,0,15
2024-08-14T20:40:53,5,10,0,15
2024-08-14T20:56:58,5,10,0,15
2024-08-14T21:12:54,5,10,0,15
2024-08-14T21:28:52,5,10,0,15
2024-08-14T21:44:48,5,10,0,15
2024-08-14T22:00:43,5,10,0,15
2024-08-14T22:16:50,5,10,0,15
2024-08-14T22:32:45,5,10,0,15
2024-08-14T22:48:41,5,10,0,15
2024-08-14T23:04:36,5,10,0,15
2024-08-14T23:20:41,5,10,0,15
2024-08-14T23:36:37,5,10,0,15
2024-08-14T23:52:33,5,10,0,15
2024-08-15T00:08:30,5,10,0,15
2024-08-15T00:24:42,5,10,0,15
2024-08-15T00:40:42,5,10,0,15
2024-08-15T00:56:45,5,10,0,15
2024-08-15T01:12:49,5,10,0,15
2024-08-15T01:28:47,5,10,0,15
2024-08-15T01:44:47,5,10,0,15
2024-08-15T02:00:54,5,10,0,15
2024-08-15T02:16:50,5,10,0,15
2024-08-15T02:32:47,5,10,0,15
2024-08-15T02:48:52,5,10,0,15
2024-08-15T03:04:48,5,10,0,15
2024-08-15T03:20:46,5,10,0,15
2024-08-15T03:36:46,5,10,0,15
2024-08-15T03:52:44,5,10,0,15
2024-08-15T04:08:44,5,10,0,15
2024-08-15T04:35:23,5,10,0,15
2024-08-15T04:51:20,5,10,0,15
2024-08-15T05:07:16,5,10,0,15
2024-08-15T05:23:13,5,10,0,15
2024-08-15T05:39:08,5,10,0,15
2024-08-15T05:55:10,5,10,0,15
2024-08-15T06:11:25,5,10,0,15
2024-08-15T06:27:24,5,10,0,15
2024-08-15T06:43:20,5,10,0,15
2024-08-15T06:59:16,5,10,0,15
2024-08-15T07:15:22,5,10,0,15
2024-08-15T07:31:20,5,10,0,15
2024-08-15T07:47:26,5,10,0,15
2024-08-15T08:03:21,5,10,0,15
2024-08-15T08:19:20,5,10,0,15
2024-08-15T08:35:21,5,10,0,15
2024-08-15T08:51:29,5,10,0,15
2024-08-15T09:29:08,5,10,0,15
2024-08-15T09:45:16,5,10,0,15
2024-08-15T10:01:16,5,10,0,15
2024-08-15T10:17:16,5,10,0,15
2024-08-15T10:33:16,5,10,0,15
2024-08-15T10:49:27,5,10,0,15
2024-08-15T11:05:29,5,10,0,15
2024-08-15T11:21:40,5,10,0,15
2024-08-15T11:37:38,5,10,0,15
2024-08-15T11:53:38,5,10,0,15
2024-08-15T12:09:45,5,10,0,15
2024-08-15T12:25:45,5,10,0,15
2024-08-15T12:41:46,5,10,0,15
2024-08-15T12:57:53,5,10,0,15
2024-08-15T13:13:52,5,10,0,15
2024-08-15T13:29:53,5,10,0,15
2024-08-15T13:46:13,5,10,0,15
2024-08-15T14:02:15,5,10,0,15
2024-08-15T14:18:13,5,10,0,15
2024-08-15T14:34:23,5,10,0,15
2024-08-15T14:50:22,5,10,0,15
2024-08-15T15:06:28,5,10,0,15
2024-08-15T15:22:37,5,10,0,15
2024-08-15T15:38:33,5,10,0,15
2024-08-15T15:54:34,5,10,0,15
2024-08-15T16:10:44,5,10,0,15
2024-08-15T16:26:44,5,10,0,15
2024-08-15T16:42:56,5,10,0,15
2024-08-15T16:59:15,5,10,0,15
2024-08-15T17:15:17,5,10,0,15
2024-08-15T17:31:15,5,10,0,15
2024-08-15T17:47:24,5,10,0,15
2024-08-15T18:03:23,5,10,0,15
2024-08-15T18:19:22,5,10,0,15
2024-08-15T18:35:33,5,10,0,15
2024-08-15T18:51:31,5,10,0,15
2024-08-15T19:07:29,5,10,0,15
2024-08-15T19:23:37,5,10,0,15
2024-08-15T19:39:34,5,10,0,15
2024-08-15T19:55:31,5,10,0,15
2024-08-15T20:11:30,5,10,0,15
2024-08-15T20:27:38,5,10,0,15
2024-08-15T20:43:36,5,10,0,15
2024-08-15T20:59:33,5,10,0,15
2024-08-15T21:15:32,5,10,0,15
2024-08-15T21:31:36,5,10,0,15
2024-08-15T21:47:32,5,10,0,15
2024-08-15T22:03:27,5,10,0,15
2024-08-15T22:19:23,5,10,0,15
2024-08-15T22:35:18,5,10,0,15
2024-08-15T22:51:23,5,10,0,15
2024-08-15T23:07:19,5,10,0,15
2024-08-15T23:23:13,5,10,0,15
2024-08-15T23:39:08,5,10,0,15
2024-08-15T23:55:03,5,10,0,15
2024-08-16T00:11:01,5,10,0,15
2024-08-16T00:26:59,5,10,0,15
2024-08-16T00:43:07,5,10,0,15
2024-08-16T00:59:11,5,10,0,15
2024-08-16T01:15:18,5,10,0,15
2024-08-16T01:31:18,5,10,0,15
2024-08-16T01:47:18,5,10,0,15
2024-08-16T02:03:16,5,10,0,15
2024-08-16T02:19:24,5,10,0,15
2024-08-16T02:35:26,5,10,0,15
2024-08-16T02:51:23,5,10,0,15
2024-08-16T03:07:19,5,10,0,15
2024-08-16T03:23:18,5,10,0,15
2024-08-16T03:39:17,5,10,0,15
2024-08-16T03:55:43,5,10,0,15
2024-08-16T04:11:42,5,10,0,15
2024-08-16T04:39:10,5,10,0,15
2024-08-16T04:55:11,5,10,0,15
2024-08-16T05:11:14,5,10,0,15
2024-08-16T05:27:14,5,10,0,15
2024-08-16T05:43:13,5,10,0,15
2024-08-16T05:59:12,5,10,0,15
2024-08-16T06:15:10,5,10,0,15
2024-08-16T06:31:10,5,10,0,15
2024-08-16T06:47:08,5,10,0,15
2024-08-16T07:03:07,5,10,0,15
2024-08-16T07:19:08,5,10,0,15
2024-08-16T07:35:05,5,10,0,15
2024-08-16T07:51:01,5,10,0,15
2024-08-16T08:07:11,5,10,0,15
2024-08-16T08:23:08,5,10,0,15
2024-08-16T08:39:05,5,10,0,15
2024-08-16T08:55:01,5,10,0,15
2024-08-16T09:10:56,5,10,0,15
2024-08-16T09:26:51,5,10,0,15
2024-08-16T09:42:47,5,10,0,15
2024-08-16T09:58:42,5,10,0,15
2024-08-16T10:14:49,5,10,0,15
2024-08-16T10:30:43,5,10,0,15
2024-08-16T11:08:47,5,10,0,15
2024-08-16T11:24:43,5,10,0,15
2024-08-16T11:40:38,5,10,0,15
2024-08-16T11:56:42,5,10,0,15
2024-08-16T12:12:38,5,10,0,15
2024-08-16T12:28:33,5,10,0,15
2024-08-16T12:44:28,5,10,0,15
2024-08-16T13:00:22,5,10,0,15
2024-08-16T13:16:25,5,10,0,15
2024-08-16T13:32:20,5,10,0,15
2024-08-16T13:48:15,5,10,0,15
2024-08-16T14:04:10,5,10,0,15
2024-08-16T14:20:05,5,10,0,15
2024-08-16T14:36:00,5,10,0,15
2024-08-16T14:52:05,5,10,0,15
2024-08-16T15:08:00,5,10,0,15
2024-08-16T15:23:55,5,10,0,15
2024-08-16T15:39:49,5,10,0,15
2024-08-16T15:55:44,5,10,0,15
2024-08-16T16:11:38,5,10,0,15
2024-08-16T16:27:42,5,10,0,15
2024-08-16T16:43:37,5,10,0,15
2024-08-16T16:59:32,5,10,0,15
2024-08-16T17:15:28,5,10,0,15
2024-08-16T17:31:24,5,10,0,15
2024-08-16T17:47:19,5,10,0,15
2024-08-16T18:03:23,5,10,0,15
2024-08-16T18:19:18,5,10,0,15
2024-08-16T18:35:13,5,10,0,15
2024-08-16T18:51:07,5,10,0,15
2024-08-16T19:07:01,5,10,0,15
2024-08-16T19:22:57,5,10,0,15
2024-08-16T19:38:52,5,10,0,15
2024-08-16T19:54:47,5,10,0,15
2024-08-16T20:10:51,5,10,0,15
2024-08-16T20:26:46,5,10,0,15
2024-08-16T20:42:41,5,10,0,15
2024-08-16T20:58:36,5,10,0,15
2024-08-16T21:14:32,5,10,0,15
2024-08-16T21:30:28,5,10,0,15
2024-08-16T21:46:24,5,10,0,15
2024-08-16T22:02:20,5,10,0,15
2024-08-16T22:18:24,5,10,0,15
2024-08-16T22:34:19,5,10,0,15
2024-08-16T22:50:15,5,10,0,15
2024-08-16T23:06:11,5,10,0,15
2024-08-16T23:22:06,5,10,0,15
2024-08-16T23:38:01,5,10,0,15
2024-08-16T23:53:58,5,10,0,15
2024-08-17T00:09:57,5,10,0,15
2024-08-17T00:26:11,5,10,0,15
2024-08-17T00:42:10,5,10,0,15
2024-08-17T00:58:11,5,10,0,15
2024-08-17T01:14:11,5,10,0,15
2024-08-17T01:30:09,5,10,0,15
2024-08-17T01:46:11,5,10,0,15
2024-08-17T02:02:09,5,10,0,15
2024-08-17T02:18:05,5,10,0,15
2024-08-17T02:34:09,5,10,0,15
2024-08-17T02:50:05,5,10,0,15
2024-08-17T03:06:00,5,10,0,15
2024-08-17T03:21:58,5,10,0,15
2024-08-17T03:38:04,5,10,0,15
2024-08-17T03:54:03,5,10,0,15
2024-08-17T04:10:01,5,10,0,15
2024-08-17T04:31:47,5,10,0,15
2024-08-17T04:47:59,5,10,0,15
2024-08-17T05:03:59,5,10,0,15
2024-08-17T05:19:58,5,10,0,15
2024-08-17T05:35:56,5,10,0,15
2024-08-17T05:51:55,5,10,0,15
2024-08-17T06:07:53,5,10,0,15
2024-08-17T06:23:52,5,10,0,15
2024-08-17T06:39:49,5,10,0,15
2024-08-17T06:55:47,5,10,0,15
2024-08-17T07:11:46,5,10,0,15
2024-08-17T07:27:45,5,10,0,15
2024-08-17T07:43:43,5,10,0,15
2024-08-17T07:59:39,5,10,0,15
2024-08-17T08:15:38,5,10,0,15
2024-08-17T08:31:45,5,10,0,15
2024-08-17T08:47:42,5,10,0,15
2024-08-17T09:03:41,5,10,0,15
2024-08-17T09:19:39,5,10,0,15
2024-08-17T09:35:37,5,10,0,15
2024-08-17T09:51:35,5,10,0,15
2024-08-17T10:07:32,5,10,0,15
2024-08-17T10:23:37,5,10,0,15
2024-08-17T10:39:33,5,10,0,15
2024-08-17T10:55:30,5,10,0,15
2024-08-17T11:11:27,5,10,0,15
2024-08-17T11:27:23,5,10,0,15
2024-08-17T11:43:21,5,10,0,15
2024-08-17T11:59:17,5,10,0,15
2024-08-17T12:15:14,5,10,0,15
2024-08-17T12:31:18,5,10,0,15
2024-08-17T12:47:12,5,10,0,15
2024-08-17T13:03:08,5,10,0,15
2024-08-17T13:19:03,5,10,0,15
2024-08-17T13:34:57,5,10,0,15
2024-08-17T13:50:53,5,10,0,15
2024-08-17T14:06:48,5,10,0,15
2024-08-17T14:22:44,5,10,0,15
2024-08-17T14:38:40,5,10,0,15
2024-08-17T14:54:35,5,10,0,15
2024-08-17T15:10:38,5,10,0,15
2024-08-17T15:26:33,5,10,0,15
2024-08-17T15:42:27,5,10,0,15
2024-08-17T15:58:22,5,10,0,15
2024-08-17T16:14:18,5,10,0,15
2024-08-17T16:30:14,5,10,0,15
2024-08-17T16:46:09,5,10,0,15
2024-08-17T17:02:04,5,10,0,15
2024-08-17T17:18:01,5,10,0,15
2024-08-17T17:34:06,5,10,0,15
2024-08-17T17:50:01,5,10,0,15
2024-08-17T18:05:56,5,10,0,15
2024-08-17T18:21:51,5,10,0,15
2024-08-17T18:37:46,5,10,0,15
2024-08-17T18:53:41,5,10,0,15
2024-08-17T19:09:37,5,10,0,15
2024-08-17T19:25:32,5,10,0,15
2024-08-17T19:41:27,5,10,0,15
2024-08-17T19:57:22,5,10,0,15
2024-08-17T20:13:26,5,10,0,15
2024-08-17T20:29:20,5,10,0,15
2024-08-17T20:45:15,5,10,0,15
2024-08-17T21:01:10,5,10,0,15
2024-08-17T21:17:06,5,10,0,15
2024-08-17T21:33:01,5,10,0,15
2024-08-17T21:48:56,5,10,0,15
2024-08-17T22:04:51,5,10,0,15
2024-08-17T22:20:49,5,10,0,15
2024-08-17T22:36:45,5,10,0,15
2024-08-17T22:52:48,5,10,0,15
2024-08-17T23:08:43,5,10,0,15
2024-08-17T23:24:39,5,10,0,15
2024-08-17T23:40:33,5,10,0,15
2024-08-17T23:56:28,5,10,0,15
2024-08-18T00:25:22,5,10,0,15
2024-08-18T00:54:58,5,10,0,15
2024-08-18T01:10:56,5,10,0,15
2024-08-18T01:26:51,5,10,0,15
2024-08-18T01:42:46,5,10,0,15
2024-08-18T01:58:52,5,10,0,15
2024-08-18T02:14:53,5,10,0,15
2024-08-18T02:30:53,5,10,0,15
2024-08-18T02:47:40,5,10,0,15
2024-08-18T03:03:39,5,10,0,15
2024-08-18T03:19:39,5,10,0,15
2024-08-18T03:35:37,5,10,0,15
2024-08-18T03:51:36,5,10,0,15
2024-08-18T04:24:23,5,10,0,15
2024-08-18T04:40:24,5,10,0,15
2024-08-18T04:56:23,5,10,0,15
2024-08-18T05:12:22,5,10,0,15
2024-08-18T05:28:22,5,10,0,15
2024-08-18T05:44:21,5,10,0,15
2024-08-18T06:00:20,5,10,0,15
2024-08-18T06:16:19,5,10,0,15
2024-08-18T06:32:17,5,10,0,15
2024-08-18T06:48:14,5,10,0,15
2024-08-18T07:04:11,5,10,0,15
2024-08-18T07:20:10,5,10,0,15
2024-08-18T07:36:10,5,10,0,15
2024-08-18T07:52:10,5,10,0,15
2024-08-18T08:08:08,5,10,0,15
2024-08-18T08:24:03,5,10,0,15
2024-08-18T08:40:04,5,10,0,15
2024-08-18T08:56:00,5,10,0,15
2024-08-18T09:11:57,5,10,0,15
2024-08-18T09:28:03,5,10,0,15
2024-08-18T09:44:01,5,10,0,15
2024-08-18T09:59:57,5,10,0,15
2024-08-18T10:15:52,5,10,0,15
2024-08-18T10:31:48,5,10,0,15
2024-08-18T10:47:44,5,10,0,15
2024-08-18T11:03:38,5,10,0,15
2024-08-18T11:19:32,5,10,0,15
2024-08-18T11:35:26,5,10,0,15
2024-08-18T11:51:20,5,10,0,15
2024-08-18T12:07:15,5,10,0,15
2024-08-18T12:23:10,5,10,0,15
2024-08-18T12:39:13,5,10,0,15
2024-08-18T12:55:07,5,10,0,15
2024-08-18T13:11:01,5,10,0,15
2024-08-18T13:26:55,5,10,0,15
2024-08-18T13:42:51,5,10,0,15
2024-08-18T13:58:46,5,10,0,15
2024-08-18T14:14:40,5,10,0,15
2024-08-18T14:30:34,5,10,0,15
2024-08-18T14:46:30,5,10,0,15
2024-08-18T15:02:25,5,10,0,15
2024-08-18T15:18:28,5,10,0,15
2024-08-18T15:34:22,5,10,0,15
2024-08-18T15:50:17,5,10,0,15
2024-08-18T16:06:11,5,10,0,15
2024-08-18T16:22:06,5,10,0,15
2024-08-18T16:38:02,5,10,0,15
2024-08-18T16:53:57,5,10,0,15
2024-08-18T17:09:53,5,10,0,15
2024-08-18T17:25:48,5,10,0,15
2024-08-18T17:41:43,5,10,0,15
2024-08-18T17:57:37,5,10,0,15
2024-08-18T18:13:44,5,10,0,15
2024-08-18T18:29:39,5,10,0,15
2024-08-18T18:45:34,5,10,0,15
2024-08-18T19:01:31,5,10,0,15
2024-08-18T19:17:29,5,10,0,15
2024-08-18T19:33:35,5,10,0,15
2024-08-18T19:49:29,5,10,0,15
2024-08-18T20:05:24,5,10,0,15
2024-08-18T20:21:20,5,10,0,15
2024-08-18T20:37:15,5,10,0,15
2024-08-18T20:53:11,5,10,0,15
2024-08-18T21:09:06,5,10,0,15
2024-08-18T21:25:05,5,10,0,15
2024-08-18T21:41:04,5,10,0,15
2024-08-18T21:57:00,5,10,0,15
2024-08-18T22:13:07,5,10,0,15
2024-08-18T22:29:02,5,10,0,15
2024-08-18T22:44:57,5,10,0,15
2024-08-18T23:00:52,5,10,0,15
2024-08-18T23:16:48,5,10,0,15
2024-08-18T23:32:45,5,10,0,15
2024-08-18T23:48:40,5,10,0,15
2024-08-19T00:04:37,5,10,0,15
2024-08-19T00:20:53,5,10,0,15
2024-08-19T00:36:55,5,10,0,15
2024-08-19T00:52:59,5,10,0,15
2024-08-19T01:08:58,5,10,0,15
2024-08-19T01:24:56,5,10,0,15
2024-08-19T01:40:51,5,10,0,15
2024-08-19T01:57:17,5,10,0,15
2024-08-19T02:13:15,5,10,0,15
2024-08-19T02:29:12,5,10,0,15
2024-08-19T02:45:12,5,10,0,15
2024-08-19T03:01:22,5,10,0,15
2024-08-19T03:17:20,5,10,0,15
2024-08-19T03:33:18,5,10,0,15
2024-08-19T03:49:16,5,10,0,15
2024-08-19T04:05:16,5,10,0,15
2024-08-19T04:33:36,5,10,0,15
2024-08-19T04:49:37,5,10,0,15
2024-08-19T05:05:35,5,10,0,15
2024-08-19T05:21:35,5,10,0,15
2024-08-19T05:37:34,5,10,0,15
2024-08-19T05:53:33,5,10,0,15
2024-08-19T06:09:33,5,10,0,15
2024-08-19T06:25:32,5,10,0,15
2024-08-19T06:41:30,5,10,0,15
2024-08-19T06:57:28,5,10,0,15
2024-08-19T07:13:26,5,10,0,15
2024-08-19T07:29:27,5,10,0,15
2024-08-19T07:45:24,5,10,0,15
2024-08-19T08:01:19,5,10,0,15
2024-08-19T08:17:23,5,10,0,15
2024-08-19T08:33:20,5,10,0,15
2024-08-19T08:49:16,5,10,0,15
2024-08-19T09:05:12,5,10,0,15
2024-08-19T09:21:09,5,10,0,15
2024-08-19T09:37:04,5,10,0,15
2024-08-19T09:53:09,5,10,0,15
2024-08-19T10:09:04,5,10,0,15
2024-08-19T10:25:02,5,10,0,15
2024-08-19T10:40:58,5,10,0,15
2024-08-19T10:57:05,5,10,0,15
2024-08-19T11:13:02,5,10,0,15
2024-08-19T11:28:58,5,10,0,15
2024-08-19T11:44:55,5,10,0,15
2024-08-19T12:01:01,5,10,0,15
2024-08-19T12:16:56,5,10,0,15
2024-08-19T12:32:51,5,10,0,15
2024-08-19T12:48:46,5,10,0,15
2024-08-19T13:04:56,5,10,0,15
2024-08-19T13:20:52,5,10,0,15
2024-08-19T13:36:49,5,10,0,15
2024-08-19T13:52:46,5,10,0,15
2024-08-19T14:08:53,5,10,0,15
2024-08-19T14:24:49,5,10,0,15
2024-08-19T14:40:45,5,10,0,15
2024-08-19T14:56:41,5,10,0,15
2024-08-19T15:12:49,5,10,0,15
2024-08-19T15:28:45,5,10,0,15
2024-08-19T15:44:44,5,10,0,15
2024-08-19T16:00:40,5,10,0,15
2024-08-19T16:16:48,5,10,0,15
2024-08-19T16:32:45,5,10,0,15
2024-08-19T16:48:42,5,10,0,15
2024-08-19T17:04:39,5,10,0,15
2024-08-19T17:20:37,5,10,0,15
2024-08-19T17:36:33,5,10,0,15
2024-08-19T17:52:39,5,10,0,15
2024-08-19T18:08:37,5,10,0,15
2024-08-19T18:24:33,5,10,0,15
2024-08-19T18:40:29,5,10,0,15
2024-08-19T18:56:24,5,10,0,15
2024-08-19T19:12:20,5,10,0,15
2024-08-19T19:28:26,5,10,0,15
2024-08-19T19:44:22,5,10,0,15
2024-08-19T20:00:18,5,10,0,15
2024-08-19T20:16:15,5,10,0,15
2024-08-19T20:32:11,5,10,0,15
2024-08-19T20:48:08,5,10,0,15
2024-08-19T21:04:13,5,10,0,15
2024-08-19T21:20:10,5,10,0,15
2024-08-19T21:36:06,5,10,0,15
2024-08-19T21:52:02,5,10,0,15
2024-08-19T22:07:59,5,10,0,15
2024-08-19T22:24:07,5,10,0,15
2024-08-19T22:40:02,5,10,0,15
2024-08-19T22:55:59,5,10,0,15
2024-08-19T23:11:56,5,10,0,15
2024-08-19T23:27:51,5,10,0,15
2024-08-19T23:43:49,5,10,0,15
2024-08-19T23:59:45,5,10,0,15
2024-08-20T00:15:58,5,10,0,15
2024-08-20T00:32:10,5,10,0,15
2024-08-20T00:48:10,5,10,0,15
2024-08-20T01:04:16,5,10,0,15
2024-08-20T01:20:39,5,10,0,15
2024-08-20T01:37:11,5,10,0,15
2024-08-20T01:53:12,5,10,0,15
2024-08-20T02:09:11,5,10,0,15
2024-08-20T02:25:08,5,10,0,15
2024-08-20T02:41:21,5,10,0,15
2024-08-20T02:57:18,5,10,0,15
2024-08-20T03:13:14,5,10,0,15
2024-08-20T03:29:17,5,10,0,15
2024-08-20T03:45:19,5,10,0,15
2024-08-20T04:01:19,5,10,0,15
2024-08-20T04:38:59,5,10,0,15
2024-08-20T04:55:00,5,10,0,15
2024-08-20T05:11:00,5,10,0,15
2024-08-20T05:26:59,5,10,0,15
2024-08-20T05:42:57,5,10,0,15
2024-08-20T05:58:53,5,10,0,15
2024-08-20T06:14:49,5,10,0,15
2024-08-20T06:30:52,5,10,0,15
2024-08-20T06:47:10,5,10,0,15
2024-08-20T07:03:09,5,10,0,15
2024-08-20T07:19:09,5,10,0,15
2024-08-20T07:35:08,5,10,0,15
2024-08-20T07:51:05,5,10,0,15
2024-08-20T08:07:02,5,10,0,15
2024-08-20T08:23:08,5,10,0,15
2024-08-20T08:39:04,5,10,0,15
2024-08-20T08:55:02,5,10,0,15
2024-08-20T09:10:59,5,10,0,15
2024-08-20T09:26:58,5,10,0,15
2024-08-20T09:43:08,5,10,0,15
2024-08-20T09:59:06,5,10,0,15
2024-08-20T10:15:06,5,10,0,15
2024-08-20T10:31:14,5,10,0,15
2024-08-20T10:47:13,5,10,0,15
2024-08-20T11:03:13,5,10,0,15
2024-08-20T11:19:14,5,10,0,15
2024-08-20T11:35:24,5,10,0,15
2024-08-20T11:51:25,5,10,0,15
2024-08-20T12:07:22,5,10,0,15
2024-08-20T12:23:34,5,10,0,15
2024-08-20T12:39:33,5,10,0,15
2024-08-20T12:55:32,5,10,0,15
2024-08-20T13:11:44,5,10,0,15
2024-08-20T13:27:43,5,10,0,15
2024-08-20T13:43:41,5,10,0,15
2024-08-20T13:59:39,5,10,0,15
2024-08-20T14:15:50,5,10,0,15
2024-08-20T14:31:54,5,10,0,15
2024-08-20T14:47:53,5,10,0,15
2024-08-20T15:04:04,5,10,0,15
2024-08-20T15:20:06,5,10,0,15
2024-08-20T15:36:06,5,10,0,15
2024-08-20T15:52:15,5,10,0,15
2024-08-20T16:08:15,5,10,0,15
2024-08-20T16:24:12,5,10,0,15
2024-08-20T16:40:20,5,10,0,15
2024-08-20T16:56:16,5,10,0,15
2024-08-20T17:12:18,5,10,0,15
2024-08-20T17:28:27,5,10,0,15
2024-08-20T17:44:26,5,10,0,15
2024-08-20T18:00:23,5,10,0,15
2024-08-20T18:16:20,5,10,0,15
2024-08-20T18:32:32,5,10,0,15
2024-08-20T18:48:27,5,10,0,15
2024-08-20T19:04:26,5,10,0,15
2024-08-20T19:20:25,5,10,0,15
2024-08-20T19:36:36,5,10,0,15
2024-08-20T19:52:33,5,10,0,15
2024-08-20T20:08:29,5,10,0,15
2024-08-20T20:24:28,5,10,0,15
2024-08-20T20:40:36,5,10,0,15
2024-08-20T20:56:33,5,10,0,15
2024-08-20T21:12:31,5,10,0,15
2024-08-20T21:28:27,5,10,0,15
2024-08-20T21:44:34,5,10,0,15
2024-08-20T22:00:30,5,10,0,15
2024-08-20T22:16:25,5,10,0,15
2024-08-20T22:32:22,5,10,0,15
2024-08-20T22:48:17,5,10,0,15
2024-08-20T23:04:25,5,10,0,15
2024-08-20T23:20:22,5,10,0,15
2024-08-20T23:36:18,5,10,0,15
2024-08-20T23:52:15,5,10,0,15
2024-08-21T00:08:13,5,10,0,15
2024-08-21T00:24:15,5,10,0,15
2024-08-21T00:40:16,5,10,0,15
2024-08-21T00:56:22,5,10,0,15
2024-08-21T01:12:37,5,10,0,15
2024-08-21T01:28:38,5,10,0,15
2024-08-21T01:44:39,5,10,0,15
2024-08-21T02:00:41,5,10,0,15
2024-08-21T02:16:40,5,10,0,15
2024-08-21T02:32:43,5,10,0,15
2024-08-21T02:48:46,5,10,0,15
2024-08-21T03:04:47,5,10,0,15
2024-08-21T03:21:22,5,10,0,15
2024-08-21T03:37:23,5,10,0,15
2024-08-21T03:53:22,5,10,0,15
2024-08-21T04:09:21,5,10,0,15
2024-08-21T04:32:10,5,10,0,15
2024-08-21T04:48:12,5,10,0,15
2024-08-21T05:04:15,5,10,0,15
2024-08-21T05:20:17,5,10,0,15
2024-08-21T05:36:16,5,10,0,15
2024-08-21T05:52:18,5,10,0,15
2024-08-21T06:08:18,5,10,0,15
2024-08-21T06:24:19,5,10,0,15
2024-08-21T06:40:19,5,10,0,15
2024-08-21T06:56:18,5,10,0,15
2024-08-21T07:12:18,5,10,0,15
2024-08-21T07:28:17,5,10,0,15
2024-08-21T07:44:16,5,10,0,15
2024-08-21T08:00:15,5,10,0,15
2024-08-21T08:16:13,5,10,0,15
2024-08-21T08:32:10,5,10,0,15
2024-08-21T08:48:07,5,10,0,15
2024-08-21T09:04:18,5,10,0,15
2024-08-21T09:20:16,5,10,0,15
2024-08-21T09:36:19,5,10,0,15
2024-08-21T09:52:18,5,10,0,15
2024-08-21T10:08:40,5,10,0,15
2024-08-21T10:25:12,5,10,0,15
2024-08-21T10:42:02,5,10,0,15
2024-08-21T10:58:43,5,10,0,15
2024-08-21T11:15:23,5,10,0,15
2024-08-21T11:32:15,5,10,0,15
2024-08-21T11:49:08,5,10,0,15
2024-08-21T12:06:25,5,10,0,15
2024-08-21T12:23:10,5,10,0,15
2024-08-21T12:39:57,5,10,0,15
2024-08-21T12:56:45,5,10,0,15
2024-08-21T13:13:37,5,10,0,15
2024-08-21T13:30:44,5,10,0,15
2024-08-21T13:47:37,5,10,0,15
2024-08-21T14:04:25,5,10,0,15
2024-08-21T14:21:16,5,10,0,15
2024-08-21T14:38:19,5,10,0,15
2024-08-21T14:55:12,5,10,0,15
2024-08-21T15:12:04,5,10,0,15
2024-08-21T15:29:04,5,10,0,15
2024-08-21T15:46:17,5,10,0,15
2024-08-21T16:02:32,5,10,0,15
2024-08-21T16:18:29,5,10,0,15
2024-08-21T16:34:26,5,10,0,15
2024-08-21T16:50:24,5,10,0,15
2024-08-21T17:06:30,5,10,0,15
2024-08-21T17:22:29,5,10,0,15
2024-08-21T17:38:25,5,10,0,15
2024-08-21T17:54:21,5,10,0,15
2024-08-21T18:10:18,5,10,0,15
2024-08-21T18:26:15,5,10,0,15
2024-08-21T18:42:11,5,10,0,15
2024-08-21T18:58:17,5,10,0,15
2024-08-21T19:14:14,5,10,0,15
2024-08-21T19:30:10,5,10,0,15
2024-08-21T19:46:07,5,10,0,15
2024-08-21T20:02:04,5,10,0,15
2024-08-21T20:18:00,5,10,0,15
2024-08-21T20:33:56,5,10,0,15
2024-08-21T20:50:01,5,10,0,15
2024-08-21T21:05:58,5,10,0,15
2024-08-21T21:21:56,5,10,0,15
2024-08-21T21:37:53,5,10,0,15
2024-08-21T21:53:50,5,10,0,15
2024-08-21T22:09:47,5,10,0,15
2024-08-21T22:26:03,5,10,0,15
2024-08-21T22:41:59,5,10,0,15
2024-08-21T22:58:00,5,10,0,15
2024-08-21T23:13:58,5,10,0,15
2024-08-21T23:29:56,5,10,0,15
2024-08-21T23:45:54,5,10,0,15
2024-08-22T00:01:52,5,10,0,15
2024-08-22T00:18:06,5,10,0,15
2024-08-22T00:34:12,5,10,0,15
2024-08-22T00:50:18,5,10,0,15
2024-08-22T01:06:29,5,10,0,15
2024-08-22T01:22:33,5,10,0,15
2024-08-22T01:38:33,5,10,0,15
2024-08-22T01:54:35,5,10,0,15
2024-08-22T02:10:34,5,10,0,15
2024-08-22T02:26:32,5,10,0,15
2024-08-22T02:42:31,5,10,0,15
2024-08-22T02:58:29,5,10,0,15
2024-08-22T03:14:51,5,10,0,15
2024-08-22T03:30:50,5,10,0,15
2024-08-22T03:46:51,5,10,0,15
2024-08-22T04:03:30,5,10,0,15
2024-08-22T04:31:37,5,10,0,15
2024-08-22T04:47:40,5,10,0,15
2024-08-22T05:03:42,5,10,0,15
2024-08-22T05:19:43,5,10,0,15
2024-08-22T05:35:43,5,10,0,15
2024-08-22T05:51:47,5,10,0,15
2024-08-22T06:07:47,5,10,0,15
2024-08-22T06:23:48,5,10,0,15
2024-08-22T06:39:49,5,10,0,15
2024-08-22T06:55:51,5,10,0,15
2024-08-22T07:11:52,5,10,0,15
2024-08-22T07:27:50,5,10,0,15
2024-08-22T07:43:49,5,10,0,15
2024-08-22T07:59:48,5,10,0,15
2024-08-22T08:15:47,5,10,0,15
2024-08-22T08:31:47,5,10,0,15
2024-08-22T08:47:47,5,10,0,15
2024-08-22T09:03:53,5,10,0,15
2024-08-22T09:19:51,5,10,0,15
2024-08-22T09:35:48,5,10,0,15
2024-08-22T09:51:46,5,10,0,15
2024-08-22T10:07:42,5,10,0,15
2024-08-22T10:23:40,5,10,0,15
2024-08-22T10:39:37,5,10,0,15
2024-08-22T10:55:44,5,10,0,15
2024-08-22T11:11:46,5,10,0,15
2024-08-22T11:27:51,5,10,0,15
2024-08-22T11:43:54,5,10,0,15
2024-08-22T11:59:58,5,10,0,15
2024-08-22T12:16:01,5,10,0,15
2024-08-22T12:32:14,5,10,0,15
2024-08-22T12:48:19,5,10,0,15
2024-08-22T13:04:24,5,10,0,15
2024-08-22T13:20:28,5,10,0,15
2024-08-22T13:36:33,5,10,0,15
2024-08-22T13:52:46,5,10,0,15
2024-08-22T14:08:50,5,10,0,15
2024-08-22T14:24:55,5,10,0,15
2024-08-22T14:40:59,5,10,0,15
2024-08-22T14:57:03,5,10,0,15
2024-08-22T15:13:07,5,10,0,15
2024-08-22T15:29:21,5,10,0,15
2024-08-22T15:45:25,5,10,0,15
2024-08-22T16:01:25,5,10,0,15
2024-08-22T16:17:26,5,10,0,15
2024-08-22T16:33:31,5,10,0,15
2024-08-22T16:49:35,5,10,0,15
2024-08-22T17:05:39,5,10,0,15
2024-08-22T17:21:55,5,10,0,15
2024-08-22T17:37:59,5,10,0,15
2024-08-22T17:54:03,5,10,0,15
2024-08-22T18:10:08,5,10,0,15
2024-08-22T18:26:11,5,10,0,15
2024-08-22T18:42:15,5,10,0,15
2024-08-22T18:58:18,5,10,0,15
2024-08-22T19:14:22,5,10,0,15
2024-08-22T19:30:36,5,10,0,15
2024-08-22T19:46:39,5,10,0,15
2024-08-22T20:02:43,5,10,0,15
2024-08-22T20:18:49,5,10,0,15
2024-08-22T20:34:52,5,10,0,15
2024-08-22T20:50:56,5,10,0,15
2024-08-22T21:07:00,5,10,0,15
2024-08-22T21:23:05,5,10,0,15
2024-08-22T21:39:19,5,10,0,15
2024-08-22T21:55:23,5,10,0,15
2024-08-22T22:11:27,5,10,0,15
2024-08-22T22:27:31,5,10,0,15
2024-08-22T22:43:38,5,10,0,15
2024-08-22T22:59:47,5,10,0,15
2024-08-22T23:15:52,5,10,0,15
2024-08-22T23:32:07,5,10,0,15
2024-08-22T23:48:13,5,10,0,15
2024-08-23T00:04:18,5,10,0,15
2024-08-23T00:20:26,5,10,0,15
2024-08-23T00:36:36,5,10,0,15
2024-08-23T00:52:49,5,10,0,15
2024-08-23T01:09:04,5,10,0,15
2024-08-23T01:25:13,5,10,0,15
2024-08-23T01:41:21,5,10,0,15
2024-08-23T01:57:33,5,10,0,15
2024-08-23T02:13:42,5,10,0,15
2024-08-23T02:29:49,5,10,0,15
2024-08-23T02:46:05,5,10,0,15
2024-08-23T03:02:10,5,10,0,15
2024-08-23T03:18:17,5,10,0,15
2024-08-23T03:34:24,5,10,0,15
2024-08-23T03:50:31,5,10,0,15
2024-08-23T04:06:39,5,10,0,15
2024-08-23T04:27:38,5,10,0,15
2024-08-23T04:43:47,5,10,0,15
2024-08-23T04:59:55,5,10,0,15
2024-08-23T05:16:01,5,10,0,15
2024-08-23T05:32:08,5,10,0,15
2024-08-23T05:48:16,5,10,0,15
2024-08-23T06:04:22,5,10,0,15
2024-08-23T06:20:30,5,10,0,15
2024-08-23T06:36:35,5,10,0,15
2024-08-23T06:52:42,5,10,0,15
2024-08-23T07:09:17,5,10,0,15
2024-08-23T07:25:27,5,10,0,15
2024-08-23T07:41:35,5,10,0,15
2024-08-23T07:57:41,5,10,0,15
2024-08-23T08:13:48,5,10,0,15
2024-08-23T08:29:56,5,10,0,15
2024-08-23T08:46:03,5,10,0,15
2024-08-23T09:02:19,5,10,0,15
2024-08-23T09:18:24,5,10,0,15
2024-08-23T09:34:32,5,10,0,15
2024-08-23T09:50:39,5,10,0,15
2024-08-23T10:06:45,5,10,0,15
2024-08-23T10:22:51,5,10,0,15
2024-08-23T10:39:02,5,10,0,15
2024-08-23T10:55:09,5,10,0,15
2024-08-23T11:11:16,5,10,0,15
2024-08-23T11:27:34,5,10,0,15
2024-08-23T11:43:41,5,10,0,15
2024-08-23T11:59:48,5,10,0,15
2024-08-23T12:15:54,5,10,0,15
2024-08-23T12:32:00,5,10,0,15
2024-08-23T12:48:07,5,10,0,15
2024-08-23T13:04:13,5,10,0,15
2024-08-23T13:20:28,5,10,0,15
2024-08-23T13:36:35,5,10,0,15
2024-08-23T13:52:42,5,10,0,15
2024-08-23T14:08:49,5,10,0,15
2024-08-23T14:24:56,5,10,0,15
2024-08-23T14:41:03,5,10,0,15
2024-08-23T14:57:10,5,10,0,15
2024-08-23T15:13:26,5,10,0,15
2024-08-23T15:29:33,5,10,0,15
2024-08-23T15:45:40,5,10,0,15
2024-08-23T16:01:48,5,10,0,15
2024-08-23T16:17:55,5,10,0,15
2024-08-23T16:34:02,5,10,0,15
2024-08-23T16:50:09,5,10,0,15
2024-08-23T17:06:24,5,10,0,15
2024-08-23T17:22:32,5,10,0,15
2024-08-23T17:38:40,5,10,0,15
2024-08-23T17:54:46,5,10,0,15
2024-08-23T18:10:53,5,10,0,15
2024-08-23T18:27:00,5,10,0,15
2024-08-23T18:43:06,5,10,0,15
2024-08-23T18:59:13,5,10,0,15
2024-08-23T19:15:22,5,10,0,15
2024-08-23T19:31:38,5,10,0,15
2024-08-23T19:47:46,5,10,0,15
2024-08-23T20:03:53,5,10,0,15
2024-08-23T20:20:00,5,10,0,15
2024-08-23T20:36:07,5,10,0,15
2024-08-23T20:52:14,5,10,0,15
2024-08-23T21:08:21,5,10,0,15
2024-08-23T21:24:29,5,10,0,15
2024-08-23T21:40:36,5,10,0,15
2024-08-23T21:56:42,5,10,0,15
2024-08-23T22:12:59,5,10,0,15
2024-08-23T22:29:07,5,10,0,15
2024-08-23T22:45:14,5,10,0,15
2024-08-23T23:01:23,5,10,0,15
2024-08-23T23:17:31,5,10,0,15
2024-08-23T23:33:38,5,10,0,15
2024-08-23T23:49:45,5,10,0,15
2024-08-24T00:05:57,5,10,0,15
2024-08-24T00:22:12,5,10,0,15
2024-08-24T00:38:24,5,10,0,15
2024-08-24T00:54:36,5,10,0,15
2024-08-24T01:10:58,5,10,0,15
2024-08-24T01:27:08,5,10,0,15
2024-08-24T01:43:18,5,10,0,15
2024-08-24T01:59:28,5,10,0,15
2024-08-24T02:15:36,5,10,0,15
2024-08-24T02:31:54,5,10,0,15
2024-08-24T02:48:02,5,10,0,15
2024-08-24T03:04:10,5,10,0,15
2024-08-24T03:20:19,5,10,0,15
2024-08-24T03:36:27,5,10,0,15
2024-08-24T03:52:36,5,10,0,15
2024-08-24T04:08:46,5,10,0,15
2024-08-24T04:30:17,5,10,0,15
2024-08-24T04:46:28,5,10,0,15
2024-08-24T05:02:37,5,10,0,15
2024-08-24T05:18:44,5,10,0,15
2024-08-24T05:34:51,5,10,0,15
2024-08-24T05:50:59,5,10,0,15
2024-08-24T06:07:06,5,10,0,15
2024-08-24T06:23:13,5,10,0,15
2024-08-24T06:39:21,5,10,0,15
2024-08-24T06:56:01,5,10,0,15
2024-08-24T07:12:12,5,10,0,15
2024-08-24T07:28:22,5,10,0,15
2024-08-24T07:44:40,5,10,0,15
2024-08-24T08:00:49,5,10,0,15
2024-08-24T08:16:58,5,10,0,15
2024-08-24T08:33:08,5,10,0,15
2024-08-24T08:49:17,5,10,0,15
2024-08-24T09:05:26,5,10,0,15
2024-08-24T09:21:35,5,10,0,15
2024-08-24T09:37:45,5,10,0,15
2024-08-24T09:53:55,5,10,0,15
2024-08-24T10:10:04,5,10,0,15
2024-08-24T10:26:22,5,10,0,15
2024-08-24T10:42:31,5,10,0,15
2024-08-24T10:58:40,5,10,0,15
2024-08-24T11:14:50,5,10,0,15
2024-08-24T11:30:59,5,10,0,15
2024-08-24T11:47:08,5,10,0,15
2024-08-24T12:03:26,5,10,0,15
2024-08-24T12:19:34,5,10,0,15
2024-08-24T12:35:42,5,10,0,15
2024-08-24T12:51:50,5,10,0,15
2024-08-24T13:07:58,5,10,0,15
2024-08-24T13:24:07,5,10,0,15
2024-08-24T13:40:15,5,10,0,15
2024-08-24T13:56:23,5,10,0,15
2024-08-24T14:12:40,5,10,0,15
2024-08-24T14:28:48,5,10,0,15
2024-08-24T14:44:55,5,10,0,15
2024-08-24T15:01:01,5,10,0,15
2024-08-24T15:17:07,5,10,0,15
2024-08-24T15:33:14,5,10,0,15
2024-08-24T15:49:20,5,10,0,15
2024-08-24T16:05:27,5,10,0,15
2024-08-24T16:21:33,5,10,0,15
2024-08-24T16:37:39,5,10,0,15
2024-08-24T16:53:54,5,10,0,15
2024-08-24T17:10:02,5,10,0,15
2024-08-24T17:26:09,5,10,0,15
2024-08-24T17:42:15,5,10,0,15
2024-08-24T17:58:21,5,10,0,15
2024-08-24T18:14:28,5,10,0,15
2024-08-24T18:30:34,5,10,0,15
2024-08-24T18:46:41,5,10,0,15
2024-08-24T19:02:47,5,10,0,15
2024-08-24T19:19:02,5,10,0,15
2024-08-24T19:35:09,5,10,0,15
2024-08-24T19:51:15,5,10,0,15
2024-08-24T20:07:22,5,10,0,15
2024-08-24T20:23:29,5,10,0,15
2024-08-24T20:39:35,5,10,0,15
2024-08-24T20:55:44,5,10,0,15
2024-08-24T21:11:51,5,10,0,15
2024-08-24T21:27:58,5,10,0,15
2024-08-24T21:44:06,5,10,0,15
2024-08-24T22:00:22,5,10,0,15
2024-08-24T22:16:29,5,10,0,15
2024-08-24T22:32:36,5,10,0,15
2024-08-24T22:48:43,5,10,0,15
2024-08-24T23:04:51,5,10,0,15
2024-08-24T23:20:59,5,10,0,15
2024-08-24T23:37:06,5,10,0,15
2024-08-24T23:53:12,5,10,0,15
2024-08-25T00:09:20,5,10,0,15
2024-08-25T00:25:34,5,10,0,15
2024-08-25T00:41:51,5,10,0,15
2024-08-25T00:58:01,5,10,0,15
2024-08-25T01:14:10,5,10,0,15
2024-08-25T01:30:18,5,10,0,15
2024-08-25T01:46:24,5,10,0,15
2024-08-25T02:02:32,5,10,0,15
2024-08-25T02:18:40,5,10,0,15
2024-08-25T02:34:54,5,10,0,15
2024-08-25T02:51:03,5,10,0,15
2024-08-25T03:07:11,5,10,0,15
2024-08-25T03:23:23,5,10,0,15
2024-08-25T03:39:34,5,10,0,15
2024-08-25T03:55:48,5,10,0,15
2024-08-25T04:12:02,5,10,0,15
2024-08-25T04:31:56,5,10,0,15
2024-08-25T04:50:05,5,10,0,15
2024-08-25T05:07:09,5,10,0,15
2024-08-25T05:23:22,5,10,0,15
2024-08-25T05:39:34,5,10,0,15
2024-08-25T05:55:46,5,10,0,15
2024-08-25T06:11:59,5,10,0,15
2024-08-25T06:28:12,5,10,0,15
2024-08-25T06:44:25,5,10,0,15
2024-08-25T07:00:37,5,10,0,15
2024-08-25T07:16:49,5,10,0,15
2024-08-25T07:33:00,5,10,0,15
2024-08-25T07:49:11,5,10,0,15
2024-08-25T08:05:26,5,10,0,15
2024-08-25T08:21:36,5,10,0,15
2024-08-25T08:37:57,5,10,0,15
2024-08-25T08:54:10,5,10,0,15
2024-08-25T09:10:21,5,10,0,15
2024-08-25T09:26:36,5,10,0,15
2024-08-25T09:42:50,5,10,0,15
2024-08-25T09:59:04,5,10,0,15
2024-08-25T10:15:13,5,10,0,15
2024-08-25T10:31:21,5,10,0,15
2024-08-25T10:47:29,5,10,0,15
2024-08-25T11:03:36,5,10,0,15
2024-08-25T11:19:44,5,10,0,15
2024-08-25T11:35:51,5,10,0,15
2024-08-25T11:52:07,5,10,0,15
2024-08-25T12:08:14,5,10,0,15
2024-08-25T12:24:22,5,10,0,15
2024-08-25T12:40:29,5,10,0,15
2024-08-25T12:56:37,5,10,0,15
2024-08-25T13:12:45,5,10,0,15
2024-08-25T13:28:52,5,10,0,15
2024-08-25T13:45:01,5,10,0,15
2024-08-25T14:01:07,5,10,0,15
2024-08-25T14:17:14,5,10,0,15
2024-08-25T14:33:21,5,10,0,15
2024-08-25T14:49:41,5,10,0,15
2024-08-25T15:05:48,5,10,0,15
2024-08-25T15:21:56,5,10,0,15
2024-08-25T15:38:03,5,10,0,15
2024-08-25T15:54:10,5,10,0,15
2024-08-25T16:10:17,5,10,0,15
2024-08-25T16:26:26,5,10,0,15
2024-08-25T16:42:34,5,10,0,15
2024-08-25T16:58:42,5,10,0,15
2024-08-25T17:14:50,5,10,0,15
2024-08-25T17:30:58,5,10,0,15
2024-08-25T17:47:18,5,10,0,15
2024-08-25T18:03:25,5,10,0,15
2024-08-25T18:19:32,5,10,0,15
2024-08-25T18:35:41,5,10,0,15
2024-08-25T18:51:49,5,10,0,15
2024-08-25T19:07:58,5,10,0,15
2024-08-25T19:24:06,5,10,0,15
2024-08-25T19:40:14,5,10,0,15
2024-08-25T19:56:31,5,10,0,15
2024-08-25T20:12:38,5,10,0,15
2024-08-25T20:28:45,5,10,0,15
2024-08-25T20:44:53,5,10,0,15
2024-08-25T21:01:00,5,10,0,15
2024-08-25T21:17:07,5,10,0,15
2024-08-25T21:33:16,5,10,0,15
2024-08-25T21:49:27,5,10,0,15
2024-08-25T22:05:39,5,10,0,15
2024-08-25T22:21:58,5,10,0,15
2024-08-25T22:38:08,5,10,0,15
2024-08-25T22:54:15,5,10,0,15
2024-08-25T23:10:24,5,10,0,15
2024-08-25T23:26:32,5,10,0,15
2024-08-25T23:42:41,5,10,0,15
2024-08-25T23:58:49,5,10,0,15
2024-08-26T00:15:01,5,10,0,15
2024-08-26T00:31:22,5,10,0,15
2024-08-26T00:47:36,5,10,0,15
2024-08-26T01:04:05,5,10,0,15
2024-08-26T01:20:29,5,10,0,15
2024-08-26T01:36:42,5,10,0,15
2024-08-26T01:52:54,5,10,0,15
2024-08-26T02:09:36,5,10,0,15
2024-08-26T02:25:48,5,10,0,15
2024-08-26T02:41:59,5,10,0,15
2024-08-26T02:58:08,5,10,0,15
2024-08-26T03:14:20,5,10,0,15
2024-08-26T03:30:31,5,10,0,15
2024-08-26T03:46:43,5,10,0,15
2024-08-26T04:02:54,5,10,0,15
2024-08-26T04:30:25,5,10,0,15
2024-08-26T04:46:39,5,10,0,15
2024-08-26T05:02:53,5,10,0,15
2024-08-26T05:19:06,5,10,0,15
2024-08-26T05:35:18,5,10,0,15
2024-08-26T05:51:30,5,10,0,15
2024-08-26T06:07:41,5,10,0,15
2024-08-26T06:23:56,5,10,0,15
2024-08-26T06:40:07,5,10,0,15
2024-08-26T06:56:17,5,10,0,15
2024-08-26T07:12:27,5,10,0,15
2024-08-26T07:28:35,5,10,0,15
2024-08-26T07:44:43,5,10,0,15
2024-08-26T08:00:51,5,10,0,15
2024-08-26T08:16:59,5,10,0,15
2024-08-26T08:33:10,5,10,0,15
2024-08-26T08:49:17,5,10,0,15
2024-08-26T09:05:25,5,10,0,15
2024-08-26T09:21:41,5,10,0,15
2024-08-26T09:37:49,5,10,0,15
2024-08-26T09:53:58,5,10,0,15
2024-08-26T10:10:05,5,10,0,15
2024-08-26T10:26:13,5,10,0,15
2024-08-26T10:42:21,5,10,0,15
2024-08-26T10:58:29,5,10,0,15
2024-08-26T11:14:47,5,10,0,15
2024-08-26T11:30:55,5,10,0,15
2024-08-26T11:47:06,5,10,0,15
2024-08-26T12:03:20,5,10,0,15
2024-08-26T12:19:41,5,10,0,15
2024-08-26T12:36:12,5,10,0,15
2024-08-26T12:52:33,5,10,0,15
2024-08-26T13:08:54,5,10,0,15
2024-08-26T13:25:16,5,10,0,15
2024-08-26T13:41:38,5,10,0,15
2024-08-26T13:58:08,5,10,0,15
2024-08-26T14:14:29,5,10,0,15
2024-08-26T14:30:50,5,10,0,15
2024-08-26T14:47:10,5,10,0,15
2024-08-26T15:03:31,5,10,0,15
2024-08-26T15:19:52,5,10,0,15
2024-08-26T15:36:23,5,10,0,15
2024-08-26T15:52:44,5,10,0,15
2024-08-26T16:09:05,5,10,0,15
2024-08-26T16:25:25,5,10,0,15
2024-08-26T16:41:46,5,10,0,15
2024-08-26T16:58:06,5,10,0,15
2024-08-26T17:14:38,5,10,0,15
2024-08-26T17:30:59,5,10,0,15
2024-08-26T17:47:20,5,10,0,15
2024-08-26T18:03:41,5,10,0,15
2024-08-26T18:20:03,5,10,0,15
2024-08-26T18:36:34,5,10,0,15
2024-08-26T18:52:55,5,10,0,15
2024-08-26T19:09:16,5,10,0,15
2024-08-26T19:25:40,5,10,0,15
2024-08-26T19:42:16,5,10,0,15
2024-08-26T20:11:28,5,10,0,15
2024-08-26T20:47:31,5,10,0,15
2024-08-26T21:14:45,5,10,0,15
2024-08-26T21:38:40,5,10,0,15
2024-08-26T21:59:42,5,10,0,15
2024-08-26T22:23:43,5,10,0,15
2024-08-26T22:46:24,5,10,0,15
2024-08-26T23:02:56,5,10,0,15
2024-08-26T23:19:18,5,10,0,15
2024-08-26T23:35:40,5,10,0,15
2024-08-26T23:52:14,5,10,0,15
2024-08-27T00:08:36,5,10,0,15
2024-08-27T00:25:02,5,10,0,15
2024-08-27T00:41:33,5,10,0,15
2024-08-27T00:58:09,5,10,0,15
2024-08-27T01:14:39,5,10,0,15
2024-08-27T01:31:05,5,10,0,15
2024-08-27T01:47:42,5,10,0,15
2024-08-27T02:04:07,5,10,0,15
2024-08-27T02:20:30,5,10,0,15
2024-08-27T02:36:52,5,10,0,15
2024-08-27T02:53:15,5,10,0,15
2024-08-27T03:09:40,5,10,0,15
2024-08-27T03:26:06,5,10,0,15
2024-08-27T03:42:31,5,10,0,15
2024-08-27T03:58:55,5,10,0,15
2024-08-27T04:33:11,5,10,0,15
2024-08-27T04:49:37,5,10,0,15
2024-08-27T05:06:03,5,10,0,15
2024-08-27T05:22:27,5,10,0,15
2024-08-27T05:38:49,5,10,0,15
2024-08-27T05:55:11,5,10,0,15
2024-08-27T06:11:39,5,10,0,15
2024-08-27T06:28:39,5,10,0,15
2024-08-27T06:45:04,5,10,0,15
2024-08-27T07:01:29,5,10,0,15
2024-08-27T07:17:55,5,10,0,15
2024-08-27T07:34:24,5,10,0,15
2024-08-27T07:50:46,5,10,0,15
2024-08-27T08:07:14,5,10,0,15
2024-08-27T08:23:36,5,10,0,15
2024-08-27T08:40:08,5,10,0,15
2024-08-27T08:56:32,5,10,0,15
2024-08-27T09:12:56,5,10,0,15
2024-08-27T09:29:20,5,10,0,15
2024-08-27T09:45:44,5,10,0,15
2024-08-27T10:02:09,5,10,0,15
2024-08-27T10:18:34,5,10,0,15
2024-08-27T10:35:09,5,10,0,15
2024-08-27T10:51:32,5,10,0,15
2024-08-27T11:07:56,5,10,0,15
2024-08-27T11:24:18,5,10,0,15
2024-08-27T11:40:46,5,10,0,15
2024-08-27T11:57:18,5,10,0,15
2024-08-27T12:13:41,5,10,0,15
2024-08-27T12:30:04,5,10,0,15
2024-08-27T12:46:28,5,10,0,15
2024-08-27T13:03:00,5,10,0,15
2024-08-27T13:19:27,5,10,0,15
2024-08-27T13:35:49,5,10,0,15
2024-08-27T13:52:10,5,10,0,15
2024-08-27T14:08:34,5,10,0,15
2024-08-27T14:25:07,5,10,0,15
2024-08-27T14:41:30,5,10,0,15
2024-08-27T14:57:52,5,10,0,15
2024-08-27T15:14:14,5,10,0,15
2024-08-27T15:30:36,5,10,0,15
2024-08-27T15:47:10,5,10,0,15
2024-08-27T16:03:32,5,10,0,15
2024-08-27T16:19:54,5,10,0,15
2024-08-27T16:36:16,5,10,0,15
2024-08-27T16:52:40,5,10,0,15
2024-08-27T17:09:02,5,10,0,15
2024-08-27T17:25:34,5,10,0,15
2024-08-27T17:41:55,5,10,0,15
2024-08-27T17:58:18,5,10,0,15
2024-08-27T18:14:40,5,10,0,15
2024-08-27T18:31:02,5,10,0,15
2024-08-27T18:47:25,5,10,0,15
2024-08-27T19:03:56,5,10,0,15
2024-08-27T19:20:18,5,10,0,15
2024-08-27T19:36:44,5,10,0,15
2024-08-27T19:53:06,5,10,0,15
2024-08-27T20:09:31,5,10,0,15
2024-08-27T20:25:53,5,10,0,15
2024-08-27T20:42:29,5,10,0,15
2024-08-27T20:58:55,5,10,0,15
2024-08-27T21:15:17,5,10,0,15
2024-08-27T21:31:39,5,10,0,15
2024-08-27T21:48:03,5,10,0,15
2024-08-27T22:04:28,5,10,0,15
2024-08-27T22:20:50,5,10,0,15
2024-08-27T22:37:23,5,10,0,15
2024-08-27T22:53:45,5,10,0,15
2024-08-27T23:10:11,5,10,0,15
2024-08-27T23:26:34,5,10,0,15
2024-08-27T23:42:56,5,10,0,15
2024-08-27T23:59:18,5,10,0,15
2024-08-28T00:15:49,5,10,0,15
2024-08-28T00:32:22,5,10,0,15
2024-08-28T00:48:52,5,10,0,15
2024-08-28T01:05:35,5,10,0,15
2024-08-28T01:22:04,5,10,0,15
2024-08-28T01:38:30,5,10,0,15
2024-08-28T01:54:57,5,10,0,15
2024-08-28T02:11:22,5,10,0,15
2024-08-28T02:27:47,5,10,0,15
2024-08-28T02:44:16,5,10,0,15
2024-08-28T03:00:52,5,10,0,15
2024-08-28T03:17:30,5,10,0,15
2024-08-28T03:34:01,5,10,0,15
2024-08-28T03:50:26,5,10,0,15
2024-08-28T04:24:33,5,10,0,15
2024-08-28T04:41:01,5,10,0,15
2024-08-28T04:57:28,5,10,0,15
2024-08-28T05:13:58,5,10,0,15
2024-08-28T05:30:23,5,10,0,15
2024-08-28T05:46:49,5,10,0,15
2024-08-28T06:03:16,5,10,0,15
2024-08-28T06:19:41,5,10,0,15
2024-08-28T06:36:08,5,10,0,15
2024-08-28T06:52:34,5,10,0,15
2024-08-28T07:09:01,5,10,0,15
2024-08-28T07:25:27,5,10,0,15
2024-08-28T07:41:52,5,10,0,15
2024-08-28T07:58:18,5,10,0,15
2024-08-28T08:14:46,5,10,0,15
2024-08-28T08:31:13,5,10,0,15
2024-08-28T08:47:34,5,10,0,15
2024-08-28T09:03:56,5,10,0,15
2024-08-28T09:20:18,5,10,0,15
2024-08-28T09:36:51,5,10,0,15
2024-08-28T09:53:12,5,10,0,15
2024-08-28T10:09:33,5,10,0,15
2024-08-28T10:25:59,5,10,0,15
2024-08-28T10:42:20,5,10,0,15
2024-08-28T10:58:43,5,10,0,15
2024-08-28T11:15:05,5,10,0,15
2024-08-28T11:31:36,5,10,0,15
2024-08-28T11:47:58,5,10,0,15
2024-08-28T12:04:20,5,10,0,15
2024-08-28T12:20:43,5,10,0,15
2024-08-28T12:37:05,5,10,0,15
2024-08-28T12:53:26,5,10,0,15
2024-08-28T13:09:58,5,10,0,15
2024-08-28T13:26:20,5,10,0,15
2024-08-28T13:42:46,5,10,0,15
2024-08-28T13:59:08,5,10,0,15
2024-08-28T14:15:30,5,10,0,15
2024-08-28T14:31:53,5,10,0,15
2024-08-28T14:48:28,5,10,0,15
2024-08-28T15:04:51,5,10,0,15
2024-08-28T15:21:18,5,10,0,15
2024-08-28T15:37:41,5,10,0,15
2024-08-28T15:54:16,5,10,0,15
2024-08-28T16:10:40,5,10,0,15
2024-08-28T16:27:04,5,10,0,15
2024-08-28T16:43:27,5,10,0,15
2024-08-28T16:59:51,5,10,0,15
2024-08-28T17:16:16,5,10,0,15
2024-08-28T17:32:39,5,10,0,15
2024-08-28T17:49:12,5,10,0,15
2024-08-28T18:05:35,5,10,0,15
2024-08-28T18:21:58,5,10,0,15
2024-08-28T18:38:22,5,10,0,15
2024-08-28T18:54:47,5,10,0,15
2024-08-28T19:11:10,5,10,0,15
2024-08-28T19:27:43,5,10,0,15
2024-08-28T19:44:06,5,10,0,15
2024-08-28T20:00:31,5,10,0,15
2024-08-28T20:16:54,5,10,0,15
2024-08-28T20:33:19,5,10,0,15
2024-08-28T20:49:53,5,10,0,15
2024-08-28T21:06:16,5,10,0,15
2024-08-28T21:22:40,5,10,0,15
2024-08-28T21:39:06,5,10,0,15
2024-08-28T21:55:39,5,10,0,15
2024-08-28T22:12:02,5,10,0,15
2024-08-28T22:28:26,5,10,0,15
2024-08-28T22:45:00,5,10,0,15
2024-08-28T23:01:23,5,10,0,15
2024-08-28T23:17:48,5,10,0,15
2024-08-28T23:34:12,5,10,0,15
2024-08-28T23:50:36,5,10,0,15
2024-08-29T00:07:03,5,10,0,15
2024-08-29T00:23:40,5,10,0,15
2024-08-29T00:40:09,5,10,0,15
2024-08-29T00:56:45,5,10,0,15
2024-08-29T01:13:17,5,10,0,15
2024-08-29T01:29:45,5,10,0,15
2024-08-29T01:46:24,5,10,0,15
2024-08-29T02:02:55,5,10,0,15
2024-08-29T02:19:21,5,10,0,15
2024-08-29T02:35:47,5,10,0,15
2024-08-29T02:52:12,5,10,0,15
2024-08-29T03:08:43,5,10,0,15
2024-08-29T03:25:09,5,10,0,15
2024-08-29T03:41:34,5,10,0,15
2024-08-29T03:58:01,5,10,0,15
2024-08-29T04:14:28,5,10,0,15
2024-08-29T04:36:18,5,10,0,15
2024-08-29T04:52:47,5,10,0,15
2024-08-29T05:09:15,5,10,0,15
2024-08-29T05:25:57,5,10,0,15
2024-08-29T05:42:45,5,10,0,15
2024-08-29T05:59:31,5,10,0,15
2024-08-29T06:15:57,5,10,0,15
2024-08-29T06:32:25,5,10,0,15
2024-08-29T06:48:53,5,10,0,15
2024-08-29T07:05:26,5,10,0,15
2024-08-29T07:21:55,5,10,0,15
2024-08-29T07:38:24,5,10,0,15
2024-08-29T07:54:48,5,10,0,15
2024-08-29T08:11:16,5,10,0,15
2024-08-29T08:27:43,5,10,0,15
2024-08-29T08:44:09,5,10,0,15
2024-08-29T09:00:37,5,10,0,15
2024-08-29T09:17:04,5,10,0,15
2024-08-29T09:33:38,5,10,0,15
2024-08-29T09:50:10,5,10,0,15
2024-08-29T10:06:35,5,10,0,15
2024-08-29T10:23:01,5,10,0,15
2024-08-29T10:39:26,5,10,0,15
2024-08-29T10:55:49,5,10,0,15
2024-08-29T11:12:21,5,10,0,15
2024-08-29T11:28:45,5,10,0,15
2024-08-29T11:45:10,5,10,0,15
2024-08-29T12:01:33,5,10,0,15
2024-08-29T12:17:56,5,10,0,15
2024-08-29T12:34:29,5,10,0,15
2024-08-29T12:50:51,5,10,0,15
2024-08-29T13:07:13,5,10,0,15
2024-08-29T13:23:36,5,10,0,15
2024-08-29T13:39:59,5,10,0,15
2024-08-29T13:56:22,5,10,0,15
2024-08-29T14:12:54,5,10,0,15
2024-08-29T14:29:16,5,10,0,15
2024-08-29T14:45:39,5,10,0,15
2024-08-29T15:02:06,5,10,0,15
2024-08-29T15:18:29,5,10,0,15
2024-08-29T15:34:53,5,10,0,15
2024-08-29T15:51:27,5,10,0,15
2024-08-29T16:07:51,5,10,0,15
2024-08-29T16:24:15,5,10,0,15
2024-08-29T16:40:39,5,10,0,15
2024-08-29T16:57:03,5,10,0,15
2024-08-29T17:13:27,5,10,0,15
2024-08-29T17:29:51,5,10,0,15
2024-08-29T17:46:26,5,10,0,15
2024-08-29T18:02:49,5,10,0,15
2024-08-29T18:19:13,5,10,0,15
2024-08-29T18:35:37,5,10,0,15
2024-08-29T18:52:01,5,10,0,15
2024-08-29T19:08:28,5,10,0,15
2024-08-29T19:24:52,5,10,0,15
2024-08-29T19:41:30,5,10,0,15
2024-08-29T19:57:54,5,10,0,15
2024-08-29T20:14:18,5,10,0,15
2024-08-29T20:30:42,5,10,0,15
2024-08-29T20:47:05,5,10,0,15
2024-08-29T21:03:29,5,10,0,15
2024-08-29T21:19:54,5,10,0,15
2024-08-29T21:36:19,5,10,0,15
2024-08-29T21:52:54,5,10,0,15
2024-08-29T22:09:19,5,10,0,15
2024-08-29T22:25:43,5,10,0,15
2024-08-29T22:42:08,5,10,0,15
2024-08-29T22:58:33,5,10,0,15
2024-08-29T23:14:58,5,10,0,15
2024-08-29T23:31:23,5,10,0,15
2024-08-29T23:47:47,5,10,0,15
2024-08-30T00:04:22,5,10,0,15
2024-08-30T00:20:57,5,10,0,15
2024-08-30T00:37:27,5,10,0,15
2024-08-30T00:54:01,5,10,0,15
2024-08-30T01:10:36,5,10,0,15
2024-08-30T01:27:05,5,10,0,15
2024-08-30T01:43:34,5,10,0,15
2024-08-30T02:00:20,5,10,0,15
2024-08-30T02:17:59,5,10,0,15
2024-08-30T02:34:27,5,10,0,15
2024-08-30T02:50:57,5,10,0,15
2024-08-30T03:07:24,5,10,0,15
2024-08-30T03:24:00,5,10,0,15
2024-08-30T03:40:26,5,10,0,15
2024-08-30T03:58:36,5,10,0,15
2024-08-30T04:24:23,5,10,0,15
2024-08-30T04:40:54,5,10,0,15
2024-08-30T04:57:22,5,10,0,15
2024-08-30T05:13:49,5,10,0,15
2024-08-30T05:30:20,5,10,0,15
2024-08-30T05:46:48,5,10,0,15
2024-08-30T06:03:14,5,10,0,15
2024-08-30T06:19:40,5,10,0,15
2024-08-30T06:36:06,5,10,0,15
2024-08-30T06:52:33,5,10,0,15
2024-08-30T07:09:03,5,10,0,15
2024-08-30T07:25:33,5,10,0,15
2024-08-30T07:42:09,5,10,0,15
2024-08-30T07:58:39,5,10,0,15
2024-08-30T08:15:07,5,10,0,15
2024-08-30T08:31:34,5,10,0,15
2024-08-30T08:48:09,5,10,0,15
2024-08-30T09:04:37,5,10,0,15
2024-08-30T09:21:04,5,10,0,15
2024-08-30T09:37:30,5,10,0,15
2024-08-30T09:53:56,5,10,0,15
2024-08-30T10:10:22,5,10,0,15
2024-08-30T10:26:49,5,10,0,15
2024-08-30T10:43:14,5,10,0,15
2024-08-30T10:59:49,5,10,0,15
2024-08-30T11:16:17,5,10,0,15
2024-08-30T11:32:43,5,10,0,15
2024-08-30T11:49:09,5,10,0,15
2024-08-30T12:05:37,5,10,0,15
2024-08-30T12:22:04,5,10,0,15
2024-08-30T12:38:30,5,10,0,15
2024-08-30T12:55:03,5,10,0,15
2024-08-30T13:11:27,5,10,0,15
2024-08-30T13:27:50,5,10,0,15
2024-08-30T13:44:14,5,10,0,15
2024-08-30T14:00:38,5,10,0,15
2024-08-30T14:17:11,5,10,0,15
2024-08-30T14:33:37,5,10,0,15
2024-08-30T14:50:05,5,10,0,15
2024-08-30T15:06:29,5,10,0,15
2024-08-30T15:22:53,5,10,0,15
2024-08-30T15:39:17,5,10,0,15
2024-08-30T15:55:51,5,10,0,15
2024-08-30T16:12:19,5,10,0,15
2024-08-30T16:28:43,5,10,0,15
2024-08-30T16:45:06,5,10,0,15
2024-08-30T17:01:30,5,10,0,15
2024-08-30T17:17:55,5,10,0,15
2024-08-30T17:34:18,5,10,0,15
2024-08-30T17:50:51,5,10,0,15
2024-08-30T18:07:14,5,10,0,15
2024-08-30T18:23:38,5,10,0,15
2024-08-30T18:40:02,5,10,0,15
2024-08-30T18:56:25,5,10,0,15
2024-08-30T19:12:49,5,10,0,15
2024-08-30T19:29:12,5,10,0,15
2024-08-30T19:45:46,5,10,0,15
2024-08-30T20:02:11,5,10,0,15
2024-08-30T20:18:35,5,10,0,15
2024-08-30T20:35:03,5,10,0,15
2024-08-30T20:51:26,5,10,0,15
2024-08-30T21:07:50,5,10,0,15
2024-08-30T21:24:15,5,10,0,15
2024-08-30T21:40:49,5,10,0,15
2024-08-30T21:57:14,5,10,0,15
2024-08-30T22:13:42,5,10,0,15
2024-08-30T22:30:06,5,10,0,15
2024-08-30T22:46:30,5,10,0,15
2024-08-30T23:03:00,5,10,0,15
2024-08-30T23:19:25,5,10,0,15
2024-08-30T23:35:50,5,10,0,15
2024-08-30T23:52:24,5,10,0,15
2024-08-31T00:08:48,5,10,0,15
2024-08-31T00:25:22,5,10,0,15
2024-08-31T00:41:51,5,10,0,15
2024-08-31T00:58:27,5,10,0,15
2024-08-31T01:14:56,5,10,0,15
2024-08-31T01:31:23,5,10,0,15
2024-08-31T01:47:50,5,10,0,15
2024-08-31T02:04:23,5,10,0,15
2024-08-31T02:20:47,5,10,0,15
2024-08-31T02:37:11,5,10,0,15
2024-08-31T02:53:37,5,10,0,15
2024-08-31T03:10:01,5,10,0,15
2024-08-31T03:26:26,5,10,0,15
2024-08-31T03:42:54,5,10,0,15
2024-08-31T03:59:28,5,10,0,15
2024-08-31T04:15:59,5,10,0,15
2024-08-31T04:35:52,5,10,0,15
2024-08-31T04:52:22,5,10,0,15
2024-08-31T05:08:50,5,10,0,15
2024-08-31T05:25:22,5,10,0,15
2024-08-31T05:41:49,5,10,0,15
2024-08-31T05:58:16,5,10,0,15
2024-08-31T06:14:40,5,10,0,15
2024-08-31T06:31:04,5,10,0,15
2024-08-31T06:47:28,5,10,0,15
2024-08-31T07:03:52,5,10,0,15
2024-08-31T07:20:17,5,10,0,15
2024-08-31T07:36:44,5,10,0,15
2024-08-31T07:53:07,5,10,0,15
2024-08-31T08:09:32,5,10,0,15
2024-08-31T08:27:48,5,10,0,15
2024-08-31T08:44:16,5,10,0,15
2024-08-31T09:00:43,5,10,0,15
2024-08-31T09:17:10,5,10,0,15
2024-08-31T09:33:38,5,10,0,15
2024-08-31T09:50:04,5,10,0,15
2024-08-31T10:06:31,5,10,0,15
2024-08-31T10:23:06,5,10,0,15
2024-08-31T10:39:34,5,10,0,15
2024-08-31T10:56:01,5,10,0,15
2024-08-31T11:12:27,5,10,0,15
2024-08-31T11:28:55,5,10,0,15
2024-08-31T11:45:25,5,10,0,15
2024-08-31T12:01:52,5,10,0,15
2024-08-31T12:18:19,5,10,0,15
2024-08-31T12:34:55,5,10,0,15
2024-08-31T12:51:22,5,10,0,15
2024-08-31T13:07:49,5,10,0,15
2024-08-31T13:24:17,5,10,0,15
2024-08-31T13:40:43,5,10,0,15
2024-08-31T13:57:08,5,10,0,15
2024-08-31T14:13:35,5,10,0,15
2024-08-31T14:30:00,5,10,0,15
2024-08-31T14:46:26,5,10,0,15
2024-08-31T15:03:00,5,10,0,15
2024-08-31T15:19:27,5,10,0,15
2024-08-31T15:35:53,5,10,0,15
2024-08-31T15:52:19,5,10,0,15
2024-08-31T16:08:47,5,10,0,15
2024-08-31T16:25:11,5,10,0,15
2024-08-31T16:41:34,5,10,0,15
2024-08-31T16:57:58,5,10,0,15
2024-08-31T17:14:22,5,10,0,15
2024-08-31T17:30:46,5,10,0,15
2024-08-31T17:47:17,5,10,0,15
2024-08-31T18:03:41,5,10,0,15
2024-08-31T18:20:04,5,10,0,15
2024-08-31T18:36:27,5,10,0,15
2024-08-31T18:52:51,5,10,0,15
2024-08-31T19:09:15,5,10,0,15
2024-08-31T19:25:38,5,10,0,15
2024-08-31T19:42:02,5,10,0,15
2024-08-31T19:58:25,5,10,0,15
2024-08-31T20:14:49,5,10,0,15
2024-08-31T20:31:12,5,10,0,15
2024-08-31T20:47:46,5,10,0,15
2024-08-31T21:04:09,5,10,0,15
2024-08-31T21:20:33,5,10,0,15
2024-08-31T21:36:57,5,10,0,15
2024-08-31T21:53:20,5,10,0,15
2024-08-31T22:09:44,5,10,0,15
2024-08-31T22:26:07,5,10,0,15
2024-08-31T22:42:30,5,10,0,15
2024-08-31T22:58:55,5,10,0,15
2024-08-31T23:15:20,5,10,0,15
2024-08-31T23:31:45,5,10,0,15
2024-08-31T23:48:09,5,10,0,15
2024-09-01T00:04:43,5,10,0,15
2024-09-01T00:21:13,5,10,0,15
2024-09-01T00:37:43,5,10,0,15
2024-09-01T00:54:11,5,10,0,15
2024-09-01T01:10:39,5,10,0,15
2024-09-01T01:27:04,5,10,0,15
2024-09-01T01:43:31,5,10,0,15
2024-09-01T01:59:57,5,10,0,15
2024-09-01T02:16:23,5,10,0,15
2024-09-01T02:32:50,5,10,0,15
2024-09-01T02:49:15,5,10,0,15
2024-09-01T03:05:39,5,10,0,15
2024-09-01T03:22:03,5,10,0,15
2024-09-01T03:38:26,5,10,0,15
2024-09-01T03:54:50,5,10,0,15
2024-09-01T04:24:38,5,10,0,15
2024-09-01T04:41:03,5,10,0,15
2024-09-01T04:57:29,5,10,0,15
2024-09-01T05:13:55,5,10,0,15
2024-09-01T05:30:18,5,10,0,15
2024-09-01T05:46:42,5,10,0,15
2024-09-01T06:03:07,5,10,0,15
2024-09-01T06:19:30,5,10,0,15
2024-09-01T06:35:54,5,10,0,15
2024-09-01T06:52:19,5,10,0,15
2024-09-01T07:08:46,5,10,0,15
2024-09-01T07:25:11,5,10,0,15
2024-09-01T07:41:37,5,10,0,15
2024-09-01T07:58:01,5,10,0,15
2024-09-01T08:14:25,5,10,0,15
2024-09-01T08:30:50,5,10,0,15
2024-09-01T08:47:19,5,10,0,15
2024-09-01T09:04:16,5,10,0,15
2024-09-01T09:20:45,5,10,0,15
2024-09-01T09:37:23,5,10,0,15
2024-09-01T09:53:52,5,10,0,15
2024-09-01T10:10:20,5,10,0,15
2024-09-01T10:26:50,5,10,0,15
2024-09-01T10:43:20,5,10,0,15
2024-09-01T10:59:50,5,10,0,15
2024-09-01T11:16:20,5,10,0,15
2024-09-01T11:32:51,5,10,0,15
2024-09-01T11:49:21,5,10,0,15
2024-09-01T12:06:01,5,10,0,15
2024-09-01T12:22:28,5,10,0,15
2024-09-01T12:38:55,5,10,0,15
2024-09-01T12:55:23,5,10,0,15
2024-09-01T13:11:53,5,10,0,15
2024-09-01T13:28:20,5,10,0,15
2024-09-01T13:44:44,5,10,0,15
2024-09-01T14:01:08,5,10,0,15
2024-09-01T14:17:43,5,10,0,15
2024-09-01T14:34:06,5,10,0,15
2024-09-01T14:50:29,5,10,0,15
2024-09-01T15:06:54,5,10,0,15
2024-09-01T15:23:18,5,10,0,15
2024-09-01T15:39:42,5,10,0,15
2024-09-01T15:56:06,5,10,0,15
2024-09-01T16:12:31,5,10,0,15
2024-09-01T16:28:56,5,10,0,15
2024-09-01T16:45:20,5,10,0,15
2024-09-01T17:01:53,5,10,0,15
2024-09-01T17:18:18,5,10,0,15
2024-09-01T17:34:41,5,10,0,15
2024-09-01T17:51:05,5,10,0,15
2024-09-01T18:07:29,5,10,0,15
2024-09-01T18:23:52,5,10,0,15
2024-09-01T18:40:16,5,10,0,15
2024-09-01T18:56:40,5,10,0,15
2024-09-01T19:13:07,5,10,0,15
2024-09-01T19:29:31,5,10,0,15
2024-09-01T19:45:56,5,10,0,15
2024-09-01T20:02:28,5,10,0,15
2024-09-01T20:18:52,5,10,0,15
2024-09-01T20:35:16,5,10,0,15
2024-09-01T20:51:40,5,10,0,15
2024-09-01T21:08:04,5,10,0,15
2024-09-01T21:24:30,5,10,0,15
2024-09-01T21:40:58,5,10,0,15
2024-09-01T21:57:23,5,10,0,15
2024-09-01T22:13:47,5,10,0,15
2024-09-01T22:30:11,5,10,0,15
2024-09-01T22:46:34,5,10,0,15
2024-09-01T23:03:08,5,10,0,15
2024-09-01T23:19:33,5,10,0,15
2024-09-01T23:35:59,5,10,0,15
2024-09-01T23:52:23,5,10,0,15
2024-09-02T00:08:48,5,10,0,15
2024-09-02T00:25:21,5,10,0,15
2024-09-02T00:41:53,5,10,0,15
2024-09-02T00:58:29,5,10,0,15
2024-09-02T01:15:18,5,10,0,15
2024-09-02T01:31:49,5,10,0,15
2024-09-02T01:48:17,5,10,0,15
2024-09-02T02:04:45,5,10,0,15
2024-09-02T02:21:23,5,10,0,15
2024-09-02T02:37:58,5,10,0,15
2024-09-02T02:54:25,5,10,0,15
2024-09-02T03:10:51,5,10,0,15
2024-09-02T03:27:18,5,10,0,15
2024-09-02T03:43:45,5,10,0,15
2024-09-02T04:00:14,5,10,0,15
2024-09-02T04:33:06,5,10,0,15
2024-09-02T04:49:36,5,10,0,15
2024-09-02T05:06:08,5,10,0,15
2024-09-02T05:22:39,5,10,0,15
2024-09-02T05:39:07,5,10,0,15
2024-09-02T05:55:36,5,10,0,15
2024-09-02T06:12:05,5,10,0,15
2024-09-02T06:28:34,5,10,0,15
2024-09-02T06:45:02,5,10,0,15
2024-09-02T07:01:28,5,10,0,15
2024-09-02T07:17:54,5,10,0,15
2024-09-02T07:34:19,5,10,0,15
2024-09-02T07:50:44,5,10,0,15
2024-09-02T08:07:09,5,10,0,15
2024-09-02T08:23:33,5,10,0,15
2024-09-02T08:40:01,5,10,0,15
2024-09-02T08:56:26,5,10,0,15
2024-09-02T09:12:50,5,10,0,15
2024-09-02T09:29:14,5,10,0,15
2024-09-02T09:45:46,5,10,0,15
2024-09-02T10:02:10,5,10,0,15
2024-09-02T10:18:35,5,10,0,15
2024-09-02T10:34:59,5,10,0,15
2024-09-02T10:51:24,5,10,0,15
2024-09-02T11:07:48,5,10,0,15
2024-09-02T11:24:12,5,10,0,15
2024-09-02T11:40:36,5,10,0,15
2024-09-02T11:57:00,5,10,0,15
2024-09-02T12:13:24,5,10,0,15
2024-09-02T12:29:51,5,10,0,15
2024-09-02T12:46:26,5,10,0,15
2024-09-02T13:02:49,5,10,0,15
2024-09-02T13:19:14,5,10,0,15
2024-09-02T13:35:39,5,10,0,15
2024-09-02T13:52:04,5,10,0,15
2024-09-02T14:08:28,5,10,0,15
2024-09-02T14:24:53,5,10,0,15
2024-09-02T14:41:25,5,10,0,15
2024-09-02T14:57:49,5,10,0,15
2024-09-02T15:14:13,5,10,0,15
2024-09-02T15:30:37,5,10,0,15
2024-09-02T15:47:01,5,10,0,15
2024-09-02T16:03:25,5,10,0,15
2024-09-02T16:19:50,5,10,0,15
2024-09-02T16:36:14,5,10,0,15
2024-09-02T16:52:38,5,10,0,15
2024-09-02T17:09:11,5,10,0,15
2024-09-02T17:25:37,5,10,0,15
2024-09-02T17:42:02,5,10,0,15
2024-09-02T17:58:25,5,10,0,15
2024-09-02T18:14:49,5,10,0,15
2024-09-02T18:31:12,5,10,0,15
2024-09-02T18:47:36,5,10,0,15
2024-09-02T19:03:59,5,10,0,15
2024-09-02T19:20:23,5,10,0,15
2024-09-02T19:36:46,5,10,0,15
2024-09-02T19:53:18,5,10,0,15
2024-09-02T20:09:41,5,10,0,15
2024-09-02T20:26:04,5,10,0,15
2024-09-02T20:42:28,5,10,0,15
2024-09-02T20:58:51,5,10,0,15
2024-09-02T21:15:15,5,10,0,15
2024-09-02T21:31:40,5,10,0,15
2024-09-02T21:48:06,5,10,0,15
2024-09-02T22:04:40,5,10,0,15
2024-09-02T22:21:03,5,10,0,15
2024-09-02T22:37:28,5,10,0,15
2024-09-02T22:53:53,5,10,0,15
2024-09-02T23:10:18,5,10,0,15
2024-09-02T23:26:43,5,10,0,15
2024-09-02T23:43:07,5,10,0,15
2024-09-02T23:59:32,5,10,0,15
2024-09-03T00:15:58,5,10,0,15
2024-09-03T00:32:39,5,10,0,15
2024-09-03T00:49:12,5,10,0,15
2024-09-03T01:05:57,5,10,0,15
2024-09-03T01:22:26,5,10,0,15
2024-09-03T01:38:59,5,10,0,15
2024-09-03T01:55:28,5,10,0,15
2024-09-03T02:11:57,5,10,0,15
2024-09-03T02:28:23,5,10,0,15
2024-09-03T02:44:49,5,10,0,15
2024-09-03T03:01:14,5,10,0,15
2024-09-03T03:17:41,5,10,0,15
2024-09-03T03:34:07,5,10,0,15
2024-09-03T03:50:34,5,10,0,15
2024-09-03T04:07:01,5,10,0,15
2024-09-03T04:35:59,5,10,0,15
2024-09-03T04:52:27,5,10,0,15
2024-09-03T05:08:56,5,10,0,15
2024-09-03T05:25:23,5,10,0,15
2024-09-03T05:41:50,5,10,0,15
2024-09-03T05:58:17,5,10,0,15
2024-09-03T06:14:45,5,10,0,15
2024-09-03T06:31:13,5,10,0,15
2024-09-03T06:47:41,5,10,0,15
2024-09-03T07:04:07,5,10,0,15
2024-09-03T07:20:34,5,10,0,15
2024-09-03T07:37:01,5,10,0,15
2024-09-03T07:53:26,5,10,0,15
2024-09-03T08:09:52,5,10,0,15
2024-09-03T08:26:19,5,10,0,15
2024-09-03T08:42:46,5,10,0,15
2024-09-03T08:59:21,5,10,0,15
2024-09-03T09:15:46,5,10,0,15
2024-09-03T09:32:10,5,10,0,15
2024-09-03T09:48:34,5,10,0,15
2024-09-03T10:04:58,5,10,0,15
2024-09-03T10:21:22,5,10,0,15
2024-09-03T10:37:46,5,10,0,15
2024-09-03T10:54:11,5,10,0,15
2024-09-03T11:10:49,5,10,0,15
2024-09-03T11:27:17,5,10,0,15
2024-09-03T11:43:43,5,10,0,15
2024-09-03T12:00:10,5,10,0,15
2024-09-03T12:16:36,5,10,0,15
2024-09-03T12:33:01,5,10,0,15
2024-09-03T12:49:35,5,10,0,15
2024-09-03T13:06:00,5,10,0,15
2024-09-03T13:22:25,5,10,0,15
2024-09-03T13:38:50,5,10,0,15
2024-09-03T13:55:15,5,10,0,15
2024-09-03T14:11:49,5,10,0,15
2024-09-03T14:28:15,5,10,0,15
2024-09-03T14:44:40,5,10,0,15
2024-09-03T15:01:06,5,10,0,15
2024-09-03T15:17:42,5,10,0,15
2024-09-03T15:34:07,5,10,0,15
2024-09-03T15:50:32,5,10,0,15
2024-09-03T16:06:58,5,10,0,15
2024-09-03T16:23:33,5,10,0,15
2024-09-03T16:39:59,5,10,0,15
2024-09-03T16:56:25,5,10,0,15
2024-09-03T17:12:53,5,10,0,15
2024-09-03T17:29:19,5,10,0,15
2024-09-03T17:45:54,5,10,0,15
2024-09-03T18:02:19,5,10,0,15
2024-09-03T18:18:45,5,10,0,15
2024-09-03T18:35:09,5,10,0,15
2024-09-03T18:51:33,5,10,0,15
2024-09-03T19:08:08,5,10,0,15
2024-09-03T19:24:33,5,10,0,15
2024-09-03T19:40:58,5,10,0,15
2024-09-03T19:57:23,5,10,0,15
2024-09-03T20:13:47,5,10,0,15
2024-09-03T20:30:12,5,10,0,15
2024-09-03T20:46:37,5,10,0,15
2024-09-03T21:03:12,5,10,0,15
2024-09-03T21:19:37,5,10,0,15
2024-09-03T21:36:03,5,10,0,15
2024-09-03T21:52:28,5,10,0,15
2024-09-03T22:08:53,5,10,0,15
2024-09-03T22:25:18,5,10,0,15
2024-09-03T22:41:42,5,10,0,15
2024-09-03T22:58:19,5,10,0,15
2024-09-03T23:14:44,5,10,0,15
2024-09-03T23:31:11,5,10,0,15
2024-09-03T23:47:36,5,10,0,15
2024-09-04T00:04:02,5,10,0,15
2024-09-04T00:20:31,5,10,0,15
2024-09-04T00:37:10,5,10,0,15
2024-09-04T00:53:45,5,10,0,15
2024-09-04T01:10:22,5,10,0,15
2024-09-04T01:27:03,5,10,0,15
2024-09-04T01:43:34,5,10,0,15
2024-09-04T02:00:04,5,10,0,15
2024-09-04T02:16:35,5,10,0,15
2024-09-04T02:33:04,5,10,0,15
2024-09-04T02:49:36,5,10,0,15
2024-09-04T03:06:10,5,10,0,15
2024-09-04T03:22:41,5,10,0,15
2024-09-04T03:39:08,5,10,0,15
2024-09-04T03:55:37,5,10,0,15
2024-09-04T04:26:34,5,10,0,15
2024-09-04T04:43:06,5,10,0,15
2024-09-04T04:59:46,5,10,0,15
2024-09-04T05:16:16,5,10,0,15
2024-09-04T05:32:46,5,10,0,15
2024-09-04T05:49:15,5,10,0,15
2024-09-04T06:05:44,5,10,0,15
2024-09-04T06:22:13,5,10,0,15
2024-09-04T06:38:42,5,10,0,15
2024-09-04T06:55:10,5,10,0,15
2024-09-04T07:11:39,5,10,0,15
2024-09-04T07:28:10,5,10,0,15
2024-09-04T07:44:39,5,10,0,15
2024-09-04T08:01:08,5,10,0,15
2024-09-04T08:17:36,5,10,0,15
2024-09-04T08:34:13,5,10,0,15
2024-09-04T08:50:41,5,10,0,15
2024-09-04T09:07:10,5,10,0,15
2024-09-04T09:23:37,5,10,0,15
2024-09-04T09:40:06,5,10,0,15
2024-09-04T09:56:32,5,10,0,15
2024-09-04T10:12:57,5,10,0,15
2024-09-04T10:29:24,5,10,0,15
2024-09-04T10:45:59,5,10,0,15
2024-09-04T11:02:26,5,10,0,15
2024-09-04T11:18:53,5,10,0,15
2024-09-04T11:35:19,5,10,0,15
2024-09-04T11:51:46,5,10,0,15
2024-09-04T12:08:21,5,10,0,15
2024-09-04T12:24:46,5,10,0,15
2024-09-04T12:41:12,5,10,0,15
2024-09-04T12:57:37,5,10,0,15
2024-09-04T13:14:04,5,10,0,15
2024-09-04T13:30:39,5,10,0,15
2024-09-04T13:47:06,5,10,0,15
2024-09-04T14:03:32,5,10,0,15
2024-09-04T14:19:58,5,10,0,15
2024-09-04T14:36:23,5,10,0,15
2024-09-04T14:52:51,5,10,0,15
2024-09-04T15:09:32,5,10,0,15
2024-09-04T15:26:00,5,10,0,15
2024-09-04T15:42:28,5,10,0,15
2024-09-04T15:58:55,5,10,0,15
2024-09-04T16:15:31,5,10,0,15
2024-09-04T16:31:58,5,10,0,15
2024-09-04T16:48:26,5,10,0,15
2024-09-04T17:04:52,5,10,0,15
2024-09-04T17:21:21,5,10,0,15
2024-09-04T17:37:58,5,10,0,15
2024-09-04T17:54:24,5,10,0,15
2024-09-04T18:10:51,5,10,0,15
2024-09-04T18:27:17,5,10,0,15
2024-09-04T18:43:45,5,10,0,15
2024-09-04T19:00:21,5,10,0,15
2024-09-04T19:16:49,5,10,0,15
2024-09-04T19:33:17,5,10,0,15
2024-09-04T19:49:44,5,10,0,15
2024-09-04T20:06:09,5,10,0,15
2024-09-04T20:22:36,5,10,0,15
2024-09-04T20:39:03,5,10,0,15
2024-09-04T20:55:40,5,10,0,15
2024-09-04T21:12:06,5,10,0,15
2024-09-04T21:28:34,5,10,0,15
2024-09-04T21:45:01,5,10,0,15
2024-09-04T22:01:28,5,10,0,15
2024-09-04T22:17:54,5,10,0,15
2024-09-04T22:34:25,5,10,0,15
2024-09-04T22:50:51,5,10,0,15
2024-09-04T23:07:29,5,10,0,15
2024-09-04T23:23:55,5,10,0,15
2024-09-04T23:40:22,5,10,0,15
2024-09-04T23:56:49,5,10,0,15
2024-09-05T00:13:19,5,10,0,15
2024-09-05T00:29:48,5,10,0,15
2024-09-05T00:46:19,5,10,0,15
2024-09-05T01:03:16,5,10,0,15
2024-09-05T01:19:53,5,10,0,15
2024-09-05T01:36:25,5,10,0,15
2024-09-05T01:52:56,5,10,0,15
2024-09-05T02:09:25,5,10,0,15
2024-09-05T02:25:55,5,10,0,15
2024-09-05T02:42:26,5,10,0,15
2024-09-05T02:58:53,5,10,0,15
2024-09-05T03:15:23,5,10,0,15
2024-09-05T03:31:51,5,10,0,15
2024-09-05T03:48:19,5,10,0,15
2024-09-05T04:04:49,5,10,0,15
2024-09-05T04:31:29,5,10,0,15
2024-09-05T04:48:01,5,10,0,15
2024-09-05T05:04:31,5,10,0,15
2024-09-05T05:21:03,5,10,0,15
2024-09-05T05:37:33,5,10,0,15
2024-09-05T05:54:05,5,10,0,15
2024-09-05T06:10:34,5,10,0,15
2024-09-05T06:27:03,5,10,0,15
2024-09-05T06:43:37,5,10,0,15
2024-09-05T07:00:19,5,10,0,15
2024-09-05T07:17:00,5,10,0,15
2024-09-05T07:33:39,5,10,0,15
2024-09-05T07:50:14,5,10,0,15
2024-09-05T08:06:51,5,10,0,15
2024-09-05T08:23:26,5,10,0,15
2024-09-05T08:40:04,5,10,0,15
2024-09-05T08:56:36,5,10,0,15
2024-09-05T09:13:07,5,10,0,15
2024-09-05T09:29:40,5,10,0,15
2024-09-05T09:46:10,5,10,0,15
2024-09-05T10:02:42,5,10,0,15
2024-09-05T10:19:23,5,10,0,15
2024-09-05T10:35:54,5,10,0,15
2024-09-05T10:52:24,5,10,0,15
2024-09-05T11:09:10,5,10,0,15
2024-09-05T11:25:43,5,10,0,15
2024-09-05T11:42:26,5,10,0,15
2024-09-05T11:58:56,5,10,0,15
2024-09-05T12:15:28,5,10,0,15
2024-09-05T12:32:08,5,10,0,15
2024-09-05T12:48:39,5,10,0,15
2024-09-05T13:05:09,5,10,0,15
2024-09-05T13:21:47,5,10,0,15
2024-09-05T13:38:16,5,10,0,15
2024-09-05T13:54:45,5,10,0,15
2024-09-05T14:11:14,5,10,0,15
2024-09-05T14:27:51,5,10,0,15
2024-09-05T14:44:19,5,10,0,15
2024-09-05T15:00:49,5,10,0,15
2024-09-05T15:17:21,5,10,0,15
2024-09-05T15:34:00,5,10,0,15
2024-09-05T15:50:29,5,10,0,15
2024-09-05T16:06:58,5,10,0,15
2024-09-05T16:23:26,5,10,0,15
2024-09-05T16:40:03,5,10,0,15
2024-09-05T16:56:33,5,10,0,15
2024-09-05T17:13:01,5,10,0,15
2024-09-05T17:29:29,5,10,0,15
2024-09-05T17:45:59,5,10,0,15
2024-09-05T18:02:36,5,10,0,15
2024-09-05T18:19:05,5,10,0,15
2024-09-05T18:35:33,5,10,0,15
2024-09-05T18:52:01,5,10,0,15
2024-09-05T19:08:30,5,10,0,15
2024-09-05T19:25:09,5,10,0,15
2024-09-05T19:41:37,5,10,0,15
2024-09-05T19:58:04,5,10,0,15
2024-09-05T20:14:31,5,10,0,15
2024-09-05T20:30:58,5,10,0,15
2024-09-05T20:47:35,5,10,0,15
2024-09-05T21:04:02,5,10,0,15
2024-09-05T21:20:30,5,10,0,15
2024-09-05T21:36:58,5,10,0,15
2024-09-05T21:53:26,5,10,0,15
2024-09-05T22:09:53,5,10,0,15
2024-09-05T22:26:31,5,10,0,15
2024-09-05T22:42:59,5,10,0,15
2024-09-05T22:59:26,5,10,0,15
2024-09-05T23:15:53,5,10,0,15
2024-09-05T23:32:20,5,10,0,15
2024-09-05T23:48:47,5,10,0,15
2024-09-06T00:05:15,5,10,0,15
2024-09-06T00:21:47,5,10,0,15
2024-09-06T00:38:30,5,10,0,15
2024-09-06T00:55:05,5,10,0,15
2024-09-06T01:11:42,5,10,0,15
2024-09-06T01:28:14,5,10,0,15
2024-09-06T01:44:45,5,10,0,15
2024-09-06T02:01:16,5,10,0,15
2024-09-06T02:17:47,5,10,0,15
2024-09-06T02:34:23,5,10,0,15
2024-09-06T02:50:54,5,10,0,15
2024-09-06T03:07:24,5,10,0,15
2024-09-06T03:23:56,5,10,0,15
2024-09-06T03:40:26,5,10,0,15
2024-09-06T03:56:56,5,10,0,15
2024-09-06T04:13:27,5,10,0,15
2024-09-06T04:34:36,5,10,0,15
2024-09-06T04:51:09,5,10,0,15
2024-09-06T05:07:42,5,10,0,15
2024-09-06T05:24:14,5,10,0,15
2024-09-06T05:40:45,5,10,0,15
2024-09-06T05:57:15,5,10,0,15
2024-09-06T06:13:45,5,10,0,15
2024-09-06T06:30:14,5,10,0,15
2024-09-06T06:46:46,5,10,0,15
2024-09-06T07:03:17,5,10,0,15
2024-09-06T07:19:48,5,10,0,15
2024-09-06T07:36:17,5,10,0,15
2024-09-06T07:52:45,5,10,0,15
2024-09-06T08:09:14,5,10,0,15
2024-09-06T08:25:44,5,10,0,15
2024-09-06T08:42:24,5,10,0,15
2024-09-06T08:58:54,5,10,0,15
2024-09-06T09:15:24,5,10,0,15
2024-09-06T09:31:53,5,10,0,15
2024-09-06T09:48:20,5,10,0,15
2024-09-06T10:04:47,5,10,0,15
2024-09-06T10:21:16,5,10,0,15
2024-09-06T10:37:53,5,10,0,15
2024-09-06T10:54:22,5,10,0,15
2024-09-06T11:10:52,5,10,0,15
2024-09-06T11:27:19,5,10,0,15
2024-09-06T11:43:48,5,10,0,15
2024-09-06T12:00:25,5,10,0,15
2024-09-06T12:16:53,5,10,0,15
2024-09-06T12:33:20,5,10,0,15
2024-09-06T12:49:47,5,10,0,15
2024-09-06T13:06:16,5,10,0,15
2024-09-06T13:22:51,5,10,0,15
2024-09-06T13:39:19,5,10,0,15
2024-09-06T13:55:47,5,10,0,15
2024-09-06T14:12:14,5,10,0,15
2024-09-06T14:28:42,5,10,0,15
2024-09-06T14:45:19,5,10,0,15
2024-09-06T15:01:46,5,10,0,15
2024-09-06T15:18:14,5,10,0,15
2024-09-06T15:34:42,5,10,0,15
2024-09-06T15:51:08,5,10,0,15
2024-09-06T16:07:35,5,10,0,15
2024-09-06T16:24:13,5,10,0,15
2024-09-06T16:40:40,5,10,0,15
2024-09-06T16:57:07,5,10,0,15
2024-09-06T17:13:35,5,10,0,15
2024-09-06T17:30:02,5,10,0,15
2024-09-06T17:46:28,5,10,0,15
2024-09-06T18:03:05,5,10,0,15
2024-09-06T18:19:31,5,10,0,15
2024-09-06T18:35:59,5,10,0,15
2024-09-06T18:52:25,5,10,0,15
2024-09-06T19:08:53,5,10,0,15
2024-09-06T19:25:19,5,10,0,15
2024-09-06T19:41:47,5,10,0,15
2024-09-06T19:58:23,5,10,0,15
2024-09-06T20:14:50,5,10,0,15
2024-09-06T20:31:16,5,10,0,15
2024-09-06T20:47:44,5,10,0,15
2024-09-06T21:04:13,5,10,0,15
2024-09-06T21:20:39,5,10,0,15
2024-09-06T21:37:07,5,10,0,15
2024-09-06T21:53:43,5,10,0,15
2024-09-06T22:10:11,5,10,0,15
2024-09-06T22:26:38,5,10,0,15
2024-09-06T22:43:05,5,10,0,15
2024-09-06T22:59:33,5,10,0,15
2024-09-06T23:16:03,5,10,0,15
2024-09-06T23:32:41,5,10,0,15
2024-09-06T23:49:08,5,10,0,15
2024-09-07T00:05:36,5,10,0,15
2024-09-07T00:22:07,5,10,0,15
2024-09-07T00:38:41,5,10,0,15
2024-09-07T00:55:15,5,10,0,15
2024-09-07T01:11:47,5,10,0,15
2024-09-07T01:28:17,5,10,0,15
2024-09-07T01:44:49,5,10,0,15
2024-09-07T02:01:21,5,10,0,15
2024-09-07T02:17:51,5,10,0,15
2024-09-07T02:34:34,5,10,0,15
2024-09-07T02:51:01,5,10,0,15
2024-09-07T03:07:28,5,10,0,15
2024-09-07T03:23:57,5,10,0,15
2024-09-07T03:40:26,5,10,0,15
2024-09-07T03:56:55,5,10,0,15
2024-09-07T04:13:25,5,10,0,15
2024-09-07T04:35:45,5,10,0,15
2024-09-07T04:52:18,5,10,0,15
2024-09-07T05:08:47,5,10,0,15
2024-09-07T05:25:14,5,10,0,15
2024-09-07T05:41:42,5,10,0,15
2024-09-07T05:58:10,5,10,0,15
2024-09-07T06:14:37,5,10,0,15
2024-09-07T06:31:04,5,10,0,15
2024-09-07T06:47:30,5,10,0,15
2024-09-07T07:04:02,5,10,0,15
2024-09-07T07:20:32,5,10,0,15
2024-09-07T07:37:08,5,10,0,15
2024-09-07T07:53:37,5,10,0,15
2024-09-07T08:11:06,5,10,0,15
2024-09-07T08:27:37,5,10,0,15
2024-09-07T08:44:08,5,10,0,15
2024-09-07T09:00:38,5,10,0,15
2024-09-07T09:17:10,5,10,0,15
2024-09-07T09:33:40,5,10,0,15
2024-09-07T09:50:10,5,10,0,15
2024-09-07T10:06:49,5,10,0,15
2024-09-07T10:23:20,5,10,0,15
2024-09-07T10:39:52,5,10,0,15
2024-09-07T10:56:22,5,10,0,15
2024-09-07T11:12:52,5,10,0,15
2024-09-07T11:29:23,5,10,0,15
2024-09-07T11:45:53,5,10,0,15
2024-09-07T12:02:23,5,10,0,15
2024-09-07T12:19:03,5,10,0,15
2024-09-07T12:35:34,5,10,0,15
2024-09-07T12:52:04,5,10,0,15
2024-09-07T13:08:34,5,10,0,15
2024-09-07T13:25:05,5,10,0,15
2024-09-07T13:41:34,5,10,0,15
2024-09-07T13:58:03,5,10,0,15
2024-09-07T14:14:34,5,10,0,15
2024-09-07T14:31:13,5,10,0,15
2024-09-07T14:47:41,5,10,0,15
2024-09-07T15:04:09,5,10,0,15
2024-09-07T15:20:36,5,10,0,15
2024-09-07T15:37:04,5,10,0,15
2024-09-07T15:53:32,5,10,0,15
2024-09-07T16:10:00,5,10,0,15
2024-09-07T16:26:27,5,10,0,15
2024-09-07T16:42:55,5,10,0,15
2024-09-07T16:59:32,5,10,0,15
2024-09-07T17:16:01,5,10,0,15
2024-09-07T17:32:28,5,10,0,15
2024-09-07T17:48:56,5,10,0,15
2024-09-07T18:05:24,5,10,0,15
2024-09-07T18:21:51,5,10,0,15
2024-09-07T18:38:19,5,10,0,15
2024-09-07T18:54:47,5,10,0,15
2024-09-07T19:11:24,5,10,0,15
2024-09-07T19:27:52,5,10,0,15
2024-09-07T19:44:20,5,10,0,15
2024-09-07T20:00:47,5,10,0,15
2024-09-07T20:17:14,5,10,0,15
2024-09-07T20:33:41,5,10,0,15
2024-09-07T20:50:08,5,10,0,15
2024-09-07T21:06:35,5,10,0,15
2024-09-07T21:23:04,5,10,0,15
2024-09-07T21:39:42,5,10,0,15
2024-09-07T21:56:10,5,10,0,15
2024-09-07T22:12:37,5,10,0,15
2024-09-07T22:29:04,5,10,0,15
2024-09-07T22:45:31,5,10,0,15
2024-09-07T23:01:59,5,10,0,15
2024-09-07T23:18:30,5,10,0,15
2024-09-07T23:34:58,5,10,0,15
2024-09-07T23:51:26,5,10,0,15
2024-09-08T00:08:05,5,10,0,15
2024-09-08T00:24:38,5,10,0,15
2024-09-08T00:41:08,5,10,0,15
2024-09-08T00:57:37,5,10,0,15
2024-09-08T01:14:06,5,10,0,15
2024-09-08T01:30:33,5,10,0,15
2024-09-08T01:46:59,5,10,0,15
2024-09-08T02:03:31,5,10,0,15
2024-09-08T02:20:04,5,10,0,15
2024-09-08T02:36:37,5,10,0,15
2024-09-08T02:53:09,5,10,0,15
2024-09-08T03:09:41,5,10,0,15
2024-09-08T03:26:22,5,10,0,15
2024-09-08T03:42:55,5,10,0,15
2024-09-08T03:59:27,5,10,0,15
2024-09-08T04:16:00,5,10,0,15
2024-09-08T04:36:45,5,10,0,15
2024-09-08T04:53:21,5,10,0,15
2024-09-08T05:09:56,5,10,0,15
2024-09-08T05:26:28,5,10,0,15
2024-09-08T05:43:01,5,10,0,15
2024-09-08T05:59:34,5,10,0,15
2024-09-08T06:16:06,5,10,0,15
2024-09-08T06:32:37,5,10,0,15
2024-09-08T06:49:08,5,10,0,15
2024-09-08T07:05:40,5,10,0,15
2024-09-08T07:22:12,5,10,0,15
2024-09-08T07:38:49,5,10,0,15
2024-09-08T07:55:18,5,10,0,15
2024-09-08T08:11:45,5,10,0,15
2024-09-08T08:28:17,5,10,0,15
2024-09-08T08:44:48,5,10,0,15
2024-09-08T09:01:19,5,10,0,15
2024-09-08T09:17:52,5,10,0,15
2024-09-08T09:34:28,5,10,0,15
2024-09-08T09:51:10,5,10,0,15
2024-09-08T10:07:43,5,10,0,15
2024-09-08T10:24:15,5,10,0,15
2024-09-08T10:40:47,5,10,0,15
2024-09-08T10:57:15,5,10,0,15
2024-09-08T11:13:42,5,10,0,15
2024-09-08T11:30:09,5,10,0,15
2024-09-08T11:46:36,5,10,0,15
2024-09-08T12:03:03,5,10,0,15
2024-09-08T12:19:33,5,10,0,15
2024-09-08T12:36:09,5,10,0,15
2024-09-08T12:52:36,5,10,0,15
2024-09-08T13:09:04,5,10,0,15
2024-09-08T13:25:31,5,10,0,15
2024-09-08T13:42:02,5,10,0,15
2024-09-08T13:58:30,5,10,0,15
2024-09-08T14:15:00,5,10,0,15
2024-09-08T14:31:37,5,10,0,15
2024-09-08T14:48:04,5,10,0,15
2024-09-08T15:04:32,5,10,0,15
2024-09-08T15:20:56,5,10,0,15
2024-09-08T15:37:23,5,10,0,15
2024-09-08T15:53:51,5,10,0,15
2024-09-08T16:10:19,5,10,0,15
2024-09-08T16:26:58,5,10,0,15
2024-09-08T16:43:26,5,10,0,15
2024-09-08T16:59:54,5,10,0,15
2024-09-08T17:16:22,5,10,0,15
2024-09-08T17:32:49,5,10,0,15
2024-09-08T17:49:17,5,10,0,15
2024-09-08T18:05:44,5,10,0,15
2024-09-08T18:22:11,5,10,0,15
2024-09-08T18:38:39,5,10,0,15
2024-09-08T18:55:15,5,10,0,15
2024-09-08T19:11:45,5,10,0,15
2024-09-08T19:28:15,5,10,0,15
2024-09-08T19:44:45,5,10,0,15
2024-09-08T20:01:13,5,10,0,15
2024-09-08T20:17:42,5,10,0,15
2024-09-08T20:34:10,5,10,0,15
2024-09-08T20:50:38,5,10,0,15
2024-09-08T21:07:07,5,10,0,15
2024-09-08T21:23:49,5,10,0,15
2024-09-08T21:40:20,5,10,0,15
2024-09-08T21:56:48,5,10,0,15
2024-09-08T22:13:17,5,10,0,15
2024-09-08T22:29:46,5,10,0,15
2024-09-08T22:46:14,5,10,0,15
2024-09-08T23:02:42,5,10,0,15
2024-09-08T23:19:11,5,10,0,15
2024-09-08T23:35:40,5,10,0,15
2024-09-08T23:52:08,5,10,0,15
2024-09-09T00:08:49,5,10,0,15
2024-09-09T00:25:28,5,10,0,15
2024-09-09T00:42:11,5,10,0,15
2024-09-09T00:58:48,5,10,0,15
2024-09-09T01:15:34,5,10,0,15
2024-09-09T01:32:08,5,10,0,15
2024-09-09T01:48:41,5,10,0,15
2024-09-09T02:05:13,5,10,0,15
2024-09-09T02:21:45,5,10,0,15
2024-09-09T02:38:17,5,10,0,15
2024-09-09T02:54:58,5,10,0,15
2024-09-09T03:11:31,5,10,0,15
2024-09-09T03:28:04,5,10,0,15
2024-09-09T03:44:35,5,10,0,15
2024-09-09T04:01:08,5,10,0,15
2024-09-09T04:24:17,5,10,0,15
2024-09-09T04:40:53,5,10,0,15
2024-09-09T04:57:27,5,10,0,15
2024-09-09T05:14:04,5,10,0,15
2024-09-09T05:30:37,5,10,0,15
2024-09-09T05:47:10,5,10,0,15
2024-09-09T06:03:44,5,10,0,15
2024-09-09T06:20:21,5,10,0,15
2024-09-09T06:36:59,5,10,0,15
2024-09-09T06:53:36,5,10,0,15
2024-09-09T07:10:09,5,10,0,15
2024-09-09T07:26:39,5,10,0,15
2024-09-09T07:43:11,5,10,0,15
2024-09-09T07:59:43,5,10,0,15
2024-09-09T08:16:26,5,10,0,15
2024-09-09T08:33:00,5,10,0,15
2024-09-09T08:49:31,5,10,0,15
2024-09-09T09:06:00,5,10,0,15
2024-09-09T09:22:28,5,10,0,15
2024-09-09T09:38:56,5,10,0,15
2024-09-09T09:55:24,5,10,0,15
2024-09-09T10:12:07,5,10,0,15
2024-09-09T10:28:35,5,10,0,15
2024-09-09T10:45:05,5,10,0,15
2024-09-09T11:01:34,5,10,0,15
2024-09-09T11:18:03,5,10,0,15
2024-09-09T11:34:44,5,10,0,15
2024-09-09T11:51:15,5,10,0,15
2024-09-09T12:07:46,5,10,0,15
2024-09-09T12:24:28,5,10,0,15
2024-09-09T12:40:57,5,10,0,15
2024-09-09T12:57:26,5,10,0,15
2024-09-09T13:13:57,5,10,0,15
2024-09-09T13:30:28,5,10,0,15
2024-09-09T13:47:07,5,10,0,15
2024-09-09T14:03:38,5,10,0,15
2024-09-09T14:20:07,5,10,0,15
2024-09-09T14:36:37,5,10,0,15
2024-09-09T14:53:09,5,10,0,15
2024-09-09T15:09:50,5,10,0,15
2024-09-09T15:26:23,5,10,0,15
2024-09-09T15:42:53,5,10,0,15
2024-09-09T15:59:25,5,10,0,15
2024-09-09T16:16:08,5,10,0,15
2024-09-09T16:32:40,5,10,0,15
2024-09-09T16:49:12,5,10,0,15
2024-09-09T17:05:43,5,10,0,15
2024-09-09T17:22:16,5,10,0,15
2024-09-09T17:38:58,5,10,0,15
2024-09-09T17:55:30,5,10,0,15
2024-09-09T18:12:01,5,10,0,15
2024-09-09T18:28:33,5,10,0,15
2024-09-09T18:45:04,5,10,0,15
2024-09-09T19:01:45,5,10,0,15
2024-09-09T19:18:18,5,10,0,15
2024-09-09T19:34:49,5,10,0,15
2024-09-09T19:51:20,5,10,0,15
2024-09-09T20:07:51,5,10,0,15
2024-09-09T20:24:32,5,10,0,15
2024-09-09T20:41:03,5,10,0,15
2024-09-09T20:57:33,5,10,0,15
2024-09-09T21:14:05,5,10,0,15
2024-09-09T21:30:38,5,10,0,15
2024-09-09T21:47:10,5,10,0,15
2024-09-09T22:03:54,5,10,0,15
2024-09-09T22:20:27,5,10,0,15
2024-09-09T22:36:59,5,10,0,15
2024-09-09T22:53:30,5,10,0,15
2024-09-09T23:10:02,5,10,0,15
2024-09-09T23:26:34,5,10,0,15
2024-09-09T23:43:07,5,10,0,15
2024-09-09T23:59:49,5,10,0,15
2024-09-10T00:16:45,5,10,0,15
2024-09-10T00:33:29,5,10,0,15
2024-09-10T00:50:10,5,10,0,15
2024-09-10T01:06:55,5,10,0,15
2024-09-10T01:23:33,5,10,0,15
2024-09-10T01:40:08,5,10,0,15
2024-09-10T01:56:44,5,10,0,15
2024-09-10T02:13:19,5,10,0,15
2024-09-10T02:29:52,5,10,0,15
2024-09-10T02:46:26,5,10,0,15
2024-09-10T03:03:10,5,10,0,15
2024-09-10T03:19:42,5,10,0,15
2024-09-10T03:36:24,5,10,0,15
2024-09-10T03:52:58,5,10,0,15
2024-09-10T04:09:32,5,10,0,15
2024-09-10T04:38:22,5,10,0,15
2024-09-10T04:54:59,5,10,0,15
2024-09-10T05:11:36,5,10,0,15
2024-09-10T05:28:12,5,10,0,15
2024-09-10T05:44:46,5,10,0,15
2024-09-10T06:01:18,5,10,0,15
2024-09-10T06:17:52,5,10,0,15
2024-09-10T06:34:34,5,10,0,15
2024-09-10T06:51:39,5,10,0,15
2024-09-10T07:08:15,5,10,0,15
2024-09-10T07:24:51,5,10,0,15
2024-09-10T07:41:26,5,10,0,15
2024-09-10T07:58:01,5,10,0,15
2024-09-10T08:14:45,5,10,0,15
2024-09-10T08:31:20,5,10,0,15
2024-09-10T08:47:56,5,10,0,15
2024-09-10T09:04:31,5,10,0,15
2024-09-10T09:21:10,5,10,0,15
2024-09-10T09:37:43,5,10,0,15
2024-09-10T09:54:17,5,10,0,15
2024-09-10T10:11:03,5,10,0,15
2024-09-10T10:27:36,5,10,0,15
2024-09-10T10:44:11,5,10,0,15
2024-09-10T11:00:47,5,10,0,15
2024-09-10T11:17:24,5,10,0,15
2024-09-10T11:34:09,5,10,0,15
2024-09-10T11:50:44,5,10,0,15
2024-09-10T12:07:17,5,10,0,15
2024-09-10T12:23:55,5,10,0,15
2024-09-10T12:40:28,5,10,0,15
2024-09-10T12:57:11,5,10,0,15
2024-09-10T13:13:42,5,10,0,15
2024-09-10T13:30:14,5,10,0,15
2024-09-10T13:46:46,5,10,0,15
2024-09-10T14:03:18,5,10,0,15
2024-09-10T14:20:06,5,10,0,15
2024-09-10T14:36:40,5,10,0,15
2024-09-10T14:53:13,5,10,0,15
2024-09-10T15:09:52,5,10,0,15
2024-09-10T15:26:37,5,10,0,15
2024-09-10T15:43:15,5,10,0,15
2024-09-10T15:59:49,5,10,0,15
2024-09-10T16:16:24,5,10,0,15
2024-09-10T16:33:09,5,10,0,15
2024-09-10T16:49:42,5,10,0,15
2024-09-10T17:06:16,5,10,0,15
2024-09-10T17:22:50,5,10,0,15
2024-09-10T17:39:24,5,10,0,15
2024-09-10T17:56:08,5,10,0,15
2024-09-10T18:12:41,5,10,0,15
2024-09-10T18:29:15,5,10,0,15
2024-09-10T18:45:48,5,10,0,15
2024-09-10T19:02:20,5,10,0,15
2024-09-10T19:18:55,5,10,0,15
2024-09-10T19:35:28,5,10,0,15
2024-09-10T19:52:12,5,10,0,15
2024-09-10T20:08:45,5,10,0,15
2024-09-10T20:25:17,5,10,0,15
2024-09-10T20:41:50,5,10,0,15
2024-09-10T20:58:22,5,10,0,15
2024-09-10T21:14:56,5,10,0,15
2024-09-10T21:31:43,5,10,0,15
2024-09-10T21:48:18,5,10,0,15
2024-09-10T22:04:52,5,10,0,15
2024-09-10T22:21:25,5,10,0,15
2024-09-10T22:37:58,5,10,0,15
2024-09-10T22:54:31,5,10,0,15
2024-09-10T23:11:15,5,10,0,15
2024-09-10T23:27:49,5,10,0,15
2024-09-10T23:44:23,5,10,0,15
2024-09-11T00:00:56,5,10,0,15
2024-09-11T00:17:36,5,10,0,15
2024-09-11T00:34:16,5,10,0,15
2024-09-11T00:51:00,5,10,0,15
2024-09-11T01:07:43,5,10,0,15
2024-09-11T01:24:22,5,10,0,15
2024-09-11T01:41:12,5,10,0,15
2024-09-11T01:58:11,5,10,0,15
2024-09-11T02:14:50,5,10,0,15
2024-09-11T02:31:27,5,10,0,15
2024-09-11T02:48:02,5,10,0,15
2024-09-11T03:04:38,5,10,0,15
2024-09-11T03:21:16,5,10,0,15
2024-09-11T03:37:54,5,10,0,15
2024-09-11T03:54:31,5,10,0,15
2024-09-11T04:27:25,5,10,0,15
2024-09-11T04:44:04,5,10,0,15
2024-09-11T05:00:42,5,10,0,15
2024-09-11T05:17:21,5,10,0,15
2024-09-11T05:33:59,5,10,0,15
2024-09-11T05:50:36,5,10,0,15
2024-09-11T06:07:12,5,10,0,15
2024-09-11T06:23:48,5,10,0,15
2024-09-11T06:40:31,5,10,0,15
2024-09-11T06:57:07,5,10,0,15
2024-09-11T07:13:48,5,10,0,15
2024-09-11T07:30:25,5,10,0,15
2024-09-11T07:47:09,5,10,0,15
2024-09-11T08:03:45,5,10,0,15
2024-09-11T08:20:23,5,10,0,15
2024-09-11T08:36:59,5,10,0,15
2024-09-11T08:53:35,5,10,0,15
2024-09-11T09:10:11,5,10,0,15
2024-09-11T09:26:50,5,10,0,15
2024-09-11T09:43:25,5,10,0,15
2024-09-11T10:00:01,5,10,0,15
2024-09-11T10:16:49,5,10,0,15
2024-09-11T10:33:27,5,10,0,15
2024-09-11T10:50:02,5,10,0,15
2024-09-11T11:06:36,5,10,0,15
2024-09-11T11:23:11,5,10,0,15
2024-09-11T11:39:45,5,10,0,15
2024-09-11T11:56:31,5,10,0,15
2024-09-11T12:13:06,5,10,0,15
2024-09-11T12:29:40,5,10,0,15
2024-09-11T12:46:15,5,10,0,15
2024-09-11T13:02:49,5,10,0,15
2024-09-11T13:19:34,5,10,0,15
2024-09-11T13:36:09,5,10,0,15
2024-09-11T13:52:44,5,10,0,15
2024-09-11T14:09:18,5,10,0,15
2024-09-11T14:25:55,5,10,0,15
2024-09-11T14:42:29,5,10,0,15
2024-09-11T14:59:12,5,10,0,15
2024-09-11T15:15:47,5,10,0,15
2024-09-11T15:32:23,5,10,0,15
2024-09-11T15:48:58,5,10,0,15
2024-09-11T16:05:44,5,10,0,15
2024-09-11T16:22:20,5,10,0,15
2024-09-11T16:38:55,5,10,0,15
2024-09-11T16:55:30,5,10,0,15
2024-09-11T17:12:06,5,10,0,15
2024-09-11T17:28:41,5,10,0,15
2024-09-11T17:45:25,5,10,0,15
2024-09-11T18:01:59,5,10,0,15
2024-09-11T18:18:34,5,10,0,15
2024-09-11T18:35:09,5,10,0,15
2024-09-11T18:51:43,5,10,0,15
2024-09-11T19:08:18,5,10,0,15
2024-09-11T19:25:01,5,10,0,15
2024-09-11T19:41:35,5,10,0,15
2024-09-11T19:58:09,5,10,0,15
2024-09-11T20:14:42,5,10,0,15
2024-09-11T20:31:16,5,10,0,15
2024-09-11T20:47:50,5,10,0,15
2024-09-11T21:04:24,5,10,0,15
2024-09-11T21:21:08,5,10,0,15
2024-09-11T21:37:43,5,10,0,15
2024-09-11T21:54:21,5,10,0,15
2024-09-11T22:10:55,5,10,0,15
2024-09-11T22:27:29,5,10,0,15
2024-09-11T22:44:03,5,10,0,15
2024-09-11T23:00:37,5,10,0,15
2024-09-11T23:17:22,5,10,0,15
2024-09-11T23:33:57,5,10,0,15
2024-09-11T23:50:32,5,10,0,15
2024-09-12T00:07:07,5,10,0,15
2024-09-12T00:23:49,5,10,0,15
2024-09-12T00:40:30,5,10,0,15
2024-09-12T00:57:15,5,10,0,15
2024-09-12T01:14:01,5,10,0,15
2024-09-12T01:30:40,5,10,0,15
2024-09-12T01:47:19,5,10,0,15
2024-09-12T02:03:58,5,10,0,15
2024-09-12T02:20:46,5,10,0,15
2024-09-12T02:37:22,5,10,0,15
2024-09-12T02:53:59,5,10,0,15
2024-09-12T03:10:36,5,10,0,15
2024-09-12T03:27:13,5,10,0,15
2024-09-12T03:43:50,5,10,0,15
2024-09-12T04:00:28,5,10,0,15
2024-09-12T19:09:03,5,10,0,15
2024-09-12T19:41:32,5,10,0,15
2024-09-12T20:13:52,5,10,0,15
2024-09-12T20:46:13,5,10,0,15
2024-09-12T21:18:42,5,10,0,15
2024-09-12T21:51:03,5,10,0,15
2024-09-12T22:23:28,5,10,0,15
2024-09-12T22:55:58,5,10,0,15
2024-09-12T23:28:17,5,10,0,15
2024-09-13T00:00:38,5,10,0,15
2024-09-13T00:33:17,5,10,0,15
2024-09-13T01:05:48,5,10,0,15
2024-09-13T01:38:14,5,10,0,15
2024-09-13T02:10:39,5,10,0,15
2024-09-13T02:43:03,5,10,0,15
2024-09-13T03:15:26,5,10,0,15
2024-09-13T03:47:49,5,10,0,15
2024-09-13T04:37:34,5,10,0,15
2024-09-13T05:10:00,5,10,0,15
2024-09-13T05:42:26,5,10,0,15
2024-09-13T06:14:51,5,10,0,15
2024-09-13T06:47:15,5,10,0,15
2024-09-13T07:19:42,5,10,0,15
2024-09-13T07:52:11,5,10,0,15
2024-09-13T08:24:34,5,10,0,15
2024-09-13T08:56:56,5,10,0,15
2024-09-13T09:29:58,5,10,0,15
2024-09-13T10:02:32,5,10,0,15
2024-09-13T10:35:04,5,10,0,15
2024-09-13T11:07:34,5,10,0,15
2024-09-13T11:39:55,5,10,0,15
2024-09-13T12:12:26,5,10,0,15
2024-09-13T12:47:15,5,10,0,15
2024-09-13T13:20:02,5,10,0,15
2024-09-13T13:52:33,5,10,0,15
2024-09-13T14:24:54,5,10,0,15
2024-09-13T14:57:15,5,10,0,15
2024-09-13T15:29:45,5,10,0,15
2024-09-13T16:02:08,5,10,0,15
2024-09-13T16:34:38,5,10,0,15
2024-09-13T17:06:59,5,10,0,15
2024-09-13T17:39:22,5,10,0,15
2024-09-13T18:11:54,5,10,0,15
2024-09-13T18:44:16,5,10,0,15
2024-09-13T19:16:50,5,10,0,15
2024-09-13T19:49:13,5,10,0,15
2024-09-13T20:21:37,5,10,0,15
2024-09-13T20:54:00,5,10,0,15
2024-09-13T21:26:31,5,10,0,15
2024-09-13T21:59:01,5,10,0,15
2024-09-13T22:31:24,5,10,0,15
2024-09-13T23:03:47,5,10,0,15
2024-09-13T23:36:19,5,10,0,15
2024-09-14T00:08:43,5,10,0,15
2024-09-14T00:41:17,5,10,0,15
2024-09-14T01:13:48,5,10,0,15
2024-09-14T01:46:21,5,10,0,15
2024-09-14T02:18:57,5,10,0,15
2024-09-14T02:51:22,5,10,0,15
2024-09-14T03:23:48,5,10,0,15
2024-09-14T03:56:12,5,10,0,15
2024-09-14T04:44:17,5,10,0,15
2024-09-14T05:16:43,5,10,0,15
2024-09-14T05:49:07,5,10,0,15
2024-09-14T06:21:29,5,10,0,15
2024-09-14T06:53:54,5,10,0,15
2024-09-14T07:26:20,5,10,0,15
2024-09-14T07:59:50,5,10,0,15
2024-09-14T08:32:23,5,10,0,15
2024-09-14T09:04:49,5,10,0,15
2024-09-14T09:37:16,5,10,0,15
2024-09-14T10:09:51,5,10,0,15
2024-09-14T10:42:17,5,10,0,15
2024-09-14T11:14:43,5,10,0,15
2024-09-14T11:47:16,5,10,0,15
2024-09-14T12:19:42,5,10,0,15
2024-09-14T12:52:15,5,10,0,15
2024-09-14T13:24:39,5,10,0,15
2024-09-14T13:57:04,5,10,0,15
2024-09-14T14:29:28,5,10,0,15
2024-09-14T15:02:01,5,10,0,15
2024-09-14T15:34:25,5,10,0,15
2024-09-14T16:06:47,5,10,0,15
2024-09-14T16:39:17,5,10,0,15
2024-09-14T17:11:39,5,10,0,15
2024-09-14T17:44:02,5,10,0,15
2024-09-14T18:16:24,5,10,0,15
2024-09-14T18:48:47,5,10,0,15
2024-09-14T19:21:16,5,10,0,15
2024-09-14T19:53:39,5,10,0,15
2024-09-14T20:26:01,5,10,0,15
2024-09-14T20:58:30,5,10,0,15
2024-09-14T21:30:52,5,10,0,15
2024-09-14T22:03:17,5,10,0,15
2024-09-14T22:35:39,5,10,0,15
2024-09-14T23:08:01,5,10,0,15
2024-09-14T23:40:32,5,10,0,15
2024-09-15T00:12:55,5,10,0,15
2024-09-15T00:45:18,5,10,0,15
2024-09-15T01:23:41,5,10,0,15
2024-09-15T01:56:08,5,10,0,15
2024-09-15T02:28:36,5,10,0,15
2024-09-15T03:01:49,5,10,0,15
2024-09-15T03:34:18,5,10,0,15
2024-09-15T04:32:32,5,10,0,15
2024-09-15T05:05:02,5,10,0,15
2024-09-15T05:37:30,5,10,0,15
2024-09-15T06:09:57,5,10,0,15
2024-09-15T06:42:26,5,10,0,15
2024-09-15T07:14:54,5,10,0,15
2024-09-15T07:47:25,5,10,0,15
2024-09-15T08:19:49,5,10,0,15
2024-09-15T08:52:23,5,10,0,15
2024-09-15T09:24:57,5,10,0,15
2024-09-15T09:57:31,5,10,0,15
2024-09-15T10:30:01,5,10,0,15
2024-09-15T11:02:25,5,10,0,15
2024-09-15T11:34:58,5,10,0,15
2024-09-15T12:07:21,5,10,0,15
2024-09-15T12:39:44,5,10,0,15
2024-09-15T13:12:18,5,10,0,15
2024-09-15T13:44:43,5,10,0,15
2024-09-15T14:17:07,5,10,0,15
2024-09-15T14:49:31,5,10,0,15
2024-09-15T15:22:04,5,10,0,15
2024-09-15T15:54:28,5,10,0,15
2024-09-15T16:26:52,5,10,0,15
2024-09-15T16:59:24,5,10,0,15
2024-09-15T17:31:48,5,10,0,15
2024-09-15T18:04:11,5,10,0,15
2024-09-15T18:36:35,5,10,0,15
2024-09-15T19:09:11,5,10,0,15
2024-09-15T19:41:39,5,10,0,15
2024-09-15T20:14:09,5,10,0,15
2024-09-15T20:46:34,5,10,0,15
2024-09-15T21:19:08,5,10,0,15
2024-09-15T21:51:38,5,10,0,15
2024-09-15T22:24:01,5,10,0,15
2024-09-15T22:56:35,5,10,0,15
2024-09-15T23:29:00,5,10,0,15
2024-09-16T00:01:25,5,10,0,15
2024-09-16T00:34:02,5,10,0,15
2024-09-16T01:06:38,5,10,0,15
2024-09-16T01:39:22,5,10,0,15
2024-09-16T02:11:50,5,10,0,15
2024-09-16T02:44:20,5,10,0,15
2024-09-16T03:17:05,5,10,0,15
2024-09-16T03:49:32,5,10,0,15
2024-09-16T04:31:22,5,10,0,15
2024-09-16T05:03:54,5,10,0,15
2024-09-16T05:36:28,5,10,0,15
2024-09-16T06:08:58,5,10,0,15
2024-09-16T06:41:26,5,10,0,15
2024-09-16T07:13:56,5,10,0,15
2024-09-16T07:46:21,5,10,0,15
2024-09-16T08:18:48,5,10,0,15
2024-09-16T08:51:22,5,10,0,15
2024-09-16T09:23:47,5,10,0,15
2024-09-16T09:56:11,5,10,0,15
2024-09-16T10:28:35,5,10,0,15
2024-09-16T11:01:10,5,10,0,15
2024-09-16T11:33:34,5,10,0,15
2024-09-16T12:06:14,5,10,0,15
2024-09-16T12:38:39,5,10,0,15
2024-09-16T13:11:13,5,10,0,15
2024-09-16T13:43:37,5,10,0,15
2024-09-16T14:16:00,5,10,0,15
2024-09-16T14:48:34,5,10,0,15
2024-09-16T15:20:59,5,10,0,15
2024-09-16T15:53:34,5,10,0,15
2024-09-16T16:25:59,5,10,0,15
2024-09-16T16:58:35,5,10,0,15
2024-09-16T17:31:02,5,10,0,15
2024-09-16T18:03:27,5,10,0,15
2024-09-16T18:37:11,5,10,0,15
2024-09-16T19:09:38,5,10,0,15
2024-09-16T19:42:13,5,10,0,15
2024-09-16T20:14:38,5,10,0,15
2024-09-16T20:47:03,5,10,0,15
2024-09-16T21:19:38,5,10,0,15
2024-09-16T21:52:04,5,10,0,15
2024-09-16T22:24:29,5,10,0,15
2024-09-16T22:56:54,5,10,0,15
2024-09-16T23:29:30,5,10,0,15
2024-09-17T00:01:56,5,10,0,15
2024-09-17T00:34:28,5,10,0,15
2024-09-17T01:07:06,5,10,0,15
2024-09-17T01:39:36,5,10,0,15
2024-09-17T02:12:10,5,10,0,15
2024-09-17T02:44:49,5,10,0,15
2024-09-17T03:17:16,5,10,0,15
2024-09-17T03:49:49,5,10,0,15
2024-09-17T04:39:32,5,10,0,15
2024-09-17T05:12:04,5,10,0,15
2024-09-17T05:44:35,5,10,0,15
2024-09-17T06:17:02,5,10,0,15
2024-09-17T06:49:29,5,10,0,15
2024-09-17T07:21:57,5,10,0,15
2024-09-17T07:54:21,5,10,0,15
2024-09-17T08:27:24,5,10,0,15
2024-09-17T08:59:53,5,10,0,15
2024-09-17T09:32:23,5,10,0,15
2024-09-17T10:04:52,5,10,0,15
2024-09-17T10:37:31,5,10,0,15
2024-09-17T11:10:00,5,10,0,15
2024-09-17T11:42:39,5,10,0,15
2024-09-17T12:15:08,5,10,0,15
2024-09-17T12:47:46,5,10,0,15
2024-09-17T13:20:13,5,10,0,15
2024-09-17T13:52:50,5,10,0,15
2024-09-17T14:25:15,5,10,0,15
2024-09-17T14:57:40,5,10,0,15
2024-09-17T15:30:14,5,10,0,15
2024-09-17T16:02:39,5,10,0,15
2024-09-17T16:35:16,5,10,0,15
2024-09-17T17:07:42,5,10,0,15
2024-09-17T17:40:08,5,10,0,15
2024-09-17T18:12:45,5,10,0,15
2024-09-17T18:45:10,5,10,0,15
2024-09-17T19:17:36,5,10,0,15
2024-09-17T19:50:12,5,10,0,15
2024-09-17T20:22:38,5,10,0,15
2024-09-17T20:55:03,5,10,0,15
2024-09-17T21:27:41,5,10,0,15
2024-09-17T22:00:08,5,10,0,15
2024-09-17T22:32:34,5,10,0,15
2024-09-17T23:05:01,5,10,0,15
2024-09-17T23:37:38,5,10,0,15
2024-09-18T00:10:06,5,10,0,15
2024-09-18T00:42:38,5,10,0,15
2024-09-18T01:15:17,5,10,0,15
2024-09-18T01:47:50,5,10,0,15
2024-09-18T02:20:31,5,10,0,15
2024-09-18T02:53:07,5,10,0,15
2024-09-18T03:25:37,5,10,0,15
2024-09-18T03:58:09,5,10,0,15
2024-09-18T04:32:17,5,10,0,15
2024-09-18T05:04:50,5,10,0,15
2024-09-18T05:38:53,5,10,0,15
2024-09-18T06:12:27,5,10,0,15
2024-09-18T06:45:00,5,10,0,15
2024-09-18T07:17:35,5,10,0,15
2024-09-18T07:50:05,5,10,0,15
2024-09-18T08:22:35,5,10,0,15
2024-09-18T08:55:15,5,10,0,15
2024-09-18T09:27:44,5,10,0,15
2024-09-18T10:00:13,5,10,0,15
2024-09-18T10:32:53,5,10,0,15
2024-09-18T11:05:22,5,10,0,15
2024-09-18T11:37:49,5,10,0,15
2024-09-18T12:10:26,6,9,0,15
2024-09-18T12:42:53,6,9,0,15
2024-09-18T13:15:28,6,9,0,15
2024-09-18T13:47:55,6,9,0,15
2024-09-18T14:20:32,6,9,0,15
2024-09-18T14:53:00,6,9,0,15
2024-09-18T15:25:39,6,9,0,15
2024-09-18T15:58:08,6,9,0,15
2024-09-18T16:30:38,6,9,0,15
2024-09-18T17:03:17,6,9,0,15
2024-09-18T17:35:48,6,9,0,15
2024-09-18T18:08:17,6,9,0,15
2024-09-18T18:40:57,6,9,0,15
2024-09-18T19:13:27,6,9,0,15
2024-09-18T19:45:56,6,9,0,15
2024-09-18T20:18:37,6,9,0,15
2024-09-18T20:51:07,6,9,0,15
2024-09-18T21:23:37,6,9,0,15
2024-09-18T21:56:18,6,9,0,15
2024-09-18T22:28:48,6,9,0,15
2024-09-18T23:01:18,6,9,0,15
2024-09-18T23:33:47,6,9,0,15
2024-09-19T00:06:26,6,9,0,15
2024-09-19T00:39:02,6,9,0,15
2024-09-19T01:11:46,6,9,0,15
2024-09-19T01:44:23,6,9,0,15
2024-09-19T02:16:55,6,9,0,15
2024-09-19T02:49:35,6,9,0,15
2024-09-19T03:22:06,6,9,0,15
2024-09-19T03:54:43,6,9,0,15
2024-09-19T04:45:13,6,9,0,15
2024-09-19T05:17:48,6,9,0,15
2024-09-19T05:50:25,6,9,0,15
2024-09-19T06:22:59,6,9,0,15
2024-09-19T06:55:54,6,9,0,15
2024-09-19T07:28:28,6,9,0,15
2024-09-19T08:00:59,6,9,0,15
2024-09-19T08:33:41,6,9,0,15
2024-09-19T09:06:13,6,9,0,15
2024-09-19T09:38:43,6,9,0,15
2024-09-19T10:11:14,6,9,0,15
2024-09-19T10:43:55,6,9,0,15
2024-09-19T11:16:26,6,9,0,15
2024-09-19T11:49:07,6,9,0,15
2024-09-19T12:21:36,6,9,0,15
2024-09-19T12:54:15,6,9,0,15
2024-09-19T13:26:46,6,9,0,15
2024-09-19T13:59:24,6,9,0,15
2024-09-19T14:31:54,6,9,0,15
2024-09-19T15:04:23,6,9,0,15
2024-09-19T15:37:03,6,9,0,15
2024-09-19T16:09:32,6,9,0,15
2024-09-19T16:42:10,6,9,0,15
2024-09-19T17:14:38,6,9,0,15
2024-09-19T17:47:06,6,9,0,15
2024-09-19T18:19:44,6,9,0,15
2024-09-19T18:52:12,6,9,0,15
2024-09-19T19:24:40,6,9,0,15
2024-09-19T19:57:18,6,9,0,15
2024-09-19T20:29:48,6,9,0,15
2024-09-19T21:02:16,6,9,0,15
2024-09-19T21:34:47,6,9,0,15
2024-09-19T22:07:26,6,9,0,15
2024-09-19T22:39:54,6,9,0,15
2024-09-19T23:12:27,6,9,0,15
2024-09-19T23:45:05,6,9,0,15
2024-09-20T00:17:37,6,9,0,15
2024-09-20T00:50:14,6,9,0,15
2024-09-20T01:22:52,6,9,0,15
2024-09-20T01:55:29,6,9,0,15
2024-09-20T02:28:02,6,9,0,15
2024-09-20T03:00:35,6,9,0,15
2024-09-20T03:33:05,6,9,0,15
2024-09-20T04:06:14,6,9,0,15
2024-09-20T04:39:12,6,9,0,15
2024-09-20T05:11:51,6,9,0,15
2024-09-20T05:44:25,6,9,0,15
2024-09-20T06:17:00,6,9,0,15
2024-09-20T06:49:36,6,9,0,15
2024-09-20T07:22:11,6,9,0,15
2024-09-20T07:54:41,6,9,0,15
2024-09-20T08:27:19,6,9,0,15
2024-09-20T08:59:51,6,9,0,15
2024-09-20T09:32:21,6,9,0,15
2024-09-20T10:04:48,6,9,0,15
2024-09-20T10:37:26,6,9,0,15
2024-09-20T11:09:54,6,9,0,15
2024-09-20T11:42:31,6,9,0,15
2024-09-20T12:15:00,6,9,0,15
2024-09-20T12:47:40,6,9,0,15
2024-09-20T13:20:11,6,9,0,15
2024-09-20T13:52:50,6,9,0,15
2024-09-20T14:25:21,6,9,0,15
2024-09-20T14:58:00,6,9,0,15
2024-09-20T15:30:31,6,9,0,15
2024-09-20T16:03:02,6,9,0,15
2024-09-20T16:35:41,6,9,0,15
2024-09-20T17:08:11,6,9,0,15
2024-09-20T17:40:51,6,9,0,15
2024-09-20T18:13:21,6,9,0,15
2024-09-20T18:45:51,6,9,0,15
2024-09-20T19:18:30,6,9,0,15
2024-09-20T19:51:01,6,9,0,15
2024-09-20T20:23:32,6,9,0,15
2024-09-20T20:56:11,6,9,0,15
2024-09-20T21:28:41,6,9,0,15
2024-09-20T22:01:25,6,9,0,15
2024-09-20T22:33:56,6,9,0,15
2024-09-20T23:06:26,6,9,0,15
2024-09-20T23:39:07,6,9,0,15
2024-09-21T00:11:38,6,9,0,15
2024-09-21T00:44:17,6,9,0,15
2024-09-21T01:16:52,6,9,0,15
2024-09-21T01:49:37,6,9,0,15
2024-09-21T02:22:12,6,9,0,15
2024-09-21T02:54:44,6,9,0,15
2024-09-21T03:27:17,6,9,0,15
2024-09-21T03:59:51,6,9,0,15
2024-09-21T04:40:36,6,9,0,15
2024-09-21T05:13:09,6,9,0,15
2024-09-21T05:45:43,6,9,0,15
2024-09-21T06:18:16,6,9,0,15
2024-09-21T06:50:47,6,9,0,15
2024-09-21T07:23:27,6,9,0,15
2024-09-21T07:57:41,6,9,0,15
2024-09-21T08:30:16,6,9,0,15
2024-09-21T09:02:49,6,9,0,15
2024-09-21T09:35:29,6,9,0,15
2024-09-21T10:08:03,6,9,0,15
2024-09-21T10:40:37,6,9,0,15
2024-09-21T11:13:17,6,9,0,15
2024-09-21T11:45:50,6,9,0,15
2024-09-21T12:18:25,6,9,0,15
2024-09-21T12:51:06,6,9,0,15
2024-09-21T13:23:38,6,9,0,15
2024-09-21T13:56:10,6,9,0,15
2024-09-21T14:28:50,6,9,0,15
2024-09-21T15:01:22,6,9,0,15
2024-09-21T15:33:55,6,9,0,15
2024-09-21T16:06:32,6,9,0,15
2024-09-21T16:39:02,6,9,0,15
2024-09-21T17:11:32,6,9,0,15
2024-09-21T17:44:09,6,9,0,15
2024-09-21T18:16:41,6,9,0,15
2024-09-21T18:49:11,6,9,0,15
2024-09-21T19:21:42,6,9,0,15
2024-09-21T19:54:19,6,9,0,15
2024-09-21T20:26:49,6,9,0,15
2024-09-21T20:59:19,6,9,0,15
2024-09-21T21:31:49,6,9,0,15
2024-09-21T22:04:29,6,9,0,15
2024-09-21T22:36:59,6,9,0,15
2024-09-21T23:09:29,6,9,0,15
2024-09-21T23:41:59,6,9,0,15
2024-09-22T00:14:38,6,9,0,15
2024-09-22T00:47:15,6,9,0,15
2024-09-22T01:19:49,6,9,0,15
2024-09-22T01:52:21,6,9,0,15
2024-09-22T02:24:55,6,9,0,15
2024-09-22T02:57:27,6,9,0,15
2024-09-22T03:30:05,6,9,0,15
2024-09-22T04:02:44,6,9,0,15
2024-09-22T04:42:43,6,9,0,15
2024-09-22T05:17:46,6,9,0,15
2024-09-22T05:50:29,6,9,0,15
2024-09-22T06:23:07,6,9,0,15
2024-09-22T06:55:54,6,9,0,15
2024-09-22T07:28:30,6,9,0,15
2024-09-22T08:01:08,6,9,0,15
2024-09-22T08:33:44,6,9,0,15
2024-09-22T09:06:20,6,9,0,15
2024-09-22T09:38:59,6,9,0,15
2024-09-22T10:11:36,6,9,0,15
2024-09-22T10:44:12,6,9,0,15
2024-09-22T11:16:55,6,9,0,15
2024-09-22T11:49:26,6,9,0,15
2024-09-22T12:21:59,6,9,0,15
2024-09-22T12:54:39,6,9,0,15
2024-09-22T13:27:10,6,9,0,15
2024-09-22T13:59:42,6,9,0,15
2024-09-22T14:32:21,6,9,0,15
2024-09-22T15:04:51,6,9,0,15
2024-09-22T15:37:23,6,9,0,15
2024-09-22T16:10:02,6,9,0,15
2024-09-22T16:42:33,6,9,0,15
2024-09-22T17:15:05,6,9,0,15
2024-09-22T17:47:43,6,9,0,15
2024-09-22T18:20:13,6,9,0,15
2024-09-22T18:52:45,6,9,0,15
2024-09-22T19:25:27,6,9,0,15
2024-09-22T19:57:57,6,9,0,15
2024-09-22T20:30:29,6,9,0,15
2024-09-22T21:02:59,6,9,0,15
2024-09-22T21:35:36,6,9,0,15
2024-09-22T22:08:08,6,9,0,15
2024-09-22T22:40:39,6,9,0,15
2024-09-22T23:13:17,6,9,0,15
2024-09-22T23:45:50,6,9,0,15
2024-09-23T00:18:26,6,9,0,15
2024-09-23T00:51:09,6,9,0,15
2024-09-23T01:24:03,6,9,0,15
2024-09-23T01:56:40,6,9,0,15
2024-09-23T02:29:16,6,9,0,15
2024-09-23T03:02:00,6,9,0,15
2024-09-23T03:34:38,6,9,0,15
2024-09-23T04:07:13,6,9,0,15
2024-09-23T04:43:06,6,9,0,15
2024-09-23T05:15:48,6,9,0,15
2024-09-23T05:48:25,6,9,0,15
2024-09-23T06:21:04,6,9,0,15
2024-09-23T06:53:42,6,9,0,15
2024-09-23T07:26:17,6,9,0,15
2024-09-23T07:58:50,6,9,0,15
2024-09-23T08:31:30,6,9,0,15
2024-09-23T09:04:02,6,9,0,15
2024-09-23T09:36:34,6,9,0,15
2024-09-23T10:09:15,6,9,0,15
2024-09-23T10:41:48,6,9,0,15
2024-09-23T11:14:29,6,9,0,15
2024-09-23T11:47:17,6,9,0,15
2024-09-23T12:20:02,6,9,0,15
2024-09-23T12:52:35,6,9,0,15
2024-09-23T13:25:22,6,9,0,15
2024-09-23T13:58:07,6,9,0,15
2024-09-23T14:30:41,6,9,0,15
2024-09-23T15:03:29,6,9,0,15
2024-09-23T15:36:14,6,9,0,15
2024-09-23T16:08:58,6,9,0,15
2024-09-23T16:41:33,6,9,0,15
2024-09-23T17:14:21,6,9,0,15
2024-09-23T17:46:56,6,9,0,15
2024-09-23T18:19:37,6,9,0,15
2024-09-23T18:52:07,6,9,0,15
2024-09-23T19:24:45,6,9,0,15
2024-09-23T19:57:13,6,9,0,15
2024-09-23T20:29:48,6,9,0,15
2024-09-23T21:02:16,6,9,0,15
2024-09-23T21:34:58,6,9,0,15
2024-09-23T22:07:36,6,9,0,15
2024-09-23T22:40:16,6,9,0,15
2024-09-23T23:12:47,6,9,0,15
2024-09-23T23:45:29,6,9,0,15
2024-09-24T00:18:03,6,9,0,15
2024-09-24T00:50:48,6,9,0,15
2024-09-24T01:23:32,6,9,0,15
2024-09-24T01:56:28,6,9,0,15
2024-09-24T02:29:03,6,9,0,15
2024-09-24T03:01:38,6,9,0,15
2024-09-24T03:34:14,6,9,0,15
2024-09-24T04:06:59,6,9,0,15
2024-09-24T04:39:25,6,9,0,15
2024-09-24T05:12:04,6,9,0,15
2024-09-24T05:44:43,6,9,0,15
2024-09-24T06:17:21,6,9,0,15
2024-09-24T06:50:27,6,9,0,15
2024-09-24T07:23:11,6,9,0,15
2024-09-24T07:55:46,6,9,0,15
2024-09-24T08:28:23,6,9,0,15
2024-09-24T09:01:09,6,9,0,15
2024-09-24T09:33:46,6,9,0,15
2024-09-24T10:06:22,6,9,0,15
2024-09-24T10:39:07,6,9,0,15
2024-09-24T11:11:50,6,9,0,15
2024-09-24T11:44:26,6,9,0,15
2024-09-24T12:17:10,6,9,0,15
2024-09-24T12:49:54,6,9,0,15
2024-09-24T13:22:27,6,9,0,15
2024-09-24T13:55:08,6,9,0,15
2024-09-24T14:27:50,6,9,0,15
2024-09-24T15:00:25,6,9,0,15
2024-09-24T15:33:08,6,9,0,15
2024-09-24T16:05:52,6,9,0,15
2024-09-24T16:38:26,6,9,0,15
2024-09-24T17:11:09,6,9,0,15
2024-09-24T17:43:52,6,9,0,15
2024-09-24T18:16:25,6,9,0,15
2024-09-24T18:49:00,6,9,0,15
2024-09-24T19:21:41,6,9,0,15
2024-09-24T19:54:15,6,9,0,15
2024-09-24T20:26:57,6,9,0,15
2024-09-24T20:59:30,6,9,0,15
2024-09-24T21:32:14,6,9,0,15
2024-09-24T22:04:48,6,9,0,15
2024-09-24T22:37:22,6,9,0,15
2024-09-24T23:10:04,6,9,0,15
2024-09-24T23:42:37,6,9,0,15
2024-09-25T00:15:23,6,9,0,15
2024-09-25T00:48:07,6,9,0,15
2024-09-25T01:20:53,6,9,0,15
2024-09-25T01:53:41,6,9,0,15
2024-09-25T02:26:18,6,9,0,15
2024-09-25T02:58:54,6,9,0,15
2024-09-25T03:31:39,6,9,0,15
2024-09-25T04:06:04,6,9,0,15
2024-09-25T04:40:26,6,9,0,15
2024-09-25T05:13:07,6,9,0,15
2024-09-25T05:45:47,6,9,0,15
2024-09-25T06:18:39,6,9,0,15
2024-09-25T06:51:22,6,9,0,15
2024-09-25T07:24:04,6,9,0,15
2024-09-25T07:56:40,6,9,0,15
2024-09-25T08:29:24,6,9,0,15
2024-09-25T09:02:00,6,9,0,15
2024-09-25T09:34:36,6,9,0,15
2024-09-25T10:07:20,6,9,0,15
2024-09-25T10:39:56,6,9,0,15
2024-09-25T11:12:44,6,9,0,15
2024-09-25T11:45:26,6,9,0,15
2024-09-25T12:18:10,6,9,0,15
2024-09-25T12:50:52,6,9,0,15
2024-09-25T13:23:35,6,9,0,15
2024-09-25T13:56:12,6,9,0,15
2024-09-25T14:28:56,6,9,0,15
2024-09-25T15:01:41,6,9,0,15
2024-09-25T15:35:59,6,9,0,15
2024-09-25T16:08:41,6,9,0,15
2024-09-25T16:41:25,6,9,0,15
2024-09-25T17:14:11,6,9,0,15
2024-09-25T17:46:54,6,9,0,15
2024-09-25T18:19:37,6,9,0,15
2024-09-25T18:52:18,6,9,0,15
2024-09-25T19:24:53,6,9,0,15
2024-09-25T19:57:34,6,9,0,15
2024-09-25T20:30:15,6,9,0,15
2024-09-25T21:02:57,6,9,0,15
2024-09-25T21:35:41,6,9,0,15
2024-09-25T22:08:24,6,9,0,15
2024-09-25T22:41:08,6,9,0,15
2024-09-25T23:13:51,6,9,0,15
2024-09-25T23:46:31,6,9,0,15
2024-09-26T00:19:22,6,9,0,15
2024-09-26T00:52:13,6,9,0,15
2024-09-26T01:24:54,6,9,0,15
2024-09-26T01:57:31,6,9,0,15
2024-09-26T02:30:16,6,9,0,15
2024-09-26T03:02:52,6,9,0,15
2024-09-26T03:35:34,6,9,0,15
2024-09-26T04:10:05,6,9,0,15
2024-09-26T04:43:38,6,9,0,15
2024-09-26T05:16:37,6,9,0,15
2024-09-26T05:49:19,6,9,0,15
2024-09-26T06:21:57,6,9,0,15
2024-09-26T06:54:35,6,9,0,15
2024-09-26T07:27:21,6,9,0,15
2024-09-26T07:59:58,6,9,0,15
2024-09-26T08:32:51,6,9,0,15
2024-09-26T09:05:49,6,9,0,15
2024-09-26T09:38:38,6,9,0,15
2024-09-26T10:11:40,6,9,0,15
2024-09-26T10:44:38,6,9,0,15
2024-09-26T11:17:37,6,9,0,15
2024-09-26T11:50:36,6,9,0,15
2024-09-26T12:23:27,6,9,0,15
2024-09-26T12:56:25,6,9,0,15
2024-09-26T13:29:26,6,9,0,15
2024-09-26T14:02:13,6,9,0,15
2024-09-26T14:35:13,6,9,0,15
2024-09-26T15:08:00,6,9,0,15
2024-09-26T15:40:59,6,9,0,15
2024-09-26T16:13:47,6,9,0,15
2024-09-26T16:46:34,6,9,0,15
2024-09-26T17:19:35,6,9,0,15
2024-09-26T17:52:21,6,9,0,15
2024-09-26T18:25:07,6,9,0,15
2024-09-26T18:57:44,6,9,0,15
2024-09-26T19:30:32,6,9,0,15
2024-09-26T20:03:18,6,9,0,15
2024-09-26T20:35:54,6,9,0,15
2024-09-26T21:08:40,6,9,0,15
2024-09-26T21:41:26,6,9,0,15
2024-09-26T22:14:01,6,9,0,15
2024-09-26T22:46:47,6,9,0,15
2024-09-26T23:19:35,6,9,0,15
2024-09-26T23:52:11,6,9,0,15
2024-09-27T00:25:03,6,9,0,15
2024-09-27T00:57:47,6,9,0,15
2024-09-27T01:30:31,6,9,0,15
2024-09-27T02:03:23,6,9,0,15
2024-09-27T02:36:04,6,9,0,15
2024-09-27T03:08:43,6,9,0,15
2024-09-27T03:41:24,6,9,0,15
2024-09-27T04:39:08,6,9,0,15
2024-09-27T05:11:51,6,9,0,15
2024-09-27T05:44:32,6,9,0,15
2024-09-27T06:17:13,6,9,0,15
2024-09-27T06:49:56,6,9,0,15
2024-09-27T07:22:36,6,9,0,15
2024-09-27T07:55:21,6,9,0,15
2024-09-27T08:27:59,6,9,0,15
2024-09-27T09:00:57,6,9,0,15
2024-09-27T09:33:46,6,9,0,15
2024-09-27T10:06:44,6,9,0,15
2024-09-27T10:39:50,6,9,0,15
2024-09-27T11:12:35,6,9,0,15
2024-09-27T11:45:27,6,9,0,15
2024-09-27T12:18:22,6,9,0,15
2024-09-27T12:51:15,6,9,0,15
2024-09-27T13:24:02,6,9,0,15
2024-09-27T13:56:56,6,9,0,15
2024-09-27T14:29:51,6,9,0,15
2024-09-27T15:02:38,6,9,0,15
2024-09-27T15:35:24,6,9,0,15
2024-09-27T16:08:10,6,9,0,15
2024-09-27T16:40:46,6,9,0,15
2024-09-27T17:13:42,6,9,0,15
2024-09-27T17:46:29,6,9,0,15
2024-09-27T18:19:04,6,9,0,15
2024-09-27T18:51:40,6,9,0,15
2024-09-27T19:24:26,6,9,0,15
2024-09-27T19:57:01,6,9,0,15
2024-09-27T20:29:36,6,9,0,15
2024-09-27T21:02:23,6,9,0,15
2024-09-27T21:34:57,6,9,0,15
2024-09-27T22:07:34,6,9,0,15
2024-09-27T22:40:20,6,9,0,15
2024-09-27T23:12:56,6,9,0,15
2024-09-27T23:45:33,6,9,0,15
2024-09-28T00:18:11,6,9,0,15
2024-09-28T00:51:06,6,9,0,15
2024-09-28T01:23:47,6,9,0,15
2024-09-28T01:56:27,6,9,0,15
2024-09-28T02:29:05,6,9,0,15
2024-09-28T03:01:42,6,9,0,15
2024-09-28T03:34:20,6,9,0,15
2024-09-28T04:06:58,6,9,0,15
2024-09-28T04:39:54,6,9,0,15
2024-09-28T05:12:32,6,9,0,15
2024-09-28T05:45:09,6,9,0,15
2024-09-28T06:17:45,6,9,0,15
2024-09-28T06:51:07,6,9,0,15
2024-09-28T07:23:48,6,9,0,15
2024-09-28T07:56:27,6,9,0,15
2024-09-28T08:29:07,6,9,0,15
2024-09-28T09:02:01,6,9,0,15
2024-09-28T09:34:40,6,9,0,15
2024-09-28T10:07:19,6,9,0,15
2024-09-28T10:39:57,6,9,0,15
2024-09-28T11:12:47,6,9,0,15
2024-09-28T11:45:25,6,9,0,15
2024-09-28T12:18:12,6,9,0,15
2024-09-28T12:50:49,6,9,0,15
2024-09-28T13:23:26,6,9,0,15
2024-09-28T13:56:11,6,9,0,15
2024-09-28T14:28:48,6,9,0,15
2024-09-28T15:01:23,6,9,0,15
2024-09-28T15:34:16,6,9,0,15
2024-09-28T16:06:50,6,9,0,15
2024-09-28T16:39:25,6,9,0,15
2024-09-28T17:12:10,6,9,0,15
2024-09-28T17:44:45,6,9,0,15
2024-09-28T18:17:20,6,9,0,15
2024-09-28T18:49:55,6,9,0,15
2024-09-28T19:22:40,6,9,0,15
2024-09-28T19:55:14,6,9,0,15
2024-09-28T20:27:49,6,9,0,15
2024-09-28T21:00:40,6,9,0,15
2024-09-28T21:33:16,6,9,0,15
2024-09-28T22:05:51,6,9,0,15
2024-09-28T22:38:29,6,9,0,15
2024-09-28T23:11:20,6,9,0,15
2024-09-28T23:43:57,6,9,0,15
2024-09-29T00:16:36,6,9,0,15
2024-09-29T00:49:17,6,9,0,15
2024-09-29T01:21:56,6,9,0,15
2024-09-29T01:54:53,6,9,0,15
2024-09-29T02:27:33,6,9,0,15
2024-09-29T03:00:12,6,9,0,15
2024-09-29T03:32:52,6,9,0,15
2024-09-29T04:05:32,6,9,0,15
2024-09-29T04:38:53,6,9,0,15
2024-09-29T05:11:39,6,9,0,15
2024-09-29T05:44:20,6,9,0,15
2024-09-29T06:17:01,6,9,0,15
2024-09-29T06:49:43,6,9,0,15
2024-09-29T07:22:22,6,9,0,15
2024-09-29T07:55:00,6,9,0,15
2024-09-29T08:27:38,6,9,0,15
2024-09-29T09:00:21,6,9,0,15
2024-09-29T09:33:09,6,9,0,15
2024-09-29T10:05:55,6,9,0,15
2024-09-29T10:38:35,6,9,0,15
2024-09-29T11:11:12,6,9,0,15
2024-09-29T11:43:47,6,9,0,15
2024-09-29T12:16:37,6,9,0,15
2024-09-29T12:49:12,6,9,0,15
2024-09-29T13:21:55,6,9,0,15
2024-09-29T13:54:31,6,9,0,15
2024-09-29T14:27:15,6,9,0,15
2024-09-29T14:59:50,6,9,0,15
2024-09-29T15:32:34,6,9,0,15
2024-09-29T16:05:09,6,9,0,15
2024-09-29T16:37:45,6,9,0,15
2024-09-29T17:10:31,6,9,0,15
2024-09-29T17:43:08,6,9,0,15
2024-09-29T18:15:52,6,9,0,15
2024-09-29T18:48:27,6,9,0,15
2024-09-29T19:21:14,6,9,0,15
2024-09-29T19:53:52,6,9,0,15
2024-09-29T20:26:36,6,9,0,15
2024-09-29T20:59:12,6,9,0,15
2024-09-29T21:32:00,6,9,0,15
2024-09-29T22:04:36,6,9,0,15
2024-09-29T22:37:22,6,9,0,15
2024-09-29T23:09:56,6,9,0,15
2024-09-29T23:42:44,6,9,0,15
2024-09-30T00:15:22,6,9,0,15
2024-09-30T00:48:17,6,9,0,15
2024-09-30T01:21:06,6,9,0,15
2024-09-30T01:53:47,6,9,0,15
2024-09-30T02:26:45,6,9,0,15
2024-09-30T02:59:24,6,9,0,15
2024-09-30T03:32:03,6,9,0,15
2024-09-30T04:04:44,6,9,0,15
2024-09-30T04:36:04,6,9,0,15
2024-09-30T05:08:50,6,9,0,15
2024-09-30T05:41:32,6,9,0,15
2024-09-30T06:14:13,6,9,0,15
2024-09-30T06:46:55,6,9,0,15
2024-09-30T07:19:34,6,9,0,15
2024-09-30T07:52:17,6,9,0,15
2024-09-30T08:24:53,6,9,0,15
2024-09-30T08:57:38,6,9,0,15
2024-09-30T09:30:23,6,9,0,15
2024-09-30T10:03:09,6,9,0,15
2024-09-30T10:35:56,6,9,0,15
2024-09-30T11:08:45,6,9,0,15
2024-09-30T11:41:33,6,9,0,15
2024-09-30T12:14:20,6,9,0,15
2024-09-30T12:47:07,6,9,0,15
2024-09-30T13:19:52,6,9,0,15
2024-09-30T13:52:51,6,9,0,15
2024-09-30T14:25:39,6,9,0,15
2024-09-30T14:58:27,6,9,0,15
2024-09-30T15:31:16,6,9,0,15
2024-09-30T16:04:02,6,9,0,15
2024-09-30T16:36:49,6,9,0,15
2024-09-30T17:09:27,6,9,0,15
2024-09-30T17:42:15,6,9,0,15
2024-09-30T18:15:03,6,9,0,15
2024-09-30T18:47:49,6,9,0,15
2024-09-30T19:20:25,6,9,0,15
2024-09-30T19:53:11,6,9,0,15
2024-09-30T20:25:57,6,9,0,15
2024-09-30T20:58:34,6,9,0,15
2024-09-30T21:31:20,6,9,0,15
2024-09-30T22:03:55,6,9,0,15
2024-09-30T22:36:42,6,9,0,15
2024-09-30T23:09:18,6,9,0,15
2024-09-30T23:41:55,6,9,0,15
2024-10-01T00:14:44,6,9,0,15
2024-10-01T00:47:31,6,9,0,15
2024-10-01T01:20:20,6,9,0,15
2024-10-01T01:53:11,6,9,0,15
2024-10-01T02:25:51,6,9,0,15
2024-10-01T02:58:32,6,9,0,15
2024-10-01T03:31:11,6,9,0,15
2024-10-01T04:03:48,6,9,0,15
2024-10-01T04:35:54,5,10,0,15
2024-10-01T05:08:36,5,10,0,15
2024-10-01T05:43:05,5,10,0,15
2024-10-01T06:15:48,5,10,0,15
2024-10-01T06:48:33,5,10,0,15
2024-10-01T07:21:13,5,10,0,15
2024-10-01T07:53:51,5,10,0,15
2024-10-01T08:26:38,5,10,0,15
2024-10-01T08:59:15,5,10,0,15
2024-10-01T09:32:02,5,10,0,15
2024-10-01T10:04:50,5,10,0,15
2024-10-01T10:37:38,5,10,0,15
2024-10-01T11:10:27,5,10,0,15
2024-10-01T11:43:05,5,10,0,15
2024-10-01T12:15:51,5,10,0,15
2024-10-01T12:48:39,6,9,0,15
2024-10-01T13:21:25,6,9,0,15
2024-10-01T13:54:12,6,9,0,15
2024-10-01T14:26:58,6,9,0,15
2024-10-01T14:59:46,6,9,0,15
2024-10-01T15:32:36,6,9,0,15
2024-10-01T16:05:25,6,9,0,15
2024-10-01T16:38:13,6,9,0,15
2024-10-01T17:10:51,6,9,0,15
2024-10-01T17:43:37,6,9,0,15
2024-10-01T18:16:23,6,9,0,15
2024-10-01T18:48:58,6,9,0,15
2024-10-01T19:21:44,6,9,0,15
2024-10-01T19:54:30,6,9,0,15
2024-10-01T20:27:05,6,9,0,15
2024-10-01T20:59:51,6,9,0,15
2024-10-01T21:32:28,6,9,0,15
2024-10-01T22:05:14,6,9,0,15
2024-10-01T22:37:50,6,9,0,15
2024-10-01T23:10:26,6,9,0,15
2024-10-01T23:43:14,6,9,0,15
2024-10-02T00:15:53,6,9,0,15
2024-10-02T00:48:36,6,9,0,15
2024-10-02T01:21:34,6,9,0,15
2024-10-02T01:54:16,6,9,0,15
2024-10-02T02:26:57,6,9,0,15
2024-10-02T02:59:38,6,9,0,15
2024-10-02T03:32:19,6,9,0,15
2024-10-02T04:06:51,6,9,0,15
2024-10-02T04:44:44,6,9,0,15
2024-10-02T05:17:27,6,9,0,15
2024-10-02T05:50:11,6,9,0,15
2024-10-02T06:22:53,6,9,0,15
2024-10-02T06:55:45,6,9,0,15
2024-10-02T07:28:43,6,9,0,15
2024-10-02T08:01:34,6,9,0,15
2024-10-02T08:34:13,6,9,0,15
2024-10-02T09:06:54,6,9,0,15
2024-10-02T09:39:41,6,9,0,15
2024-10-02T10:12:30,6,9,0,15
2024-10-02T10:45:07,6,9,0,15
2024-10-02T11:27:10,6,9,0,15
2024-10-02T12:16:05,6,9,0,15
2024-10-02T12:48:59,6,9,0,15
2024-10-02T13:21:50,6,9,0,15
2024-10-02T13:54:38,6,9,0,15
2024-10-02T14:27:28,6,9,0,15
2024-10-02T15:00:16,6,9,0,15
2024-10-02T15:32:57,6,9,0,15
2024-10-02T16:05:46,6,9,0,15
2024-10-02T16:38:36,6,9,0,15
2024-10-02T17:11:24,6,9,0,15
2024-10-02T17:44:06,6,9,0,15
2024-10-02T18:16:53,6,9,0,15
2024-10-02T18:49:31,6,9,0,15
2024-10-02T19:22:19,6,9,0,15
2024-10-02T19:54:56,6,9,0,15
2024-10-02T20:27:44,6,9,0,15
2024-10-02T21:00:21,6,9,0,15
2024-10-02T21:33:11,6,9,0,15
2024-10-02T22:05:50,6,9,0,15
2024-10-02T22:38:28,6,9,0,15
2024-10-02T23:11:18,6,9,0,15
2024-10-02T23:43:56,6,9,0,15
2024-10-03T00:16:37,6,9,0,15
2024-10-03T00:49:33,6,9,0,15
2024-10-03T01:22:22,6,9,0,15
2024-10-03T01:55:06,6,9,0,15
2024-10-03T02:27:48,6,9,0,15
2024-10-03T03:00:28,6,9,0,15
2024-10-03T03:33:18,6,9,0,15
2024-10-03T04:06:13,6,9,0,15
2024-10-03T04:35:22,6,9,0,15
2024-10-03T05:08:37,6,9,0,15
2024-10-03T05:41:22,6,9,0,15
2024-10-03T06:14:09,6,9,0,15
2024-10-03T06:46:52,6,9,0,15
2024-10-03T07:19:37,6,9,0,15
2024-10-03T07:52:18,6,9,0,15
2024-10-03T08:25:10,6,9,0,15
2024-10-03T08:57:49,6,9,0,15
2024-10-03T09:30:31,6,9,0,15
2024-10-03T10:03:19,6,9,0,15
2024-10-03T10:35:58,6,9,0,15
2024-10-03T11:08:48,6,9,0,15
2024-10-03T11:41:28,6,9,0,15
2024-10-03T12:14:20,6,9,0,15
2024-10-03T12:47:09,6,9,0,15
2024-10-03T13:19:59,6,9,0,15
2024-10-03T13:52:37,6,9,0,15
2024-10-03T14:25:30,6,9,0,15
2024-10-03T14:58:12,6,9,0,15
2024-10-03T15:31:03,6,9,0,15
2024-10-03T16:03:52,6,9,0,15
2024-10-03T16:36:34,6,9,0,15
2024-10-03T17:09:26,6,9,0,15
2024-10-03T17:42:07,6,9,0,15
2024-10-03T18:14:58,6,9,0,15
2024-10-03T18:47:39,6,9,0,15
2024-10-03T19:20:20,6,9,0,15
2024-10-03T19:53:10,6,9,0,15
2024-10-03T20:25:50,6,9,0,15
2024-10-03T20:58:31,6,9,0,15
2024-10-03T21:31:22,6,9,0,15
2024-10-03T22:04:04,6,9,0,15
2024-10-03T22:36:44,6,9,0,15
2024-10-03T23:09:37,6,9,0,15
2024-10-03T23:42:18,6,9,0,15
2024-10-04T00:15:01,6,9,0,15
2024-10-04T00:48:02,6,9,0,15
2024-10-04T01:20:56,6,9,0,15
2024-10-04T01:53:43,6,9,0,15
2024-10-04T02:26:29,6,9,0,15
2024-10-04T02:59:21,6,9,0,15
2024-10-04T03:32:11,6,9,0,15
2024-10-04T04:04:57,6,9,0,15
2024-10-04T04:42:34,6,9,0,15
2024-10-04T05:15:27,6,9,0,15
2024-10-04T05:48:13,6,9,0,15
2024-10-04T06:21:01,6,9,0,15
2024-10-04T06:53:46,6,9,0,15
2024-10-04T07:26:31,6,9,0,15
2024-10-04T07:59:12,6,9,0,15
2024-10-04T08:32:05,6,9,0,15
2024-10-04T09:04:46,6,9,0,15
2024-10-04T09:37:26,6,9,0,15
2024-10-04T10:10:16,6,9,0,15
2024-10-04T10:42:56,6,9,0,15
2024-10-04T11:15:48,6,9,0,15
2024-10-04T11:48:27,6,9,0,15
2024-10-04T12:21:17,6,9,0,15
2024-10-04T13:00:11,6,9,0,15
2024-10-04T13:33:01,6,9,0,15
2024-10-04T14:05:41,6,9,0,15
2024-10-04T14:38:29,6,9,0,15
2024-10-04T15:11:09,6,9,0,15
2024-10-04T15:43:58,6,9,0,15
2024-10-04T16:16:37,6,9,0,15
2024-10-04T16:49:27,6,9,0,15
2024-10-04T17:22:06,6,9,0,15
2024-10-04T17:54:46,6,9,0,15
2024-10-04T18:27:37,6,9,0,15
2024-10-04T19:00:16,6,9,0,15
2024-10-04T19:32:57,6,9,0,15
2024-10-04T20:05:46,6,9,0,15
2024-10-04T20:38:26,6,9,0,15
2024-10-04T21:11:06,6,9,0,15
2024-10-04T21:43:47,6,9,0,15
2024-10-04T22:16:27,6,9,0,15
2024-10-04T22:49:15,6,9,0,15
2024-10-04T23:21:57,6,9,0,15
2024-10-04T23:54:37,6,9,0,15
2024-10-05T00:27:24,6,9,0,15
2024-10-05T01:00:14,6,9,0,15
2024-10-05T01:33:10,6,9,0,15
2024-10-05T02:05:57,6,9,0,15
2024-10-05T02:38:40,6,9,0,15
2024-10-05T03:11:22,6,9,0,15
2024-10-05T03:44:06,6,9,0,15
2024-10-05T04:16:49,6,9,0,15
2024-10-05T04:43:48,6,9,0,15
2024-10-05T05:16:33,6,9,0,15
2024-10-05T05:50:33,6,9,0,15
2024-10-05T06:23:23,6,9,0,15
2024-10-05T06:56:11,6,9,0,15
2024-10-05T07:29:02,6,9,0,15
2024-10-05T08:01:54,6,9,0,15
2024-10-05T08:34:40,6,9,0,15
2024-10-05T09:07:25,6,9,0,15
2024-10-05T09:40:10,6,9,0,15
2024-10-05T10:13:07,6,9,0,15
2024-10-05T10:45:52,6,9,0,15
2024-10-05T11:18:36,6,9,0,15
2024-10-05T11:51:20,6,9,0,15
2024-10-05T12:24:13,6,9,0,15
2024-10-05T12:56:54,6,9,0,15
2024-10-05T13:29:35,6,9,0,15
2024-10-05T14:02:17,6,9,0,15
2024-10-05T14:35:07,6,9,0,15
2024-10-05T15:07:48,6,9,0,15
2024-10-05T15:40:32,6,9,0,15
2024-10-05T16:13:13,6,9,0,15
2024-10-05T16:46:03,6,9,0,15
2024-10-05T17:18:44,6,9,0,15
2024-10-05T17:51:25,6,9,0,15
2024-10-05T18:24:07,6,9,0,15
2024-10-05T18:56:50,6,9,0,15
2024-10-05T19:29:33,6,9,0,15
2024-10-05T20:02:23,6,9,0,15
2024-10-05T20:35:04,6,9,0,15
2024-10-05T21:07:46,6,9,0,15
2024-10-05T21:40:29,6,9,0,15
2024-10-05T22:13:11,6,9,0,15
2024-10-05T22:45:53,6,9,0,15
2024-10-05T23:18:47,6,9,0,15
2024-10-05T23:51:29,6,9,0,15
2024-10-06T00:24:13,6,9,0,15
2024-10-06T00:57:02,6,9,0,15
2024-10-06T01:29:47,6,9,0,15
2024-10-06T02:02:34,6,9,0,15
2024-10-06T02:35:18,6,9,0,15
2024-10-06T03:08:02,6,9,0,15
2024-10-06T03:40:46,6,9,0,15
2024-10-06T04:48:22,6,9,0,15
2024-10-06T05:21:08,6,9,0,15
2024-10-06T05:53:52,6,9,0,15
2024-10-06T06:26:33,6,9,0,15
2024-10-06T06:59:16,6,9,0,15
2024-10-06T07:31:59,6,9,0,15
2024-10-06T08:04:47,6,9,0,15
2024-10-06T08:37:35,6,9,0,15
2024-10-06T09:10:23,6,9,0,15
2024-10-06T09:43:14,6,9,0,15
2024-10-06T10:16:03,6,9,0,15
2024-10-06T10:48:53,6,9,0,15
2024-10-06T11:21:57,6,9,0,15
2024-10-06T11:54:44,6,9,0,15
2024-10-06T12:27:31,6,9,0,15
2024-10-06T13:00:24,6,9,0,15
2024-10-06T13:33:08,6,9,0,15
2024-10-06T14:05:50,6,9,0,15
2024-10-06T14:38:30,6,9,0,15
2024-10-06T15:11:11,6,9,0,15
2024-10-06T15:43:59,6,9,0,15
2024-10-06T16:16:40,6,9,0,15
2024-10-06T16:49:21,6,9,0,15
2024-10-06T17:22:01,6,9,0,15
2024-10-06T17:54:50,6,9,0,15
2024-10-06T18:27:30,6,9,0,15
2024-10-06T19:00:12,6,9,0,15
2024-10-06T19:33:07,6,9,0,15
2024-10-06T20:05:47,6,9,0,15
2024-10-06T20:38:28,6,9,0,15
2024-10-06T21:11:08,6,9,0,15
2024-10-06T21:43:58,6,9,0,15
2024-10-06T22:16:43,6,9,0,15
2024-10-06T22:49:23,6,9,0,15
2024-10-06T23:22:22,6,9,0,15
2024-10-06T23:55:04,6,9,0,15
2024-10-07T00:27:47,6,9,0,15
2024-10-07T01:01:03,6,9,0,15
2024-10-07T01:33:51,6,9,0,15
2024-10-07T02:06:50,6,9,0,15
2024-10-07T02:39:36,6,9,0,15
2024-10-07T03:12:22,6,9,0,15
2024-10-07T03:45:08,6,9,0,15
2024-10-07T04:36:30,6,9,0,15
2024-10-07T05:09:23,6,9,0,15
2024-10-07T05:42:12,6,9,0,15
2024-10-07T06:15:02,6,9,0,15
2024-10-07T06:47:48,6,9,0,15
2024-10-07T07:20:33,6,9,0,15
2024-10-07T07:53:17,6,9,0,15
2024-10-07T08:25:59,6,9,0,15
2024-10-07T08:58:50,6,9,0,15
2024-10-07T09:31:31,6,9,0,15
2024-10-07T10:04:21,6,9,0,15
2024-10-07T10:37:02,6,9,0,15
2024-10-07T11:09:55,6,9,0,15
2024-10-07T11:42:35,6,9,0,15
2024-10-07T12:15:25,6,9,0,15
2024-10-07T12:48:05,6,9,0,15
2024-10-07T13:20:55,6,9,0,15
2024-10-07T13:53:35,6,9,0,15
2024-10-07T14:26:28,6,9,0,15
2024-10-07T14:59:23,6,9,0,15
2024-10-07T15:32:18,6,9,0,15
2024-10-07T16:05:00,6,9,0,15
2024-10-07T16:37:42,6,9,0,15
2024-10-07T17:10:35,6,9,0,15
2024-10-07T17:43:19,6,9,0,15
2024-10-07T18:16:12,6,9,0,15
2024-10-07T18:48:56,6,9,0,15
2024-10-07T19:21:39,6,9,0,15
2024-10-07T19:54:33,6,9,0,15
2024-10-07T20:27:16,6,9,0,15
2024-10-07T20:59:59,6,9,0,15
2024-10-07T21:32:52,6,9,0,15
2024-10-07T22:05:36,6,9,0,15
2024-10-07T22:38:20,6,9,0,15
2024-10-07T23:11:14,6,9,0,15
2024-10-07T23:43:58,6,9,0,15
2024-10-08T00:16:47,6,9,0,15
2024-10-08T00:49:39,6,9,0,15
2024-10-08T01:22:48,6,9,0,15
2024-10-08T01:55:37,6,9,0,15
2024-10-08T02:28:31,6,9,0,15
2024-10-08T03:01:18,6,9,0,15
2024-10-08T03:34:06,6,9,0,15
2024-10-08T04:06:55,6,9,0,15
2024-10-08T04:44:32,6,9,0,15
2024-10-08T05:17:24,6,9,0,15
2024-10-08T05:50:12,6,9,0,15
2024-10-08T06:23:02,6,9,0,15
2024-10-08T06:55:50,6,9,0,15
2024-10-08T07:28:40,6,9,0,15
2024-10-08T08:01:27,6,9,0,15
2024-10-08T08:34:16,6,9,0,15
2024-10-08T09:07:14,6,9,0,15
2024-10-08T09:40:00,6,9,0,15
2024-10-08T10:12:54,6,9,0,15
2024-10-08T10:45:37,6,9,0,15
2024-10-08T11:18:41,6,9,0,15
2024-10-08T11:51:25,6,9,0,15
2024-10-08T12:24:20,6,9,0,15
2024-10-08T12:57:05,6,9,0,15
2024-10-08T13:30:06,6,9,0,15
2024-10-08T14:02:52,6,9,0,15
2024-10-08T14:35:46,6,9,0,15
2024-10-08T15:08:31,6,9,0,15
2024-10-08T15:41:29,6,9,0,15
2024-10-08T16:14:25,6,9,0,15
2024-10-08T16:47:10,6,9,0,15
2024-10-08T17:20:07,6,9,0,15
2024-10-08T17:52:52,6,9,0,15
2024-10-08T18:25:47,6,9,0,15
2024-10-08T18:58:31,6,9,0,15
2024-10-08T19:31:17,6,9,0,15
2024-10-08T20:04:21,6,9,0,15
2024-10-08T20:37:05,6,9,0,15
2024-10-08T21:09:49,6,9,0,15
2024-10-08T21:42:44,6,9,0,15
2024-10-08T22:15:28,6,9,0,15
2024-10-08T22:48:13,6,9,0,15
2024-10-08T23:20:58,6,9,0,15
2024-10-08T23:54:03,6,9,0,15
2024-10-09T00:26:52,6,9,0,15
2024-10-09T00:59:48,6,9,0,15
2024-10-09T01:32:42,6,9,0,15
2024-10-09T02:05:30,6,9,0,15
2024-10-09T02:38:28,6,9,0,15
2024-10-09T03:11:15,6,9,0,15
2024-10-09T03:44:06,6,9,0,15
2024-10-09T04:37:50,6,9,0,15
2024-10-09T05:10:46,6,9,0,15
2024-10-09T05:43:38,6,9,0,15
2024-10-09T06:16:27,6,9,0,15
2024-10-09T06:49:19,6,9,0,15
2024-10-09T07:22:10,6,9,0,15
2024-10-09T07:54:59,6,9,0,15
2024-10-09T08:27:55,6,9,0,15
2024-10-09T09:00:41,6,9,0,15
2024-10-09T09:33:27,6,9,0,15
2024-10-09T10:06:32,6,9,0,15
2024-10-09T10:39:17,6,9,0,15
2024-10-09T11:12:03,6,9,0,15
2024-10-09T11:44:57,6,9,0,15
2024-10-09T12:17:41,6,9,0,15
2024-10-09T12:50:44,6,9,0,15
2024-10-09T13:23:38,6,9,0,15
2024-10-09T13:56:23,6,9,0,15
2024-10-09T14:29:28,6,9,0,15
2024-10-09T15:02:16,6,9,0,15
2024-10-09T15:35:12,6,9,0,15
2024-10-09T16:07:56,6,9,0,15
2024-10-09T16:40:59,6,9,0,15
2024-10-09T17:13:44,6,9,0,15
2024-10-09T17:46:39,6,9,0,15
2024-10-09T18:19:24,6,9,0,15
2024-10-09T18:52:08,6,9,0,15
2024-10-09T19:25:03,6,9,0,15
2024-10-09T19:57:47,6,9,0,15
2024-10-09T20:30:32,6,9,0,15
2024-10-09T21:03:26,6,9,0,15
2024-10-09T21:36:11,6,9,0,15
2024-10-09T22:08:56,6,9,0,15
2024-10-09T22:41:50,6,9,0,15
2024-10-09T23:14:37,6,9,0,15
2024-10-09T23:47:21,6,9,0,15
2024-10-10T00:20:30,6,9,0,15
2024-10-10T00:53:23,6,9,0,15
2024-10-10T01:26:13,6,9,0,15
2024-10-10T01:59:01,6,9,0,15
2024-10-10T02:31:47,6,9,0,15
2024-10-10T03:04:33,6,9,0,15
2024-10-10T03:37:33,6,9,0,15
2024-10-10T04:10:19,6,9,0,15
2024-10-10T04:42:32,6,9,0,15
2024-10-10T05:15:54,6,9,0,15
2024-10-10T05:48:48,6,9,0,15
2024-10-10T06:21:39,6,9,0,15
2024-10-10T06:59:14,6,9,0,15
2024-10-10T07:32:04,6,9,0,15
2024-10-10T08:04:52,6,9,0,15
2024-10-10T08:37:52,6,9,0,15
2024-10-10T09:10:39,6,9,0,15
2024-10-10T09:43:26,6,9,0,15
2024-10-10T10:16:24,6,9,0,15
2024-10-10T10:49:10,6,9,0,15
2024-10-10T11:22:08,6,9,0,15
2024-10-10T11:54:54,6,9,0,15
2024-10-10T12:27:54,6,9,0,15
2024-10-10T13:00:49,6,9,0,15
2024-10-10T13:33:35,6,9,0,15
2024-10-10T14:06:31,6,9,0,15
2024-10-10T14:39:17,6,9,0,15
2024-10-10T15:12:13,6,9,0,15
2024-10-10T15:45:00,6,9,0,15
2024-10-10T16:17:48,6,9,0,15
2024-10-10T16:50:46,6,9,0,15
2024-10-10T17:23:35,6,9,0,15
2024-10-10T17:56:32,6,9,0,15
2024-10-10T18:29:21,6,9,0,15
2024-10-10T19:02:18,6,9,0,15
2024-10-10T19:35:07,6,9,0,15
2024-10-10T20:07:54,6,9,0,15
2024-10-10T20:40:41,6,9,0,15
2024-10-10T21:13:40,6,9,0,15
2024-10-10T21:46:28,6,9,0,15
2024-10-10T22:19:19,6,9,0,15
2024-10-10T22:52:19,6,9,0,15
2024-10-10T23:25:07,6,9,0,15
2024-10-10T23:57:56,6,9,0,15
2024-10-11T00:31:06,6,9,0,15
2024-10-11T01:04:05,6,9,0,15
2024-10-11T01:37:01,6,9,0,15
2024-10-11T02:10:00,6,9,0,15
2024-10-11T02:43:03,6,9,0,15
2024-10-11T03:15:57,6,9,0,15
2024-10-11T03:48:47,6,9,0,15
2024-10-11T04:35:12,6,9,0,15
2024-10-11T05:08:10,6,9,0,15
2024-10-11T05:41:05,6,9,0,15
2024-10-11T06:13:59,6,9,0,15
2024-10-11T06:46:52,6,9,0,15
2024-10-11T07:19:45,6,9,0,15
2024-10-11T07:52:44,6,9,0,15
2024-10-11T08:25:34,6,9,0,15
2024-10-11T08:58:24,6,9,0,15
2024-10-11T09:31:12,6,9,0,15
2024-10-11T10:04:10,6,9,0,15
2024-10-11T10:36:58,6,9,0,15
2024-10-11T11:09:56,6,9,0,15
2024-10-11T11:42:43,6,9,0,15
2024-10-11T12:15:40,6,9,0,15
2024-10-11T12:48:27,6,9,0,15
2024-10-11T13:21:23,6,9,0,15
2024-10-11T13:54:10,6,9,0,15
2024-10-11T14:27:07,6,9,0,15
2024-10-11T14:59:54,6,9,0,15
2024-10-11T15:32:52,6,9,0,15
2024-10-11T16:05:48,6,9,0,15
2024-10-11T16:38:36,6,9,0,15
2024-10-11T17:11:26,6,9,0,15
2024-10-11T17:44:14,6,9,0,15
2024-10-11T18:17:13,6,9,0,15
2024-10-11T18:50:02,6,9,0,15
2024-10-11T19:22:50,6,9,0,15
2024-10-11T19:55:38,6,9,0,15
2024-10-11T20:28:35,6,9,0,15
2024-10-11T21:01:22,6,9,0,15
2024-10-11T21:34:09,6,9,0,15
2024-10-11T22:06:57,6,9,0,15
2024-10-11T22:39:44,6,9,0,15
2024-10-11T23:12:42,6,9,0,15
2024-10-11T23:45:30,6,9,0,15
2024-10-12T00:18:21,6,9,0,15
2024-10-12T00:51:17,6,9,0,15
2024-10-12T01:24:10,6,9,0,15
2024-10-12T01:57:06,6,9,0,15
2024-10-12T02:29:57,6,9,0,15
2024-10-12T03:02:46,6,9,0,15
2024-10-12T03:35:40,6,9,0,15
2024-10-12T04:08:32,6,9,0,15
2024-10-12T04:43:16,6,9,0,15
2024-10-12T05:16:08,6,9,0,15
2024-10-12T05:48:57,6,9,0,15
2024-10-12T06:21:45,6,9,0,15
2024-10-12T06:54:48,6,9,0,15
2024-10-12T07:29:14,6,9,0,15
2024-10-12T08:02:05,6,9,0,15
2024-10-12T08:34:59,6,9,0,15
2024-10-12T09:07:59,6,9,0,15
2024-10-12T09:40:52,6,9,0,15
2024-10-12T10:13:44,6,9,0,15
2024-10-12T10:46:35,6,9,0,15
2024-10-12T11:19:35,6,9,0,15
2024-10-12T11:52:27,6,9,0,15
2024-10-12T12:25:21,6,9,0,15
2024-10-12T12:58:12,6,9,0,15
2024-10-12T13:31:15,6,9,0,15
2024-10-12T14:04:05,6,9,0,15
2024-10-12T14:36:56,6,9,0,15
2024-10-12T15:09:45,6,9,0,15
2024-10-12T15:42:32,6,9,0,15
2024-10-12T16:15:30,6,9,0,15
2024-10-12T16:48:18,6,9,0,15
2024-10-12T17:21:06,6,9,0,15
2024-10-12T17:53:53,6,9,0,15
2024-10-12T18:26:40,6,9,0,15
2024-10-12T18:59:27,6,9,0,15
2024-10-12T19:32:25,6,9,0,15
2024-10-12T20:05:13,6,9,0,15
2024-10-12T20:38:00,6,9,0,15
2024-10-12T21:10:48,6,9,0,15
2024-10-12T21:43:36,6,9,0,15
2024-10-12T22:16:34,6,9,0,15
2024-10-12T22:49:22,6,9,0,15
2024-10-12T23:22:11,6,9,0,15
2024-10-12T23:54:58,6,9,0,15
2024-10-13T00:27:50,6,9,0,15
2024-10-13T01:00:40,6,9,0,15
2024-10-13T01:33:37,6,9,0,15
2024-10-13T02:06:28,6,9,0,15
2024-10-13T02:39:24,6,9,0,15
2024-10-13T03:12:17,6,9,0,15
2024-10-13T03:45:10,6,9,0,15
2024-10-13T04:43:35,6,9,0,15
2024-10-13T05:16:30,6,9,0,15
2024-10-13T05:49:23,6,9,0,15
2024-10-13T06:22:14,6,9,0,15
2024-10-13T06:55:06,6,9,0,15
2024-10-13T07:28:04,6,9,0,15
2024-10-13T08:01:01,6,9,0,15
2024-10-13T08:33:53,6,9,0,15
2024-10-13T09:06:44,6,9,0,15
2024-10-13T09:39:38,6,9,0,15
2024-10-13T10:12:37,6,9,0,15
2024-10-13T10:45:30,6,9,0,15
2024-10-13T11:18:22,6,9,0,15
2024-10-13T11:51:18,6,9,0,15
2024-10-13T12:24:09,6,9,0,15
2024-10-13T12:57:03,6,9,0,15
2024-10-13T13:30:03,6,9,0,15
2024-10-13T14:02:51,6,9,0,15
2024-10-13T14:35:36,6,9,0,15
2024-10-13T15:08:21,6,9,0,15
2024-10-13T15:41:05,6,9,0,15
2024-10-13T16:14:00,6,9,0,15
2024-10-13T16:46:45,6,9,0,15
2024-10-13T17:19:31,6,9,0,15
2024-10-13T17:52:18,6,9,0,15
2024-10-13T18:25:04,6,9,0,15
2024-10-13T18:57:58,6,9,0,15
2024-10-13T19:30:43,6,9,0,15
2024-10-13T20:03:27,6,9,0,15
2024-10-13T20:36:11,6,9,0,15
2024-10-13T21:09:05,6,9,0,15
2024-10-13T21:41:49,6,9,0,15
2024-10-13T22:14:32,6,9,0,15
2024-10-13T22:47:25,6,9,0,15
2024-10-13T23:20:12,6,9,0,15
2024-10-13T23:52:58,6,9,0,15
2024-10-14T00:25:49,6,9,0,15
2024-10-14T00:58:41,6,9,0,15
2024-10-14T01:31:45,6,9,0,15
2024-10-14T02:04:37,6,9,0,15
2024-10-14T02:37:54,6,9,0,15
2024-10-14T03:10:43,6,9,0,15
2024-10-14T03:43:33,6,9,0,15
2024-10-14T04:36:57,6,9,0,15
2024-10-14T05:10:13,6,9,0,15
2024-10-14T05:43:10,6,9,0,15
2024-10-14T06:16:06,6,9,0,15
2024-10-14T06:49:01,6,9,0,15
2024-10-14T07:21:52,6,9,0,15
2024-10-14T07:54:42,6,9,0,15
2024-10-14T08:27:32,6,9,0,15
2024-10-14T09:00:20,6,9,0,15
2024-10-14T09:33:19,6,9,0,15
2024-10-14T10:06:08,6,9,0,15
2024-10-14T10:38:56,6,9,0,15
2024-10-14T11:11:58,6,9,0,15
2024-10-14T11:44:47,6,9,0,15
2024-10-14T12:17:46,6,9,0,15
2024-10-14T12:50:34,6,9,0,15
2024-10-14T13:23:23,6,9,0,15
2024-10-14T13:56:20,6,9,0,15
2024-10-14T14:29:09,6,9,0,15
2024-10-14T15:01:59,6,9,0,15
2024-10-14T15:35:00,6,9,0,15
2024-10-14T16:07:49,6,9,0,15
2024-10-14T16:40:47,6,9,0,15
2024-10-14T17:13:37,6,9,0,15
2024-10-14T17:46:25,6,9,0,15
2024-10-14T18:19:33,6,9,0,15
2024-10-14T18:52:22,6,9,0,15
2024-10-14T19:25:11,6,9,0,15
2024-10-14T19:58:00,6,9,0,15
2024-10-14T20:30:48,6,9,0,15
2024-10-14T21:03:45,6,9,0,15
2024-10-14T21:36:34,6,9,0,15
2024-10-14T22:09:23,6,9,0,15
2024-10-14T22:42:28,6,9,0,15
2024-10-14T23:15:18,6,9,0,15
2024-10-14T23:48:07,6,9,0,15
2024-10-15T00:20:57,6,9,0,15
2024-10-15T00:53:56,6,9,0,15
2024-10-15T01:27:04,6,9,0,15
2024-10-15T02:00:00,6,9,0,15
2024-10-15T02:32:54,6,9,0,15
2024-10-15T03:05:45,6,9,0,15
2024-10-15T03:38:36,6,9,0,15
2024-10-15T04:35:08,6,9,0,15
2024-10-15T05:08:05,6,9,0,15
2024-10-15T05:41:01,6,9,0,15
2024-10-15T06:13:56,6,9,0,15
2024-10-15T06:46:51,6,9,0,15
2024-10-15T07:19:48,6,9,0,15
2024-10-15T07:52:40,6,9,0,15
2024-10-15T08:25:34,6,9,0,15
2024-10-15T08:58:35,6,9,0,15
2024-10-15T09:31:27,6,9,0,15
2024-10-15T10:04:17,6,9,0,15
2024-10-15T10:37:05,6,9,0,15
2024-10-15T11:10:19,6,9,0,15
2024-10-15T11:43:08,6,9,0,15
2024-10-15T12:16:08,6,9,0,15
2024-10-15T12:48:58,6,9,0,15
2024-10-15T13:21:47,6,9,0,15
2024-10-15T13:55:01,6,9,0,15
2024-10-15T14:27:52,6,9,0,15
2024-10-15T15:00:42,6,9,0,15
2024-10-15T15:33:42,6,9,0,15
2024-10-15T16:06:33,6,9,0,15
2024-10-15T16:39:33,6,9,0,15
2024-10-15T17:12:22,6,9,0,15
2024-10-15T17:45:11,6,9,0,15
2024-10-15T18:18:18,6,9,0,15
2024-10-15T18:51:07,6,9,0,15
2024-10-15T19:23:56,6,9,0,15
2024-10-15T19:56:54,6,9,0,15
2024-10-15T20:29:42,6,9,0,15
2024-10-15T21:02:30,6,9,0,15
2024-10-15T21:35:20,6,9,0,15
2024-10-15T22:08:09,6,9,0,15
2024-10-15T22:41:09,6,9,0,15
2024-10-15T23:13:58,6,9,0,15
2024-10-15T23:46:47,6,9,0,15
2024-10-16T00:20:39,6,9,0,15
2024-10-16T00:55:34,6,9,0,15
2024-10-16T01:29:33,6,9,0,15
2024-10-16T02:25:22,6,9,0,15
2024-10-16T02:58:16,6,9,0,15
2024-10-16T03:31:07,6,9,0,15
2024-10-16T04:06:20,6,9,0,15
2024-10-16T04:41:40,6,9,0,15
2024-10-16T05:14:40,6,9,0,15
2024-10-16T05:47:35,6,9,0,15
2024-10-16T06:20:30,6,9,0,15
2024-10-16T06:53:33,6,9,0,15
2024-10-16T07:26:30,6,9,0,15
2024-10-16T07:59:21,6,9,0,15
2024-10-16T08:32:17,6,9,0,15
2024-10-16T09:05:17,6,9,0,15
2024-10-16T09:38:06,6,9,0,15
2024-10-16T10:10:55,6,9,0,15
2024-10-16T10:43:44,6,9,0,15
2024-10-16T11:16:44,6,9,0,15
2024-10-16T11:49:32,6,9,0,15
2024-10-16T12:22:21,6,9,0,15
2024-10-16T12:55:20,6,9,0,15
2024-10-16T13:28:10,6,9,0,15
2024-10-16T14:00:59,6,9,0,15
2024-10-16T14:33:58,6,9,0,15
2024-10-16T15:06:49,6,9,0,15
2024-10-16T15:39:53,6,9,0,15
2024-10-16T16:12:41,6,9,0,15
2024-10-16T16:45:30,6,9,0,15
2024-10-16T17:18:20,6,9,0,15
2024-10-16T17:51:20,6,9,0,15
2024-10-16T18:24:09,6,9,0,15
2024-10-16T18:56:57,6,9,0,15
2024-10-16T19:29:47,6,9,0,15
2024-10-16T20:02:36,6,9,0,15
2024-10-16T20:35:34,6,9,0,15
2024-10-16T21:08:22,6,9,0,15
2024-10-16T21:41:12,6,9,0,15
2024-10-16T22:15:28,6,9,0,15
2024-10-16T22:48:17,6,9,0,15
2024-10-16T23:21:07,6,9,0,15
2024-10-16T23:54:08,6,9,0,15
2024-10-17T00:27:04,6,9,0,15
2024-10-17T01:00:01,6,9,0,15
2024-10-17T01:32:57,6,9,0,15
2024-10-17T02:05:55,6,9,0,15
2024-10-17T02:38:48,6,9,0,15
2024-10-17T03:11:38,6,9,0,15
2024-10-17T03:44:32,6,9,0,15
2024-10-17T04:17:25,6,9,0,15
2024-10-17T04:47:16,6,9,0,15
2024-10-17T05:20:13,6,9,0,15
2024-10-17T05:53:09,6,9,0,15
2024-10-17T06:26:04,6,9,0,15
2024-10-17T06:58:58,6,9,0,15
2024-10-17T07:31:52,6,9,0,15
2024-10-17T08:04:44,6,9,0,15
2024-10-17T08:37:38,6,9,0,15
2024-10-17T09:10:33,6,9,0,15
2024-10-17T09:43:30,6,9,0,15
2024-10-17T10:16:20,6,9,0,15
2024-10-17T10:49:09,6,9,0,15
2024-10-17T11:21:57,6,9,0,15
2024-10-17T11:54:55,6,9,0,15
2024-10-17T12:27:44,6,9,0,15
2024-10-17T13:00:33,6,9,0,15
2024-10-17T13:33:23,6,9,0,15
2024-10-17T14:06:22,6,9,0,15
2024-10-17T14:39:10,6,9,0,15
2024-10-17T15:12:00,6,9,0,15
2024-10-17T15:44:50,6,9,0,15
2024-10-17T16:17:49,6,9,0,15
2024-10-17T16:50:39,6,9,0,15
2024-10-17T17:23:29,6,9,0,15
2024-10-17T17:56:20,6,9,0,15
2024-10-17T18:29:18,6,9,0,15
2024-10-17T19:02:06,6,9,0,15
2024-10-17T19:34:56,6,9,0,15
2024-10-17T20:07:45,6,9,0,15
2024-10-17T20:40:34,6,9,0,15
2024-10-17T21:13:34,6,9,0,15
2024-10-17T21:46:24,6,9,0,15
2024-10-17T22:19:13,6,9,0,15
2024-10-17T22:52:02,6,9,0,15
2024-10-17T23:24:53,6,9,0,15
2024-10-17T23:57:53,6,9,0,15
2024-10-18T00:30:50,6,9,0,15
2024-10-18T01:03:47,6,9,0,15
2024-10-18T01:36:46,6,9,0,15
2024-10-18T02:09:47,6,9,0,15
2024-10-18T02:42:52,6,9,0,15
2024-10-18T03:15:48,6,9,0,15
2024-10-18T03:48:40,6,9,0,15
2024-10-18T04:32:34,6,9,0,15
2024-10-18T05:05:30,6,9,0,15
2024-10-18T05:38:27,6,9,0,15
2024-10-18T06:11:30,6,9,0,15
2024-10-18T06:44:25,6,9,0,15
2024-10-18T07:17:31,6,9,0,15
2024-10-18T07:50:25,6,9,0,15
2024-10-18T08:23:17,6,9,0,15
2024-10-18T08:56:10,6,9,0,15
2024-10-18T09:29:03,6,9,0,15
2024-10-18T10:02:01,6,9,0,15
2024-10-18T10:34:50,6,9,0,15
2024-10-18T11:07:49,6,9,0,15
2024-10-18T11:40:43,6,9,0,15
2024-10-18T12:13:31,6,9,0,15
2024-10-18T12:46:29,6,9,0,15
2024-10-18T13:19:18,6,9,0,15
2024-10-18T13:52:07,6,9,0,15
2024-10-18T14:24:56,6,9,0,15
2024-10-18T14:57:55,6,9,0,15
2024-10-18T15:30:44,6,9,0,15
2024-10-18T16:03:34,6,9,0,15
2024-10-18T16:36:24,6,9,0,15
2024-10-18T17:09:25,6,9,0,15
2024-10-18T17:42:14,6,9,0,15
2024-10-18T18:15:03,6,9,0,15
2024-10-18T18:47:52,6,9,0,15
2024-10-18T19:20:41,6,9,0,15
2024-10-18T19:53:41,6,9,0,15
2024-10-18T20:26:30,6,9,0,15
2024-10-18T20:59:20,6,9,0,15
2024-10-18T21:32:10,6,9,0,15
2024-10-18T22:05:01,6,9,0,15
2024-10-18T22:37:51,6,9,0,15
2024-10-18T23:10:41,6,9,0,15
2024-10-18T23:43:40,6,9,0,15
2024-10-19T00:16:32,6,9,0,15
2024-10-19T00:49:30,6,9,0,15
2024-10-19T01:22:28,6,9,0,15
2024-10-19T01:55:27,6,9,0,15
2024-10-19T02:28:27,6,9,0,15
2024-10-19T03:01:20,6,9,0,15
2024-10-19T03:34:12,6,9,0,15
2024-10-19T04:07:06,6,9,0,15
2024-10-19T04:36:46,6,9,0,15
2024-10-19T05:09:40,6,9,0,15
2024-10-19T05:42:30,6,9,0,15
2024-10-19T06:15:23,6,9,0,15
2024-10-19T06:48:19,6,9,0,15
2024-10-19T07:21:15,6,9,0,15
2024-10-19T07:54:09,6,9,0,15
2024-10-19T08:27:11,6,9,0,15
2024-10-19T09:00:02,6,9,0,15
2024-10-19T09:32:52,6,9,0,15
2024-10-19T10:05:41,6,9,0,15
2024-10-19T10:38:31,6,9,0,15
2024-10-19T11:11:21,6,9,0,15
2024-10-19T11:44:21,6,9,0,15
2024-10-19T12:17:09,6,9,0,15
2024-10-19T12:49:57,6,9,0,15
2024-10-19T13:22:45,6,9,0,15
2024-10-19T13:55:33,6,9,0,15
2024-10-19T14:28:20,6,9,0,15
2024-10-19T15:01:12,6,9,0,15
2024-10-19T15:34:00,6,9,0,15
2024-10-19T16:06:44,6,9,0,15
2024-10-19T16:39:29,6,9,0,15
2024-10-19T17:12:16,6,9,0,15
2024-10-19T17:45:10,6,9,0,15
2024-10-19T18:17:55,6,9,0,15
2024-10-19T18:50:39,6,9,0,15
2024-10-19T19:23:24,6,9,0,15
2024-10-19T19:56:09,6,9,0,15
2024-10-19T20:28:54,6,9,0,15
2024-10-19T21:02:23,6,9,0,15
2024-10-19T21:35:09,6,9,0,15
2024-10-19T22:08:03,6,9,0,15
2024-10-19T22:40:47,6,9,0,15
2024-10-19T23:13:37,6,9,0,15
2024-10-19T23:46:22,6,9,0,15
2024-10-27T00:59:56,6,9,0,15
2024-10-27T01:32:49,6,9,0,15
2024-10-27T02:05:44,6,9,0,15
2024-10-27T02:38:43,6,9,0,15
2024-10-27T03:11:37,6,9,0,15
2024-10-27T03:44:32,6,9,0,15
2024-10-27T04:38:08,6,9,0,15
2024-10-27T05:11:09,6,9,0,15
2024-10-27T05:44:09,6,9,0,15
2024-10-27T06:17:09,6,9,0,15
2024-10-27T06:50:07,6,9,0,15
2024-10-27T07:23:04,6,9,0,15
2024-10-27T07:56:00,6,9,0,15
2024-10-27T08:28:54,6,9,0,15
2024-10-27T09:01:50,6,9,0,15
2024-10-27T09:34:44,6,9,0,15
2024-10-27T10:07:57,6,9,0,15
2024-10-27T10:40:45,6,9,0,15
2024-10-27T11:13:35,6,9,0,15
2024-10-27T11:46:26,6,9,0,15
2024-10-27T12:19:16,6,9,0,15
2024-10-27T12:52:13,6,9,0,15
2024-10-27T13:25:04,6,9,0,15
2024-10-27T13:57:53,6,9,0,15
2024-10-27T14:30:42,6,9,0,15
2024-10-27T15:03:37,6,9,0,15
2024-10-27T15:36:37,6,9,0,15
2024-10-27T16:09:26,6,9,0,15
2024-10-27T16:42:17,6,9,0,15
2024-10-27T17:15:07,6,9,0,15
2024-10-27T17:48:07,6,9,0,15
2024-10-27T18:20:59,6,9,0,15
2024-10-27T18:53:49,6,9,0,15
2024-10-27T19:26:42,6,9,0,15
2024-10-27T19:59:31,6,9,0,15
2024-10-27T20:32:19,6,9,0,15
2024-10-27T21:05:25,6,9,0,15
2024-10-27T21:38:15,6,9,0,15
2024-10-27T22:11:09,6,9,0,15
2024-10-27T22:43:59,6,9,0,15
2024-10-27T23:16:49,6,9,0,15
2024-10-27T23:49:40,6,9,0,15
2024-10-28T00:22:33,6,9,0,15
2024-10-28T00:56:41,6,9,0,15
2024-10-28T01:29:48,6,9,0,15
2024-10-28T02:02:43,6,9,0,15
2024-10-28T02:35:37,6,9,0,15
2024-10-28T03:08:29,6,9,0,15
2024-10-28T03:41:22,6,9,0,15
2024-10-28T04:36:41,6,9,0,15
2024-10-28T05:10:12,6,9,0,15
2024-10-28T05:43:07,6,9,0,15
2024-10-28T06:16:06,6,9,0,15
2024-10-28T06:49:17,6,9,0,15
2024-10-28T07:22:15,6,9,0,15
2024-10-28T07:55:06,6,9,0,15
2024-10-28T08:28:01,6,9,0,15
2024-10-28T09:00:51,6,9,0,15
2024-10-28T09:33:42,6,9,0,15
2024-10-28T10:06:44,6,9,0,15
2024-10-28T10:39:35,6,9,0,15
2024-10-28T11:12:24,6,9,0,15
2024-10-28T11:45:13,6,9,0,15
2024-10-28T12:18:13,6,9,0,15
2024-10-28T12:51:01,6,9,0,15
2024-10-28T13:24:01,6,9,0,15
2024-10-28T13:56:50,6,9,0,15
2024-10-28T14:29:38,6,9,0,15
2024-10-28T15:02:29,6,9,0,15
2024-10-28T15:35:27,6,9,0,15
2024-10-28T16:08:16,6,9,0,15
2024-10-28T16:41:04,6,9,0,15
2024-10-28T17:14:04,6,9,0,15
2024-10-28T17:46:52,6,9,0,15
2024-10-28T18:19:40,6,9,0,15
2024-10-28T18:52:28,6,9,0,15
2024-10-28T19:25:17,6,9,0,15
2024-10-28T19:58:15,6,9,0,15
2024-10-28T20:31:04,6,9,0,15
2024-10-28T21:03:51,6,9,0,15
2024-10-28T21:36:40,6,9,0,15
2024-10-28T22:09:39,6,9,0,15
2024-10-28T22:42:38,6,9,0,15
2024-10-28T23:15:28,6,9,0,15
2024-10-28T23:48:19,6,9,0,15
2024-10-29T00:21:14,6,9,0,15
2024-10-29T00:54:13,6,9,0,15
2024-10-29T01:27:09,6,9,0,15
2024-10-29T02:00:02,6,9,0,15
2024-10-29T02:33:03,6,9,0,15
2024-10-29T03:05:57,6,9,0,15
2024-10-29T03:38:50,6,9,0,15
2024-10-29T04:40:33,6,9,0,15
2024-10-29T05:13:30,6,9,0,15
2024-10-29T05:46:27,6,9,0,15
2024-10-29T06:19:22,6,9,0,15
2024-10-29T06:52:15,6,9,0,15
2024-10-29T07:25:09,6,9,0,15
2024-10-29T07:58:02,6,9,0,15
2024-10-29T08:30:54,6,9,0,15
2024-10-29T09:03:55,6,9,0,15
2024-10-29T09:36:46,6,9,0,15
2024-10-29T10:09:36,6,9,0,15
2024-10-29T10:42:24,6,9,0,15
2024-10-29T11:15:13,6,9,0,15
2024-10-29T11:48:13,6,9,0,15
2024-10-29T12:21:03,6,9,0,15
2024-10-29T12:54:01,6,9,0,15
2024-10-29T13:26:50,6,9,0,15
2024-10-29T13:59:38,6,9,0,15
2024-10-29T14:32:27,6,9,0,15
2024-10-29T15:05:29,6,9,0,15
2024-10-29T15:38:18,6,9,0,15
2024-10-29T16:11:09,6,9,0,15
2024-10-29T16:43:58,6,9,0,15
2024-10-29T17:17:01,6,9,0,15
2024-10-29T17:49:50,6,9,0,15
2024-10-29T18:22:38,6,9,0,15
2024-10-29T18:55:27,6,9,0,15
2024-10-29T19:28:16,6,9,0,15
2024-10-29T20:01:16,6,9,0,15
2024-10-29T20:34:05,6,9,0,15
2024-10-29T21:06:54,6,9,0,15
2024-10-29T21:39:44,6,9,0,15
2024-10-29T22:12:37,6,9,0,15
2024-10-29T22:45:27,6,9,0,15
2024-10-29T23:18:16,6,9,0,15
2024-10-29T23:51:15,6,9,0,15
2024-10-30T00:24:12,6,9,0,15
2024-10-30T00:58:26,6,9,0,15
2024-10-30T01:31:24,6,9,0,15
2024-10-30T02:04:20,6,9,0,15
2024-10-30T02:37:14,6,9,0,15
2024-10-30T03:10:11,6,9,0,15
2024-10-30T03:43:03,6,9,0,15
2024-10-30T04:32:55,6,9,0,15
2024-10-30T05:05:50,6,9,0,15
2024-10-30T05:38:45,6,9,0,15
2024-10-30T06:11:39,6,9,0,15
2024-10-30T06:44:33,6,9,0,15
2024-10-30T07:17:26,6,9,0,15
2024-10-30T07:50:18,6,9,0,15
2024-10-30T08:23:10,6,9,0,15
2024-10-30T08:56:12,6,9,0,15
2024-10-30T09:29:02,6,9,0,15
2024-10-30T10:01:52,6,9,0,15
2024-10-30T10:34:42,6,9,0,15
2024-10-30T11:07:46,6,9,0,15
2024-10-30T11:40:36,6,9,0,15
2024-10-30T12:13:25,6,9,0,15
2024-10-30T12:46:14,6,9,0,15
2024-10-30T13:19:13,6,9,0,15
2024-10-30T13:52:02,6,9,0,15
2024-10-30T14:24:51,6,9,0,15
2024-10-30T14:57:41,6,9,0,15
2024-10-30T15:30:44,6,9,0,15
2024-10-30T16:03:35,6,9,0,15
2024-10-30T16:36:24,6,9,0,15
2024-10-30T17:09:14,6,9,0,15
2024-10-30T17:42:16,6,9,0,15
2024-10-30T18:15:05,6,9,0,15
2024-10-30T18:47:54,6,9,0,15
2024-10-30T19:20:43,6,9,0,15
2024-10-30T19:53:32,6,9,0,15
2024-10-30T20:26:33,6,9,0,15
2024-10-30T20:59:24,6,9,0,15
2024-10-30T21:32:15,6,9,0,15
2024-10-30T22:05:09,6,9,0,15
2024-10-30T22:38:08,6,9,0,15
2024-10-30T23:10:57,6,9,0,15
2024-10-30T23:43:47,6,9,0,15
2024-10-31T00:16:41,6,9,0,15
2024-10-31T00:49:38,6,9,0,15
2024-10-31T01:22:35,6,9,0,15
2024-10-31T01:55:35,6,9,0,15
2024-10-31T02:28:36,6,9,0,15
2024-10-31T03:01:20,6,9,0,15
2024-10-31T03:34:09,6,9,0,15
2024-10-31T04:07:03,6,9,0,15
2024-10-31T04:42:03,6,9,0,15
2024-10-31T05:15:00,6,9,0,15
2024-10-31T05:49:41,6,9,0,15
2024-10-31T06:22:36,6,9,0,15
2024-10-31T06:55:32,6,9,0,15
2024-10-31T07:28:26,6,9,0,15
2024-10-31T08:01:21,6,9,0,15
2024-10-31T08:34:13,6,9,0,15
2024-10-31T09:07:08,6,9,0,15
2024-10-31T09:40:08,6,9,0,15
2024-10-31T10:12:59,6,9,0,15
2024-10-31T10:45:48,6,9,0,15
2024-10-31T11:18:40,6,9,0,15
2024-10-31T11:51:30,6,9,0,15
2024-10-31T12:24:33,6,9,0,15
2024-10-31T12:57:24,6,9,0,15
2024-10-31T13:30:26,6,9,0,15
2024-10-31T14:03:15,6,9,0,15
2024-10-31T14:36:04,6,9,0,15
2024-10-31T15:08:53,6,9,0,15
2024-10-31T15:41:52,6,9,0,15
2024-10-31T16:14:41,6,9,0,15
2024-10-31T16:47:29,6,9,0,15
2024-10-31T17:20:19,6,9,0,15
2024-10-31T17:53:16,6,9,0,15
2024-10-31T18:26:04,6,9,0,15
2024-10-31T18:58:52,6,9,0,15
2024-10-31T19:31:42,6,9,0,15
2024-10-31T20:04:32,6,9,0,15
2024-10-31T20:37:29,6,9,0,15
2024-10-31T21:10:17,6,9,0,15
2024-10-31T21:43:07,6,9,0,15
2024-10-31T22:15:57,6,9,0,15
2024-10-31T22:48:46,6,9,0,15
2024-10-31T23:21:37,6,9,0,15
2024-10-31T23:54:28,6,9,0,15
2024-11-01T00:27:31,6,9,0,15
2024-11-01T01:00:29,6,9,0,15
2024-11-01T01:33:26,6,9,0,15
2024-11-01T02:06:32,6,9,0,15
2024-11-01T02:39:30,6,9,0,15
2024-11-01T03:12:25,6,9,0,15
2024-11-01T03:45:20,6,9,0,15
2024-11-01T04:42:58,6,9,0,15
2024-11-01T05:15:54,6,9,0,15
2024-11-01T05:48:48,6,9,0,15
2024-11-01T06:21:42,6,9,0,15
2024-11-01T06:54:39,6,9,0,15
2024-11-01T07:27:34,6,9,0,15
2024-11-01T08:00:28,6,9,0,15
2024-11-01T08:33:24,6,9,0,15
2024-11-01T09:06:23,6,9,0,15
2024-11-01T09:39:14,6,9,0,15
2024-11-01T10:12:03,6,9,0,15
2024-11-01T10:44:54,6,9,0,15
2024-11-01T11:17:46,6,9,0,15
2024-11-01T11:50:47,6,9,0,15
2024-11-01T12:23:38,6,9,0,15
2024-11-01T12:56:28,6,9,0,15
2024-11-01T13:29:29,6,9,0,15
2024-11-01T14:02:19,6,9,0,15
2024-11-01T14:35:08,6,9,0,15
2024-11-01T15:07:58,6,9,0,15
2024-11-01T15:41:01,6,9,0,15
2024-11-01T16:13:50,6,9,0,15
2024-11-01T16:46:40,6,9,0,15
2024-11-01T17:19:29,6,9,0,15
2024-11-01T17:52:18,6,9,0,15
2024-11-01T18:25:15,6,9,0,15
2024-11-01T18:58:05,6,9,0,15
2024-11-01T19:30:55,6,9,0,15
2024-11-01T20:03:44,6,9,0,15
2024-11-01T20:36:33,6,9,0,15
2024-11-01T21:09:22,6,9,0,15
2024-11-01T21:42:23,6,9,0,15
2024-11-01T22:15:14,6,9,0,15
2024-11-01T22:48:05,6,9,0,15
2024-11-01T23:20:57,6,9,0,15
2024-11-01T23:53:46,6,9,0,15
2024-11-02T00:26:44,6,9,0,15
2024-11-02T00:59:39,6,9,0,15
2024-11-02T01:32:41,6,9,0,15
2024-11-02T02:05:38,6,9,0,15
2024-11-02T02:38:31,6,9,0,15
2024-11-02T03:11:23,6,9,0,15
2024-11-02T03:44:16,6,9,0,15
2024-11-02T04:41:13,6,9,0,15
2024-11-02T05:14:06,6,9,0,15
2024-11-02T05:46:58,6,9,0,15
2024-11-02T06:20:50,6,9,0,15
2024-11-02T06:53:44,6,9,0,15
2024-11-02T07:26:41,6,9,0,15
2024-11-02T07:59:35,6,9,0,15
2024-11-02T08:32:37,6,9,0,15
2024-11-02T09:05:33,6,9,0,15
2024-11-02T09:38:27,6,9,0,15
2024-11-02T10:11:24,6,9,0,15
2024-11-02T10:44:18,6,9,0,15
2024-11-02T11:17:12,6,9,0,15
2024-11-02T11:50:05,6,9,0,15
2024-11-02T12:23:11,6,9,0,15
2024-11-02T12:56:04,6,9,0,15
2024-11-02T13:28:57,6,9,0,15
2024-11-02T14:01:50,6,9,0,15
2024-11-02T14:34:45,6,9,0,15
2024-11-02T15:07:47,6,9,0,15
2024-11-02T15:40:39,6,9,0,15
2024-11-02T16:13:30,6,9,0,15
2024-11-02T16:46:19,6,9,0,15
2024-11-02T17:19:09,6,9,0,15
2024-11-02T17:52:06,6,9,0,15
2024-11-02T18:25:05,6,9,0,15
2024-11-02T18:57:54,6,9,0,15
2024-11-02T19:30:46,6,9,0,15
2024-11-02T20:03:40,6,9,0,15
2024-11-02T20:36:30,6,9,0,15
2024-11-02T21:09:20,6,9,0,15
2024-11-02T21:42:09,6,9,0,15
2024-11-02T22:14:58,6,9,0,15
2024-11-02T22:47:57,6,9,0,15
2024-11-02T23:20:47,6,9,0,15
2024-11-02T23:53:36,6,9,0,15
2024-11-03T00:26:30,6,9,0,15
2024-11-03T00:59:22,6,9,0,15
2024-11-03T01:32:15,6,9,0,15
2024-11-03T01:05:04,6,9,0,15
2024-11-03T01:37:55,6,9,0,15
2024-11-03T02:10:58,6,9,0,15
2024-11-03T02:43:53,6,9,0,15
2024-11-03T03:16:48,6,9,0,15
2024-11-03T03:49:43,6,9,0,15
2024-11-03T04:44:10,6,9,0,15
2024-11-03T05:17:07,6,9,0,15
2024-11-03T05:50:02,6,9,0,15
2024-11-03T06:22:58,6,9,0,15
2024-11-03T06:55:53,6,9,0,15
2024-11-03T07:28:49,6,9,0,15
2024-11-03T08:01:44,6,9,0,15
2024-11-03T08:34:37,6,9,0,15
2024-11-03T09:07:37,6,9,0,15
2024-11-03T09:40:51,6,9,0,15
2024-11-03T10:13:44,6,9,0,15
2024-11-03T10:46:50,6,9,0,15
2024-11-03T11:19:46,6,9,0,15
2024-11-03T11:52:46,6,9,0,15
2024-11-03T12:25:38,6,9,0,15
2024-11-03T12:58:29,6,9,0,15
2024-11-03T13:31:19,6,9,0,15
2024-11-03T14:04:09,6,9,0,15
2024-11-03T14:36:59,6,9,0,15
2024-11-03T15:09:49,6,9,0,15
2024-11-03T15:42:48,6,9,0,15
2024-11-03T16:15:39,6,9,0,15
2024-11-03T16:48:31,6,9,0,15
2024-11-03T17:21:21,6,9,0,15
2024-11-03T17:54:10,6,9,0,15
2024-11-03T18:27:10,6,9,0,15
2024-11-03T19:00:03,6,9,0,15
2024-11-03T19:32:57,6,9,0,15
2024-11-03T20:05:48,6,9,0,15
2024-11-03T20:38:37,6,9,0,15
2024-11-03T21:11:35,6,9,0,15
2024-11-03T21:44:27,6,9,0,15
2024-11-03T22:17:18,6,9,0,15
2024-11-03T22:50:07,6,9,0,15
2024-11-03T23:22:58,6,9,0,15
2024-11-03T23:55:59,6,9,0,15
2024-11-04T00:29:02,6,9,0,15
2024-11-04T01:02:04,6,9,0,15
2024-11-04T01:35:07,6,9,0,15
2024-11-04T02:08:05,6,9,0,15
2024-11-04T02:40:59,6,9,0,15
2024-11-04T03:13:53,6,9,0,15
2024-11-04T03:46:46,6,9,0,15
2024-11-04T04:43:26,6,9,0,15
2024-11-04T05:16:28,6,9,0,15
2024-11-04T05:49:24,6,9,0,15
2024-11-04T06:22:20,6,9,0,15
2024-11-04T06:55:15,6,9,0,15
2024-11-04T07:28:07,6,9,0,15
2024-11-04T08:00:57,6,9,0,15
2024-11-04T08:33:50,6,9,0,15
2024-11-04T09:06:41,6,9,0,15
2024-11-04T09:39:52,6,9,0,15
2024-11-04T10:12:42,6,9,0,15
2024-11-04T10:45:32,6,9,0,15
2024-11-04T11:18:32,6,9,0,15
2024-11-04T11:51:22,6,9,0,15
2024-11-04T12:24:31,6,9,0,15
2024-11-04T12:57:21,6,9,0,15
2024-11-04T13:30:12,6,9,0,15
2024-11-04T14:03:01,6,9,0,15
2024-11-04T14:36:01,6,9,0,15
2024-11-04T15:08:50,6,9,0,15
2024-11-04T15:42:00,6,9,0,15
2024-11-04T16:14:50,6,9,0,15
2024-11-04T16:47:40,6,9,0,15
2024-11-04T17:20:30,6,9,0,15
2024-11-04T17:53:32,6,9,0,15
2024-11-04T18:26:21,6,9,0,15
2024-11-04T18:59:11,6,9,0,15
2024-11-04T19:32:00,6,9,0,15
2024-11-04T20:05:06,6,9,0,15
2024-11-04T20:37:55,6,9,0,15
2024-11-04T21:10:44,6,9,0,15
2024-11-04T21:43:34,6,9,0,15
2024-11-04T22:16:25,6,9,0,15
2024-11-04T22:49:25,6,9,0,15
2024-11-04T23:22:15,6,9,0,15
2024-11-04T23:55:04,6,9,0,15
2024-11-05T00:27:59,6,9,0,15
2024-11-05T01:00:58,6,9,0,15
2024-11-05T01:33:55,6,9,0,15
2024-11-05T02:06:56,6,9,0,15
2024-11-05T02:40:09,6,9,0,15
2024-11-05T03:13:01,6,9,0,15
2024-11-05T03:45:55,6,9,0,15
2024-11-05T04:39:30,6,9,0,15
2024-11-05T05:12:48,6,9,0,15
2024-11-05T05:45:42,6,9,0,15
2024-11-05T06:18:38,6,9,0,15
2024-11-05T06:51:36,6,9,0,15
2024-11-05T07:24:30,6,9,0,15
2024-11-05T07:57:21,6,9,0,15
2024-11-05T08:30:13,6,9,0,15
2024-11-05T09:03:12,6,9,0,15
2024-11-05T09:36:03,6,9,0,15
2024-11-05T10:08:53,6,9,0,15
2024-11-05T10:41:43,6,9,0,15
2024-11-05T11:14:45,6,9,0,15
2024-11-05T11:47:35,6,9,0,15
2024-11-05T12:20:26,6,9,0,15
2024-11-05T12:53:27,6,9,0,15
2024-11-05T13:26:18,6,9,0,15
2024-11-05T13:59:07,6,9,0,15
2024-11-05T14:32:08,6,9,0,15
2024-11-05T15:04:59,6,9,0,15
2024-11-05T15:37:49,6,9,0,15
2024-11-05T16:10:49,6,9,0,15
2024-11-05T16:43:39,6,9,0,15
2024-11-05T17:16:29,6,9,0,15
2024-11-05T17:49:28,6,9,0,15
2024-11-05T18:22:17,6,9,0,15
2024-11-05T18:55:07,6,9,0,15
2024-11-05T19:27:56,6,9,0,15
2024-11-05T20:00:46,6,9,0,15
2024-11-05T20:33:35,6,9,0,15
2024-11-05T21:06:34,6,9,0,15
2024-11-05T21:39:23,6,9,0,15
2024-11-05T22:12:13,6,9,0,15
2024-11-05T22:45:39,6,9,0,15
2024-11-05T23:18:29,6,9,0,15
2024-11-05T23:51:18,6,9,0,15
2024-11-06T00:24:15,6,9,0,15
2024-11-06T00:57:13,6,9,0,15
2024-11-06T01:30:19,6,9,0,15
2024-11-06T02:03:21,6,9,0,15
2024-11-06T02:36:20,6,9,0,15
2024-11-06T03:09:15,6,9,0,15
2024-11-06T03:42:10,6,9,0,15
2024-11-06T04:15:05,6,9,0,15
2024-11-06T04:46:38,6,9,0,15
2024-11-06T05:19:35,6,9,0,15
2024-11-06T05:52:30,6,9,0,15
2024-11-06T06:25:26,6,9,0,15
2024-11-06T06:58:22,6,9,0,15
2024-11-06T07:31:16,6,9,0,15
2024-11-06T08:04:12,6,9,0,15
2024-11-06T08:37:14,6,9,0,15
2024-11-06T09:10:22,6,9,0,15
2024-11-06T09:43:34,6,9,0,15
2024-11-06T10:16:48,6,9,0,15
2024-11-06T10:53:12,6,9,0,15
2024-11-06T11:27:18,6,9,0,15
2024-11-06T12:00:45,6,9,0,15
2024-11-06T12:34:11,6,9,0,15
2024-11-06T13:07:17,6,9,0,15
2024-11-06T13:40:35,6,9,0,15
2024-11-06T14:13:40,6,9,0,15
2024-11-06T14:46:48,6,9,0,15
2024-11-06T15:19:54,6,9,0,15
2024-11-06T15:52:56,6,9,0,15
2024-11-06T16:25:58,6,9,0,15
2024-11-06T16:58:58,6,9,0,15
2024-11-06T17:32:01,6,9,0,15
2024-11-06T18:04:51,6,9,0,15
2024-11-06T18:37:52,6,9,0,15
2024-11-06T19:10:55,6,9,0,15
2024-11-06T19:43:45,6,9,0,15
2024-11-06T20:16:46,6,9,0,15
2024-11-06T20:49:36,6,9,0,15
2024-11-06T21:22:39,6,9,0,15
2024-11-06T21:55:29,6,9,0,15
2024-11-06T22:28:30,6,9,0,15
2024-11-06T23:01:19,6,9,0,15
2024-11-06T23:34:22,6,9,0,15
2024-11-07T00:07:14,6,9,0,15
2024-11-07T00:40:13,6,9,0,15
2024-11-07T01:13:23,6,9,0,15
2024-11-07T01:46:18,6,9,0,15
2024-11-07T02:19:20,6,9,0,15
2024-11-07T02:52:12,6,9,0,15
2024-11-07T03:25:06,6,9,0,15
2024-11-07T03:58:00,6,9,0,15
2024-11-07T04:45:06,6,9,0,15
2024-11-07T05:18:04,6,9,0,15
2024-11-07T05:50:59,6,9,0,15
2024-11-07T06:23:53,6,9,0,15
2024-11-07T06:56:48,6,9,0,15
2024-11-07T07:29:41,6,9,0,15
2024-11-07T08:02:38,6,9,0,15
2024-11-07T08:35:39,6,9,0,15
2024-11-07T09:08:28,6,9,0,15
2024-11-07T09:41:18,6,9,0,15
2024-11-07T10:14:24,6,9,0,15
2024-11-07T10:47:14,6,9,0,15
2024-11-07T11:20:19,6,9,0,15
2024-11-07T11:53:22,6,9,0,15
2024-11-07T12:26:12,6,9,0,15
2024-11-07T12:59:14,6,9,0,15
2024-11-07T13:32:14,6,9,0,15
2024-11-07T14:05:04,6,9,0,15
2024-11-07T14:38:10,6,9,0,15
2024-11-07T15:11:10,6,9,0,15
2024-11-07T15:44:12,6,9,0,15
2024-11-07T16:17:00,6,9,0,15
2024-11-07T16:50:02,6,9,0,15
2024-11-07T17:22:54,6,9,0,15
2024-11-07T17:55:56,6,9,0,15
2024-11-07T18:28:56,6,9,0,15
2024-11-07T19:01:44,6,9,0,15
2024-11-07T19:34:44,6,9,0,15
2024-11-07T20:07:33,6,9,0,15
2024-11-07T20:40:24,6,9,0,15
2024-11-07T21:13:24,6,9,0,15
2024-11-07T21:46:17,6,9,0,15
2024-11-07T22:19:19,6,9,0,15
2024-11-07T22:52:08,6,9,0,15
2024-11-07T23:24:59,6,9,0,15
2024-11-07T23:58:00,6,9,0,15
2024-11-08T00:30:57,6,9,0,15
2024-11-08T01:03:54,6,9,0,15
2024-11-08T01:37:01,6,9,0,15
2024-11-08T02:10:05,6,9,0,15
2024-11-08T02:43:01,6,9,0,15
2024-11-08T03:15:55,6,9,0,15
2024-11-08T03:48:49,6,9,0,15
2024-11-08T04:39:18,6,9,0,15
2024-11-08T05:12:15,6,9,0,15
2024-11-08T05:45:13,6,9,0,15
2024-11-08T06:18:07,6,9,0,15
2024-11-08T06:51:02,6,9,0,15
2024-11-08T07:24:11,6,9,0,15
2024-11-08T07:57:03,6,9,0,15
2024-11-08T08:29:55,6,9,0,15
2024-11-08T09:02:46,6,9,0,15
2024-11-08T09:35:47,6,9,0,15
2024-11-08T10:08:36,6,9,0,15
2024-11-08T10:41:42,6,9,0,15
2024-11-08T11:14:34,6,9,0,15
2024-11-08T11:47:34,6,9,0,15
2024-11-08T12:20:22,6,9,0,15
2024-11-08T12:53:29,6,9,0,15
2024-11-08T13:26:18,6,9,0,15
2024-11-08T13:59:19,6,9,0,15
2024-11-08T14:32:09,6,9,0,15
2024-11-08T15:05:10,6,9,0,15
2024-11-08T15:38:01,6,9,0,15
2024-11-08T16:11:08,6,9,0,15
2024-11-08T16:43:57,6,9,0,15
2024-11-08T17:16:57,6,9,0,15
2024-11-08T17:49:45,6,9,0,15
2024-11-08T18:22:33,6,9,0,15
2024-11-08T18:55:42,6,9,0,15
2024-11-08T19:28:31,6,9,0,15
2024-11-08T20:01:21,6,9,0,15
2024-11-08T20:34:19,6,9,0,15
2024-11-08T21:07:07,6,9,0,15
2024-11-08T21:40:00,6,9,0,15
2024-11-08T22:12:50,6,9,0,15
2024-11-08T22:45:58,6,9,0,15
2024-11-08T23:18:49,6,9,0,15
2024-11-08T23:51:38,6,9,0,15
2024-11-09T00:24:44,6,9,0,15
2024-11-09T00:57:40,6,9,0,15
2024-11-09T01:30:35,6,9,0,15
2024-11-09T02:03:33,6,9,0,15
2024-11-09T02:36:24,6,9,0,15
2024-11-09T03:09:16,6,9,0,15
2024-11-09T03:42:31,6,9,0,15
2024-11-09T04:40:06,6,9,0,15
2024-11-09T05:13:02,6,9,0,15
2024-11-09T05:46:03,6,9,0,15
2024-11-09T06:18:57,6,9,0,15
2024-11-09T06:51:51,6,9,0,15
2024-11-09T07:24:56,6,9,0,15
2024-11-09T07:57:50,6,9,0,15
2024-11-09T08:30:44,6,9,0,15
2024-11-09T09:03:38,6,9,0,15
2024-11-09T09:36:32,6,9,0,15
2024-11-09T10:09:35,6,9,0,15
2024-11-09T10:42:28,6,9,0,15
2024-11-09T11:15:20,6,9,0,15
2024-11-09T11:48:11,6,9,0,15
2024-11-09T12:21:13,6,9,0,15
2024-11-09T12:54:05,6,9,0,15
2024-11-09T13:26:54,6,9,0,15
2024-11-09T13:59:42,6,9,0,15
2024-11-09T14:32:44,6,9,0,15
2024-11-09T15:05:35,6,9,0,15
2024-11-09T15:38:25,6,9,0,15
2024-11-09T16:11:24,6,9,0,15
2024-11-09T16:44:13,6,9,0,15
2024-11-09T17:17:02,6,9,0,15
2024-11-09T17:49:52,6,9,0,15
2024-11-09T18:22:51,6,9,0,15
2024-11-09T18:55:40,6,9,0,15
2024-11-09T19:28:30,6,9,0,15
2024-11-09T20:01:20,6,9,0,15
2024-11-09T20:34:18,6,9,0,15
2024-11-09T21:07:08,6,9,0,15
2024-11-09T21:39:58,6,9,0,15
2024-11-09T22:12:47,6,9,0,15
2024-11-09T22:45:35,6,9,0,15
2024-11-09T23:18:35,6,9,0,15
2024-11-09T23:51:23,6,9,0,15
2024-11-10T00:24:14,6,9,0,15
2024-11-10T00:57:07,6,9,0,15
2024-11-10T01:29:57,6,9,0,15
2024-11-10T02:02:56,6,9,0,15
2024-11-10T02:35:49,6,9,0,15
2024-11-10T03:08:39,6,9,0,15
2024-11-10T03:41:36,6,9,0,15
2024-11-10T04:48:23,6,9,0,15
2024-11-10T05:21:21,6,9,0,15
2024-11-10T05:54:19,6,9,0,15
2024-11-10T06:27:25,6,9,0,15
2024-11-10T07:00:24,6,9,0,15
2024-11-10T07:33:27,6,9,0,15
2024-11-10T08:06:35,6,9,0,15
2024-11-10T08:39:35,6,9,0,15
2024-11-10T09:12:33,6,9,0,15
2024-11-10T09:42:07,6,9,0,15
2024-11-10T10:15:06,6,9,0,15
2024-11-10T10:48:07,6,9,0,15
2024-11-10T11:20:58,6,9,0,15
2024-11-10T11:53:51,6,9,0,15
2024-11-10T12:26:52,6,9,0,15
2024-11-10T12:59:42,6,9,0,15
2024-11-10T13:32:34,6,9,0,15
2024-11-10T14:05:32,6,9,0,15
2024-11-10T14:38:23,6,9,0,15
2024-11-10T15:11:15,6,9,0,15
2024-11-10T15:44:10,6,9,0,15
2024-11-10T16:17:10,6,9,0,15
2024-11-10T16:50:01,6,9,0,15
2024-11-10T17:22:52,6,9,0,15
2024-11-10T17:55:53,6,9,0,15
2024-11-10T18:28:45,6,9,0,15
2024-11-10T19:01:37,6,9,0,15
2024-11-10T19:34:37,6,9,0,15
2024-11-10T20:07:28,6,9,0,15
2024-11-10T20:40:18,6,9,0,15
2024-11-10T21:13:10,6,9,0,15
2024-11-10T21:46:13,6,9,0,15
2024-11-10T22:19:04,6,9,0,15
2024-11-10T22:51:57,6,9,0,15
2024-11-10T23:24:56,6,9,0,15
2024-11-10T23:57:46,6,9,0,15
2024-11-11T00:30:47,6,9,0,15
2024-11-11T01:03:47,6,9,0,15
2024-11-11T01:37:01,6,9,0,15
2024-11-11T02:09:59,6,9,0,15
2024-11-11T02:42:53,6,9,0,15
2024-11-11T03:15:48,6,9,0,15
2024-11-11T03:48:42,6,9,0,15
2024-11-11T04:47:31,6,9,0,15
2024-11-11T05:20:28,6,9,0,15
2024-11-11T05:53:28,6,9,0,15
2024-11-11T06:26:22,6,9,0,15
2024-11-11T06:59:17,6,9,0,15
2024-11-11T07:32:19,6,9,0,15
2024-11-11T08:05:08,6,9,0,15
2024-11-11T08:37:59,6,9,0,15
2024-11-11T09:10:48,6,9,0,15
2024-11-11T09:43:44,6,9,0,15
2024-11-11T10:16:34,6,9,0,15
2024-11-11T10:49:23,6,9,0,15
2024-11-11T11:22:21,6,9,0,15
2024-11-11T11:55:09,6,9,0,15
2024-11-11T12:27:58,6,9,0,15
2024-11-11T13:00:56,6,9,0,15
2024-11-11T13:33:44,6,9,0,15
2024-11-11T14:06:35,6,9,0,15
2024-11-11T14:39:34,6,9,0,15
2024-11-11T15:12:24,6,9,0,15
2024-11-11T15:45:13,6,9,0,15
2024-11-11T16:18:14,6,9,0,15
2024-11-11T16:51:05,6,9,0,15
2024-11-11T17:24:04,6,9,0,15
2024-11-11T17:56:54,6,9,0,15
2024-11-11T18:29:43,6,9,0,15
2024-11-11T19:02:43,6,9,0,15
2024-11-11T19:35:32,6,9,0,15
2024-11-11T20:08:30,6,9,0,15
2024-11-11T20:41:20,6,9,0,15
2024-11-11T21:14:11,6,9,0,15
2024-11-11T21:47:12,6,9,0,15
2024-11-11T22:20:02,6,9,0,15
2024-11-11T22:53:01,6,9,0,15
2024-11-11T23:26:01,6,9,0,15
2024-11-11T23:58:52,6,9,0,15
2024-11-12T00:34:56,6,9,0,15
2024-11-12T01:07:56,6,9,0,15
2024-11-12T01:41:03,6,9,0,15
2024-11-12T02:14:12,6,9,0,15
2024-11-12T02:47:04,6,9,0,15
2024-11-12T03:19:56,6,9,0,15
2024-11-12T03:52:59,6,9,0,15
2024-11-12T04:35:46,6,9,0,15
2024-11-12T05:08:43,6,9,0,15
2024-11-12T05:41:41,6,9,0,15
2024-11-12T06:14:35,6,9,0,15
2024-11-12T06:47:29,6,9,0,15
2024-11-12T07:20:23,6,9,0,15
2024-11-12T07:53:21,6,9,0,15
2024-11-12T08:26:14,6,9,0,15
2024-11-12T08:59:08,6,9,0,15
2024-11-12T09:32:11,6,9,0,15
2024-11-12T10:05:15,6,9,0,15
2024-11-12T10:38:16,6,9,0,15
2024-11-12T11:11:21,6,9,0,15
2024-11-12T11:44:25,6,9,0,15
2024-11-12T12:17:28,6,9,0,15
2024-11-12T12:50:33,6,9,0,15
2024-11-12T13:23:41,6,9,0,15
2024-11-12T13:56:47,6,9,0,15
2024-11-12T14:29:55,6,9,0,15
2024-11-12T15:03:08,6,9,0,15
2024-11-12T15:36:12,6,9,0,15
2024-11-12T16:09:16,6,9,0,15
2024-11-12T16:42:17,6,9,0,15
2024-11-12T17:15:08,6,9,0,15
2024-11-12T17:48:09,6,9,0,15
2024-11-12T18:21:09,6,9,0,15
2024-11-12T18:54:08,6,9,0,15
2024-11-12T19:27:08,6,9,0,15
2024-11-12T19:59:59,6,9,0,15
2024-11-12T20:33:01,6,9,0,15
2024-11-12T21:06:04,6,9,0,15
2024-11-12T21:38:54,6,9,0,15
2024-11-12T22:11:54,6,9,0,15
2024-11-12T22:44:55,6,9,0,15
2024-11-12T23:17:45,6,9,0,15
2024-11-12T23:50:46,6,9,0,15
2024-11-13T00:23:43,6,9,0,15
2024-11-13T00:56:55,6,9,0,15
2024-11-13T01:29:55,6,9,0,15
2024-11-13T02:03:01,6,9,0,15
2024-11-13T02:36:00,6,9,0,15
2024-11-13T03:09:08,6,9,0,15
2024-11-13T03:42:04,6,9,0,15
2024-11-13T04:41:44,6,9,0,15
2024-11-13T05:14:36,6,9,0,15
2024-11-13T05:49:22,6,9,0,15
2024-11-13T06:22:15,6,9,0,15
2024-11-13T09:52:08,6,9,0,15
2024-11-13T10:24:57,6,9,0,15
2024-11-13T10:57:56,6,9,0,15
2024-11-13T11:31:05,6,9,0,15
2024-11-13T12:04:07,6,9,0,15
2024-11-13T12:37:07,6,9,0,15
2024-11-13T13:10:06,6,9,0,15
2024-11-13T13:43:17,6,9,0,15
2024-11-13T14:16:17,6,9,0,15
2024-11-13T14:49:18,6,9,0,15
2024-11-13T15:22:22,6,9,0,15
2024-11-13T15:55:24,6,9,0,15
2024-11-13T16:28:28,6,9,0,15
2024-11-13T17:01:28,6,9,0,15
2024-11-13T17:34:31,6,9,0,15
2024-11-13T18:07:31,6,9,0,15
2024-11-13T18:40:20,6,9,0,15
2024-11-13T19:13:23,6,9,0,15
2024-11-13T19:46:23,6,9,0,15
2024-11-13T20:19:22,6,9,0,15
2024-11-13T20:52:11,6,9,0,15
2024-11-13T21:25:30,6,9,0,15
2024-11-13T21:59:00,6,9,0,15
2024-11-13T22:31:49,6,9,0,15
2024-11-13T23:04:49,6,9,0,15
2024-11-13T23:37:38,6,9,0,15
2024-11-14T00:10:39,6,9,0,15
2024-11-14T00:43:36,6,9,0,15
2024-11-14T01:16:45,6,9,0,15
2024-11-14T01:49:42,6,9,0,15
2024-11-14T02:22:44,6,9,0,15
2024-11-14T02:55:34,6,9,0,15
2024-11-14T03:28:38,6,9,0,15
2024-11-14T04:01:31,6,9,0,15
2024-11-14T07:20:32,6,9,0,15
2024-11-14T07:53:31,6,9,0,15
2024-11-14T08:26:22,6,9,0,15
2024-11-14T08:59:14,6,9,0,15
2024-11-14T09:32:17,6,9,0,15
2024-11-14T10:05:21,6,9,0,15
2024-11-14T10:38:26,6,9,0,15
2024-11-14T11:11:21,6,9,0,15
2024-11-14T11:44:35,6,9,0,15
2024-11-14T12:17:40,6,9,0,15
2024-11-14T12:50:44,6,9,0,15
2024-11-14T13:23:47,6,9,0,15
2024-11-14T13:56:52,6,9,0,15
2024-11-14T14:29:58,6,9,0,15
2024-11-14T15:03:02,6,9,0,15
2024-11-14T15:36:06,6,9,0,15
2024-11-14T16:09:15,6,9,0,15
2024-11-14T16:42:17,6,9,0,15
2024-11-14T17:15:20,6,9,0,15
2024-11-14T17:48:23,6,9,0,15
2024-11-14T18:21:29,6,9,0,15
2024-11-14T18:54:32,6,9,0,15
2024-11-14T19:27:24,6,9,0,15
2024-11-14T20:00:30,6,9,0,15
2024-11-14T20:33:31,6,9,0,15
2024-11-14T21:06:21,6,9,0,15
2024-11-14T21:40:44,6,9,0,15
2024-11-14T22:13:34,6,9,0,15
2024-11-14T22:46:35,6,9,0,15
2024-11-14T23:19:39,6,9,0,15
2024-11-14T23:52:29,6,9,0,15
2024-11-15T00:25:38,6,9,0,15
2024-11-15T00:58:34,6,9,0,15
2024-11-15T01:31:33,6,9,0,15
2024-11-15T02:04:33,6,9,0,15
2024-11-15T02:37:40,6,9,0,15
2024-11-15T03:10:35,6,9,0,15
2024-11-15T03:43:29,6,9,0,15
2024-11-15T04:16:35,6,9,0,15
2024-11-15T04:47:58,6,9,0,15
2024-11-15T05:20:54,6,9,0,15
2024-11-15T05:53:48,6,9,0,15
2024-11-15T06:26:40,6,9,0,15
2024-11-15T06:59:35,6,9,0,15
2024-11-15T07:32:33,6,9,0,15
2024-11-15T08:05:26,6,9,0,15
2024-11-15T08:38:31,6,9,0,15
2024-11-15T09:11:26,6,9,0,15
2024-11-15T09:44:32,6,9,0,15
2024-11-15T10:17:27,6,9,0,15
2024-11-15T10:50:31,6,9,0,15
2024-11-15T11:23:41,6,9,0,15
2024-11-15T11:56:46,6,9,0,15
2024-11-15T12:29:48,6,9,0,15
2024-11-15T13:02:54,6,9,0,15
2024-11-15T13:35:59,6,9,0,15
2024-11-15T14:09:03,6,9,0,15
2024-11-15T14:42:07,6,9,0,15
2024-11-15T15:15:09,6,9,0,15
2024-11-15T15:48:04,6,9,0,15
2024-11-15T16:21:09,6,9,0,15
2024-11-15T16:54:12,6,9,0,15
2024-11-15T17:27:20,6,9,0,15
2024-11-15T18:00:24,6,9,0,15
2024-11-15T18:33:30,6,9,0,15
2024-11-15T19:06:25,6,9,0,15
2024-11-15T19:39:27,6,9,0,15
2024-11-15T20:12:32,6,9,0,15
2024-11-15T20:45:25,6,9,0,15
2024-11-15T21:18:56,6,9,0,15
2024-11-15T21:52:23,6,9,0,15
2024-11-15T22:25:22,6,9,0,15
2024-11-15T22:58:12,6,9,0,15
2024-11-15T23:31:14,6,9,0,15
2024-11-16T00:04:04,6,9,0,15
2024-11-16T00:37:17,6,9,0,15
2024-11-16T01:10:10,6,9,0,15
2024-11-16T01:43:04,6,9,0,15
2024-11-16T02:16:01,6,9,0,15
2024-11-16T02:49:01,6,9,0,15
2024-11-16T03:21:53,6,9,0,15
2024-11-16T03:54:45,6,9,0,15
2024-11-16T04:50:55,6,9,0,15
2024-11-16T05:23:50,6,9,0,15
2024-11-16T05:56:43,6,9,0,15
2024-11-16T06:29:37,6,9,0,15
2024-11-16T07:02:32,6,9,0,15
2024-11-16T07:35:27,6,9,0,15
2024-11-16T08:08:28,6,9,0,15
2024-11-16T08:41:22,6,9,0,15
2024-11-16T09:14:18,6,9,0,15
2024-11-16T09:47:22,6,9,0,15
2024-11-16T10:20:16,6,9,0,15
2024-11-16T10:53:29,6,9,0,15
2024-11-16T11:26:33,6,9,0,15
2024-11-16T11:59:43,6,9,0,15
2024-11-16T12:32:39,6,9,0,15
2024-11-16T13:05:43,6,9,0,15
2024-11-16T13:38:46,6,9,0,15
2024-11-16T14:11:58,6,9,0,15
2024-11-16T14:44:50,6,9,0,15
2024-11-16T15:17:53,6,9,0,15
2024-11-16T15:51:04,6,9,0,15
2024-11-16T16:24:09,6,9,0,15
2024-11-16T16:57:11,6,9,0,15
2024-11-16T17:30:05,6,9,0,15
2024-11-16T18:03:15,6,9,0,15
2024-11-16T18:36:23,6,9,0,15
2024-11-16T19:09:13,6,9,0,15
2024-11-16T19:42:19,6,9,0,15
2024-11-16T20:15:09,6,9,0,15
2024-11-16T20:48:08,6,9,0,15
2024-11-16T21:21:17,6,9,0,15
2024-11-16T21:54:40,6,9,0,15
2024-11-16T22:27:29,6,9,0,15
2024-11-16T23:00:18,6,9,0,15
2024-11-16T23:33:17,6,9,0,15
2024-11-17T00:06:06,6,9,0,15
2024-11-17T01:03:50,6,9,0,15
2024-11-17T01:36:58,6,9,0,15
2024-11-17T02:09:58,6,9,0,15
2024-11-17T02:42:53,6,9,0,15
2024-11-17T03:15:47,6,9,0,15
2024-11-17T03:48:45,6,9,0,15
2024-11-17T04:50:08,6,9,0,15
2024-11-17T05:23:06,6,9,0,15
2024-11-17T05:56:00,6,9,0,15
2024-11-17T06:28:54,6,9,0,15
2024-11-17T07:01:49,6,9,0,15
2024-11-17T07:34:43,6,9,0,15
2024-11-17T08:07:33,6,9,0,15
2024-11-17T08:40:26,6,9,0,15
2024-11-17T09:13:17,6,9,0,15
2024-11-17T09:46:08,6,9,0,15
2024-11-17T10:19:09,6,9,0,15
2024-11-17T10:52:02,6,9,0,15
2024-11-17T11:24:58,6,9,0,15
2024-11-17T11:57:57,6,9,0,15
2024-11-17T12:30:46,6,9,0,15
2024-11-17T13:03:35,6,9,0,15
2024-11-17T13:36:34,6,9,0,15
2024-11-17T14:09:23,6,9,0,15
2024-11-17T14:42:12,6,9,0,15
2024-11-17T15:15:11,6,9,0,15
2024-11-17T15:48:01,6,9,0,15
2024-11-17T16:20:52,6,9,0,15
2024-11-17T16:53:50,6,9,0,15
2024-11-17T17:26:42,6,9,0,15
2024-11-17T17:59:41,6,9,0,15
2024-11-17T18:32:32,6,9,0,15
2024-11-17T19:05:24,6,9,0,15
2024-11-17T19:38:24,6,9,0,15
2024-11-17T20:11:17,6,9,0,15
2024-11-17T20:44:09,6,9,0,15
2024-11-17T21:17:30,6,9,0,15
2024-11-17T21:50:29,6,9,0,15
2024-11-17T22:23:24,6,9,0,15
2024-11-17T22:56:23,6,9,0,15
2024-11-17T23:29:14,6,9,0,15
2024-11-18T00:02:08,6,9,0,15
2024-11-18T00:35:20,6,9,0,15
2024-11-18T01:08:20,6,9,0,15
2024-11-18T01:41:19,6,9,0,15
2024-11-18T02:14:16,6,9,0,15
2024-11-18T02:47:09,6,9,0,15
2024-11-18T03:20:02,6,9,0,15
2024-11-18T03:53:06,6,9,0,15
2024-11-18T04:41:12,6,9,0,15
2024-11-18T05:14:09,6,9,0,15
2024-11-18T05:47:07,6,9,0,15
2024-11-18T06:20:02,6,9,0,15
2024-11-18T06:52:55,6,9,0,15
2024-11-18T07:26:02,6,9,0,15
2024-11-18T07:58:54,6,9,0,15
2024-11-18T08:31:45,6,9,0,15
2024-11-18T09:04:36,6,9,0,15
2024-11-18T09:37:48,6,9,0,15
2024-11-18T10:10:39,6,9,0,15
2024-11-18T10:43:37,6,9,0,15
2024-11-18T11:16:36,6,9,0,15
2024-11-18T11:49:37,6,9,0,15
2024-11-18T12:22:48,6,9,0,15
2024-11-18T12:55:39,6,9,0,15
2024-11-18T13:28:40,6,9,0,15
2024-11-18T14:01:43,6,9,0,15
2024-11-18T14:34:44,6,9,0,15
2024-11-18T15:07:35,6,9,0,15
2024-11-18T15:40:46,6,9,0,15
2024-11-18T16:13:46,6,9,0,15
2024-11-18T16:46:37,6,9,0,15
2024-11-18T17:19:37,6,9,0,15
2024-11-18T17:52:27,6,9,0,15
2024-11-18T18:25:28,6,9,0,15
2024-11-18T18:58:28,6,9,0,15
2024-11-18T19:31:17,6,9,0,15
2024-11-18T20:04:27,6,9,0,15
2024-11-18T20:37:26,6,9,0,15
2024-11-18T21:10:50,6,9,0,15
2024-11-18T21:44:46,6,9,0,15
2024-11-18T22:17:36,6,9,0,15
2024-11-18T22:50:38,6,9,0,15
2024-11-18T23:23:29,6,9,0,15
2024-11-18T23:56:36,6,9,0,15
2024-11-19T00:32:13,6,9,0,15
2024-11-19T01:05:11,6,9,0,15
2024-11-19T01:38:20,6,9,0,15
2024-11-19T02:11:31,6,9,0,15
2024-11-19T02:44:29,6,9,0,15
2024-11-19T03:17:26,6,9,0,15
2024-11-19T03:50:19,6,9,0,15
2024-11-19T04:39:18,6,9,0,15
2024-11-19T05:12:35,6,9,0,15
2024-11-19T05:45:30,6,9,0,15
2024-11-19T06:18:24,6,9,0,15
2024-11-19T06:51:18,6,9,0,15
2024-11-19T07:24:19,6,9,0,15
2024-11-19T07:57:12,6,9,0,15
2024-11-19T08:30:20,6,9,0,15
2024-11-19T09:03:14,6,9,0,15
2024-11-19T09:36:05,6,9,0,15
2024-11-19T10:09:06,6,9,0,15
2024-11-19T10:42:15,6,9,0,15
2024-11-19T11:15:18,6,9,0,15
2024-11-19T11:48:57,6,9,0,15
2024-11-19T12:22:50,6,9,0,15
2024-11-19T12:58:03,6,9,0,15
2024-11-19T13:34:20,6,9,0,15
2024-11-19T14:10:26,6,9,0,15
2024-11-19T14:44:46,6,9,0,15
2024-11-19T15:17:50,6,9,0,15
2024-11-19T16:01:54,6,9,0,15
2024-11-19T16:34:57,6,9,0,15
2024-11-19T17:07:57,6,9,0,15
2024-11-19T17:41:00,6,9,0,15
2024-11-19T18:14:00,6,9,0,15
2024-11-19T18:46:53,6,9,0,15
2024-11-19T19:19:53,6,9,0,15
2024-11-19T19:52:45,6,9,0,15
2024-11-19T20:25:46,6,9,0,15
2024-11-19T20:58:46,6,9,0,15
2024-11-19T21:32:38,6,9,0,15
2024-11-19T22:05:38,6,9,0,15
2024-11-19T22:38:28,6,9,0,15
2024-11-19T23:11:20,6,9,0,15
2024-11-19T23:44:22,6,9,0,15
2024-11-20T00:17:23,6,9,0,15
2024-11-20T00:50:18,6,9,0,15
2024-11-20T01:23:28,6,9,0,15
2024-11-20T01:56:27,6,9,0,15
2024-11-20T02:29:23,6,9,0,15
2024-11-20T03:02:20,6,9,0,15
2024-11-20T03:35:17,6,9,0,15
2024-11-20T04:10:25,6,9,0,15
2024-11-20T04:49:38,6,9,0,15
2024-11-20T05:22:36,6,9,0,15
2024-11-20T05:55:30,6,9,0,15
2024-11-20T06:28:25,6,9,0,15
2024-11-20T07:01:20,6,9,0,15
2024-11-20T07:34:16,6,9,0,15
2024-11-20T08:07:15,6,9,0,15
2024-11-20T08:40:17,6,9,0,15
2024-11-20T09:13:09,6,9,0,15
2024-11-20T09:46:14,6,9,0,15
2024-11-20T10:19:05,6,9,0,15
2024-11-20T10:52:10,6,9,0,15
2024-11-20T11:25:14,6,9,0,15
2024-11-20T11:58:18,6,9,0,15
2024-11-20T12:31:09,6,9,0,15
2024-11-20T13:04:13,6,9,0,15
2024-11-20T13:37:14,6,9,0,15
2024-11-20T14:10:09,6,9,0,15
2024-11-20T14:43:13,6,9,0,15
2024-11-20T15:16:16,6,9,0,15
2024-11-20T15:49:18,6,9,0,15
2024-11-20T16:22:11,6,9,0,15
2024-11-20T16:55:15,6,9,0,15
2024-11-20T17:28:19,6,9,0,15
2024-11-20T18:01:09,6,9,0,15
2024-11-20T18:34:11,6,9,0,15
2024-11-20T19:07:02,6,9,0,15
2024-11-20T19:40:03,6,9,0,15
2024-11-20T20:13:07,6,9,0,15
2024-11-20T20:45:56,6,9,0,15
2024-11-20T21:19:00,6,9,0,15
2024-11-20T21:52:28,6,9,0,15
2024-11-20T22:25:30,6,9,0,15
2024-11-20T22:58:21,6,9,0,15
2024-11-20T23:31:12,6,9,0,15
2024-11-21T00:04:11,6,9,0,15
2024-11-21T00:37:09,6,9,0,15
2024-11-21T01:10:09,6,9,0,15
2024-11-21T01:43:06,6,9,0,15
2024-11-21T02:16:19,6,9,0,15
2024-11-21T02:49:14,6,9,0,15
2024-11-21T03:22:09,6,9,0,15
2024-11-21T03:55:03,6,9,0,15
2024-11-21T04:47:36,6,9,0,15
2024-11-21T05:20:32,6,9,0,15
2024-11-21T05:53:29,6,9,0,15
2024-11-21T06:26:23,6,9,0,15
2024-11-21T06:59:17,6,9,0,15
2024-11-21T07:32:20,6,9,0,15
2024-11-21T08:05:12,6,9,0,15
2024-11-21T08:38:07,6,9,0,15
2024-11-21T09:11:11,6,9,0,15
2024-11-21T09:44:08,6,9,0,15
2024-11-21T10:17:10,6,9,0,15
2024-11-21T10:50:11,6,9,0,15
2024-11-21T11:23:03,6,9,0,15
2024-11-21T11:56:04,6,9,0,15
2024-11-21T12:29:07,6,9,0,15
2024-11-21T13:02:10,6,9,0,15
2024-11-21T13:35:13,6,9,0,15
2024-11-21T14:08:04,6,9,0,15
2024-11-21T14:41:11,6,9,0,15
2024-11-21T15:14:21,6,9,0,15
2024-11-21T15:47:29,6,9,0,15
2024-11-21T16:20:32,6,9,0,15
2024-11-21T16:53:35,6,9,0,15
2024-11-21T17:26:28,6,9,0,15
2024-11-21T17:59:29,6,9,0,15
2024-11-21T18:32:33,6,9,0,15
2024-11-21T19:05:24,6,9,0,15
2024-11-21T19:38:25,6,9,0,15
2024-11-21T20:11:17,6,9,0,15
2024-11-21T20:44:19,6,9,0,15
2024-11-21T21:17:20,6,9,0,15
2024-11-21T21:50:11,6,9,0,15
2024-11-21T22:23:12,6,9,0,15
2024-11-21T22:56:01,6,9,0,15
2024-11-21T23:29:05,6,9,0,15
2024-11-22T00:01:58,6,9,0,15
2024-11-22T00:35:13,6,9,0,15
2024-11-22T01:08:12,6,9,0,15
2024-11-22T01:41:09,6,9,0,15
2024-11-22T02:14:17,6,9,0,15
2024-11-22T02:47:26,6,9,0,15
2024-11-22T03:20:21,6,9,0,15
2024-11-22T03:53:15,6,9,0,15
2024-11-22T04:45:01,6,9,0,15
2024-11-22T05:17:56,6,9,0,15
2024-11-22T05:50:49,6,9,0,15
2024-11-22T06:23:43,6,9,0,15
2024-11-22T06:56:38,6,9,0,15
2024-11-22T07:29:32,6,9,0,15
2024-11-22T08:02:27,6,9,0,15
2024-11-22T08:35:18,6,9,0,15
2024-11-22T09:08:19,6,9,0,15
2024-11-22T09:41:14,6,9,0,15
2024-11-22T10:14:15,6,9,0,15
2024-11-22T10:47:16,6,9,0,15
2024-11-22T11:20:08,6,9,0,15
2024-11-22T11:53:10,6,9,0,15
2024-11-22T12:26:11,6,9,0,15
2024-11-22T12:59:12,6,9,0,15
2024-11-22T13:32:05,6,9,0,15
2024-11-22T14:05:05,6,9,0,15
2024-11-22T14:38:05,6,9,0,15
2024-11-22T15:11:09,6,9,0,15
2024-11-22T15:44:12,6,9,0,15
2024-11-22T16:17:11,6,9,0,15
2024-11-22T16:50:13,6,9,0,15
2024-11-22T17:23:06,6,9,0,15
2024-11-22T17:56:08,6,9,0,15
2024-11-22T18:29:07,6,9,0,15
2024-11-22T19:02:00,6,9,0,15
2024-11-22T19:35:00,6,9,0,15
2024-11-22T20:07:50,6,9,0,15
2024-11-22T20:40:52,6,9,0,15
2024-11-22T21:13:42,6,9,0,15
2024-11-22T21:46:42,6,9,0,15
2024-11-22T22:19:33,6,9,0,15
2024-11-22T22:52:33,6,9,0,15
2024-11-22T23:25:24,6,9,0,15
2024-11-22T23:58:15,6,9,0,15
2024-11-23T00:31:21,6,9,0,15
2024-11-23T01:04:21,6,9,0,15
2024-11-23T01:37:15,6,9,0,15
2024-11-23T02:10:21,6,9,0,15
2024-11-23T02:43:15,6,9,0,15
2024-11-23T03:16:06,6,9,0,15
2024-11-23T03:49:00,6,9,0,15
2024-11-23T04:49:10,6,9,0,15
2024-11-23T05:22:05,6,9,0,15
2024-11-23T05:55:00,6,9,0,15
2024-11-23T06:27:56,6,9,0,15
2024-11-23T07:00:51,6,9,0,15
2024-11-23T07:33:45,6,9,0,15
2024-11-23T08:06:45,6,9,0,15
2024-11-23T08:39:40,6,9,0,15
2024-11-23T09:12:34,6,9,0,15
2024-11-23T09:45:27,6,9,0,15
2024-11-23T10:18:30,6,9,0,15
2024-11-23T10:51:24,6,9,0,15
2024-11-23T11:24:28,6,9,0,15
2024-11-23T11:57:32,6,9,0,15
2024-11-23T12:30:25,6,9,0,15
2024-11-23T13:03:29,6,9,0,15
2024-11-23T13:36:23,6,9,0,15
2024-11-23T14:09:23,6,9,0,15
2024-11-23T14:42:23,6,9,0,15
2024-11-23T15:15:17,6,9,0,15
2024-11-23T15:48:19,6,9,0,15
2024-11-23T16:21:18,6,9,0,15
2024-11-23T16:54:11,6,9,0,15
2024-11-23T17:27:12,6,9,0,15
2024-11-23T18:00:16,6,9,0,15
2024-11-23T18:33:06,6,9,0,15
2024-11-23T19:06:09,6,9,0,15
2024-11-23T19:39:07,6,9,0,15
2024-11-23T20:11:56,6,9,0,15
2024-11-23T20:44:56,6,9,0,15
2024-11-23T21:17:48,6,9,0,15
2024-11-23T21:50:39,6,9,0,15
2024-11-23T22:23:39,6,9,0,15
2024-11-23T22:56:28,6,9,0,15
2024-11-23T23:29:19,6,9,0,15
2024-11-24T00:02:11,6,9,0,15
2024-11-24T00:35:14,6,9,0,15
2024-11-24T01:08:11,6,9,0,15
2024-11-24T01:41:02,6,9,0,15
2024-11-24T02:13:53,6,9,0,15
2024-11-24T02:46:56,6,9,0,15
2024-11-24T03:19:47,6,9,0,15
2024-11-24T03:53:25,6,9,0,15
2024-11-24T04:37:30,6,9,0,15
2024-11-24T05:10:27,6,9,0,15
2024-11-24T05:43:23,6,9,0,15
2024-11-24T06:16:21,6,9,0,15
2024-11-24T06:49:17,6,9,0,15
2024-11-24T07:22:15,6,9,0,15
2024-11-24T07:55:14,6,9,0,15
2024-11-24T08:28:11,6,9,0,15
2024-11-24T09:01:22,6,9,0,15
2024-11-24T09:34:14,6,9,0,15
2024-11-24T10:07:06,6,9,0,15
2024-11-24T10:40:06,6,9,0,15
2024-11-24T11:13:01,6,9,0,15
2024-11-24T11:46:08,6,9,0,15
2024-11-24T12:19:03,6,9,0,15
2024-11-24T12:51:53,6,9,0,15
2024-11-24T13:24:45,6,9,0,15
2024-11-24T13:57:45,6,9,0,15
2024-11-24T14:30:35,6,9,0,15
2024-11-24T15:03:28,6,9,0,15
2024-11-24T15:36:29,6,9,0,15
2024-11-24T16:09:55,6,9,0,15
2024-11-24T16:42:47,6,9,0,15
2024-11-24T17:15:47,6,9,0,15
2024-11-24T17:48:38,6,9,0,15
2024-11-24T18:21:28,6,9,0,15
2024-11-24T18:54:28,6,9,0,15
2024-11-24T19:27:21,6,9,0,15
2024-11-24T20:00:12,6,9,0,15
2024-11-24T20:33:04,6,9,0,15
2024-11-24T21:06:03,6,9,0,15
2024-11-24T21:38:54,6,9,0,15
2024-11-24T22:11:45,6,9,0,15
